ABC순	ABC	순
AB형	AB	형
A형	A	형
B형	B	형
O형	O	형
PC통신	PC	통신
X선	X	선
X축	X	축
Y축	Y	축
Z축	Z	축
n 번째	n	번째
ᄀᆞᆯᄫᅡ쓰다	ᄀᆞᆲ	아	쓰다
ᄒᆞᆫᄢᅴ	ᄒᆞᆫ	ᄢᅴ
ᄒᆞᆷᄢᅴ	ᄒᆞᆫᄢᅴ < ᄒᆞᆫ	ᄢᅴ
ᄩᅥ디다	ᄩᅳ	어	디	다
ㄱ 구개음화	ㄱ	구개음화
ㄱㄴㄷ순	ㄱ	ㄴ	ㄷ	순
ㄱㄴㄷ차례	ㄱ	ㄴ	ㄷ	차례
ㄱㄴ순	ㄱ	ㄴ	순
ㄱㄴ차례	ㄱ	ㄴ	차례
ㄳ	ㄱ	ㅅ
ㄴ 첨가	ㄴ	첨가
ㄵ	ㄴ	ㅈ
ㄶ	ㄴ	ㅎ
ㄷ 구개음화	ㄷ	구개음화
ㄻ	ㄹ	ㅁ
ㄼ	ㄹ	ㅂ
ㄽ	ㄹ	ㅅ
ㄾ	ㄹ	ㅌ
ㄿ	ㄹ	ㅍ
ㅀ	ㄹ	ㅎ
ㅄ	ㅂ	ㅅ
公共事業	公共	事業
原子核	原子	核.
最低	最	低
筋肉	筋	肉.
風速計	風速	計.
가가대소	가가	대소
가가대소하다	가가대소	하다
가가방	가가	방
가가붓자식	가가붓	자식
가가성자	가가	성자
가가우스어	^가가우스	어
가가하다	가가	하다
가각하다	가각	하다
가각히	가각	히
가간사	가간	사
가감되다	가감	되다
가감법	가감	법
가감소거법	가감	소거법
가감순서	가감	순서
가감은휘	가감	은휘
가감저항기	가감	저항기
가감축전기	가감	축전기
가감판	가감	판
가감하다	가감	하다
가감형	가감	형
가강수량	가	강수량
가강하다	가강	하다
가강히	가강	히
가갸	가	갸
가갸날	가갸	날
가갸표	가	갸	표
가거처	가거	처
가거하다	가거	하다
가게거미과	가게거미	과
가게거밋과	가게거미	과
가게방	가게	방
가게세	가게	세
가게집	가게	집
가겟방	가게	ㅅ	방
가겟세	가게	ㅅ	세
가겟집	가게	ㅅ	집
가격 경쟁	가격	경쟁
가격 정책	가격	정책
가격 카르텔	가격	카르텔
가격 통제	가격	통제
가격 협정 카르텔	가격	협정	카르텔
가격격차	가격	격차
가격결정론	가격	결정론
가격경기	가격	경기
가격계획화	가격	계획	화
가격공간	가격	공간
가격균형	가격	균형
가격기구	가격	기구
가격기준	가격	기준
가격대	가격	대
가격대성능비	가격	대	성능비
가격변동준비금	가격	변동	준비금
가격변동충당금	가격	변동	충당금
가격분석	가격	분석
가격분할	가격	분할
가격비	가격	비
가격상품권	가격	상품권
가격선도제	가격	선도제
가격소구	가격	소구
가격수준	가격	수준
가격시점	가격	시점
가격역지정주문	가격	역지정	주문
가격연동제	가격	연동	제
가격유지제도	가격	유지	제도
가격인덱세이션	가격	인덱세이션
가격자유화	가격	자유화
가격종류	가격	종류
가격지수	가격	지수
가격차금	가격	차	금
가격차등	가격	차등
가격차보급금	가격차	보급금
가격차이	가격	차이
가격차익	가격	차익
가격차익금	가격	차익금
가격체계	가격	체계
가격탄력성	가격	탄력성
가격폭제한	가격	폭	제한
가격표	가격	표
가격표기우편물	가격	표기	우편물
가격표시	한자 價格表示. < 가격	표시
가격하다	가격	하다
가격혁명	가격	혁명
가격현실화	가격	현실화
가격효과	가격	효과
가견하다	가견	하다
가결되다	가결	되다
가결의	가	결의
가결의되다	가결의	되다
가결의하다	가결의	하다
가결하다	가결	하다
가경일	한자 嘉慶日. < 가경	일
가경자	한자 可敬者 < 가경	자
가경전	한자 加耕田. < 가경	전
가경절	한자 嘉慶節. < 가경	절
가경지	가경	지
가경하다	가경	하다
가계경제	가계	경제
가계되다	가계	되다
가계미가	가계	미가
가계보험	가계	보험
가계부기	가계	부기
가계분석	가계	분석
가계선발법	가계	선발법
가계소득	가계	소득
가계수표	가계	수표
가계약	가	계약
가계약되다	가계약	되다
가계약하다	가계약	하다
가계조사	가계	조사
가계종합예금	가계	종합	예금
가계추림법	가계	추림	법
가계하다	가계	하다
가고건	가고	건
가고시마현	일본어 鹿児島	일본어 県
가고처	가고	처
가고하다	가고	하다
가곡원류	가곡	원류
가곡장단	가곡	장단
가곡집	가곡	집
가곡형식	가곡	형식
가공경화	가공	경화
가공나선로	가공	나선로
가공덧살	가공	덧	살
가공도체	가공	도체
가공되다	가공	되다
가공망상	가공	망상
가공모선	가공	모선
가공무역	가공	무역
가공물	한자 加工物. < 가공	물
가공민전선	가공	민전선)
가공배상	가공	배상
가공법	한자 加工法 < 가공	법
가공비	한자 加工費. < 가공	비
가공사	한자 加工絲. < 가공	사
가공삭도	가공	삭도
가공생산	가공	생산
가공선	가공	선
가공수입	가공	수입
가공수지	가공	수지
가공수출	가공	수입
가공스럽다	가공	스럽다
가공스레	가공스럽	이
가공식품	가공	식품
가공실	가공	실
가공업	가공	업
가공여유	가공	여유
가공열처리	가공	열처리
가공영사하다	가공영사	하다
가공원료	가공	원료
가공유지	가공	유지
가공육	가공	육
가공의치	가공	의치
가공이익	가공	이익
가공인물	가공	인물
가공인입선	가공	인입선
가공자산	가공	자산
가공전선	가공	전선
가공정원	가공	정원
가공종이	가공	종이
가공주	한자 架空株. < 가공	주
가공지	가공	지
가공지선	가공	지선
가공창고	가공	창고
가공치	가공	치
가공케이블	가공	케이블
가공품	가공	품
가공하다	가공	하다
가과하다	가과	하다
가관스럽다	가관	스럽다
가관스레	가관	스레
가관하다	가관	하다
가광하다	가광	하다
가괴하다	가괴	하다.
가교결합	가교	결합
가교마	한자 駕轎馬. < 가교	마
가교적	가교	적
가교하다	가교	하다
가구업체	가구	업체
가구장이	가구	장이
가구점	가구	점
가급금	가급	금
가급인족하다	가급인족	하다
가급적	가급	적
가급하다	가급	하다
가긍하다	가긍	하다
가기하다	가기	하다
가까워지다	가깝다 > 가까워	지다
가까이	가깝	이
가까이하다	가까이	하다
가꾸가다	갖	구	가다
가꾸러뜨리다	가꾸러	뜨리다
가꾸러지다	가꾸러	지다
가꾸러트리다	가꾸러	트리다
가꾸어지다	가꾸	어지다
가끔가다	가끔	가다
가끔가다가	가끔	가다	가
가끔씩	가끔	씩
가나다라	가	나	다	라
가나다순	가	나	다	순
가나다차례	가	나	다	차례
가난뱅이	가난	뱅이
가난이 들다	가난	이	들다
가난하다	가난	하다
가난히	가난	히
가내공업	가내	공업
가냘픈	가냘프다	ㄴ
가냘픔	가냘프다	ㅁ
가년스럽다	가년	스럽다
가념하다	가념	하다
가느다랗다	가느	다랗다
가느스름하다	가느스름	하다
가는	가늘다	ㄴ
가는귀	가는	귀
가는귀먹다	가는귀	먹다
가는대	아기	살
가는밸	가늘다	밸
가늘어지다	가늘어	지다
가늚	가늘다	ㅁ
가늠운동	가늠	운동
가늠하다	가늠	하다
가능성	가능	성
가능액	가능	액
가능하다	가능	하다
가닐가닐	가닐	가닐
가닐가닐하다	가닐가닐	하다
가닐거리다	가닐	거리다
가닐대다	가닐	대다
가다가	가—	다가
가다랑어포	가다랑어	포
가닥가닥	가닥	가닥
가닥가닥하다	가닥가닥	하다
가단조	가	단조
가담자	가담	자
가담하다	가담	하다
가당찮다	가당	> 찮다
가당하다	가당	하다
가대기꾼	가대기	꾼
가동가동하다	가동가동	하다
가동거리다	가동	거리다
가동교	가동	교
가동대다	가동	대다
가동되다	가동	되다
가동률	가동	률
가동시키다	가동	시키다
가동질	가동	질
가동하다	가동	하다
가두리	가 두르—	이
가둥가둥	가둥	가둥
가둥가둥하다	가둥가둥	하다
가둥거리다	가둥	거리다
가둥대다	가둥	대다
가드락가드락	가드락	가드락
가드락거리다	가드락	거리다
가드락대다	가드락	대다
가득가득	가득	가득
가득가득하다	가득가득	하다
가득하다	가득	하다
가득히	가득	히
가든가든	가든	가든
가든가든하다	가든가든	하다
가든가든히	가든가든	히
가든그뜨리다	가든그	뜨리다
가든그리다	가든	그리다
가든그트리다	가든그	트리다
가든하다	가든	하다
가든히	가든	히
가들가들	가들	가들
가들가들하다	가들가들	하다
가들거리다	가들	거리다
가들대다	가들	대다
가들막가들막	가들막	가들막
가들막거리다	가들막	거리다
가들막대다	가들막	대다
가들막이다	가들막	이다
가등기	가	등기
가뜩이나	가뜩	이나
가뜩하다	가뜩	하다
가뜬하다	가뜬	하다
가라국	한자 加羅國. < 가라	국
가라앉힘약	가라앉힘	약
가락점	가락	점
가락지	가락	지
가락지빵	가락지	빵
가락풀	가락	풀
가란하다	가란	하다
가랄하다	가랄	하다.
가랄히	가랄	히.
가랑가랑	가랑	가랑
가랑거리다	가랑	거리다
가랑눈	가랑	눈
가랑대다	가랑	대다
가랑무	가랑	무
가랑비	가랑	비
가랑잎	가랑	잎
가래나무	가래	나무
가래떡	가래	떡
가래침	가래	침
가량가량하다	가량가량	하다
가량국	한자 加良國. < 가량	국
가량맞다	가량	맞다
가량하다	가량	하다
가려움증	가려움	증
가려하다	가려	하다
가련하다	가련	하다
가련히	가련	히
가로거치다	가로	거치다
가로글씨	가로	글씨
가로놓이다	가로	놓이다
가로누이다	가로	누이다
가로눕다	가로	눕다
가로등	한자어 ‘街路燈, 街路	燈’에서 유래.
가로막	가로	막
가로막다	가로	막다
가로막히다	가로	막히다. '가로막다'의 피동사
가로망	한자어 ‘街路網, 街路	網’에서 유래.
가로맡다	가로	맡다
가로무늬	가로	무늬
가로새다	가로	새다
가로서다	가로	서다
가로선	가로	선
가로세로	가로	세로
가로수	한자어 ‘街路	樹’에서 유래.
가로쓰기	가로	쓰	기
가로지르다	가로	지르다
가로채다	가로	채다
가로축	가로	축
가루눈	가루	눈
가루비누	가루	비누
가루약	가루	약
가루우유	가루	우유
가루젓	가루	젖
가르랑가르랑	가르랑	가르랑
가르랑거리다	가르랑	거리다
가르랑대다	가르랑	대다
가르맛길	가르마	ㅅ	길
가르침	가르치	ㅁ
가름	가르	ㅁ
가름대	가름	대
가름하다	가름	하다
가리가리	가리	가리
가리어지다	가리어	지다
가린하다	가린	하다
가마노르께하다	가마노르께	하다
가마득하다	가마득	하다
가마마차	가마	마차
가마말쑥하다	가마말쑥	하다
가마무트름하다	가마무트름	하다
가마반드르하다	가마반드르	하다
가마반지르하다	가마반지르	하다
가마솥	가마	솥
가마아득하다	가마아득	하다
가마아득히	가마아득	히
가마우리하다	가마우리	하다
가마푸르레하다	가마푸르레	하다
가막사리	가막	사리
가막살나무	가막	살	나무
가막조개	가막	조개
가만가만	가만	가만
가만있다	가만	있다
가만하다	가만	하다
가만히	가만	히
가매장	가	매장
가맹점	가맹	점
가면극	가면	극
가면무도회	가면	무도회
가면올빼미	가면	올빼미
가무께하다	가무께	하다
가무끄름하다	가무끄름	하다
가무대대하다	가무대대	하다
가무댕댕하다	가무댕댕	하다
가무레하다	가무레	하다
가무숙숙하다	가무숙숙	하다
가무스레하다	가무스레	하다
가무스름하다	가무스름	하다
가무이야기	가무	이야기
가무잡잡하다	가무잡잡	하다
가무족족하다	가무족족	하다
가무총총하다	가무총총	하다
가무칙칙하다	가무칙칙	하다
가무퇴퇴하다	가무퇴퇴	하다
가무트름하다	가무트름	하다
가무트름히	가무트름	히
가무파리하다	가무파리	하다
가문비나무	가문비	나무
가문서	가	문서=가짜문서
가물가물	가물	가물
가물가물하다	가물가물	하다
가물거리다	가물	거리다
가물대다	가물	대다
가뭄	가물	ㅁ
가뭄해	가뭄	해
가뭇가뭇	가뭇	가뭇
가뭇가뭇하다	가뭇가뭇	하다
가뭇하다	가뭇	하다
가변적	가변	적
가부간	가부	간
가부장적	가부장	적
가분가분히	가분가분	히
가분수	가	분수
가분하다	가분	하다
가불거리다	가불	거리다
가불대다	가불	대다
가붓하다	가붓	하다
가빈하다	가빈	하다
가뿐가뿐	가뿐	가뿐
가뿐가뿐하다	가뿐가뿐	하다
가뿐하다	가뿐	하다
가뿟하다	가뿟	하다
가사 노동	가사	노동
가산명사	가산	명사
가상운동	가상	운동
가상적	가상	적
가상하다	가상	하다
가석방	가	석방
가석방되다	가석방	되다
가석방하다	가석방	하다
가석하다	가석	하다
가설되다	가설	되다.
가설법	가설	법
가설하다	가설	하다.
가성소다	가성	소다
가세하다	가세	하다
가소롭다	가소	롭다
가속도	가	속도
가속도운동	가속도	운동
가속운동	가속	운동
가속하다	가속	하다
가속화하다	가속화	하다
가수분해	가수	분해
가숭어	가	숭어
가스관	가스	관
가스랑거리다	가스랑	거리다
가스랑대다	가스랑	대다
가스스하다	가스스	하다
가스실	가스	실.
가스아바이	가스	아바이
가스용기	가스	용기
가스전구	가스	전구
가슴대개	가슴	대 < 대다	개
가슴던지기	가슴	던지기
가슴띠	가슴	띠
가슴련락	가슴	연락
가슴막	가슴	막
가슴멈추기	가슴	멈추기 < 멈추다
가슴벽	가슴	벽
가슴뼈	가슴	뼈
가슴살	가슴	살
가슴속	가슴	속
가슴앓이	가슴	앓이
가슴주머니	가슴	주머니
가슴츠레하다	가슴츠레	하다
가슴팍	가슴	팍
가슴헤염	가슴	헤염
가습기	가습	기
가승하다	가승	하다
가시거리	가시	거리
가시고기	가시	고기
가시나무	가시	나무
가시납지리	가시	납지리
가시대	가시	대
가시밭길	가시밭	길
가시부리새	가시	부리	새
가시비름	가시	비름
가시상추	가시	상추
가시아버지	가시	아버지
가시어머니	가시	어머니
가시영상	가시	영상
가시오갈피	가시	오갈피
가시장	가시	장
가시집	가시	집
가시철사	가시	철사
가시칠엽수	가시	칠엽수
가시파래	가시	파래
가시화하다	가시화	하다
가식적	가식	적
가식하다	가식	하다
가압류	가	압류 < 일본어 假差し押さえ
가야국	한자 伽倻國. < 가야	국
가야금	가야	금
가얏고	가야	ㅅ	고
가없다	가	없다
가없이	가없	이
가연성	가연	성
가열하다	가열	하다.
가엾은	가엾다	은
가엾음	가엾다	음
가오마담	일본어 顔-, かお	프랑스어 madame
가요계	가요	계
가요제	가요	제
가운데소리	가운데	소리
가운데중간방어수	가운데	중간	방어수
가운뎃다리	가운데	ㅅ	다리.
가운뎃소리	가운데	ㅅ	소리
가운뎃손가락	가운데	ㅅ	손가락
가운뎃점	가운데	ㅅ	점
가웃바지	가웃	바지
가위뛰기	가위	뛰기
가위바위보	가위	바위	보
가위발뛰기	가위	발	뛰기
가위표	가위	표
가을날	가을	날
가을바람	가을	바람
가을밤	가을	밤
가을배추	가을	배추
가을보리	가을	보리
가을비	가을	비
가을빛	가을	빛
가을장마	가을	장마
가을철	가을	철
가입자	가입	자
가입하다	가입	하다
가자 지구	^가자	지구
가자지대	가자	지대
가장공모	가장	공모
가장자리	가	장	자리.
가장조	가	장조
가장하다	어원: 가장	하다
가전제품	가전	제품
가정법	가정	법
가정불화	가정	불화
가정적	가정	적
가정주부	가정	주부
가정체육	가정	체육
가정하다	가정	하다
가져다주다	가져다	주다
가져오다	가져	오다
가조기	가	조기
가족적	가족	적
가죽끈	가죽	끈
가증하다	가증	하다
가지가지	가지	가지
가지각색	가지	각색
가지고	가지	고
가지돌기	가지	돌기
가지런하다	가지런	하다
가지를 치다	가지	를	치다
가지바늘	가지	바늘
가지색	가지	색
가직하다	가직	하다
가짓수	가지	ㅅ	수
가짜	가	짜
가짜뉴스	가짜	뉴스
가짜배기	한자 假.	짜배기
가짜이름	가짜	이름
가창오리	가창	오리
가출하다	가출	하다
가치관	가치	관
가치작거리다	가치작	거리다
가치작대다	가치작	대다
가칠하다	가칠	하다
가침박달	가침	박달
가칫가칫	가칫	가칫
가칫거리다	가칫	거리다
가칫대다	가칫	대다
가칫하다	가칫	하다
가타부타	가타	부타
가탈거리다	가탈	거리다
가탈대다	가탈	대다
가탈스럽다	가탈	스럽다
가톨릭교	가톨릭	교
가톨릭교회	^가톨릭	교회
가파른	가파르다	ㄴ
가파름	가파르다	ㅁ
가풀막지다	가풀막	지다
가하다	가	하다
가학적	가학	적
가해자	가해	자
가호적	가	호적
가혹하다	가혹	하다.
가히	가	히
각기둥	각	기둥
각다분하다	각다분	하다
각도기	각도	기
각렴하다	각렴	하다.
각박하다	각박	하다
각배	각	배
각별하다	각별	하다
각뿔	각	뿔
각살림	각	살림
각설하다	각설	하다
각성제	각성	제
각시놀음	각시	놀음
각시메뚜기	각시	메뚜기
각시붓꽃	각시	붓꽃
각시붕어	각시	붕어
각실하다	각실	하다
각아비자식	각	아비	자식
각양각이	각양	각이
각지하다	각지	하다
각축장	각축	장
간간이	간간	이
간간하다	간간	하다
간결하다	간결	하다
간고등어	간	고등어
간닥거리다	간닥	거리다
간닥대다	간닥	대다
간닥이다	간닥	이다
간단없다	간단	없다
간단하다	간단	하다
간단히	간단	히
간당간당	간당	간당
간당거리다	간당	거리다
간당대다	간당	대다
간당이다	간당	이다
간댕거리다	간댕	거리다
간댕대다	간댕	대다
간댕이다	간댕	이다
간드랑거리다	간드랑	거리다
간드랑대다	간드랑	대다
간드작거리다	간드작	거리다
간드작대다	간드작	대다
간들거리다	간들	거리다
간들대다	간들	대다
간디스토마	간	디스토마
간또 평원	간또	평원
간명하다	간명	하다
간사하다	간사	하다
간사히	간사	히
간섭하다	간섭	하다 < 간셥ᄒᆞ다 중세 한국어
간소하다	간소	하다
간소화	간소	화
간소화하다	간소화	하다
간수	간	수
간신히	간신	히
간악하다	간악	하다
간암	간	암
간이역	간이	역
간장	간	장
간장게장	간장	게장
간장치킨	간장	치킨
간절하다	간절	하다
간접 화법	간접	화법
간접광고	간접	광고
간접벌차기	간접	벌	차기
간접적	간접	적
간접정범	간접	정범
간접촬영	간접	촬영
간종간종	간종	간종
간주하다	간주	하다
간질거리다	간질	거리다
간질대다	간질	대다
간질이다	간질	이다
간첩하다	간첩	하다
간통하다	간통	하다
간파하다	간파	하다
간편하다	간편	하다
간헐전동기구	간헐	전동	기구
간헐천	간헐	천
간호사	간호	사
갈갈거리다	갈갈	거리다
갈갈대다	갈갈	대다
갈강갈강	갈강	갈강
갈강갈강하다	갈강갈강	하다
갈강거리다	갈강	거리다
갈강대다	갈강	대다
갈강이다	갈강	이다
갈그랑갈그랑	갈그랑	갈그랑
갈그랑거리다	갈그랑	거리다
갈그랑대다	갈그랑	대다
갈근거리다	갈근	거리다
갈근대다	갈근	대다
갈기갈기	갈기	갈기
갈기늑대	갈기	늑대
갈까마귀	갈	까마귀
갈나무	갈	나무
갈대	갈	대
갈라지다	갈아디다 < 가ᄅᆞ­	­아	디­
갈라파고스땅거북	갈라파고스	땅거북
갈래갈래	갈래	갈래
갈리시아어	갈리시아	어
갈림	갈리	ㅁ
갈림길	갈림	길
갈망하다	갈망	하다
갈매나무	갈매	나무
갈매색	갈매	색
갈무리하다	갈무리	하다
갈문망둑	갈	문	망둑
갈밭	갈	밭
갈밭쥐	갈밭	쥐
갈붙이다	가르다 > 갈	붙이다
갈비뼈	갈비	뼈
갈비씨	갈비	씨.
갈비탕	갈비	탕
갈빗대	갈비	ㅅ	대.
갈색그물버섯	갈색	그물버섯
갈색머리흑조	갈색	머리	흑조
갈색얼가니새	갈색	얼가니새
갈색여치	갈색	여치
갈쌍갈쌍	갈쌍	갈쌍
갈쌍거리다	갈쌍	거리다
갈쌍대다	갈쌍	대다
갈쌍이다	갈쌍	이다
갈씬갈씬하다	갈씬갈씬	하다
갈씬거리다	갈씬	거리다
갈씬대다	갈씬	대다
갈씬하다	갈씬	하다
갈아디다	가ᄅᆞ­	­아	디
갈아타는 곳	갈아타다	곳
갈음이름씨	갈음하다	이름씨
갈참나무	갈	참나무
갉아먹다	갉다 > 갉아	먹다
갉작거리다	갉작	거리다
갉작대다	갉작	대다
갉작이다	갉작	이다
갉죽거리다	갉죽	거리다
갉죽대다	갉죽	대다
감가상각	감가	상각
감각 기관	감각	기관
감감소식	감감	소식
감감하다	감감	하다
감격하다	감격	하다
감금되다	감금	되다
감금하다	감금	하다
감나무	감	나무
감당하다	감당	하다
감독하다	감독	하다
감돌다	감	돌다
감동적	감동	적
감동하다	감동	하다
감람나무	감람	나무
감람색	감람	색
감마 함수	감마	함수
감명되다	감명	되다.
감명적	한자어 ‘感銘的, 感銘	的’에서 유래.
감명하다	감명	하다.
감사드리다	감사	드리다
감사하다	감사	하다
감사히	감사	히
감상하다	감상	하다
감색	감	색
감성돔	검다	상	돔
감숭감숭하다	감숭감숭	하다
감시인	감시	인
감실감실하다	감실감실	하다
감실거리다	감실	거리다
감실대다	감실	대다
감염되다	감염	되다
감염하다	감염	하다
감응유전	감응	유전
감응하다	감응	하다
감자전	감자	전
감자튀기	감자	튀기
감자튀김	감자	튀김
감잡히다	감	잡히다
감전사	감전	사
감정적 도덕설	감정적	도덕설
감정적소구	감정적	소구
감제되다	감제	되다.
감제하다	감제	하다.
감축하다	감축	하다
감칠맛	감치다	ㄹ	맛
감탄사	감탄	사
감탕나무	감탕	나무
감파르잡잡하다	감파르잡잡	하다
감파르족족하다	감파르족족	하다
감푸르잡잡하다	감푸르잡잡	하다
감히	감	히
갑각류	갑각	류
갑상샘	갑상	샘
갑상샘저하증	갑상샘	저하	증
갑오개혁	갑오	개혁
갑오경장	갑오	경장
갑오징어	갑	오징어
갑옷	갑	옷
갑작달리기	갑작	달리기
갑작변이	갑자기	변이
갑작부자	갑자기	부자
갑작스럽다	갑작	스럽다
갑작스레	갑작	스레
갑질	갑	질
값어치	값	어치
갓겜	갓	겜
갓길	가	ㅅ	길
갓난아기	갓	난	아기
갓난아이	갓	나다 > 난	아이
갓난애	갓	난	애
강거두고래	강	거두고래
강건느기경기	강	건느기 < 건너다	경기
강경하다	강경	하다
강꼬치고기	강	꼬치고기
강남좌파	^강남	좌파
강냉이	강남	앙이
강대국	강대	국
강동거리다	강동	거리다
강동대다	강동	대다
강똥	강	똥
강력하다	강력	하다
강력히	강력	히
강렬하다	강렬	하다
강마르다	강	마르다
강변하다	강변	하다
강설량	강설	량
강설일	한자 降雪.	한자 日.
강수 확률	강수	확률
강수강도	降水	强度
강수그늘	강수	그늘
강수량	강수	량
강수시간	강수	시간
강수에코	강수	에코
강수일	강수	일
강수일수	강수	일	수
강수현상	강수	현상
강아지	가히	ᄋᆡ	아지
강아지풀	강아지	풀
강어귀	강	어귀
강열감량	강열	감량
강요하다	강요	하다
강우대	강우	대
강우량	강우	량
강우빈도	강우	빈도
강우역	강우	역.
강의하다	강의	하다
강인하다	강인	하다
강자대회	강자	대회
강장거리다	강장	거리다
강장대다	강장	대다
강조하다	강조	하다
강주걱양태	강	주걱	양태
강준치	강	준치
강중거리다	강중	거리다
강중대다	강중	대다
강추위	강	추위
강취하다	강취	하다
강탈하다	강탈	하다
강퍅하다	강퍅	하다.
강퍅히	강퍅	히.
강풍경보	강풍	경보
강풍주의보	강풍	주의보
강하다	강	하다
강하하다	강하	하다
강행군경기	강행군	경기
강호령	강	호령
강화도 조약	강화도	조약
갖가지	갖	가지
갖신	갖	신
갖은자	갖은	자
갖춘마디	갖추	마디
갖춤새	갖춤	새
갗에서 좀 난다	갗	에서	좀	난다
같은	같다	은
같음	같다	음
같이	같	이
같이하다	같이	하다
같잖다	같	지	않다
개가하다	개가	하다
개각하다	개각	하다
개같다	개	같다
개고기	개	고기
개곰	개	곰
개괄하다	개괄	하다
개구리	개굴	이
개구리꺽정이	개구리	꺽정이
개구리매	개구리	매
개구리밥	개구리	밥
개굴개굴	개굴	개굴
개껌	개	껌
개꿈	개	꿈
개꿩	개	꿩
개나리	개	나리
개나리꽃	개나리	꽃
개나리색	개나리	색
개나발	개	나팔
개냥이	개	냥이
개년	개	년
개념글	개념	글
개놈	개	놈
개돼지	개	돼지
개떡	개	떡
개똥	개	똥
개똥벌레	개똥	벌레
개름하다	개름	하다
개망신	개	망신
개망초	개	망초
개명하다	개명	하다
개물통이	개	물통이
개미먹기	개미	먹다 > 먹	기
개미잡이	개미	잡이
개미핥기	개미	핥기
개밀	개	밀
개박하	개	박하
개발 교수	개발	교수
개발새발	개발	새발
개발하다	개발	하다
개밥바라기	개	밥	바라기
개방되다	개방	되다
개방적	개방	적
개방하다	개방	하다
개보리	개	보리
개복치	개	복치
개불알풀	개	불알	풀
개살구	개	살구
개살구나무	개살구	나무
개새끼	개	새끼
개소리	개	소리
개수대	개수	대
개수작	개	수작
개신거리다	개신	거리다
개신대다	개신	대다
개암나무	개암	나무
개암버섯	개암	버섯
개양귀비	개	양귀비
개여뀌	개	여뀌
개오동	개	오동
개울물	개울	물
개웃거리다	개웃	거리다
개웃대다	개웃	대다
개웃이	개웃	이
개웃하다	개웃	하다
개인기	한자 個人技. < 개인	기
개인용	개인	용
개인용 컴퓨터	개인용	컴퓨터
개인적	한자 個人的. < 개인	적
개인주의	개인	주의
개인택시	개인	택시
개입하다	개입	하다
개자식	개	자식
개장	개	장
개장국	개	장	국
개정하다	개정	하다
개죽음	개	죽음
개지랄	개	지랄
개지랄하다	개지랄	하다
개집	개	집
개척하다	개척	하다
개천절	개천	절
개초장이	한자 蓋草.	장이
개최되다	개최	되다.
개최하다	개최	하다.
개코망신	개코	망신
개털	개	털
개판	개	판
개펄	개	펄
개페하다	개페	하다
개편하다	개편	하다
개혁주의	개혁	주의
개혁하다	개혁	하다
개회나무	개	회나무
객공잡이	객공	잡이
객관분석	객관	분석
객관예보	객관	예보
객관적	한자 客觀的. < 객관	적
객체 높임법	객체	높임법
갤러빠지다	갤러	빠지다
갬	개다>개	ㅁ
갯가재	개	ㅅ	가재
갯강활	개	ㅅ	강활
갯과	개	ㅅ	과
갯민숭달팽이	갯민숭	달팽이
갯벌	개	ㅅ	벌
갯솜	개	ㅅ	솜
갯잔디	개	ㅅ	잔디
갯장어	개	ㅅ	장어
갯첨서	개	ㅅ	첨서
갱단	갱	단
갱생하다	갱생	하다
갱엿	갱	엿
갸륵하다	갸륵	하다
갸릉갸릉	갸릉	갸릉
갸우뚱거리다	갸우뚱	거리다
갸우뚱대다	갸우뚱	대다
갸울어뜨리다	갸울어	뜨리다
갸울어트리다	갸울어	트리다
갸웃거리다	갸웃	거리다
갸웃대다	갸웃	대다
갸웃이	갸웃	이
갹출하다	갹출	하다
걀걀거리다	걀걀	거리다
걀걀대다	걀걀	대다
걀쯤하다	걀쯤	하다
거꾸러뜨리다	거꾸러	뜨리다
거꾸러트리다	거꾸러	트리다
거꾸로뒤집기	거꾸로	뒤집기
거꾸로서기	거꾸로	서기 < 서다
거꾸로서서돌기	거꾸로	서서 < 서다	돌기
거꿀분수	거꾸로 > 거꿀	분수
거꿀함수	거꾸로 > 거꿀	함수
거년스럽다	거년	스럽다
거대하다	거대	하다
거덜거덜하다	거덜거덜	하다
거동하다	거동	하다
거두고래	거두	고래
거두어들이다	거두어	들이다
거두절미하다	거두절미	하다.
거둥둥하다	거둥둥	하다
거둥하다	거둥	하다
거둬들이다	거둬	들이다
거드럭거리다	거드럭	거리다
거드럭대다	거드럭	대다
거든거든히	거든거든	히
거든그뜨리다	거든그	뜨리다
거든그트리다	거든그	트리다
거든하다	거든	하다
거들거들	거들	거들
거들거들하다	거들거들	하다
거들거리다	거들	거리다
거들대다	거들	대다
거들먹거리다	거들먹	거리다
거들먹대다	거들먹	대다
거들먹이다	거들먹	이다
거듬거듬하다	거듬거듬	하다
거듭닿소리	거듭	닿소리
거듭씨	거듭	씨
거듭제곱근	거듭	제곱	근
거듭홀소리	거듭	홀소리
거뜬거뜬히	거뜬거뜬	히
거뜬하다	거뜬	하다
거란어	한자 契丹語, 또는 거란	어.
거래하다	거래	하다
거룩하다	거룩	하다 < 중세 한국어 거륵ᄒᆞ다
거류민	거류	민
거만하다	거만	하다
거만히	거만	히
거머누르께하다	거머누르께	하다
거머무트름하다	거머무트름	하다
거머번질하다	거머번질	하다
거머희뜩	검어	희뜩
거무께하다	거무께	하다
거무끄름하다	거무끄름	하다
거무데데하다	거무데데	하다
거무뎅뎅하다	꺼무뎅뎅	하다
거무레하다	거무레	하다
거무룩하다	거무룩	하다
거무숙숙하다	거무숙숙	하다
거무스레하다	거무스레	하다
거무스름하다	거무스름	하다
거무접접하다	거무접접	하다
거무죽죽하다	거무죽죽	하다
거무충충하다	거무충충	하다
거무칙칙하다	거무칙칙	하다
거무튀튀하다	거무튀튀	하다
거무트름하다	거무트름	하다
거무트름히	거무트름	히
거문고자리	거문고	자리
거물거리다	거물	거리다
거물대다	거물	대다
거뭇하다	거뭇	하다
거미불가사리	거미	불가사리
거미줄	거미	줄#string
거북꼬리	거북	꼬리
거북목	거북	목
거북복	거북	복
거북선	거북	선
거북이	거북	이
거북하다	거북	하다
거분거분히	거분거분	히
거분하다	거분	하다
거불거리다	거불	거리다
거불대다	거불	대다
거붓하다	거붓	하다
거뿐하다	거뿐	하다
거센	거세다	ㄴ
거센소리	거센	소리
거셈	거세다	ㅁ
거스름돈	거스름	돈
거시경제학	거시	경제학
거위고기	거위	고기
거절하다	거절	하다
거주자	거주	자
거주하다	거주	하다
거지발싸개	거지	발싸개
거짓되다	거짓	되다
거짓말	거짓	말
거짓말 탐지기	거짓말	탐지기
거짓말쟁이	거짓말	쟁이
거짓말하다	거짓말	하다
거짓부렁이	거짓	부렁 < 부리다
거추장스럽다	거추장	스럽다
거치적거리다	거치적	거리다
거치적거치적	거치적	거치적
거치적대다	거치적	대다
거친	거칠다	ㄴ
거칠하다	거칠	하다
거침	거칠다	ㅁ
거칫거리다	거칫	거리다
거칫거칫	거칫	거칫
거칫대다	거칫	대다
거칫하다	거칫	하다
거푼거리다	거푼	거리다
거푼대다	거푼	대다
거풀거리다	거풀	거리다
거풀거풀	거풀	거풀
거풀대다	거풀	대다
거품기	거품	기
거풋거리다	거풋	거리다
거풋대다	거풋	대다
걱실거리다	걱실	거리다
걱실걱실히	걱실걱실	히
걱실대다	걱실	대다
걱정되다	걱정	되다
걱정스럽다	걱정	스럽다
걱정하다	걱정	하다
건	걸	ㄴ
건강하다	건강	하다
건강히	건강	히
건건찝찔하다	건건찝찔	하다
건구온도	건구	온도
건너오다	건너	오다
건너편	건너	편
건늠길	건늠	길
건덩거리다	건덩	거리다
건덩건덩하다	건덩건덩	하다
건덩대다	건덩	대다
건둥히	건둥	히
건득거리다	건득	거리다
건득건득	건득	건득
건득건득하다	건득건득	하다
건득대다	건득	대다
건들거리다	건들	거리다
건들대다	건들	대다
건들바람	건들	바람
건방지다	건방	지다
건빵	건	빵
건성건성	건성	건성
건습계	건습	계
건정거리다	건정	거리다
건정대다	건정	대다
건조경보	건조	경보
건조공기	건조	공기
건조단열감률	건조	단열	감률
건조단열변화	건조	단열	변화
건조단열선	건조	단열-선
건조주의보	건조	주의보
건조하다	건조	하다
건축가	건축	가
건축물	건축	물
건포도	건	포도 < 일본어 乾葡萄, ほしぶどう
걷기	걷	기
걷기경기	걷기	경기
걸	거	ㄹ
걸걸거리다	걸걸	거리다
걸걸대다	걸걸	대다
걸걸하다	걸걸	하다
걸근거리다	걸근	거리다
걸근대다	걸근	대다
걸리적거리다	걸리적	거리다
걸리적대다	걸리적	대다
걸림갈음이름씨	걸림	갈음이름씨
걸림씨	걸리다	씨
걸상	걸다	상
걸씬거리다	걸씬	거리다
걸씬대다	걸씬	대다
걸어가다	걸어	가다
걸오하다	걸오	하다.
걸오히	걸오	히.
걸음	걸	음
걸음걸이	걸음	걸이
걸음마	걸음	마
걸음어김	걸음	어김 < 어기다
걸쩍거리다	걸쩍	거리다
걸쩍대다	걸쩍	대다
걸출하다	걸출	하다
검거되다	검거	되다
검거하다	검거	하다
검독수리	검다	독수리
검둥오리	검둥	오리
검둥이	검	둥이
검박하다	검박	하다
검버섯	검	버섯
검불그스름하다	검불그스름	하다
검붉다	검다	붉다
검사하다	검사	하다
검색어	한자 檢索語. < 검색	어
검색하다	검색	하다
검숭하다	검숭	하다
검실거리다	검실	거리다
검실대다	검실	대다
검양옻나무	검양	옻나무
검어지다	검어	지다
검역하다	검역	하다.
검은	검다	은
검은금	검다 > 검은	금
검은담비	검은	담비
검은댕기해오라기	검은	댕기	해오라기
검은등자칼	검은	등	자칼
검은등할미새	검은	등	할미새
검은딱새	검은	딱새
검은머리딱새	검은	머리	딱새
검은머리멧새	검은	머리	멧새
검은머리방울새	검은	머리	방울새
검은머리쑥새	검은	머리	쑥새
검은머리촉새	검은	머리	촉새
검은머리흰따오기	검은	머리	흰	따오기
검은머리흰죽지	검은	머리	흰죽지
검은목논병아리	검은	목	논병아리
검은목두루미	검은	목	두루미
검은부리아비	검은	부리	아비
검은빛보안경	검은빛	보안경
검은색	검은	색
검은손긴팔원숭이	검은	손	긴팔원숭이
검은지빠귀	검은	지빠귀
검은해오라기	검은	해오라기
검음	검다	음
검적검적	검적	검적
검전기	검전	기
검정망둑	검정	망둑
검정색	검정	색
검정파리	검정	파리
검지	검	지
검찰청	검찰	청
검측스럽다	검측	스럽다
검측하다	검측	하다
검토하다	검토	하다
검푸르다	검—	푸르다
검푸르접접하다	검푸르접접	하다
검푸르죽죽하다	검푸르죽죽	하다
겁나다	겁	나다
겁대가리	겁	대가리
겁쟁이	겁	쟁이
겅둥거리다	겅둥	거리다
겅둥대다	겅둥	대다
겅정거리다	겅정	거리다
겅정대다	겅정	대다
겅중거리다	겅중	거리다
겅중대다	겅중	대다
겉넓이	겉	넓이
겉모습	겉	모습
겉무릎치기	겉	무릎	치기
겉발목치기	겉	발목	치기
겉오금치기	겉	오금	치기
겉옷	겉	옷
겉장	겉	장
겉치레	겉	치레
겉흙	겉	흙
게걸거리다	게걸	거리다
게걸대다	게걸	대다
게걸스럽다	게걸	스럽다
게두덜거리다	게두덜	거리다
게두덜대다	게두덜	대다
게맛살	게	맛	살
게물떼새	게	물떼새
게살	게	살
게시판	게시	판
게시하다	게시	하다
게으른	게으르다	ㄴ
게으름	게으르	ㅁ
게으름뱅이	게으름	뱅이
게으름쟁이	게으름	쟁이
게을러빠진	게을러빠지다	ㄴ
게을러빠짐	게을러빠지다	ㅁ
게을러터진	게을러터지다	ㄴ
게을러터짐	게을러터지다	ㅁ
게임 이론	게임	이론
게임기	게임	기
게임성	게임	성
게자리	게	자리
게잡이여우	게	잡이	여우
게장	게	장
게저분하다	게저분	하다
게적지근하다	게적지근	하다
게젓	게	젓
게정거리다	게정	거리다
게정대다	게정	대다
겨울 스포츠	겨울	스포츠
겨울나이	겨울	나이
겨울날	겨울	날
겨울냉면	겨울	냉면
겨울밤	겨울	밤
겨울비	겨울	비
겨울빛	겨울	빛
겨울잠	겨울	잠
겨울잠쥐	겨울잠	쥐
겨울철	겨울	철
겨이삭	겨	이삭
겨자색	겨자	색
겨자장	겨자	장
겨풀	겨	풀
격 조사	격	조사
격노하다	격노	하다
격려하다	격려	하다
격렬하다	격렬	하다
격리되다	격리	되다
격리하다	격리	하다
격자법	격자	법
격화하다	격화	하다
견고하다	견고	하다
견우화	견우	화
견직물	견	직물
견치석	견치	석
결가부좌	결	가부좌
결결하다	결결	하다
결과적	한자 結果的. < 결과	적
결단코	결단	코
결렬되다	결렬	되다
결박되다	결박	되다
결박하다	결박	하다
결석하다	결석	하다
결여하다	결여	하다
결연하다	결연	하다
결재하다	결재	하다
결정론	결정	론
결정적	결정	적
결정하다	결정	하다
결초보은	결초	보은
결코	결	코
결합률	결합	률
결합하다	결합	하다
결혼식	결혼	식
결혼하다	결혼	하다.
겸손하다	겸손	하다
겸임하다	겸임	하다
겸하다	겸	하다
겸허하다	겸허	하다
겹경사	겹	경사
겹대류권계면	겹	대류	권계면
겹문장	겹	문장
겹받침	겹	받침
겹빵이	겹	빵	이
겹치다	겹	치다
경건하다	경건	하다
경계층	경계	층
경고표	한자 警告票. < 경고	표
경고하다	경고	하다
경공업	경	공업
경기담	경기	담
경기대회	한자 競技大會. < 경기	대회
경기도	경기	도
경기돛배	경기	돛배
경기장	경기	장
경기하다	경기	하다
경기헤염	경기	헤염
경기홀	경기	홀
경년변화	경년	변화
경도되다	경도	되다
경도풍	경도	풍
경력자	경력	자
경마장	경마	장
경망하다	경망	하다
경멸하다	경멸	하다
경박스럽다	경박	스럽다
경비원	경비	원
경사가시거리	경사	가시거리
경상수지	경상	수지
경솔하다	경솔	하다
경쇠	경	쇠
경시하다	경시	하다
경아하다	경아	하다
경압대기	경압	대기
경압불안정	경압	불안정
경애하다	경애	하다
경양식	경	양식
경어법	경어	법
경영주	경영	주
경영학	경영	학
경음악	경	음악
경이롭다	경이	롭다
경이적	한자 驚異的. < 경이	적
경입자	경	입자
경쟁자	경쟁	자
경쟁적	경쟁	적
경쟁하다	경쟁	하다
경정하다	경정	하다
경제론	경제	론
경제사적	경제사	적
경제장성률	한자 經濟.	長成率
경제적	한자 經濟的. < 경제	적
경제학	경제	학
경직하다	경직	하다
경질하다	경질	하다
경천동지	경천	동지
경청하다	경청	하다
경축일	경축	일
경쾌감	한자어 ‘輕快感, 輕快	感’에서 유래.
경쾌스럽다	경쾌	스럽다.
경쾌하다	경쾌	하다.
경쾌히	경쾌	히.
경탄스럽다	경탄	스럽다
경탄하다	경탄	하다
경하다	경	하다
경험담	경험	담
곁두리	곁	두리
곁바다	곁	바다
곁별무리	곁	별무리
계곡산개구리	계곡	산개구리
계급별일수	계급	별	일수
계단공포증	계단	공포증
계란 껍질	계란	껍질
계란말이	계란	말다 > 말이
계란색	계란	색
계란찜	계란	찜
계랄	계란	알
계량스푼	계량	스푼
계량컵	계량	컵
계몽령	계몽	령
계몽시대	계몽	시대
계몽주의	계몽	주의
계산대	계산	대
계산하다	계산	하다
계속되다	계속	되다
계속하다	계속	하다
계수나무	계수	나무
계승하다	계승	하다
계신데	계시다	데
계약자	계약	자
계약하다	계약	하다
계절관측	계절	관측
계절변동	계절	변동
계절변화	계절	변화
계절예보	계절	예보
계절지연	계절	지연
계절풍	계절	풍
계정계좌	계정	계좌
계집	계시	집 > 계집
계집년	계집	년
계집아이	계집	아이
계집애	계집	애
계집종	계집	종
계집질	계집	질
계획하다	계획	하다
고가 도로	고가	도로
고가 사다리	고가	사다리
고객님	고객	님
고고학	고고	학
고공살이	고공	살이
고급동작	고급	동작
고급스럽다	고급	스럽다
고급품	고급	품
고기결	고기	결
고기겹빵	고기	겹	빵
고기구이	고기	구이
고기떡	고기	떡
고기비늘	고기	비늘
고기순대	고기	순대
고기숨구멍	고기	숨	구멍
고기압	고	기압
고기압 중심	고기압	중심
고기압성	고기압	성
고기압성 곡률	고기압	성	곡률
고기압성 소용돌이	고기압	성	소용돌-이
고기압성 소용돌이도	고기압	성	소용돌-이	도
고기압성 순환	고기압	성	순환
고기압성 와도	고기압	성	와도
고기완자	고기	완자
고기작거리다	고기작	거리다
고기작대다	고기작	대다
고깃간	고기	ㅅ	간
고깃거리다	고깃	거리다
고깃결	고기	ㅅ	결
고깃고깃하다	고깃고깃	하다
고깃깃	고기	ㅅ	깃
고깃대다	고깃	대다
고깃집	고기	ㅅ	집
고까옷	고까	옷
고깔해파리	고깔	해파리
고꾸라뜨리다	고꾸라	뜨리다
고꾸라트리다	고꾸라	트리다
고나리질	고나리	질
고단하다	고단	하다
고달픈	고달프다	ㄴ
고달픔	고달프다	ㅁ
고답적	고답	적
고대 교회 슬라브어	고대	교회	슬라브어
고대 그리스	고대	^그리스
고대 그리스어	고대	그리스어	어)
고대 로마	고대	^로마
고대 프로이센어	고대	프로이센	어
고대교회슬라브어	고대	교회	슬라브	어
고대국어	고대	국어
고도계	고도	계
고도변화도	고도	변화	도
고도조립산업	고도	조립	산업
고독고독하다	고독고독	하다
고독하다	고독	하다
고드름	곧	얼	음
고등어과	고등어	과
고등어구이	고등어	구이
고등학교	고등	학교 < 일본어 高等学校/こうとうがっこう
고등학생	고등	학교
고따위	고	따위
고랑	근대 국어 고＜ < 중세 국어 골	
고래고래	고래	고래
고래상어	고래	상어
고렙	고	렙
고려 사람	^고려	사람
고려약	고려	약
고려하다	고려	하다
고령화사회	고령화	사회
고로	고	로
고로롱거리다	고로롱	거리다
고로롱고로롱	고로롱	고로롱
고로롱대다	고로롱	대다
고롱거리다	고롱	거리다
고롱고롱하다	고롱고롱	하다
고롱대다	고롱	대다
고른	고르다	ㄴ
고름	고르다	ㅁ
고리도롱뇽	고리	도롱뇽
고리무늬물범	고리	무늬	물범
고리운동	고리	운동
고리타분하다	고리타분	하다
고리탑탑하다	고리탑탑	하다
고리틀운동	고리	틀	운동
고린내	고린	내
고립된 언어	고립된	언어
고립어	고립	어
고립적	한자 孤立的. < 고립	적
고립하다	고립	하다
고릿하다	고릿	하다
고마운	고맙다	ㄴ
고마움	고맙다 > 고마운	ㅁ
고만	고	만
고만하다	고만	하다
고무나무	고무	나무
고무라기	고무	아기
고무락거리다	고무락	거리다
고무락고무락	고무락	고무락
고무락고무락하다	고무락고무락	하다
고무락대다	고무락	대다
고무신	고무	신
고무오리	고무	오리
고무줄공	고무줄	공
고무하다	고무	하다
고물거리다	고물	거리다
고물대다	고물	대다
고민하다	고민	하다
고방오리	고방	오리
고부라뜨리다	고부라	뜨리다
고부라트리다	고부라	트리다
고부랑거리다	고부랑	거리다
고부랑대다	고부랑	대다
고부스름하다	고부스름	하다
고부슴하다	고부슴	하다
고부장하다	고부장	하다
고분거리다	고분	거리다
고분고분	고분	고분
고분고분히	고분고분	히
고분대다	고분	대다
고불거리다	고불	거리다
고불고불하다	고불고불	하다
고불대다	고불	대다
고붓고붓하다	고독고독	하다
고붓하다	고붓	하다
고비 사막	^고비	사막
고뿔	곻〮	ㅅ	블〮
고산황기	고산	황기
고상하다	고상	하다
고생대	고생	대
고생물	고	생물
고생물학	고생물	학
고생하다	고생	하다
고선명 텔레비전	고선명	텔레비전
고세균	고	세균
고소공포증	고소	공포증
고소하다	고소	하다
고속 도로	고속	도로
고속버스	고속	버스
고수	उपेक्षा	वेदना
고수련하다	고수련	하다
고순쥐	고순	쥐
고스란하다	고스란	하다
고시랑거리다	고시랑	거리다
고시랑대다	고시랑	대다
고실고실	고실	고실
고아원	고아	원
고압대	고압	대
고양이	괴	앙이
고양이고래	고양이	고래
고양이곰	고양이	곰
고온다습	고온	다습
고요하다	고요	하다
고요히	고요	히
고용계약	고용	계약
고용주	고용	주
고용하다	고용	하다
고운	곱다	ㄴ
고움	곱다	ㅁ
고원지대	고원	지대
고유명사	고유	명사
고의적	한자 故意的. < 고의	적
고인돌	고이다	돌
고인물	고이다	물
고자질	고자	질
고장물	고장	물
고저 악센트	고저	악센트
고적운	고	적운
고적하다	고적	하다
고전적	고전	적
고정식	고정	식
고정하다	고정	하다
고조선	고	조선
고조하다	고조	하다
고지식하다	고지식	하다 < 중세 한국어 고디식다 / 고디싁다
고집스럽다	고집	스럽다
고집하다	고집	하다
고차방정식	고차	방정식
고착화	고착	화
고추가루	고추	가루
고추나물	고추	나물
고추돌고래	고추	돌고래
고추자지	고추	자지
고추장	고추	장
고출산	고	출산
고춧가루	고추	ㅅ	가루
고층기상관측	고층	기상	관측
고층기상관측소	고층	기상	관측	소
고층기상대	고층	기상대
고층분석	고층	분석
고층살림집	고층	살림집
고타분하다	고타분	하다
고타분히	고타분	히
고탑탑히	고탑탑	히
고통스럽다	고통	스럽다
고티힐후다	고티	힐후다
고품위 텔레비전	고품위	텔레비전
고픈	고프다	ㄴ
고픔	고프다	ㅁ
고향집	고향	집
고혈단신	고혈	단신
고혈하다	고혈	하다
곡마단	곡마	단
곡절 부호	곡절	부호
곡창지대	곡창	지대
곤드레만드레하다	곤드레만드레	하다
곤드레하다	곤드레	하다
곤들매기	곤들곤들	메기
곤줄박이	곤	줄	박이
곤충류	곤충	류
곤충학	곤충	학
곧바로	곧	바로
곧은	곧다	은
곧은달림길	곧다 > 곧은	달림 < 달리다	길
곧음	곧다	음
곧이어	곧	이어
곧잘	곧	잘
곧추치기	곧추	치기
골골거리다	골골	거리다
골골대다	골골	대다
골댕이	골든 리트리버	댕댕이
골동반	골동	반
골동품	골동	품
골막골막하다	골막골막	하다
골목길	골목	길
골목상권	골목	한자 商權
골바람	골	바람
골세포	한자 骨細胞. < 골	세포
골싹하다	골싹	하다
골안개	골	안개
골육종	골	육종
골잎원추리	골	잎	원추리
골지체	Golgi	체
골짜기	골	짝	이
골타분하다	골타분	하다
골타분히	골타분	히
골탑탑하다	골탑탑	하다
골탑탑히	골탑탑	히
골프공	골프	공
골프채	골프	채
곰	고	ㅁ
곰 인형	곰	인형
곰곰이	곰곰	이
곰국	곰	국
곰바지런하다	곰바지런	하다
곰배팔	곰배	팔
곰배팔이	곰배팔	이
곰솔	곰	솔
곰실거리다	곰실	거리다
곰실대다	곰실	대다
곰의말채나무	곰	의	말채나무
곰작거리다	곰작	거리다
곰작대다	곰작	대다
곰작이다	곰작	이다
곰지락거리다	곰지락	거리다
곰지락대다	곰지락	대다
곰지락하다	곰지락	하다
곰질거리다	곰질	거리다
곰질곰질	곰질	곰질
곰질곰질하다	곰질곰질	하다
곰질대다	곰질	대다
곰질하다	곰질	하다
곰취	곰	취
곰틀거리다	곰틀	거리다
곰틀대다	곰틀	대다
곱다랗다	곱	다랗다
곱돌	곱	돌
곱사연어	곱사	연어
곱상	곱	상
곱셈	곱	셈
곱셈하다	곱셈	하다
곱슬머리	곱슬	머리
곱슬하다	곱슬	하다
곱실거리다	곱실	거리다
곱실곱실	곱실	곱실
곱실대다	곱실	대다
곱작거리다	곱작	거리다
곱작대다	곱작	대다
곱창	곱	창
곱창구이	곱창	구이
곱침	곱	침 < 치다
곱하기	곱하다 > 곱하	기
곱하기하다	곱하기	하다
공간도형	공간	도형
공갈빵	공갈	빵
공갈치다	공갈	치다
공갈하다	공갈	하다
공감하다	공감	하다
공격어김	공격	어김 < 어기다
공격하다	공격	하다
공경하다	공경	하다
공고하다	공고	하다
공공부조	공공	부조
공교롭다	공교	롭다
공군기지	공군	기지
공급하다	공급	하다
공기 조화기	공기	조화기
공기기둥	공기	기둥
공기덩이	공기	덩이
공기밀도	공기	밀도
공기방석	공기	방석
공기보총	공기	보총
공기호흡	공기	호흡
공깃돌	공기	ㅅ	돌
공깃밥	공기	ㅅ	밥
공동살림방	공동	살림	방
공동정범	공동	정범
공매도	한자 空	賣渡
공멈추기	공	멈추기 < 멈추다
공몰기	공	몰기 < 몰다
공몽하다	공몽	하다.
공몽히	공몽	히.
공무원	공무	원
공부벌레	공부	벌레
공부하다	공부	하다
공빼앗기	공	빼앗기 < 빼앗다
공산명월	공산	명월
공산주의	공산	주의
공산주의자	공산주의	자
공손하다	공손	하다
공식어	공식	어
공식적	한자 公式的. < 공식	적
공언하다	공언	하다
공역예보	공역	예보
공연하다	공연	하다
공연히	공연	히
공용어	공용	어
공운동	공	운동
공유하다	공유	하다
공익광고	공익	광고
공익권	공익	권
공작나비	공작	나비
공작실거리나무	공작	실거리나무
공저자	공	저자
공적	한자 公的. < 공	적
공정하다	공정	하다
공중방전	공중	방전
공중습격	공중	습격
공중제비	공중	제비
공중화장실	공중	화장실
공집합	공	집합
공짜	공	짜
공쳐내기	공	쳐 < 치다	내기 < 내다
공통되다	공통	되다
공통인수	공통	인수
공통적	공통	적
공통점	공통	점
공통하다	공통	하다
공평하다	공평	하다
공포증	공포	증
공항 기상 관측 시스템	공항	기상	관측	시스템
공항 라운지	공항	라운지
공항특보	공항	특보
공화국	공화	국 < 영어 republic < 라틴어 res publica
공휴일	한자 公休日. < 공휴	일
곶감	곶	감
과거 분사	과거	분사
과거 시제	과거	시제
과거 완료	과거	완료
과거형	과거	형
과냉각	과	냉각
과냉각물방울	과냉각	물	방울
과냉각비	과냉각	비
과로사	과로	사
과보호	과	보호
과분하다	과분	하다.
과분히	과분	히.
과소비	과	소비
과소평가	과소	평가
과실 주스	과실	주스
과실단물	과실	단물
과실책임주의	과실	책임	주의 / 過失責任主義
과실치사	과실	치사
과인산	과	인산
과일 주스	과일	주스
과일단물	과일	단물
과일물	과일	물
과일잼	과일	잼
과일즙	과일	즙
과장하다	과장	하다
과전류	과	전류
과전압	과	전압
과편	과	편
과포화	과	포화
과포화공기	과포화	공기
과학 기술	과학	기술
과학소설	과학	소설
과학자	과학	자
과학적	과학	적
곽밥	곽	밥
관계대명사	관계	대명사
관계언	관계	언
관계없다	관계	없다
관계없이	관계없	이
관광객	한자어 ‘觀光客, 觀光	客’에서 유래. 일본어 観光客에서 철자 차용. 제주어 관광객과 동형어.
관광버스	관광	버스
관광지	관광	지
관광하다	관광	하다.
관념적	관념	적
관능적	관능	적
관람객	한자어 ‘觀覽客, 觀覽	客’에서 유래.
관람하다	관람	하다.
관료제	한자 官僚制. < 관료	제
관리인	한자 管理人. < 관리	인
관리자	관리	자
관리하다	관리	하다
관메추리	관	메추리
관박쥐	관	박쥐
관상동맥	관상	동맥
관성류	관성	류
관세청	관세	청
관심종자	관심	종자
관심하다	관심	하다
관악기	관	악기
관악대	관악	대
관용구	관용	구
관제탑	관제	탑
관찰하다	관찰	하다
관천망기	관천	망기
관코박쥐	관	코	박쥐
관통하다	관통	하다
관하다	관	하다
관형격	관형	격
관형어	관형	어
괄약근	괄약	근
괄하다	괄	하다
괌도	^괌	도
광고풍선	광고	풍선
광고하다	광고	하다
광광거리다	광광	거리다
광광대다	광광	대다
광대공포증	광대	공포증
광대뼈	광대	뼈
광둥어	^광둥	어
광물유	광물	유
광범하다	광범	하다.
광범히	광범	히.
광산촌	광산	촌
광신도	광신	도
광신자	광신	자
광신적	광신	적
광역예보	광역	예보
광역예보구역	광역	예보	구역
광엽초본	광엽	초본
광우병	광우	병
광자하다	광자	하다
광장공포증	광장	공포증
광주광역시	광주	광역시
광케이블	광	케이블
광포하다	광포	하다
광합성	광	합성
광현상	광	현상
광화학 스모그	광화학	스모그
광화학반응	광화학	반응
광활하다	광활	하다.
광활히	광활	히.
괘씸하다	괘씸	하다 < 근대 한국어 과심하다
괘종시계	괘종	시계
괜찮은	괜찮다	은
괜찮음	괜찮다	음
괜히	괜	히
괭이밥	괭이	밥
괴괴하다	괴괴	하다
괴기스럽다	괴기	스럽다
괴까닭스럽다	괴	까닭스럽다
괴롭다	고	롭다
괴롭히다	괴롭다	히
괴뢰말	괴뢰	말
괴악스럽다	괴악	스럽다.
괴악스레	괴악	스레.
괴악적	한자어 ‘怪惡	的’에서 유래.
괴악하다	괴악	하다.
괴이하다	괴이	하다
괴이히	괴이	히
괴짜	괴	짜
굉렬하다	굉렬	하다.
굉장스럽다	굉장	스럽다.
굉장스레	굉장	스레.
굉장하다	굉장	하다.
굉장히	굉장	히.
굉활하다	굉활	하다.
굉활히	굉활	히.
교거하다	僑居	하다
교과서	교과	서
교교하다	교교	하다.
교교히	교교	히.
교도소	교도	소
교목층	교목	층
교묘하다	교묘	하다
교미하다	교미	하다
교사범	교사	범
교습소	교습	소
교습하다	교습	하다
교예스키	교예	스키
교육비	교육	비
교육자	교육	자
교육적	교육	적
교육하다	교육	하다
교육학	한자 敎育	學.
교육한자	교육	한자
교자상	교자	상
교정폭력	교정한자 校庭.	폭력한자 暴力.
교차편집	교차	편집
교착어	교착	어
교통	한자어 ‘交通, 交	通’에서 유래. 일본어 交通에서 철자 차용.
교통로	교통	로
교통비	교통	비
교통카드	교통	카드.
교통하다	교통	하다.
교향곡	교향	곡
교호되다	교호	되다
교활하다	교활	하다
구각형	구각	형
구간선	구간	선
구강내과	구강	내과
구개음화	구개음	화
구걸하다	구걸	하다
구경군	구경	군
구경꾼	구경	꾼
구경스럽다	구경	스럽다
구경하다	구경	하다
구구거리다	구구	거리다
구구대다	구구	대다
구글	구	글
구급위생차	구급	위생	차
구기자나무	구기자	나무
구기적거리다	구기적	거리다
구기적대다	구기적	대다
구김살	구김	살
구깃거리다	구깃	거리다
구깃대다	구깃	대다
구니하다	구니	하다
구덩이	굳	엉	이
구두끈	구두	끈
구두덜거리다	구두덜	거리다 < 근대 한국어 구두더리다
구두덜대다	구두덜	대다
구두법	구두	법
구두쇠	구두	쇠
구둑구둑	구둑	구둑
구라파 사람	^구라파	사람
구레나룻	구레	나룻
구름-땅 방전	구름	땅	방전
구름꼭대기	구름	꼭대기
구름높이	구름	높이
구름다리	구름	다리
구름량	구름	량
구름많음	구름	많다 > 많음
구름밑면	구름	밑	면
구름방울	구름	방울
구름분석	구름	분석
구름분석도	구름	분석	도
구름씨 뿌리기	구름	씨	뿌리다< 뿌리	기
구름조금	구름	조금
구름줄기	구름	줄기
구름측정기	구름	측정	기
구름층	구름	층
구름표범	구름	표범
구매자	구매	자
구매하다	구매	하다
구멍가게	구멍	가게
구멍국수	구멍	국수
구명대	구명	대
구명부이	구명	부이
구무럭거리다	구무럭	거리다
구무럭대다	구무럭	대다
구물거리다	구물	거리다 < 중세 한국어 구믈어리다
구물대다	구물	대다
구박하다	구박	하다
구별되다	구별	되다
구별하다	구별	하다
구부러뜨리다	구부러	뜨리다
구부러지다	구부러	지다
구부러트리다	구부러	트리다
구부렁거리다	구부렁	거리다
구부렁대다	구부렁	대다
구부슴하다	구부슴	하다
구부슴히	구부슴	히
구부정하다	구부정	하다
구분하다	구분	하다
구불거리다	구불	거리다
구불구불	구불	구불
구불대다	구불	대다
구붓하다	구붓	하다 < 중세 한국어 구븓ᄒᆞ다
구상나무	구상	나무
구석기 시대	구석기	시대
구석기발	구석	기
구석던지기	구석	던지기
구석전술	구석	전술
구석진	구석지다	ㄴ
구석짐	구석지다	ㅁ
구석차기	구석	차기
구성하다	구성	하다
구소련	구#舊	^소련
구순기	구순	기
구슬양파	구슬	양파
구승문학	구승	문학
구시렁거리다	구시렁	거리다
구시렁대다	구시렁	대다
구실	그위	실
구실잣밤나무	구실	잣	밤	나무
구애하다	구애	하다
구야국	한자 狗倻國. < 구야	국
구역막기	구역	막기
구역예보	구역	예보
구역질	구역	질
구원투수	구원	투수
구원하다	구원	하다
구유고슬라비아 마케도니아 공화국	구#舊	^유고슬라비아	^마케도니아	공화국
구이	굽	이
구이류	구이	류#類
구입하다	구입	하다
구자라트어	구자라트	어
구저분하다	구저분	하다
구전문학	구전	문학
구정물	구정	물
구제하다	구제	하다
구조되다	구조	되다
구조물	구조	물
구조하다	구조	하다
구주개밀	구주	개밀
구출하다	구출	하다
구텁텁히	구텁텁	히
구토하다	구토	하다
구하다	구	하다
구한국	구	한국
구한말	구	한말
구호미	구호	미
구혼하다	구혼	하다
국가적	한자 國家的. < 국가	적
국경일	국경	일
국그릇	국	그릇
국물	국	물
국민복지연금	국민	복지	연금
국민학교	국민	학교
국민학생	국민	학생
국밥	국	밥
국수발	국수	발
국수뱅어	국수	뱅어
국수오리	국수	오리
국숫발	국수	ㅅ	발
국어사전	국어	사전
국어학	국어	학
국제 민간 항공 기구	국제	민간	항공	기구
국제 올림픽 경기 대회	국제	올림픽	경기	대회.
국제 음성 기호	국제	음성	기호
국제 통화 기금	국제	통화	기금
국제공항예보	국제	공항	예보
국제기상통보식	국제	기상	통보식
국제수지	국제	수지
국제어	국제	어
국제적	한자 國際的. < 국제	적
국준	국	?
국지가열	국지	가열
국지기상	국지	기상
국지기후	국지	기후
국지바람	국지	바람
국지순환	국지	순환
국지예보	국지	예보
국지풍	국지	풍
국진	국	?
국토보유세	국토	보유세
군것질	군것	질
군것질하다	군것질	하다
군고구마	군	고구마
군대개미	군대	개미
군더더기	군	더더기
군바리	군	바리
군밤	군	밤
군소리	군	소리
군실거리다	군실	거리다
군실대다	군실	대다
군졸하다	군졸	하다.
군졸히	군졸	히.
군주국	군주	국
군중가요	군중	가요
군청색	군청	색
군함조	군함	조
굳기름	굳다	기름
굳세다	굳다	세다
굳어진말	굳어지다 > 굳어진	말
굳은	굳다	은
굳은공	굳다 > 굳은	공
굳음	굳다	음
굳히다	굳다	히
굴기운동	구르다 > 굴기	운동
굴다리	굴	다리
굴뚝새	굴뚝	새
굴림대	굴림	대
굴먹굴먹	굴먹	굴먹
굴소스	굴	소스
굴썩하다	굴썩	하다
굴절어	굴절	어
굴젓	굴	젓
굴참나무	굴	참나무
굴터분히	굴터분	히
굴텁텁하다	굴텁텁	하다
굴피나무	굴	피	나무
굵다랗다	굵	다랗다
굵은	굵다	은
굵은밸	굵다	밸
굵음	굵다	음
굶주리다	굶	주리다
굼닐거리다	굼닐	거리다
굼닐대다	굼닐	대다
굼슬겁다	굼	슬겁다
굼실거리다	굼실	거리다
굼실대다	굼실	대다
굼적거리다	굼적	거리다
굼적대다	굼적	대다
굼적이다	굼적	이다 < 중세 한국어 금즈기다
굼지럭거리다	굼지럭	거리다
굼지럭대다	굼지럭	대다
굼지럭하다	굼지럭	하다
굼질거리다	굼질	거리다
굼질굼질	굼질	굼질
굼질굼질하다	굼질굼질	하다
굼질대다	굼질	대다
굼질하다	굼질	하다
굼틀거리다	굼틀	거리다
굼틀대다	굼틀	대다
굽신거리다	굽신	거리다
굽신굽신	굽신	굽신
굽신대다	굽신	대다
굽실거리다	굽실	거리다
굽실대다	굽실	대다
굽이	굽	이
굽적거리다	굽적	거리다
굽적대다	굽적	대다
굽히다	굽다	히
굿거리장단	굿거리	장단
궁둥배지기	궁둥이	배지기
궁디팡팡	궁디	팡팡
궁수자리	궁수	자리
궁싯거리다	궁싯	거리다
궁싯대다	궁싯	대다
권계면	권	계면
권계면도	권	계면	도
권적운	권	적운
권태기	권태	기
권하다	권	하다
궐기하다	궐기	하다
궤변적	궤변	적
귀걸이	귀	걸이
귀구멍	귀	구멍
귀납적	귀납	적
귀두지	귀두	지
귀때기	귀	때기
귀띔	귀	띔 < 뜨이다
귀띔하다	귀띔	하다
귀리	귀	보리
귀리밀크	귀리	밀크
귀머거리	귀	머거리
귀믿터리	귀	믿	터리
귀밑	귀	밑
귀밑털	귀밑	털
귀밥	귀	밥
귀부인	귀	부인
귀뿔논병아리	귀	뿔	논병아리
귀상어	귀	상어
귀신고래	귀신	고래
귀신날	귀신	날
귀싸대기	귀	싸대기
귀엣말	귀	에	ㅅ	말
귀엣말하다	귀엣말	하다
귀여운	귀엽다	ㄴ
귀여움	귀엽다	ㅁ
귀염둥이	귀염	둥이
귀요미	귀여움	이
귀중하다	귀중	하다
귀지	귀	지
귄티	귄 귀여운 느낌, 사랑스러운 느낌”)	티
귓가	귀	ㅅ	가.
귓결	귀	ㅅ	결
귓구멍	귀	ㅅ	구멍
귓불	귀	ㅅ	불
귓소리개	귀	ㅅ	소리개
귓속말	귀	ㅅ	속	말
귓속말하다	귓속말	하다
규모	한자어 ‘規模, 規	模’에서 유래.
규정하다	규정	하다
규칙 동사	규칙	동사
규칙적	규칙	적
규탄되다	규탄	되다.
규탄하다	규탄	하다.
규환지옥	규환	지옥
그것	그	것
그곳	그	곳
그끄저께	그	그저께
그끄제	그	그제
그나마	그	나마
그날	그	날
그녀	그	녀
그녀들	그녀	들
그놈	그	놈
그늑하다	그늑	하다
그닐거리다	그닐	거리다
그닐그닐	그닐	그닐
그닐대다	그닐	대다
그다음	그	다음
그다지	그	다지
그대로	그	대로
그동안	그	동안
그들먹그들먹	그들먹	그들먹
그들먹하다	그들먹	하다
그때	그	때
그라프 리론	그라프	리론
그래도	그래	도
그래프 이론	그래프	이론
그러나저러나	그러나	저러나
그러니까	그렇다 > 그러	니까
그러더니	그러	더니
그러면	그러	면
그러므로	그렇	므로
그럴듯하다	그럴	듯하다
그렁거리다	그렁	거리다
그렁그렁	그렁	그렁
그렁대다	그렁	대다
그렇지만	그렇	지	만
그레이트브리튼 북아일랜드 연합 왕국	^그레이트브리튼	^북아일랜드	^연합 ^왕국
그루지야 사람	^그루지야	사람
그루지야어	^그루지야	어
그루지야인	^그루지야	인
그르렁거리다	그르렁	거리다
그르렁대다	그르렁	대다
그른	그르다	ㄴ
그름	그르다	ㅁ
그릇되다	그릇	되다
그릇하다	그릇	하다
그리니치 평균시	^그리니치	평균시
그리니치 표준시	^그리니치	표준시
그리스도의 적	^그리스도	의	적
그리스어	^그리스	어
그리스인	그리스	인
그리운	그립다	ㄴ
그리움	그립	음
그린란드어	그린란드	어
그린비	그립다	이
그림기호	그림	기호
그림낯	그림	낯
그림버티개	그림	버티다	개
그림분필	그림	분필
그림씨	그림	씨
그림엽서	그림	엽서
그림영화	그림	영화
그림책	그림	책
그림풀이	그림	풀이
그만	그	만
그만두다	그만	두다
그만큼	그	만큼
그물거리다	그물	거리다
그물기름갖	그물	기름갖
그물넘기	그물	넘기 < 넘다
그물대다	그물	대다
그물버섯	그물	버섯
그믐	그몰	ㅁ
그믐날	그믐	날
그믐초승	그믐	초승
그분	그	분
그사이	그	사이
그야말로	그	야말로
그윽하다	그윽	하다 < 중세 한국어 그ᅀᅳᆨᄒᆞ다
그이	그	이
그자	그	자
그전	그	전
그제	그	적	의
그중	그	중
그쪽	그	쪽
그토록	그	토록
그해	그	해
극값	극	값
극고기압	극	고	기압
극궤도	극	궤도
극궤도기상위성	극궤도	기상위성
극단적	한자 極端的. < 극단	적
극댓값	극대	ㅅ	값
극명하다	극명	하다
극묘하다	극묘	하다.
극복하다	극복	하다
극소수	극	소수
극솟값	극소	ㅅ	값
극심하다	극심	하다
극야제트기류	극야	제트<영어 jet	기류
극열지옥	극열	지옥
극저기압	극	저	기압
극전선	극	전선
극존대	극	존대
극존칭	극	존칭
극지기상	극지	기상
극진하다	극진	하다.
극진히	극진	히.
극친하다	극친	하다.
극친히	극친	히.
극한값	극한	값
극한지지력	극한	지지력
극히	극	히
근검하다	근검	하다
근대국어	근대	국어
근대소설	근대	소설
근대적	근대	적
근덕거리다	근덕	거리다
근덕대다	근덕	대다
근뎅거리다	근뎅	거리다
근뎅대다	근뎅	대다
근독하다	근독	하다.
근드렁거리다	근드렁	거리다
근드렁대다	근드렁	대다
근드적거리다	근드적	거리다
근드적대다	근드적	대다
근들거리다	근들	거리다
근들대다	근들	대다
근로소득	근로	소득
근면하다	근면	하다
근본적	근본	적
근사하다	근사	하다
근삿값	근사	ㅅ	값
근실거리다	근실	거리다
근실대다	근실	대다
근실하다	근실	하다
근심겹다	근심	겹다
근심스럽다	근심	스럽다
근심하다	근심	하다
근엄하다	근엄	하다
근연종	근연	종
근위하다	근위	하다
근절하다	근절	하다
근질거리다	근질	거리다
근질대다	근질	대다
근치하다	근치	하다
근친상간	근친	상간
글겅거리다	글겅	거리다
글겅대다	글겅	대다
글그렁거리다	글그렁	거리다
글그렁대다	글그렁	대다
글꼴	글	꼴
글말	글	말
글쇠	글	쇠
글썽거리다	글썽	거리다
글썽대다	글썽	대다
글쓰기	글	쓰기
글씨	글	씨
글씨체	글씨	체
글월	글	월
글자	글	자
글체	글	체
글토막	글	토막
긁적거리다	긁적	거리다
긁적대다	긁적	대다
금강초롱꽃	금강	초롱꽃
금개구리	금	개구리
금고형	금고	형
금관악기	금관	악기
금광석	금	광석
금기시	금기	—시
금기어	금기	어
금낭화	금낭	화
금눈돔	금	눈	돔
금덩이	금	덩이
금메달	금	메달
금메달리스트	금	메달리스트
금발색	금발	색
금방금방	금방	금방
금방망이	금	방망이
금붕어	금	붕어
금색돔	금색	돔
금속활자	금속	활자
금손	금	손
금수저	금	수저
금실거리다	금실	거리다
금실대다	금실	대다
금욕주의	금욕	주의
금자탑	금자	탑
금잔디	금	잔디
금지되다	금지	되다
금지하다	금지	하다
금쪽	금	쪽
금하다	금	하다
급강하폭격기	급강하	폭격기
급격하다	급격	하다
급격히	급격	히
급경사	급	경사
급박하다	급박	하다
급상승	급	상승
급선회	급	선회
급속히	급속	히
급수하다	급수	하다
급습하다	급습	하다
급식비	급식	비
급여소득	급여	소득
급여하다	급여	하다
급정지하다	급정지	하다
급정차하다	급정차	하다
급제하다	급제	하다
급조폭발물	급조	폭발물
급증하다	급증	하다
급진적	급진	적
급진전하다	급진전	하다
급파하다	급파	하다
급하다	급	하다
급한 데	급한	데
급히	급	히
긍엄하다	긍엄	하다.
긍정적	긍정	적
긍정하다	긍정	하다
긍하다	긍	하다
기각하다	기각	하다
기결수	기결	수
기계공학	기계	공학
기계번역	기계	번역
기계적	기계	적
기계화	기계	화
기관차	기관	차
기관총	기관	총
기괴하다	기괴	하다
기교적	기교	적
기교하다	기교	하다
기구격 조사	기구격	조사
기구운동	기구	운동
기구하다	기구	하다
기껍다	깃다	어ᇦ
기념일	기념	일
기념주화	기념	주화
기념품	기념	품
기능적	기능	적
기다란	기다랗다	ㄴ
기다람	기다랗다	ㅁ
기다랗다	길	다랗다
기다래지다	기다래	지다
기단강수	기단	강수
기단뇌우	기단	뇌우
기단발원지	기단	발원지
기단변질	기단	변질
기단분석	기단	분석
기단소나기	기단	소나기
기대되다	기대	되다
기대치	기대	치
기대하다	기대	하다
기도하다	기도	하다
기독교	기독)	교
기독교도	기독교	도
기둥도표	기둥	도표
기둥서방	기둥	서방
기둥춤	기둥	춤
기똥차다	기똥	차다
기러기	기럭	이
기록문학	기록	문학
기록적	기록	적
기록하다	기록	하다
기름갖	기름	갖
기름때	기름	때
기름밥	기름	밥
기름배	기름	배
기름사탕	기름	사탕
기름쏙독새	기름	쏙독새
기름종개	기름	종개
기름종이	기름	종이
기름통	기름	통
기막히다	기	막히다
기만되다	기만	되다
기만하다	기만	하다
기묘 쿼크	기묘	쿼크
기미하다	기미	하다
기민성	한자어 ‘機敏性, 機敏	性’에서 유래.
기민하다	기민	하다.
기민히	기민	히.
기박하다	기박	하다
기반시설	기반	시설
기발체조	기	발	체조
기발하다	기발	하다
기복 변위	기복	변위
기본값	기본	ㅅ	값
기본적	기본	적
기본형	한자 基本形. < 기본	형
기부금	기부	금
기부하다	기부	하다
기뻐하다	기뻐	하다
기쁘다	깃다	브
기쁜	기쁘다	ㄴ
기상 경보	기상	경보
기상 관측	기상	관측
기상 관측선	기상	관측선
기상 레이다	기상	레이다 < 영어 radar
기상 요소	기상	요소
기상 현상	기상	현상
기상개황	기상	개황
기상관측부이	기상	관측	부이<영어 buoy
기상관측소	기상	관측소
기상관측환경	기상	관측	환경
기상국제지점번호	기상	국제	지점	번호
기상기호	기상	기호
기상방송	기상	방송
기상법	기상	법
기상보고	기상	보고
기상분석	기상	분석
기상브리핑	기상	브리핑
기상실황	기상	실황
기상위성	기상	위성
기상자료	기상	자료
기상전망	기상	전망
기상정보	기상	정보
기상정역학	기상	정	역학
기상정찰 비행	기상	정찰	비행
기상정찰통보식	기상	정찰	통보식
기상제어	기상	제어
기상조석	기상	조석
기상조절	기상	조절
기상주의보	기상	주의보
기상통계	기상	통계
기상통보	기상	통보
기상통보식	기상	통보	식
기상통신	기상	통신
기상특보	기상	특보
기상특보 발효시각	기상	특보	발효	시각
기상학	기상	학
기상해설	기상	해설
기생식물	기생	식물
기생충	기생	충
기생하다	기생	하다
기성품	기성	품
기소하다	기소	하다
기수사	기수	사
기술자	기술	자
기술적	한자 技術的. < 기술	적
기술진	기술	진
기습하다	기습	하다
기신거리다	기신	거리다
기신대다	기신	대다
기암괴석	기암	괴석
기압경도	기압	경도
기압경도력	기압	경도력
기압경향	기압	경향
기압계	기압	계
기압고도	기압	고도
기압골	기압	골
기압골축	기압	골	축
기압능	기압	능
기압능축	기압	능	축
기압마루	기압	마루
기압마루축	기압	마루	축
기압배치	기압	배치
기압배치형	기압	배치	형
기압변화도	기압	변화	도
기압분석	기압	분석
기압분포	기압	분포
기압상승중심	기압	상승	중심
기압장	기압	장
기압편차	기압	편차
기압하강중심	기압	하강	중심
기어가다	기어	가다
기어오르다	기어	오르다
기억력	기억	력
기억용량	기억	용량
기억하다	기억	하다
기업연합	기업	연합
기역니은디귿순	기역	니은	디귿	순
기역니은차례	기역	니은	차례
기역시옷	기역	시옷
기온감률	기온	감률
기온역전	기온	역전
기온연직분포	기온	연직	분포
기온이류변화	기온	이류	변화
기온이슬점차	기온	이슬	점	차
기온일교차	기온	일	교차
기용하다	기용	하다
기우듬하다	기우듬	하다
기우뚱거리다	기우뚱	거리다
기우뚱대다	기우뚱	대다
기우제	기우	제
기울어뜨리다	기울어	뜨리다
기울어지다	기울어	지다
기울어트리다	기울어	트리다
기울이다	기울다	이
기웃거리다	기웃	거리다
기웃대다	기웃	대다
기웃드름하다	기웃드름	하다
기웃이	기웃	이
기원전	기원	전
기원후	기원	후
기이하다	기이	하다
기입하다	기입	하다
기자단	기자	단
기자조선	기자	조선
기저세포	기저	세포
기저세포암	기저세포	암
기적적	기적	적
기절하다	기절	하다.
기주떡	기주	떡
기중기	기중	기
기증하다	기증	하다
기지개하다	기지개	하다
기지창	기지	창
기지촌	기지	촌
기차다	기	차다
기체법칙	기체	법칙
기초적	한자 基礎的. < 기초	적
기초하다	기초	하다
기촉하다	기촉	하다
기축통화	기축	통화
기침	깇다〮	우〮	ㅁ
기침쇠	기침	쇠
기탄없다	기탄	없다
기특하다	기특	하다
기피하다	기피	하다
기필코	기필	코
기하다	기	하다
기하학	기하	학
기하학적	기하학	적
기한부	기한	부
기행문	기행	문
기현상	기	현상
기형적	기형	적
기회비용	기회	비용
기회주의자	기회주의	자
기획하다	기획	하다
기후 변화	기후	변화
기후감시	기후	감시
기후경향	기후	경향
기후계절관측	기후	계절	관측
기후구	기후	구
기후구분	기후	구분
기후극값	기후	극	값
기후대	기후	대
기후도	기후	도
기후방송	기후	방송
기후변동	기후	변동
기후변화	기후	변화
기후분류	기후	분류
기후불연속	기후	불연속
기후순응	기후	순응
기후순화	기후	순화
기후순환	기후	순환
기후시스템	기후	시스템
기후연표	기후	연표
기후예보	기후	예보
기후요법	기후	요법
기후요소	기후	요소
기후인자	기후	인자
기후적응	기후	적응
기후전망	기후	전망
기후조절	기후	조절
기후표준평년값	기후	표준	평년	값
기후한계	기후	한계
기후형	기후	형
긴	길다	ㄴ
긴가락박쥐	긴	가락	박쥐
긴가민가하다	긴가민가	하다
긴급하다	긴급	하다
긴꼬리꼬마쥐	긴	꼬리	꼬마	쥐
긴꼬리엄지도치	긴	꼬리	엄지	도치
긴꼬리올빼미	긴	꼬리	올빼미
긴꼬리윗수염박쥐	긴	꼬리	윗수염박쥐
긴꼬리장어	긴	꼬리	장어
긴꼬리쥐	긴	꼬리	쥐
긴날개박쥐	긴	날개	박쥐
긴련락	길다 > 긴	연락
긴몰개	긴	몰개
긴밀하다	긴밀	하다
긴바늘	긴	바늘
긴발톱첨서	긴	발톱	첨서
긴부리참돌고래	긴	부리	참돌고래
긴요하다	긴요	하다.
긴요히	긴요	히.
긴장감	긴장	감
긴장하다	긴장	하다
긴코너구리	길다	코	너구리
긴털쥐	긴	털	쥐
긴팔원숭이	긴	팔	원숭이
길가	길	가
길강아지	길	강아지
길거리	길	거리
길거리 음식	길거리	음식
길고양이	길	고양이
길냥이	길	냥이
길모퉁이	길	모퉁이
길목	길	목
길섶	길	섶
길손	길	손
길어깨	길	어깨
길이	길	이
길잡이	길 잡	이
길쭉하다	길쭉	하다
긺	길다	ㅁ
김냉국	김	냉국
김밥	김	밥
김안개	김	안개
김장파	김장	파
김치국	김치	ㅅ	국
김치냉장고	김치	냉장고
김치녀	김치	녀
김치전	김치	전
김치찌개	김치	찌개
깁옷	깁	옷
깃대	기#旗	ㅅ	대#stalk
깃들다	깃	들다
깃발	기	ㅅ	발
깃털	깃	털
깊은	깊다	은
깊음	깊다	음
깊이	깊	이
까꾸러뜨리다	까꾸러	뜨리다
까꾸러트리다	까꾸러	트리다
까다롭다	까다	롭다
까닥거리다	까닥	거리다
까닥까닥	까닥	까닥
까닥대다	까닥	대다
까드락거리다	까드락	거리다
까드락대다	까드락	대다
까들거리다	까들	거리다
까들까들	까들	까들
까들까들하다	까들까들	하다
까들대다	까들	대다
까들막거리다	까들막	거리다
까들막대다	까들막	대다
까들막이다	까들막	이다
까딱거리다	까딱	거리다
까딱대다	까딱	대다
까딱이다	까딱	이다
까뜨락거리다	까뜨락	거리다
까뜨락대다	까뜨락	대다
까르르거리다	까르르	거리다
까르르까르르	까르르	까르르
까르르대다	까르르	대다
까르륵거리다	까르륵	거리다
까르륵대다	까르륵	대다
까리브 해	까리브	해
까마귓과	까마귀	ㅅ	과
까마득하다	까마득	하다 < 근대 한국어 혼혼믁믁ᄒᆞ다
까마아득하다	까마아득	하다
까막거리다	까막	거리다
까막까치	까마귀	까치
까막까치밥나무	까막까치	밥	나무
까막눈	까막	눈
까막대다	까막	대다
까막딱따구리	까막	딱따구리
까막잡기	까막	잡기
까만색	까만	색
까무께하다	까무께	하다
까무끄름하다	까무끄름	하다
까무대대하다	까무대대	하다
까무댕댕하다	까무댕댕	하다
까무레하다	까무레	하다
까무숙숙하다	까무숙숙	하다
까무스레하다	까무스레	하다
까무스름하다	까무스름	하다
까무잡잡하다	까무잡잡	하다
까무족족하다	까무족족	하다
까무총총하다	까무총총	하다
까무칙칙하다	까무칙칙	하다
까무퇴퇴하다	까무퇴퇴	하다
까무트름하다	까무트름	하다
까무트름히	까무트름	히
까물거리다	까물	거리다
까물대다	까물	대다
까뭇하다	까뭇	하다
까불거리다	까불	거리다
까불대다	까불	대다
까옥거리다	까옥	거리다
까옥까옥하다	까옥까옥	하다
까옥대다	까옥	대다
까치 두루마기	까치	두루마기
까치기러기	까치	기러기
까치박달	까치	박달
까치밥	까치	밥
까치살무사	까치	살무사
까치작거리다	까치작	거리다
까치작대다	까치작	대다
까칫거리다	까칫	거리다
까칫까칫	까칫	까칫
까칫대다	까칫	대다
까탈스럽다	까탈	스럽다
깍깍거리다	깍깍	거리다
깍깍대다	깍깍	대다
깍둑거리다	깍둑	거리다
깍둑대다	깍둑	대다
깎아지른	깎아지르다	ㄴ
깐닥거리다	깐닥	거리다
깐닥대다	깐닥	대다
깐닥이다	깐닥	이다
깐딱거리다	깐딱	거리다
깐딱대다	깐딱	대다
깐딱이다	깐딱	이다
깐작거리다	깐작	거리다
깐작대다	깐작	대다
깐족거리다	깐족	거리다
깐족대다	깐족	대다
깐죽거리다	깐죽	거리다
깐죽대다	깐죽	대다
깐죽이다	깐죽	이다
깔개책임자	깔개	책임자
깔깔거리다	깔깔	거리다
깔깔대다	깔깔	대다
깔끔거리다	깔끔	거리다
깔끔대다	깔끔	대다
깔끔히	깔끔	히
깔딱거리다	깔딱	거리다
깔딱대다	깔딱	대다
깔딱이다	깔딱	이다
깔때기 구름	깔때기	구름
깔때기염	깔때기	염
깔리포르니아 반도	깔리포르니아	반도
깔짝거리다	깔짝	거리다
깔짝대다	깔짝	대다
깔짝이다	깔짝	이다
깔쭉거리다	깔쭉	거리다
깔쭉대다	깔쭉	대다
깜깜하다	깜깜	하다
깜깜히	깜깜	히
깜박거리다	깜박	거리다
깜박대다	깜박	대다
깜빡거리다	깜빡	거리다
깜빡대다	깜빡	대다
깜숭하다	깜숭	하다
깜작거리다	깜작	거리다
깜작대다	깜작	대다
깜짝거리다	깜짝	거리다
깜짝대다	깜짝	대다
깜찍스럽다	깜찍	스럽다
깜찍하다	깜찍	하다
깝신거리다	깝신	거리다
깝신대다	깝신	대다
깝작거리다	깝작	거리다
깝작대다	깝작	대다
깝죽거리다	깝죽	거리다
깝죽대다	깝죽	대다
깝죽이다	깝죽	이다
깡동거리다	깡동	거리다
깡동대다	깡동	대다
깡똥거리다	깡똥	거리다
깡똥대다	깡똥	대다
깡똥하다	깡똥	하다
깡짱거리다	깡짱	거리다
깡짱대다	깡짱	대다
깡쭝거리다	깡쭝	거리다
깡쭝대다	깡쭝	대다
깡창거리다	깡창	거리다
깡창대다	깡창	대다
깡충거리다	깡충	거리다
깡충대다	깡충	대다
깡통	깡	통
깡통 계정	깡통	계정=깡통 계정
깡통계좌	깡통	계좌
깨갱거리다	깨갱	거리다
깨갱대다	깨갱	대다
깨끔하다	깨끔	하다
깨끗이	깨끗	이
깨끗하다	깨끗	하다
깨끗한	깨끗하다	ㄴ
깨끗함	깨끗하다	ㅁ
깨달음	깨닫	음
깨뜨리다	깨	뜨리다
깨물다	깨	물다
깨우다	깨다	우
깨웃거리다	깨웃	거리다
깨웃대다	깨웃	대다
깨작거리다	깨작	거리다
깨작깨작하다	깨작깨작	하다
깨작대다	깨작	대다
깨죽거리다	깨죽	거리다
깨죽깨죽	깨죽	깨죽
깨죽대다	깨죽	대다
깨지락거리다	깨지락	거리다
깨지락대다	깨지락	대다
깨질거리다	깨질	거리다
깨질깨질하다	깨질깨질	하다
깨질대다	깨질	대다
깨트리다	깨	트리다
깩깩거리다	깩깩	거리다
깩깩대다	깩깩	대다
깰깩거리다	깰깩	거리다
깰깩대다	깰깩	대다
깰깰거리다	깰깰	거리다
깰깰대다	깰깰	대다
깻잎	깨	ㅅ	잎
깽깽거리다	깽깽	거리다
깽깽대다	깽깽	대다
꺄우뚱거리다	꺄우뚱	거리다
꺄우뚱대다	꺄우뚱	대다
꺄웃거리다	꺄웃	거리다
꺄웃대다	꺄웃	대다
꺅꺅거리다	꺅꺅	거리다
꺅꺅대다	꺅꺅	대다
꺅도요	꺅	도요
꺼꾸러뜨리다	꺼꾸러	뜨리다
꺼꾸러트리다	꺼꾸러	트리다
꺼덕거리다	꺼덕	거리다
꺼덕대다	꺼덕	대다
꺼드럭거리다	꺼드럭	거리다
꺼드럭대다	꺼드럭	대다
꺼들거리다	꺼들	거리다
꺼들꺼들하다	꺼들꺼들	하다
꺼들대다	꺼들	대다
꺼들먹거리다	꺼들먹	거리다
꺼들먹대다	꺼들먹	대다
꺼들먹이다	꺼들먹	이다
꺼떡거리다	꺼떡	거리다
꺼떡대다	꺼떡	대다
꺼떡이다	꺼떡	이다
꺼뜨럭거리다	꺼뜨럭	거리다
꺼뜨럭대다	꺼뜨럭	대다
꺼림직하다	꺼림직	하다
꺼림칙하다	꺼림칙	하다
꺼머무트름하다	꺼머무트름	하다
꺼먼색	꺼먼	색
꺼무께하다	꺼무께	하다
꺼무끄름하다	꺼무끄름	하다
꺼무데데하다	꺼무데데	하다
꺼무뎅뎅하다	꺼무뎅뎅	하다
꺼무레하다	꺼무레	하다
꺼무숙숙하다	꺼무숙숙	하다
꺼무스레하다	꺼무스레	하다
꺼무스름하다	꺼무스름	하다
꺼무접접하다	꺼무접접	하다
꺼무죽죽하다	꺼무죽죽	하다
꺼무충충하다	꺼무충충	하다
꺼무칙칙하다	꺼무칙칙	하다
꺼무튀튀하다	꺼무튀튀	하다
꺼무트름하다	꺼무트름	하다
꺼물거리다	꺼물	거리다
꺼물대다	꺼물	대다
꺼뭇하다	꺼뭇	하다
꺼벅거리다	꺼벅	거리다
꺼벅꺼벅	꺼벅	꺼벅
꺼벅대다	꺼벅	대다
꺼벅이다	꺼벅	이다
꺼불거리다	꺼불	거리다
꺼불대다	꺼불	대다
꺼이꺼이	꺼이	꺼이
꺼치적거리다	꺼치적	거리다
꺼치적대다	꺼치적	대다
꺼칠하다	꺼칠	하다
꺼칫거리다	꺼칫	거리다
꺼칫꺼칫	꺼칫	꺼칫
꺼칫대다	꺼칫	대다
꺽둑거리다	꺽둑	거리다
꺽둑대다	꺽둑	대다
꺾은선 그래프	꺾은선	그래프
껄껄거리다	껄껄	거리다
껄껄대다	껄껄	대다
껄끔거리다	껄끔	거리다
껄끔대다	껄끔	대다
껄떡거리다	껄떡	거리다
껄떡대다	껄떡	대다
껄렁거리다	껄렁	거리다
껄렁대다	껄렁	대다
껄쭉거리다	껄쭉	거리다
껄쭉대다	껄쭉	대다
껌둥이	껌다 > 껌	둥이
껌벅거리다	껌벅	거리다
껌벅껌벅	껌벅	껌벅
껌벅대다	껌벅	대다
껌벅이다	껌벅	이다
껌뻑거리다	껌뻑	거리다
껌뻑대다	껌뻑	대다
껌뻑이다	껌뻑	이다
껍신거리다	껍신	거리다
껍신대다	껍신	대다
껍적거리다	껍적	거리다
껍적대다	껍적	대다
껍죽거리다	껍죽	거리다
껍죽대다	껍죽	대다
껑둥거리다	껑둥	거리다
껑둥대다	껑둥	대다
껑뚱거리다	껑뚱	거리다
껑뚱껑뚱	껑둥	껑둥
껑뚱하다	껑뚱	하다
껑쩡거리다	껑쩡	거리다
껑쩡대다	껑쩡	대다
껑쭝거리다	껑쭝	거리다
껑쭝대다	껑쭝	대다
껑청거리다	껑청	거리다
껑청대다	껑청	대다
껑충거리다	껑충	거리다
껑충대다	껑충	대다
께죽거리다	께죽	거리다
께죽대다	께죽	대다
께지럭거리다	께지럭	거리다
께지럭대다	께지럭	대다
꼬기작거리다	꼬기작	거리다
꼬기작대다	꼬기작	대다
꼬깃거리다	꼬깃	거리다
꼬깃꼬깃	꼬깃	꼬깃
꼬깃대다	꼬깃	대다
꼬꼬댁거리다	꼬꼬댁	거리다
꼬꼬댁대다	꼬꼬댁	대다
꼬꾸라뜨리다	꼬꾸라	뜨리다
꼬꾸라트리다	꼬꾸라	트리다
꼬르륵거리다	꼬르륵	거리다
꼬르륵꼬르륵	꼬르륵	꼬르륵
꼬르륵대다	꼬르륵	대다
꼬리 치다	꼬리	치다
꼬리치레	꼬리	치레
꼬리치레도롱뇽	꼬리치레	도롱뇽
꼬리풀	꼬리	풀
꼬마뒤쥐	꼬마	뒤쥐
꼬마잠자리	꼬마	잠자리
꼬마청황	꼬마	청황
꼬마태풍	꼬마	태풍
꼬마향고래	꼬마	향고래
꼬무락거리다	꼬무락	거리다
꼬물거리다	꼬물	거리다
꼬물대다	꼬물	대다
꼬박거리다	꼬박	거리다
꼬박대다	꼬박	대다
꼬부라뜨리다	꼬부라	뜨리다
꼬부라트리다	꼬부라	트리다
꼬부랑거리다	꼬부랑	거리다
꼬부랑대다	꼬부랑	대다
꼬부슴하다	꼬부슴	하다
꼬부슴히	꼬부슴	히
꼬불거리다	꼬불	거리다
꼬불대다	꼬불	대다
꼬불탕하다	꼬불탕	하다
꼬붓꼬붓이	꼬붓꼬붓	이
꼬붓하다	꼬붓	하다
꼬빡거리다	꼬빡	거리다
꼬빡대다	꼬빡	대다
꼬약거리다	꼬약	거리다
꼬약대다	꼬약	대다
꼬치	꽂—	이
꼬치고기	꼬치	고기
꼬치동자개	꼬치	동자개
꼭꼭	꼭	꼭
꼭꼭거리다	꼭꼭	거리다
꼭꼭대다	꼭꼭	대다
꼭대기 쿼크	꼭대기	쿼크
꼭두쇠	꼭두	쇠
꼭지이응	꼭지	이응
꼭짓점	꼭지	ㅅ	점
꼭하다	꼭	하다
꼴값	꼴	값
꼴값하다	꼴값	하다
꼴까닥거리다	꼴까닥	거리다
꼴까닥대다	꼴까닥	대다
꼴깍거리다	꼴깍	거리다
꼴깍대다	꼴깍	대다
꼴꼴하다	꼴꼴	하다
꼴랑거리다	꼴랑	거리다
꼴랑대다	꼴랑	대다
꼴불견	꼴	불	견
꼴스크 반도	꼴스크	반도
꼴찌	꼴	찌
꼼꼼하다	꼼꼼	하다
꼼꼼히	꼼꼼	히
꼼실거리다	꼼실	거리다
꼼실대다	꼼실	대다
꼼작거리다	꼼작	거리다
꼼작대다	꼼작	대다
꼼지락거리다	꼼지락	거리다
꼼지락대다	꼼지락	대다
꼼질거리다	꼼질	거리다
꼼질대다	꼼질	대다
꼼짝거리다	꼼짝	거리다
꼼짝대다	꼼짝	대다
꼼치	곰	치
꼼트락거리다	꼼트락	거리다
꼼트락꼼트락	꼼트락	꼼트락
꼼트락꼼트락하다	꼼트락꼼트락	하다
꼼트락대다	꼼트락	대다
꼼틀거리다	꼼틀	거리다
꼼틀꼼틀	꼼틀	꼼틀
꼼틀대다	꼼틀	대다
꼽실거리다	꼽실	거리다
꼽실대다	꼽실	대다
꼽작거리다	꼽작	거리다
꼽작대다	꼽작	대다
꼿꼿하다	꼿꼿	하다
꽁고 공화국	^꽁고	공화국
꽁고 민주주의 공화국	^콩고	민주주의	공화국
꽁꽁	꽁	꽁
꽁꽁거리다	꽁꽁	거리다
꽁꽁대다	꽁꽁	대다
꽁꽁하다	꽁꽁	하다
꽁알거리다	꽁알	거리다
꽁알대다	꽁알	대다
꽂아넣기	꽂–	아	넣–	기
꽃가루	꽃	가루
꽃게	꽃	게
꽃꽂이	꽃	꽂이
꽃꿀	꽃	꿀
꽃나무	꽃	나무
꽃나이	꽃	나이
꽃냉이	꽃	냉이
꽃다발	꽃	다발
꽃매미	꽃	매미
꽃모자해파리	꽃	모자	해파리
꽃미남	꽃	미남
꽃밭	꽃	밭
꽃뱀	꽃	뱀
꽃병	꽃	병
꽃보다 경단	꽃	보다	경단
꽃봉오리	곳봉오리 < 곳으리 < 곶	으리
꽃분홍색	꽃	분홍색
꽃불	꽃	불
꽃빵	꽃	빵
꽃사과나무	꽃	사과나무
꽃사슴	꽃	사슴
꽃샘추위	꽃샘	추위
꽃신	꽃	신
꽃씨	꽃	씨
꽃이끼	꽃	이끼
꽃잎	꽃	잎
꽃잎묶음표	꽃잎	묶음표
꽃제비	꽃	제비
꽃집	꽃	집
꽃차례	꽃	차례
꽃피다	꽃	피다
꽈당거리다	꽈당	거리다
꽈당대다	꽈당	대다
꽈르릉거리다	꽈르릉	거리다
꽈르릉대다	꽈르릉	대다
꽐꽐거리다	꽐꽐	거리다
꽐꽐대다	꽐꽐	대다
꽝꽝거리다	꽝꽝	거리다
꽝꽝나무	꽝꽝	나무
꽝꽝대다	꽝꽝	대다
꽝포쟁이	꽝	포	쟁이
꽥꽥거리다	꽥꽥	거리다
꽥꽥대다	꽥꽥	대다
꽹그랑거리다	꽹그랑	거리다
꽹그랑대다	꽹그랑	대다
꽹꽹거리다	꽹꽹	거리다
꽹꽹대다	꽹꽹	대다
꽹하다	꽹	하다
꾀꼬리버섯	꾀꼬리	버섯
꾀병	꾀	병
꾀부리다	꾀	부리다
꾀하다	꾀	하다
꾐꾐하다	꾐꾐	하다
꾸기적거리다	꾸기적	거리다
꾸기적대다	꾸기적	대다
꾸깃거리다	꾸깃	거리다
꾸깃대다	꾸깃	대다
꾸꾸거리다	꾸꾸	거리다
꾸꾸대다	꾸꾸	대다
꾸덕꾸덕이	꾸덕꾸덕	이
꾸르륵거리다	꾸르륵	거리다
꾸르륵대다	꾸르륵	대다
꾸릴렬도	러시아어 Курильские острова	렬도
꾸무럭거리다	꾸무럭	거리다
꾸무럭대다	꾸무럭	대다
꾸물거리다	꾸물	거리다
꾸물대다	꾸물	대다
꾸밈말	꾸밈	말
꾸밈씨	꾸밈	씨
꾸밈옷	꾸미다	옷
꾸벅거리다	꾸벅	거리다
꾸벅대다	꾸벅	대다
꾸부러뜨리다	꾸부러	뜨리다
꾸부러트리다	꾸부러	트리다
꾸부렁거리다	꾸부렁	거리다
꾸부렁대다	꾸부렁	대다
꾸부슴하다	꾸부슴	하다
꾸부정하다	꾸부정	하다
꾸불거리다	꾸불	거리다
꾸불대다	꾸불	대다
꾸붓하다	꾸붓	하다
꾸뻑거리다	꾸뻑	거리다
꾸뻑대다	꾸뻑	대다
꾸역거리다	꾸역	거리다
꾸역꾸역	꾸역	꾸역
꾸역대다	꾸역	대다
꾸준히	꾸준	히
꾸중하다	꾸중	하다
꾹꾹이	꾹꾹	이
꿀꺼덕거리다	꿀꺼덕	거리다
꿀꺼덕대다	꿀꺼덕	대다
꿀꿀이	꿀꿀	이
꿀렁거리다	꿀렁	거리다
꿀렁대다	꿀렁	대다
꿀렁이다	꿀렁	이다
꿀맛	꿀	맛
꿀물	꿀	물
꿀밤	꿀	밤
꿀벅지	꿀	허벅지
꿀벌	꿀	벌
꿀빨기새	꿀	빨기	새
꿀술	꿀	술
꿀잼	꿀	잼
꿀타래	꿀	타래
꿀템	꿀	아이템
꿀팁	꿀	팁
꿀풀	꿀	풀
꿈결	꿈	ㅅ	결
꿈꾸다	꿈	꾸다
꿈나라	꿈	나라
꿈실거리다	꿈실	거리다
꿈실꿈실	꿈실	꿈실
꿈실대다	꿈실	대다
꿈적거리다	꿈적	거리다
꿈적대다	꿈적	대다
꿈적이다	꿈적	이다 < 중세 한국어 금즈기다
꿈지럭거리다	꿈지럭	거리다
꿈지럭대다	꿈지럭	대다
꿈질거리다	꿈질	거리다
꿈질꿈질하다	꿈질꿈질	하다
꿈질대다	꿈질	대다
꿈질하다	꿈질	하다
꿈쩍거리다	꿈쩍	거리다
꿈쩍대다	꿈쩍	대다
꿈쩍이다	꿈쩍	이다
꿈트럭거리다	꿈트럭	거리다
꿈트럭꿈트럭	꿈트럭	꿈트럭
꿈트럭꿈트럭하다	꿈트럭꿈트럭	하다
꿈트럭대다	꿈트럭	대다
꿈틀거리다	꿈틀	거리다
꿈틀꿈틀	꿈틀	꿈틀
꿈틀대다	꿈틀	대다
꿉실거리다	꿉실	거리다
꿉실대다	꿉실	대다
꿉적거리다	꿉적	거리다
꿉적대다	꿉적	대다
꿍꽝거리다	꿍꽝	거리다
꿍꿍	꿍	꿍
꿍꿍거리다	꿍꿍	거리다
꿍얼거리다	꿍얼	거리다
꿍얼대다	꿍얼	대다
꿩고사리	꿩	고사리
꿩의다리	꿩	의	다리
꿩의밥	꿩	의	밥
꿰차다	꿰	차다
끄내기	끈	에기
끄덕거리다	끄덕	거리다
끄덕대다	끄덕	대다
끄덕이다	끄덕	이다
끄먹거리다	끄먹	거리다
끄먹대다	끄먹	대다
끄물거리다	끄물	거리다
끄물끄물	끄물	끄물
끄물대다	끄물	대다
끄적거리다	끄적	거리다
끄적대다	끄적	대다
끄트머리	끝	으머리
끈끈이대나물	끈끈이	대	나물
끈끈이주걱	끈끈이	주걱
끈덕거리다	끈덕	거리다
끈덕대다	끈덕	대다
끈떡거리다	끈떡	거리다
끈떡대다	끈떡	대다
끈적거리다	끈적	거리다
끈적끈적	끈적	끈적
끈적대다	끈적	대다
끊어지다	끊어	지다
끊임	끊이	ㅁ
끊임없다	끊임	없다
끊임없이	끊임없	이
끌신	끌다	신발
끌어안다	끌어	안다
끌어올리기	끌다 > 끌기	올리기 < 올리다
끌쩍거리다	끌쩍	거리다
끌쩍대다	끌쩍	대다
끌차	끌	차
끓이다	끓	이
끔벅거리다	끔벅	거리다
끔벅대다	끔벅	대다
끔뻑거리다	끔뻑	거리다
끔뻑끔뻑	끔뻑	끔뻑
끔뻑대다	끔뻑	대다
끔찍스럽다	끔찍	스럽다
끔찍하다	끔찍	하다
끙끙거리다	끙끙	거리다
끙끙대다	끙끙	대다
끝나다	끝	나다
끝내	끝	내
끝마치다	끝	마치다
끝말잇기	끝말	잇기
끝서리	끝	서리
끝없다	끝	없다
끝없이	끝없	이
끝장	끝	장
끼깅거리다	끼깅	거리다
끼깅대다	끼깅	대다
끼루룩거리다	끼루룩	거리다
끼루룩대다	끼루룩	대다
끼룩거리다	끼룩	거리다
끼룩끼룩	끼룩	끼룩
끼룩끼룩하다	끼룩끼룩	하다
끼룩대다	끼룩	대다
끼야기	끼약	이
끼우뚱거리다	끼우뚱	거리다
끼우뚱대다	끼우뚱	대다
끼우스름하다	끼우스름	하다
끼울어뜨리다	끼울어	뜨리다
끼울어트리다	끼울어	트리다
끼웃거리다	끼웃	거리다
끼웃대다	끼웃	대다
끼워잡기	끼우다 > 끼워	잡기 < 잡다
끼적거리다	끼적	거리다
끼적대다	끼적	대다
끽끽거리다	끽끽	거리다
끽끽대다	끽끽	대다
끽반하다	끽반	하다
끽소리	끽	소리
끽하다	끽	하다
낄끽거리다	낄끽	거리다
낄끽대다	낄끽	대다
낄낄거리다	낄낄	거리다
낄낄대다	낄낄	대다
낑낑거리다	낑낑	거리다
낑낑대다	낑낑	대다
나가는 곳	나가다	곳
나가동그라지다	나가	동그라지다
나가둥그러지다	나가	둥그러지다
나간권총	나간	권총
나근거리다	나근	거리다
나근대다	나근	대다
나날	나	날
나날이	나날	이
나누기	나누다 > 나누	기
나누기하다	나누기	하다
나누어주다	나누어	주다
나눗셈	나누다 > 나누	ㅅ	셈
나눗셈하다	나누다 > 나누	ㅅ	셈	하다
나다분하다	나다분	하다
나단조	나	단조
나달거리다	나달	거리다
나달나달	나달	나달
나달대다	나달	대다
나도사프란	나도	사프란
나돌다	나	돌다
나들이옷	나들이	옷
나라글	나라	글
나라꽃	나라	꽃
나라님	나라	님
나라말	나라	말
나라세움날	나라	세움	날
나라쉼날	나라	쉼날
나라이름	나라	이름
나랏님	나라	ㅅ	님
나랏일	나랗	ㅅ	일)
나래	날다	애
나루터	나루	터
나룻배	나루	ㅅ	배
나리난초	나리	난초
나릿믈	나리	ㅅ	믈
나마리	나말	이
나머지	남	아지
나무가지	나무	가지
나무군	나무	군
나무껍질	나무	껍질
나무꾼	나무	꾼
나무늘보	나무	늘보
나무딸기	나무	딸기
나무배	나무	배
나무뿌리	나무	뿌리
나무새	나무	새
나무숲	나무	숲
나무위키	나무	위키의 합성명사로 이 중 위키는 Hawaiian wiki에서 유래한 영어 wiki.
나무잎	나무	잎
나무저가락	나무	저가락
나무젓가락	나무	젓가락
나무총	나무	총
나무타기사촌	나무	타기	사촌
나무토막	나무	토막
나무통	나무	통
나뭇가지	나무	ㅅ	가지
나뭇단	나무	ㅅ	단
나뭇잎	나무	ㅅ	잎
나미반	나미	반
나미밥	나미	밥
나박하다	나박	하다
나불거리다	나불	거리다
나불대다	나불	대다
나붓거리다	나붓	거리다
나붓대다	나붓	대다
나비	나봇	이
나비 효과	나비	효과
나비헤염	나비	헤염
나빠지다	나빠	지다
나쁜	나쁘다	ㄴ
나쁨	나쁘다	ㅁ
나사돌리개	나사	돌리개
나선 은하	나선	은하
나선구름	나선	구름
나선띠	나선	띠
나아지다	나아	지다
나오다	나	오다
나울거리다	나울	거리다
나울대다	나울	대다
나은	낫다	은
나음	낫다	음
나의	나	의
나이가 들다	나이	들다
나이층	나이	층
나이테	나이	테
나일강	Nile	강
나일악어	나일강	악어
나장조	나	장조
나절	낮	알
나지막하다	나지막	하다
나치 독일	나치	^독일
나치주의자	독일어 Nazi	주의자
나타나다	나타	나다
나타내다	나타	내다
나탈거리다	나탈	거리다
나탈대다	나탈	대다
나팔거리다	나팔	거리다
나팔꽃	나팔	꽃
나팔대다	나팔	대다
나팔바지	나팔	바지
나푼거리다	나푼	거리다
나푼대다	나푼	대다
나풀거리다	나풀	거리다
나풀대다	나풀	대다
낙관적	낙관	적
낙관주의자	낙관주의	자: 한자 樂觀主義者.
낙관하다	낙관	하다
낙락장송	낙락	장송
낙뢰관측시스템	낙뢰	관측	시스템
낙방하다	낙방	하다
낙산사칠층석탑	낙산사	칠층	석탑
낙서하다	낙서	하다
낙선하다	낙선	하다
낙승하다	낙승	하다
낙심하다	낙심	하다
낙엽송	낙엽	송
낙오하다	낙오	하다
낙천적	한자 樂天的. < 낙천	적
낙천주의자	낙천주의	자: 한자 樂天主義者.
낙타고기	낙타	고기
낙태시키다	낙태	시키다
낙태하다	낙태	하다
낚시꾼	낚시	꾼
낚시복	낚시	복
낚시터	낚시	터
낚시회	낚시	회
낚싯대	낚시	ㅅ	대
낚싯바늘	낚시	바늘
낚이다	낚	이	다
난감하다	난감	하다
난데없는	난데없다	는
난롯가	난로	가
난롯불	난로	ㅅ	불
난류경계층	난류	경계	층
난류맴돌이	난류	맴돌이
난류역전	난류	역전
난류운동	난류	운동
난류응결고도	난류	응결	고도
난류혼합	난류	혼합
난류흐름	난류	흐름
난방도일	난방	도일
난봉꾼	난봉	꾼
난생	나다 > 난	생
난생처음	나다 > 난	생	처음
난작거리다	난작	거리다
난작대다	난작	대다
난장판	난장	판
난쟁이	낮	은	쟁이
난중하다	난중	하다
난지락거리다	난지락	거리다
난지락대다	난지락	대다
난처하다	난처	하다
난초꽃	난초	꽃
난층운	난층	운
난티나무	난티	나무
난파시키다	난파	시키다
난편하다	난편	하다
난폭하다	난폭	하다
난후기	난후	기
낟알	낟	알
날개	날	개
날개망둑	날개	망둑
날개옷	날개	옷
날갯죽지	날개	ㅅ	죽지
날건달	날	건달
날것	날	것
날고기	날	고기
날김치	날	김치
날랜	날래다	ㄴ
날램	날래다	ㅁ
날려쌓인 눈	날리다 > 날려	쌓이다 > 쌓인	눈
날렵하다	날렵	하다
날로	날	로
날름거리다	날름	거리다
날름대다	날름	대다
날름쇠	날름	쇠
날리다	날다	리
날린물보라	날리다	ㄴ	물보라
날림눈	날리다	ㅁ	눈
날마다	날	마다
날망둑	날	망둑
날맥주	날	맥주
날벼락	날	벼락
날쌍날쌍히	날쌍날쌍	히
날씨	날	씨
날씨분석	날씨	분석
날아가다	날아	가다
날아오다	날다	오다
날이 들다	날	들다
날짐승	날	짐승
날짱거리다	날짱	거리다
날짱대다	날짱	대다
날짱이다	날짱	이다
날치기사격경기	날치기	사격경기
날카로운	날카롭다	ㄴ
날카로움	날카롭다	ㅁ
날캉거리다	날캉	거리다
날캉대다	날캉	대다
날큰거리다	날큰	거리다
날큰대다	날큰	대다
날틀	날다	틀
날파리	날	파리
남극해	남극	해
남김없이	남김	없이
남날	나무	날
남남	남	남
남녀노소	남녀	노소
남녀로소	한자 男女老少. < 남녀	로소
남녘	남	녘
남녘땅	남	녘	땅
남동계절풍	남동	계절	풍
남동무	남	동무
남동부	남동	부
남동생	남	동생
남반구	남	반구
남방종개	남방	종개
남방진동	남방	진동
남방호랑고양이	남방	호랑고양이
남베트남	남	^베트남
남부오쎄찌야	남부	오쎄찌야
남북류	남북	류
남비탕	남비	탕
남산제비꽃	남산	제비꽃
남상거리다	남상	거리다
남상대다	남상	대다
남서계절풍	남서	계절풍
남서쪽	남서	쪽
남성공포증	남성	공포증
남성적	한자 男性的. < 남성	적
남수단	남	수단
남실거리다	남실	거리다
남실대다	남실	대다
남실바람	남실	바람
남아메리카	남	아메리카
남아시아	남	아시아
남아프리카	남	^아프리카
남아프리카 공화국	남	아프리카	공화국
남아프리카 련방	남	^아프리카	련방
남아프리카 연방	남	^아프리카	연방
남아프리카공화국	남	^아프리카	공화국
남아프리카의 외침	^남아프리카	의	외침
남예멘	남	예멘
남오미자	남	오미자
남우세스럽다	남우세	스럽다
남움직씨	남	움직씨
남유럽	남	유럽
남의자	남	의	자
남자색	남	자색
남자아이	남자	아이
남자친구	남자	친구
남정네	남정	네
남조류	남조	류
남조선 바람	^남조선	바람
남중국해	남	중국	해
남쪽	남	쪽
남탕	남	탕
남편감	남편	감
남포등	남포	등
남학생	남	학생
남한	남	한
남향집	남향	집
납대대하다	납대대	하다
납도리	납	도리
납득하다	납득	하다
납땜인두	납땜	인두
납신거리다	납신	거리다
납신대다	납신	대다
납작거리다	납작	거리다
납작납작	납작	납작
납작대다	납작	대다
납작하다	납작	하다
납죽거리다	납죽	거리다
납죽대다	납죽	대다
납죽하다	납죽	하다
낫낫하다	낫낫	하다
낫돌고래	낫	돌고래
낫질	낫	질
낭랑하다	낭랑	하다
낭만주의	낭만	주의
낭비하다	낭비	하다
낭송시	한자 朗誦詩. < 낭송	시
낭송하다	낭송	하다
낭자하다	낭자	하다
낭창거리다	낭창	거리다
낭창대다	낭창	대다
낭창하다	낭창	하다
낮거리	낮	거리
낮은	낮다	은
낮음	낮다	음
낮일	낮	일
낮잠	낮	잠
낮잡다	낮	잡다
낮전	낮	전
낮추다	낮다	추
낮춤	낮추다 > 낮추	ㅁ
낮춤말	낮춤	말
낯가죽	낯	가죽
낯설다	낮	설다
낯익다	낯	익다
낯짝	낯	짝
낱낱	낱	낱
낱낱이	낱	낱	이
낱말	낱	말
낱소리	낱	소리
낱자	낱	자
내	나	의
내가	내	가
내국인	한자 內國人. < 내국	인
내기	내	기
내달	내	달
내려가다	내려	가다
내려디디기	내리다 > 내려	디디기 < 디디다
내려받기	내리다 > 내려	받기
내려앉다	내리다	앉다
내로라하다	내로라	하다
내륙기후	내륙	기후
내륙안개	내륙	안개
내리바람	내리다 > 내리	바람
내리받이	내리받	이
내림가단조	내림	가단조
내림가장조	내림	가장조
내림나단조	내림	나단조
내림나장조	내림	나장조
내림다장조	내림	다장조
내림라장조	내림	라장조
내림마단조	내림	마단조
내림마장조	내림	마장조
내림바장조	내림	바장조
내림사장조	내림	사장조
내림차순	내림 < 내리다	차	순
내명하다	내명	하다
내밀다	내	밀다
내뱉다	내	뱉다
내부기생	내부	기생
내부에너지	내부	에너지 < 영어 energy
내빙하다	내빙	하다.
내일모레	내일	모레
내재적	한자 內在的. < 내재	적
내적	한자 內的. < 내	적
내절로	내	절로.
내접원	내접	원
내주다	내	주다
내쫓다	내	쫓다
내출혈	한자 內出血. < 내	출혈
내파음	내파	음
내팽개치다	내	팽개치다: «팽개치다»의 강조.
내폭음	내폭	음
냄새빼기감	냄새	빼다	감
냇가	내	ㅅ	가
냉각탑	냉각	탑
냉각하다	냉각	하다
냉국	냉	국
냉담하다	냉담	하다
냉동고	냉동	고
냉동하다	냉동	하다.
냉랭하다	냉랭	하다
냉무	냉	무
냉방도일	냉방	도일
냉장고	냉장	고
냉해	냉	해
냐옹이	냐옹	이
냠냠거리다	냠냠	거리다
냠냠대다	냠냠	대다
냠냠하다	냠냠	하다
냥아치	냥	양아치
너그러운	너그럽다	ㄴ
너그러움	너그럽다	ㅁ
너끈하다	너끈	하다
너나들이	너	나	들이
너덜거리다	너덜	거리다
너덜대다	너덜	대다
너도밤	너도	밤
너도밤나무	너도밤	나무
너렁청하다	너렁청	하다
너른	너르다	ㄴ
너름	너르다	ㅁ
너무나	너무	나
너무너무	너무	너무
너불거리다	너불	거리다
너불대다	너불	대다
너붓거리다	너붓	거리다
너붓대다	너붓	대다
너비	넙	의
너비뛰기	너비	뛰기
너울거리다	너울	거리다
너울대다	너울	대다
너절너절	너절	너절
너주레하다	너주레	하다
너털거리다	너털	거리다
너털대다	너털	대다
너펄거리다	너펄	거리다
너펄너펄	너펄	너펄
너펄대다	너펄	대다
너푼거리다	너푼	거리다
너푼대다	너푼	대다
너풀거리다	너풀	거리다
너풀대다	너풀	대다
너희들	너희	들
넉넉하다	넉넉	하다
넋두리	넋	두리
넋두리하다	넋두리	하다
넌출월귤	넌	출	월귤
널따란	널따랗다	ㄴ
널따람	널따랗다	ㅁ
널뛰기	널	뛰	기
널름거리다	널름	거리다
널름대다	널름	대다
널리	너르—	이
널무덤	널	무덤
널문	널빤지 > 널	문
널벽	널빤지 > 널	벽
넓은	넓다	은
넓은잎나무	넓은	잎	나무
넓은잎삼나무	넓다	잎	삼나무
넓은주둥이상어	넓은	주둥이	상어
넓음	넓다	음
넓이	넓	이
넓적다리	넓적	다리
넓적다리뼈	넓적다리	뼈
넓적부리	넓적	부리
넓적스레하다	넓적스레	하다
넓적하다	넓적	하다
넓죽하다	넓죽	하다
넓히다	넓다	히
넘겨받다	넘기다	받다
넘겨주다	넘겨	주다
넘너른하다	넘너른	하다
넘늘거리다	넘늘	거리다
넘늘대다	넘늘	대다
넘보다	넘기다 > 넘	보다
넘성거리다	넘성	거리다
넘성대다	넘성	대다
넘실거리다	넘실	거리다
넘실대다	넘실	대다
넘어뜨리다	넘어	뜨리다
넘어지다	넘어	지다
넘어트리다	넘어	트리다
넘치다	넘다	치
넙데데하다	넙데데	하다
넙신거리다	넙신	거리다
넙신대다	넙신	대다
넙적거리다	넙적	거리다
넙적고무신	넙적	고무신
넙적대다	넙적	대다
넙죽거리다	넙죽	거리다
넙죽대다	넙죽	대다
넙치농어	넙치	농어
네	너	이
네네츠어	러시아어 Ненец	어
네덜란드어	^네덜란드	어
네덜란드인	네덜란드	인
네모	네	모
네모꼴	네모	꼴
네모난	네모나다	ㄴ
네모남	네모나다	ㅁ
네바 강	네바	강
네발가락도롱뇽	네	발가락	도롱뇽
네발나비	네	발	나비
네발동물	네	발	동물
네번치기	네	번
네시	네	시
네와르어	네와르	어
네잎 클로버	네	잎	클로버
네제곱	네	제곱
네팔인	네팔	인
넷째	넷	째
녀동무	녀	동무
녀동생	녀	동생
녀탕	한자 女湯. < 녀	탕
노끈	노	끈
노나라	^노	나라
노는계집	노는	계집
노닥거리다	노닥	거리다
노닥대다	노닥	대다
노닥이다	노닥	이다
노대바람	노대	바람
노던줄	노던	줄
노동력	노동	력
노동조합	노동	조합
노란	노랗다	ㄴ
노란개암버섯	노란	개암버섯
노란불	노란	불
노란색	노란	색
노란젖버섯	노란	젖	버섯
노람	노랗다	ㅁ
노랑늪거북	노랑	늪	거북
노랑머리할미새	노랑	머리	할미새
노랑멧새	노랑	멧새
노랑부리까마귀	노랑	부리	까마귀
노랑부리백로	노랑	부리	백로
노랑부리저어새	노랑	부리	저어새
노래방	노래	방
노래방 부스	노래방	booth
노래춤묶음	노래	춤	묶음
노래하다	노래	하다
노랫말	노래	ㅅ	말
노랫소리	노래	ㅅ	소리
노력하다	노력	하다
노루글	노루	글
노르께하다	노르께	하다
노르끄레하다	노르끄레	하다
노르끄름하다	노르끄름	하다
노르대대하다	노르대대	하다
노르댕댕하다	노르댕댕	하다
노르스름하다	노르스름	하다
노르웨이어	^노르웨이	어
노르웨이인	노르웨이	인
노르족족하다	노르족족	하다
노르칙칙하다	노르칙칙	하다
노르퇴퇴하다	노르퇴퇴	하다
노른어	노른	어
노른자	노른	자
노른자색	노른자	색
노른자위	노른	자위
노름꾼	노름	꾼
노름노름	노름	노름
노름하다	노름	하다
노릇	놀다	ㅅ
노리착지근하다	노리착지근	하다
노리치근하다	노리치근	하다
노릿하다	노릿	하다
노박덩굴	노박	덩굴
노벨상	노벨	상
노뼈	노	뼈
노사미	노	사미
노상강도	노상	강도
노새사슴	노새	사슴
노쇼족	노쇼	족
노쇼하다	노쇼	하다
노스웨스트 준주	northwest	준주
노여움	노엽	음
노이해	no	이해
노인정	노인	정
노인학대	노인	학대
노적가리	노적	가리
노점온도	노점	온도
노점차	노점	차
노점편차	한자 露点偏差. < 노점	편차
노착지근하다	노착지근	하다
노천광	노천	광
녹갈색	녹	갈색
녹나다	녹	나다
녹는고도	녹다 > 녹	는	고도
녹는띠	녹다 > 녹	는	띠
녹는온도	녹다 > 녹	는	온도
녹두나물	녹두	나물
녹록하다	녹록	하다
녹물	녹	물
녹색식물	녹색	식물
녹슬다	녹	슬다
녹신거리다	녹신	거리다
녹신대다	녹신	대다
녹이다	녹다	이
녹조류	녹조	류
녹조식물	녹조	식물
녹진거리다	녹진	거리다
녹진대다	녹진	대다
녹청색	녹	청색
녹황색	녹	황색
논리학	논리	학
논물	논	물
논병아리	논	병아리
논쟁되다	논쟁	되다
논쟁하다	논쟁	하다
논하다	논	하다
놀라움	놀라다 > 놀라우	ㅁ
놀란흙	놀라다 > 놀란	흙
놀러오다	놀	러	오다
놀면하다	놀면	하다
놀소리	놀	소리
놀이	놀	이
놀이감	놀이	ㅅ	감
놀이공원	놀이	공원
놀이기구	놀이	기구
놀이꾼	놀이	꾼
놀이동산	놀이	동산
놀이터	놀이	터
놀이틀	놀이	틀
놋쇠	놋	쇠
농구공	농구	공.
농담하다	농담	하다
농땡이꾼	농땡이	꾼
농사계절	농사	계절
농사꾼	농사	꾼
농업기상예보	농업	기상	예보
농업기상학	농업	기상	학
농업기술	농업	기술
농업기후구분	농업	기후	구분
농후하다	농후	하다
높날림눈	높	날림	눈
높날림먼지	높다 > 높	날리다 > 날리	ㅁ	먼지
높은	높다	은
높은 곳 공포증	높은	곳	공포증
높음	높다	음
높이	높	이
높이다	높다	이
높이뛰기	높이	뛰다
높이뛰기 선수	높이뛰기	선수
높임	높이다 > 높이	ㅁ
높임말	높임	말
높임법	높임	법
높쪽	높	쪽
놓아주다	놓다	주다
놓이다	놓다	이
놓치다	놓	치	다
뇌르끄레하다	뇌르끄레	하다
뇌설	뇌	설
뇌성	뇌	성
뇌염모기	뇌염	모기
뇌우고기압	뇌우	고기압
뇌우권운	뇌우	권운
뇌우난류	뇌우	난류
뇌우무리	뇌우	무리
뇌우세포	뇌우	세포
뇌우스콜	뇌우	스콜
뇌우일	뇌우	일
뇌우저기압	뇌우	저기압
뇌우전하분리	뇌우	전하	분리
뇌우코	뇌우	코
뇌운강수	뇌운	강수
뇌종양	뇌	종양
뇌중풍	뇌	중풍
누구누구	누구	누구
누그러뜨리다	누그러	뜨리다
누그러지다	누그러	지다
누그러트리다	누그러	트리다
누난	누나	ㄴ
누년통계	누년	통계
누님	누이	님
누덕누덕	누덕	누덕
누런	누렇다	ㄴ
누럼	누렇다	ㅁ
누르개악기	누르개	악기
누르께하다	누르께	하다
누르끄레하다	누르끄레	하다
누르데데하다	누르데데	하다
누르뎅뎅하다	누르뎅뎅	하다
누르무레하다	누르무레	하다
누르스레하다	누르스레	하다
누르죽죽하다	누르죽죽	하다
누르칙칙하다	누르칙칙	하다
누르퉁퉁하다	누르퉁퉁	하다
누르튀튀하다	누르튀튀	하다
누른쇠	누르다	쇠
누름적	누르다	적
누름힘	누름	힘.
누릇하다	누릇	하다
누리개	누리	개
누리그물	누리	그물
누리꾼	누리	꾼
누리달	누리	달
누리집	누리	집
누리치근하다	누리치근	하다
누린내	누리다	내
누린내풀	누린내	풀
누릿하다	누릿	하다
누운헤염	눕다 > 누운	헤염
누적강수량	누적	강수량
누적온도	누적	온도
누척지근하다	누척지근	하다
눅은	눅다	은
눅음	눅다	음
눅진거리다	눅진	거리다
눅진대다	눅진	대다
눈갱	눈	gang
눈곱	눈	곱
눈구멍	눈	구멍
눈길	눈	길
눈깔	눈	ㄲ	알
눈꺼풀	눈	꺼풀
눈꼬리	눈	꼬리
눈꽃	눈	꽃
눈꿩	눈	꿩
눈다랑어	눈	다랑어
눈동자	눈	동자
눈동자개	눈	동자개
눈뜨다	눈	뜨다
눈망울	눈	망울
눈물	눈	ㅅ	물 < 중세 한국어 누ᇈ믈 / 누ᇇ믈
눈물뼈	눈물	뼈
눈물짓다	눈물	짓다
눈밀도	눈	밀도
눈보라	눈	*보라
눈부시다	눈	부시다
눈불개	눈	불
눈빛	눈	빛
눈사람	눈	사람
눈사태	눈	사태
눈사태바람	눈	사태	바람
눈살	눈	ㅅ	살
눈섭	눈	섭.
눈소나기	눈	소나기
눈송이	눈	송이
눈싸라기	눈	싸라기
눈싸움	눈	싸움
눈썹	눈	ㅅ	섭
눈썹먹	눈썹	먹
눈안개	눈	안개
눈알	눈	알
눈앞	눈	앞
눈얼음	눈	얼음
눈엣가시	눈	에	ㅅ	가시
눈웃음	눈	웃음
눈의 착각	눈	의	착각
눈점	눈	점
눈치	눈	치
눈치보다	눈치	보다
눈치채다	눈치	채다
뉘	누	이
뉘르끄레하다	뉘르끄레	하다
뉘엿거리다	뉘엿	거리다
뉘엿대다	뉘엿	대다
뉘우침	뉘우치다 > 뉘우치	ㅁ
뉘척지근하다	뉘척지근	하다
뉴브런즈윅 주	뉴브런즈윅	주
뉴웁말	뉴웁	말
뉴펀들랜드 래브라도	^뉴펀들랜드	^래브라도
뉴펀들랜드섬	^뉴펀들랜드	섬
느근거리다	느근	거리다
느근대다	느근	대다
느글거리다	느글	거리다
느글대다	느글	대다
느긋거리다	느긋	거리다
느긋대다	느긋	대다
느긋하다	느긋	하다
느끼하다	느끼	하다
느낌씨	느낌	씨
느낌표	느낌	표
느닷없는	느닷없다	는
느닷없다	느닷	없다
느릅나무	느릅	나무
느린	느리다	ㄴ
느림	느리다	ㅁ
느릿느릿	느릿	느릿
느릿느릿하다	느릿느릿	하다
느릿하다	느릿	하다
느물거리다	느물	거리다
느물대다	느물	대다
느슨하다	느슨	하다
느실거리다	느실	거리다
느실대다	느실	대다
느티나무	느티	나무
늑대거북	늑대	거북
늑대별	늑대	별
늑대인간	늑대	인간
는적거리다	는적	거리다
는적대다	는적	대다
는질거리다	는질	거리다
는질대다	는질	대다
늘같기식	늘	같기	식
늘름거리다	늘름	거리다
늘름대다	늘름	대다
늘리다	늘다의 어간 '늘-'	접사 '-리-'	'-다'
늘비하다	늘비	하다
늘상	늘	상
늘썽늘썽	늘썽	늘썽
늘씬하다	늘씬	하다
늘어나다	늘어	나다
늘어놓다	늘다	어	놓다
늘어지다	늘어	지다
늘쩡거리다	늘쩡	거리다
늘쩡대다	늘쩡	대다
늘쩡이다	늘쩡	이다
늘컹거리다	늘컹	거리다
늘컹대다	늘컹	대다
늘컹하다	늘컹	하다
늘큰거리다	늘큰	거리다
늘큰늘큰하다	늘큰늘큰	하다
늘큰대다	늘큰	대다
늘푸르다	늘	푸르다
늙다리	늙	다리
늠실거리다	늠실	거리다
늠실대다	늠실	대다
능구렁이	능	구렁이
능글거리다	능글	거리다
능글대다	능글	대다
능글차다	능글	차다
능금나무	능금	나무
능준하다	능준	하다
능지처참	능지	처참
능청거리다	능청	거리다
능청대다	능청	대다
능히	능	히
늦가을	늦	가을
늦겨울	늦	겨울
늦더위	늦	더위
늦봄	늦	봄
늦서리	늦	서리
늦여름	늦	여름
늦은	늦다	은
늦음	늦다	음
늪살무사	늪	살무사
니글거리다	니글	거리다
니글대다	니글	대다
니은지읒	니은	지읒
니은히읗	니은	히읗
님나무	नीम	나무
다각적	다각	적
다각형	다각	형
다감하다	다감	하다.
다급하다	다급	하다
다난하다	다난	하다
다날	달	날
다님표	다님	표
다다귀다다귀하다	다다귀다다귀	하다
다다닥거리다	다다닥	거리다
다다닥대다	다다닥	대다
다단조	다	단조
다달	다	달
다달거리다	다달	거리다
다달대다	다달	대다
다도해	다도	해
다독거리다	다독	거리다
다독대다	다독	대다
다독이다	다독	이다
다둥이	다	둥이
다듬거리다	다듬	거리다
다듬대다	다듬	대다
다듬작거리다	다듬작	거리다
다듬작다듬작하다	다듬작다듬작	하다
다듬작대다	다듬작	대다
다락같다	다락	같다
다락방	다락	방
다람쥐	근대 한국어 다람	쥐
다랑어	다랑	어
다래나무	다래	나무
다래다래	다래	다래
다르랑거리다	다르랑	거리다
다르랑대다	다르랑	대다
다르륵거리다	다르륵	거리다
다르륵대다	다르륵	대다
다른 그림 찾기	다른	그림	찾기
다름	다르다	ㅁ
다름이 아니라	다름	이	아니	라
다름이름	다르다	이름
다리넘겨뛰기	다리	넘겨 < 넘기다	뛰기
다리넘겨짚기속임	다리	넘겨	짚기	속임
다리놓기	다리	놓	기
다리미	다림	이
다리뼈	다리	뼈
다리어	Dari	어
다리헤기	다리	헤기
다리헤염	다리	헤염
다리흔들기속임	다리	흔들기	속임
다목적	다	목적
다문다문하다	다문다문	하다
다민족국가	다민족	국가
다박거리다	다박	거리다
다박대다	다박	대다
다방면	다	방면
다복솔	다복	솔
다분하다	다분	하다
다빡거리다	다빡	거리다
다빡대다	다빡	대다
다사하다	다사	하다
다섯시	다섯	시
다섯째	다섯	째
다소니	다솜	이
다신론	다신	론
다양하다	다양	하다
다우기	다	우기
다우기후	다우	기후
다움실하다	다움실	하다
다원론	다원	론
다원론적	다원론	적
다원적	다원	적
다윈주의	다윈	주의
다음날	다음	날
다음번	다음	한자 番.
다의어	다의	어
다장조	다	장조
다정스럽다	다정	스럽다
다정스레	한자 多情.	스레
다정하다	다정	하다
다정히	다정	히
다중뇌격	다중	뇌	격
다짐하다	다짐	하다
다짜고짜로	다짜고짜	로
다채로워지다	한자 多彩.	로워지다
다채롭다	다채	롭다
다층모델	다층	모델
다치다	닿다	티
다툼	다투	ㅁ
다팔거리다	다팔	거리다
다팔다팔	다팔	다팔
다팔대다	다팔	대다
다항식	다항	식
다행스럽다	다행	스럽다
다행히	다행	히
다홍치마	다	홍	치마
닥다글거리다	닥다글	거리다
닥다글대다	닥다글	대다
단결하다	단결	하다
단계적	단계	적
단고기장	단고기	장
단고기탕	단고기	탕
단골손님	단골	손님
단골집	단골	집
단군기원	단군	기원
단군조선	단군	조선
단기예보	단기	예보
단기적	단기	적
단념하다	단념	하다
단독범	단독	범
단말마	한자 斷末魔. < 斷	산스크리트어 मर्मन् 치명적인 급소
단맛	단	맛
단면도	단면	도
단명하다	단명	하다
단모음	단	모음
단물	달다 > 단	물
단물얼음	단물	얼음
단미	달다	이
단번에	단번	에
단봉낙타	단봉	낙타
단서철권	단서	철권
단성결실	단성	결실
단순청상아리	단순	청상아리
단순히	단순	히
단숨에	단	숨	에
단식하다	단식	하다
단아하다	단아	하다
단언적	단언	적
단언하다	단언	하다
단얼음	달다 > 단	얼음
단열가열	단열	가열
단열감률	단열	감률
단열곡선	단열	곡선
단열과정	단열	과정
단열변화	단열	변화
단열선	단열	선
단열선도	단열	)	도
단열압축	단열	압축
단열응결	단열	응결
단열적	단열	적 한자 的.
단열조건	단열	조건
단열팽창	단열	팽창
단열평형	단열	평형
단위원	단위	원
단음계	한자 短音階. < 단	음계
단일어	단일	어
단절하다	단절	하다
단정하다	단정	하다
단종수술	단종	수술
단추구멍	단추	구멍
단축키	단축	키
단파골	단파	골
단파복사	단파	복사
단편 소설	단편	소설
단풍나무	단풍	나무
단풍잎돼지풀	단풍잎	돼지풀
단풍전선	단풍	전선
닫힌순환	닫히다 > 닫히	ㄴ	순환
달가닥거리다	달가닥	거리다
달가닥대다	달가닥	대다
달가당거리다	달가당	거리다
달가당대다	달가당	대다
달가림	달	가림
달각거리다	달각	거리다
달각대다	달각	대다
달강거리다	달강	거리다
달강달강	달강	달강
달강대다	달강	대다
달강이다	달강	이다
달강하다	달강	하다
달걀	닭	의	알
달걀 껍질	달걀	껍질
달걀말이	달걀	말다 > 말이
달걀물	달걀	물
달걀찜	달걀	찜
달곰하다	달곰	하다
달구지풀	달구지	풀
달그락거리다	달그락	거리다
달그락대다	달그락	대다
달그랑거리다	달그랑	거리다
달그랑대다	달그랑	대다
달금하다	달금	하다
달까닥거리다	달까닥	거리다
달까닥달까닥	달까닥	달까닥
달까닥대다	달까닥	대다
달까당거리다	달까당	거리다
달까당대다	달까당	대다
달깍거리다	달깍	거리다
달깍달깍	달깍	달깍
달깍달깍하다	달깍달깍	하다
달깍대다	달깍	대다
달깍이다	달깍	이다
달깡거리다	달깡	거리다
달깡달깡	달깡	달깡
달깡달깡하다	달깡달깡	하다
달깡대다	달깡	대다
달깡이다	달깡	이다
달님	달	님
달달거리다	달달	거리다
달달대다	달달	대다
달달하다	달달	하다
달돋이	달	돋	이
달라당거리다	달라당	거리다
달라당대다	달라당	대다
달라지다	달라	지
달랑거리다	달랑	거리다
달랑달랑	달랑	달랑
달랑대다	달랑	대다
달력	달	력
달리	다르—	이
달리기	달리	기
달린옷	달리다	옷
달마수리	달마	수리
달막거리다	달막	거리다
달막대다	달막	대다
달막이다	달막	이다
달망거리다	달망	거리다
달망대다	달망	대다
달망이다	달망	이다
달무리	달	무리
달밤	달	ㅅ	밤
달별	달	별
달빛	달	빛
달뿌리풀	달	뿌리	풀
달싹거리다	달싹	거리다
달싹대다	달싹	대다
달싹이다	달싹	이다
달아나다	달아	나가다
달아오르다	달아	오르다)
달음	달	음
달차근하다	달차근	하다
달카닥거리다	달카닥	거리다
달카닥대다	달카닥	대다
달카당거리다	달카당	거리다
달카당대다	달카당	대다
달칵거리다	달칵	거리다
달칵달칵하다	달칵달칵	하다
달칵대다	달칵	대다
달칵이다	달칵	이다
달칵하다	달칵	하다
달캉거리다	달캉	거리다
달캉달캉	달캉	달캉
달캉대다	달캉	대다
달캉이다	달캉	이다
달콤새큼	달콤	새큼
달콤하다	달콤	하다
달콤히	달콤	히
달크무레하다	달크무레	하다
달큼하다	달큼	하다
닭갈비	닭	갈비
닭강정	닭	강정
닭개장	닭	개장
닭고기	닭	고기
닭구이	닭	구이
닭꼬치	닭	꼬치
닭다리	닭	다리
닭도리탕	닭	도리	탕
닭똥	닭	똥
닭발	닭	발
닭볶음탕	닭	볶음	탕
닭살	닭	살
닭새우	닭	새우
닭싸움	닭	싸움
닭쌈	닭	쌈
닭알	닭	알
닭알두부	닭알	두부
닭장	닭	장
닭잦추다	닭	잦추다
닮	달다	ㅁ
닮은꼴	닮은	꼴
닮은비	닮다 > 닮은	비
닮음	닮	음
닮음도형	닮음	도형
닮음비	닮음	비
담날	담	날
담녹색	담	녹색
담방거리다	담방	거리다
담방대다	담방	대다
담배갑	담배	갑
담배풀	담배	풀
담뱃갑	담배	ㅅ	갑
담뱃대	담배	ㅅ	대
담뱃재떨이	담배	ㅅ	재떨이
담보하다	담보	하다
담소하다	담소	하다
담수어	담수	어
담쌓다	담	쌓다
담요	담	요
담자색	담	자색
담장	담	장
담쟁이덩굴	담쟁이	덩굴
담청색	담	청색
담홍색	담	홍색
담황색	담	황색
답글	답	글
답사하다	답사	하다
답삭거리다	답삭	거리다
답삭대다	답삭	대다
답하다	답	하다
당고모	당	고모
당구공	당구	공.
당구채	당구	채
당근케이크	당근	케이크
당김줄	당김	줄
당나귀	^당	나귀
당나라	^당	나라
당느릅나무	당	느릅나무
당대표	당	대표
당래하다	당래	하다
당멸치	당	멸치
당선권	당선	권
당선작	당선	작
당신들	당신	들
당실거리다	당실	거리다
당실대다	당실	대다
당싯거리다	당싯	거리다
당싯당싯	당싯	당싯
당싯대다	당싯	대다
당연하다	당연	하다
당연히	당연	히
당옴	당	옴
당좌계정	한자 當座計定. 당좌	계정
당좌대부	한자 當座貸付. 당좌	대부
당좌대월	한자 當座貸越. 당좌	대월
당좌수표	당좌	수표
당좌예금	당좌	예금
당좌차월	한자 當座借越. 당좌	차월
당춧가루	당추	ㅅ	가루
당하다	당	하다
닿소리	닿	소리
대가족	대	가족
대각거리다	대각	거리다
대각대다	대각	대다
대갈통	대가리	통
대감마님	대감	마님
대거리	한자 對.	거리
대걸레	대	걸레
대게	대	게
대견스럽다	대견	스럽다
대견하다	대견	하다 < 근대 한국어 대견ᄒᆞ다
대결장	대결	장
대공포	대공	포
대괄호	대	괄호
대구광역시	대구	광역시
대구법	대구	법
대구치	대	구치
대굴거리다	대굴	거리다
대굴대다	대굴	대다
대규모	대	규모
대규모요란	대	규모	요란
대규모운동	대	규모	운동
대그락거리다	대그락	거리다
대그락대다	대그락	대다
대근하다	大	勤	하다
대기 현상	대기	현상
대기-해양 상호작용	대기	해양	상호작용
대기경계층	대기	경계	층
대기광현상	대기	광	현상
대기굴절	대기	굴절
대기권	대기	권
대기난류	대기	난류
대기대순환	대기	대	순환
대기먼지현상	대기	먼지	현상
대기물현상	대기	물	현상
대기복사	대기	복사
대기불안정	대기	불	안정
대기빛현상	대기	빛	현상
대기선도	대기	선	도
대기소용돌이	대기	소용돌이
대기습도	대기	습도
대기실	대기	실
대기안정도	대기	안정도
대기안정지수	한자 大氣.	한자 安定.	한자 指數.
대기열수지	대기	열	수지
대기오염	대기	오염
대기요란	대기	요란
대기자	대	기자
대기전기	대기	전기
대기전기현상	대기	전기	현상
대기조석	대기	조석
대기조성	대기	조성
대기줄	대기	줄
대기층	대기	층
대기투과	대기	투과
대기혼탁도	대기	혼탁	도
대기확산	대기	확산
대기후	대	기후
대기후학	대	기후	학
대기흡수	대기	흡수
대깍거리다	대깍	거리다
대깍대다	대깍	대다
대꾸하다	대꾸	하다
대꾼하다	대꾼	하다
대나무	대	나무
대나무색	대나무	색
대나무숲	대나무	숲
대내외적	대내외	적
대농갱이	대농	갱이
대단하다	대단	하다
대단히	대단	히
대답하다	대답	하다
대도시	대	도시
대동하다	대동	하다
대두어	대두	어
대들다	대	들다
대략적	대략	적
대량생산	대량	생산
대롱거리다	대롱	거리다
대롱대다	대롱	대다
대류고도	대류	고도
대류구름	대류	구름
대류구역	대류	구역
대류권	대류	권
대류권계면	대류권	계면
대류권제트기류	대류권	제트	기류
대류뇌우	대류	뇌우
대류성 비	대류	성	비
대류성 소나기	대류	성	소나기
대류성강수	대류	성	강수
대류순환	대류	순환
대류역전	대류	역전
대류온도	대류	온도
대류운	대류	운
대류응결고도	대류	응결	고도
대류현상	대류	현상
대륙검은지빠귀	대륙	검은	지빠귀
대륙고기압	대륙	고기압
대륙기단	대륙	기단
대륙기후	대륙	기후
대륙사슴	대륙	사슴
대륙송사리	대륙	송사리
대륙열대기단	대륙	열대	기단
대륙저기압	대륙	저기압
대륙종개	대륙	종개
대륙한대기단	대륙	한대	기단
대립적	대립	적
대립하다	대립	하다
대만 사람	^대만	사람
대만 원주민	대만	원주민
대만고무나무	^대만	고무나무
대만어	대만	어
대만인	대만	인
대면하다	대면	하다
대명사	대	명사
대못	대	못
대문자	한자 大文字. < 대	문자
대반야경회	대	반야경	회
대벌레	대	벌레
대변보다	대변	보다
대보름	대	보름
대보름날	대보름	날
대부분	대	부분
대분수	대	분수
대브리텐	대#大	^브리텐
대브리텐 및 북아일랜드 련합 왕국	^대브리텐	^북아일랜드	^련합 ^왕국
대브리튼	대#大	^브리튼
대비	대	비
대사관	대사	관
대상고기압	대	상	고기압
대상류	대상	류
대상분포	대상	분포
대상지수	대상	지수
대상풍	대상	풍
대서양	대	서양 < 大	西洋. 마테오 리치가 곤여만국전도에서 중국을 기준으로 해서 대양을 대서양, 소서양, 소동양, 대동양으로 나눴다.
대서양연어	대서양	연어
대서양청어	대서양	청어
대설경보	대설	경보
대설주의보	대설	주의보
대수롭다	대수	롭다
대수학	대수	학
대숲	대	숲
대신하다	대신	하다
대오리	대	오리
대왕고래	대왕	고래
대우주	대	우주
대우하다	대우	하다
대유행	대	유행
대응하다	대응	하다
대이름씨	대	이름	씨
대장간	대장	간
대장경	대장	경
대장암	대장	암
대장장이	대장	장이
대전광역시	대전	광역시
대전구름	대전	구름
대접전	대	접전
대조적	대조	적
대중가요	대중	가요
대중식당	대중	식당
대중음식점	대중	음식점
대중적	대중	적
대중화	대중	화
대지진	대	지진
대쪼각	대	쪼각
대쪽	대	쪽
대쪽칼	대쪽	칼
대청	대	청
대체로	대체	로
대추나무	대추	나무
대추색	대추	색
대추야자	대추	야자
대칭성	한자 對稱性. < 대칭	성
대칼	대	칼
대통령	영어 president > 근대 일본어에서 번역. 대	통령
대통령제	대통령	제
대포밥	대포	밥
대포알	대포	알
대표작	대표	작
대표하다	대표	하다
대피하다	대피	하다
대하다	대	하다
대학교	대	학교
대학생	대학	생
대학원	대학	원
대학원생	한자 大學院生. < 대학원	생
대합실	대합	실
대항적	대항	적
대항하다	대항	하다
대향범	대향	범
대호지	대호	지
대화방	대화	방
대화하다	대화	하다
댓글	대	ㅅ	글
댕그랑거리다	댕그랑	거리다
댕그랑대다	댕그랑	대다
댕기물떼새	댕기	물떼새
댕기운동	댕기	운동
댕기흰죽지	댕기	흰죽지
더끔더끔	더끔	더끔
더덜거리다	더덜	거리다
더덜기법	더	덜다 > 덜기	법
더덜대다	더덜	대다
더덜뭇하다	더덜뭇	하다
더덜이	더하다	덜다	이
더덩실거리다	더덩실	거리다
더덩실대다	더덩실	대다
더듬거리다	더듬	거리다
더듬대다	더듬	대다
더듬이	더듬	이
더듬이다리	더듬이	다리
더듬적거리다	더듬적	거리다
더듬적대다	더듬적	대다
더러운	더럽다	ㄴ
더러움	더럽다 > 더러우	ㅁ
더러워지다	더러워	지다
더벅거리다	더벅	거리다
더벅대다	더벅	대다
더부룩하다	더부룩	하다
더부살이	더불다	살다	이
더북하다	더북	하다
더빙하다	더빙	하다.
더뻑거리다	더뻑	거리다
더뻑대다	더뻑	대다
더없이	더	없이
더욱더	더욱	더
더욱더욱	더욱	더욱
더욱이	더욱	이
더운	덥다	ㄴ
더운물	더운	물
더운흐름	덥다	흐름
더움	덥다	ㅁ
더워지다	더워	지다
더위	덥	이
더위잡다	더위	잡다
더위팔기	더위	팔기
더펄거리다	더펄	거리다
더펄대다	더펄	대다
더펄더펄	더펄	더펄
더하기	더하	기
더하기하다	더하기	하다
더하다	더	하다
덕담하다	덕담	하다
덕더글거리다	덕더글	거리다
덕더글대다	덕더글	대다
덕후하다	덕후	하다.
던적스럽다	던적	스럽다
던져넣기	던지다 > 던져	넣기
덜거덕거리다	덜거덕	거리다
덜거덕대다	덜거덕	대다
덜거덩거리다	덜거덩	거리다
덜거덩대다	덜거덩	대다
덜걱거리다	덜걱	거리다
덜걱대다	덜걱	대다
덜걱덜걱하다	덜걱덜걱	하다
덜걱이다	덜걱	이다
덜겅거리다	덜겅	거리다
덜겅대다	덜겅	대다
덜겅이다	덜겅	이다
덜그럭거리다	덜그럭	거리다
덜그럭대다	덜그럭	대다
덜그렁거리다	덜그렁	거리다
덜그렁대다	덜그렁	대다
덜기	덜다 > 덜	기
덜꺼덕거리다	덜꺼덕	거리다
덜꺼덕대다	덜꺼덕	대다
덜꺼덩거리다	덜꺼덩	거리다
덜꺽거리다	덜꺽	거리다
덜꺽대다	덜꺽	대다
덜꺽이다	덜꺽	이다
덜껑거리다	덜껑	거리다
덜껑대다	덜껑	대다
덜껑덜껑	덜껑	덜껑
덜껑덜껑하다	덜껑덜껑	하다
덜껑이다	덜껑	이다
덜꿩나무	덜꿩	나무
덜덜거리다	덜덜	거리다
덜덜대다	덜덜	대다
덜된	덜되다	ㄴ
덜됨	덜되다	ㅁ
덜러덩거리다	덜러덩	거리다
덜러덩대다	덜러덩	대다
덜렁거리다	덜렁	거리다
덜렁대다	덜렁	대다
덜름하다	덜름	하다
덜커덕거리다	덜커덕	거리다
덜커덕대다	덜커덕	대다
덜커덩거리다	덜커덩	거리다
덜커덩대다	덜커덩	대다
덜컥거리다	덜컥	거리다
덜컥대다	덜컥	대다
덜컥덜컥하다	덜컥덜컥	하다
덜컥이다	덜컥	이다
덜컹거리다	덜컹	거리다
덜컹대다	덜컹	대다
덜컹덜컹	덜컹	덜컹
덜컹덜컹하다	덜컹덜컹	하다
덜컹이다	덜컹	이다
덜하다	덜	하다
덤불해오라기	덤불	해오라기
덥석거리다	덥석	거리다
덥석대다	덥석	대다
덥수룩하다	덥수룩	하다
덧글	덧	글
덧나무	덧	나무
덧니	덧	니
덧머리	덧	머리
덧붙다	덧	붙다
덧셈	더	ㅅ	셈
덧셈하다	덧셈	하다
덧없다	덧	없다
덩굴식물	덩굴	식물
덩굴옻나무	덩굴	옻나무
덩더꿍거리다	덩더꿍	거리다
덩더꿍대다	덩더꿍	대다
덩덩거리다	덩덩	거리다
덩덩대다	덩덩	대다
덩드럭거리다	덩드럭	거리다
덩드럭대다	덩드럭	대다
덩실거리다	덩실	거리다
덩실대다	덩실	대다
덩싯거리다	덩싯	거리다
덩싯대다	덩싯	대다
덮개	덮	개
덮밥	덮	밥.
데꾼하다	데꾼	하다
데려가다	데리다	가다
데식다	데	식다
데옥시리보핵산	영어 deoxyribo	핵산
데카메론	고대 그리스어 δέκα	ἡμέρα
덴마크어	덴마크	어
덴마크인	덴마크	인
뎅뎅	뎅	뎅
도근거리다	도근	거리다
도근대다	도근	대다
도근점	도근	점
도깨비바늘	도깨비	바늘
도깨비불	도깨비	불
도닥거리다	도닥	거리다
도닥대다	도닥	대다
도닥이다	도닥	이다
도담도담	도담	도담
도대체	도	대체
도덕률	도덕	률
도도록이	도도록	이
도도하다	도도	하다
도독도독하다	도독도독	하다
도독하다	도독	하다
도둑놈	도둑	놈
도둑정치	도둑	정치
도둑질	도둑	질
도둑질하다	도둑질	하다
도란거리다	도란	거리다
도란대다	도란	대다
도랑	근대 한국어 돌	앙
도랑물	도랑	물
도래하다	도래	하다
도려내다	도려	내다
도로수	한자 도로	수
도리반거리다	도리반	거리다
도리반대다	도리반	대다
도리반도리반	도리반	도리반
도망가다	도망	가다
도망병	도망	병
도망치다	도망	치다
도미노 효과	도미노	효과
도미니까 공화국	^도미니까	공화국
도미니까련방	도미니까	련방
도미니카 공화국	^도미니카	공화국
도미빵	도미	빵
도손거리다	도손	거리다
도손대다	도손	대다
도시 게릴라	도시	게릴라
도시 계획	도시	계획
도시개발산업	도시	개발	사업
도시기후	도시	기후
도시안개	도시	안개
도시열섬	도시	열	섬
도와주다	도와	주다
도우미	도움	이
도움	돕	음
도움말	도움	말
도움움직씨	도움	움직씨
도저히	도저	히
도전하다	도전	하다
도주병	도주	병
도중하차	도중	하차
도착하다	도착	하다
도토리묵	도토리	묵
도톰하다	도톰	하다
도톰히	도톰	히
도플러레이더	도플러	레이더
도플러효과	도플러	효과
도화뱅어	도화	뱅어
독가스	독	가스
독당근	독	당근
독도	독	섬
독립 성분	독립	성분
독립격 조사	독립격	조사	助詞
독립국가연합	독립	국가	연합
독립기념일	독립	기념일
독립운동	독립	운동
독립운동가	독립	운동	가
독립적	독립	적
독립하다	독립	하다
독미나리	독	미나리
독버섯	독	버섯
독불장군	독불	장군
독살하다	독살	하다
독서하다	독서	하다.
독선적	독선	적
독수리	독	수리
독습하다	독습	하다
독식하다	독식	하다
독신자	독신	자
독실하다	독실	하다
독약	독	약
독연극	독	연극
독일 민주 공화국	^독일	민주	공화국
독일 사람	^독일	사람
독일 연방 공화국	^독일	연방	공화국
독일어	독일	어
독재하다	독재	하다
독점하다	독점	하다
독존적	독존	적
독좌하다	독좌	하다
독직하다	독직	하다
독창적	독창	적
독창하다	독창	하다
독촉하다	독촉	하다
독특하다	독특	하다
독파하다	독파	하다.
독하다	독	하다
독학하다	독학	하다
독해하다	독해	하다.
독행하다	독행	하다
돈	돌다	ㄴ
돈끽하다	돈끽	하다
돈닢	돈	닢
돈독	돈	독
돈박하다	돈박	하다
돈벌레	돈	벌레
돈사하다	돈사	하다
돈세탁	돈	세탁
돈절하다	돈절	하다
돈정하다	돈정	하다
돈지랄	돈	지랄
돈지랄하다	돈지랄	하다
돈표	돈	표
돌가자미	돌	가자미
돌격하다	돌격	하다
돌고래	돌	고래
돌기운동	돌기	운동
돌기위반	돌기	위반
돌기하다	돌기	하다
돌김	돌	김
돌나물	돌	나물
돌다리	돌	다리
돌담	돌	담
돌대가리	돌	대가리
돌덧널무덤	돌	덧널	무덤
돌덩이	돌	덩이
돌돌거리다	돌돌	거리다
돌돌대다	돌돌	대다
돌돌이	돌돌	이
돌려주다	돌려	주다
돌림틀	돌리다 > 돌림	틀
돌림판	돌림	판
돌머리	돌	머리
돌멩이	돌	멩이
돌무덤	돌	무덤
돌무화과나무	돌	무화과나무
돌물	돌	물
돌물떼새	돌	물떼새
돌바숨기	돌	바수다	기
돌발적	돌발	적
돌발하다	돌발	하다
돌발홍수	돌발	홍수
돌방	돌	방
돌방무덤	돌	방	무덤
돌밭	돌	밭
돌버섯	돌	버섯
돌변하다	돌변	하다
돌사태	돌	사태
돌솜	돌	솜
돌솥	돌	솥
돌싱	돌	싱
돌아가다	돌아	가다
돌아다니다	돌다 > 돌아	다니다
돌아서다	돌다	서다
돌양지꽃	돌	양지꽃
돌연승온	돌연	승온
돌연히	돌연	히
돌이점표식	돌다 > 돌이	점
돌입하다	돌입	하다
돌잔치	돌	잔치
돌잡이	돌 잡	이
돌진하다	돌진	하다
돌집	돌	집
돌출하다	돌출	하다
돌투성이	돌	투성이
돌판	돌	판
돌풍기간	돌풍	기간
돌풍률	돌풍	률
돌풍전선	돌풍	전선
돌하르방	돌	하르방
돔발상어	돔발	상어
동거가족	동거	가족
동결도일	동결	도	일
동경하다	동경	하다
동계 스포츠	동계	스포츠
동계 올림픽	동계	올림픽.
동고서저형	동	고	서	저	형
동그라미	동그랗다 > 동그라	ㅁ	이
동그란	동그랗다	ㄴ
동그람	동그랗다	ㅁ
동남아시아	동남	아시아
동네	동	네
동네예보	동네	예보
동녘	동	녘
동등하다	동등	하다
동떨어지다	동	떨어지다
동료 평가	동료	평가
동류항	동류	항
동메달	동	메달
동메달리스트	동	메달리스트
동면하다	동면	하다
동명사	동	명사
동명이인	한자 同名異人. < 동명	이인
동명인	한자 同名人. < 동명	인
동무들	동무	들
동물공포증	동물	공포증
동물원	동물	원
동물적	한자 動物的. < 동물	적
동물학	동물	학
동반하다	동반	하다
동방종개	동방	종개
동백꽃	동백	꽃
동버들개	동	버들개
동부꾸드스	동부	꾸드스
동부띠모르	포르투갈어 'Timor-Leste' > 동부	띠모르
동부프로씨야	동부	프로씨야
동사하다	동사	하다
동상해	동상	해
동서류	동서	류
동서순환	동서	순환	[[]]
동서지수	동서	지수
동성애	동성	애
동성애자	동성애	자
동시범	동시	범
동아시아	동	아시아
동아줄	동아	줄
동안기후	동안	기후
동역학	동	역학
동예루살렘	동	예루살렘
동우	동	우
동위어	동위	어
동위원소	동위	원소
동유럽	동	유럽
동음어	한자 同音語. < 동음	어
동의어	동의	어
동의하다	동의	하다
동일하다	동일	하다
동적	동	적
동전 던지기	동전	던지기
동정하다	동정	하다
동중국해	동	중국	해
동쪽	동	쪽
동태적	동태	적
동티모르	동	티모르
동파가능지수	동파	가능	지수
동해분홍꼼치	동해	분홍꼼치
동행하다	동행	하다
동호인	동호	인
돛양태	돛	양태
돼먹잖은	돼먹잖다	은
돼지갈비	돼지	갈비
돼지고기	돼지	고기
돼지꿈	돼지	꿈
돼지보총	돼지	보총
돼지코거북	돼지	코	거북
돼지풀	돼지	풀
되감다	되	감다
되강오리	되강	오리
되개고마리	되	개고마리
되게	되	게
되놈	되	놈
되돌리다	되돌다	리
되돌아가다	되	돌아가다
되바라지다	되	바라지다
되비침	되	비치다
되새김증	되새김	증
되술래잡다	되술래	잡다
되우	되	우
되작거리다	되작	거리다
되작대다	되작	대다
되지빠귀	되	지빠귀
되찾다	되	찾다
된	되	ㄴ
된기윽	되다	기윽
된디귿	되다	디귿
된디읃	되다	디읃
된바람	된	바람
된비읍	되다	비읍
된서리	되	ㄴ	서리
된소리	된	소리
된시옷	되다	시옷
된시읏	되다	시읏
된장	된	장
된장찌개	된장	찌개
된장풀	된장	풀
된지읒	된	지읒
될성부르다	될	성부르다
됨	되다	ㅁ
됨됨이	됨됨	이
됭경모치	됭경	모치
두건물범	두건	물범
두견새	두견	새
두견화	두견	화
두근거리다	두근	거리다
두근대다	두근	대다
두근두근	두근	두근
두꺼비	두껍—	이
두께선	두께	선
두께선도	두께	선	도
두나이 강	러시아어에서 두나이	강
두덕거리다	두덕	거리다
두덕대다	두덕	대다
두덜거리다	두덜	거리다
두덜대다	두덜	대다
두두룩하다	두두룩	하다
두드러지다	두드러	지다
두런거리다	두런	거리다
두런대다	두런	대다
두레박	두레	박
두려움	두렵	음
두려워하다	두렵다 > 두려워	하다
두루낮춤	두루	낮춤
두루높임	두루	높임
두루마리	두르다	말다	이
두릅나무	두릅	나무
두리번거리다	두리번	거리다
두리번대다	두리번	대다
두만가시고기	두만강	가시고기
두만강	tumən	강
두만강자그사니	두만강	자그사니
두문불출하다	두문불출	하다
두바퀴	두	바퀴
두번치기	두	번
두벌식	두	벌	식
두벌자식	두벌	자식
두부김치	두부	김치
두뿔코뿔소	두	뿔	코뿔소
두순거리다	두순	거리다
두순대다	두순	대다
두시	두	시
두싹잎식물	두싹잎	식물
두어	둘	서
두음 법칙	두음	법칙
두절하다	두절	하다
두제곱	두	제곱
두줄망둑	두	줄	망둑
두툽상어	두	툽	상어
둔갑하다	둔갑	하다
둔치다	둔	치다
둔피하다	둔피	하다
둔하다	둔	하다
둔화하다	둔화	하다
둘둘거리다	둘둘	거리다
둘둘대다	둘둘	대다
둘러앉다	두르다	앉다
둘째	둘	째
둥간어	^둥간	어
둥그런	둥그렇다	ㄴ
둥그럼	둥그렇다	ㅁ
둥근	둥글다	ㄴ
둥근귀코끼리	둥근	귀	코끼리
둥근마	둥글다	마
둥글모자	둥글다 > 둥글	모자
둥글파	둥글다 > 둥글	파
둥긂	둥글다	ㅁ
둥당거리다	둥당	거리다
둥당대다	둥당	대다
둥덩거리다	둥덩	거리다
둥덩대다	둥덩	대다
둥둥	둥	둥
둥둥거리다	둥둥	거리다
둥둥대다	둥둥	대다
둥베이 평원	둥베이	평원
둥실거리다	둥실	거리다
둥실대다	둥실	대다
둥실둥실	둥실	둥실
둥싯거리다	둥싯	거리다
둥싯대다	둥싯	대다
둥싯둥싯	둥싯	둥싯
뒤꾸머리	뒤	꾸머리
뒤꿈치	뒤	꿈치
뒤끝	뒤	끝
뒤날	뒤	날
뒤늦은	뒤늦다	은
뒤늦음	뒤늦다	음
뒤돌아보다	뒤	돌아보다
뒤떨어지다	뒤	떨어지다
뒤문	뒤	문
뒤범벅	뒤	범벅
뒤보다	뒤	보다
뒤붙이	뒤	붙이다
뒤적거리다	뒤적	거리다
뒤적대다	뒤적	대다
뒤죽박죽	뒤죽	박죽
뒤죽박죽되다	뒤죽박죽	되다
뒤줄경기자	뒷줄	경기자
뒤쥐	뒤	쥐
뒤지다	뒤	지다
뒤집개	뒤	집개
뒤집다	뒤	집다
뒤쪽	뒤	쪽
뒤척거리다	뒤척	거리다
뒤척대다	뒤척	대다
뒤탈	뒤	탈
뒤태	뒤	태
뒤통수	뒤	통	수
뒤통수뼈	뒤통수	뼈
뒷간	뒤	ㅅ	간
뒷광고	뒤	ㅅ	광고
뒷마당	뒤	ㅅ	마당
뒷맛	뒤	ㅅ	맛
뒷머리	뒤	사이시옷	머리
뒷면	뒤	ㅅ	면
뒷모습	뒤	ㅅ	모습
뒷문	뒤	ㅅ	문
뒷바람	뒤	ㅅ	바람
뒷발	뒤	ㅅ	발
뒷일	뒤	ㅅ	일
뒷좌석	뒤	ㅅ	좌석
뒷짐결박	뒷짐	결박
뒷짐결박하다	뒷짐결박	하다
드디어	드듸다	어
드라마틱하다	영어 dramatic	하다
드라이기	dry	기
드러나다	드러	나다
드러냄	드러내	ㅁ
드러냄표	드러냄	표
드러눕다	드러	눕다
드러오다	들	어	오
드럼통	드럼	통
드리나 강	세르비아어에서 드리나	강
드문	드물다	ㄴ
드문드문	드문	드문
드묾	드물다	ㅁ
드팀전	드팀	전
득남하다	득남	하다
득녀하다	득녀	하다
득도하다	득도	하다
득득	득	득
득세하다	득세	하다
득시글거리다	득시글	거리다
득시글대다	득시글	대다
득시글득시글	득시글	득시글
득시글하다	득시글	하다
득실거리다	득실	거리다
득실대다	득실	대다
득실득실	득실	득실
득실상반	득실	상반
득실하다	득실	하다
득점하다	득점	하다
득템	득	템
득표하다	득표	하다
득하다	득	하다
든직하다	든직	하다
든직히	든직	히
듣보기장사	듣보다 > 듣보기	장사
들고나다	들다	나다
들고양이	들	고양이
들고양이고래	들고양이	고래
들국화	들	국화
들까불거리다	들까불	거리다
들까불대다	들까불	대다
들꾀다	들	꾀다
들낚시	들다	낚시
들낚시걸이	들다 > 들	낚시	걸이 < 걸다
들녘	들	녘
들놀음	들	놀음
들돌	들다 > 들	돌
들들거리다	들들	거리다
들들대다	들들	대다
들뜨다	들	뜨다
들락거리다	들락	거리다
들락대다	들락	대다
들랑날랑하다	들랑날랑	하다
들려오다	들리다	오다
들려주다	들려	주다
들머리	들	머리
들머리판	들머리	판
들먹거리다	들먹	거리다
들먹대다	들먹	대다
들먹이다	들먹	이다
들멍거리다	들멍	거리다
들멍대다	들멍	대다
들멍들멍	들멍	들멍
들멍이다	들멍	이다
들목	들다 > 들	목
들보	들	보
들부드레하다	들부드레	하다
들소	들	소
들손	들다 > 들	손
들쇠고래	들쇠	고래
들썩거리다	들썩	거리다
들썩대다	들썩	대다
들썩이다	들썩	이다
들썩하다	들썩	하다
들썽거리다	들썽	거리다
들썽대다	들썽	대다
들썽하다	들썽	하다
들어가다	들어	가다
들어맞다	들어	맞다
들어열개	들다 > 들어	열개
들어오다	들어	오다
들어온말	들어오다 > 들어온	말
들어주다	들어	주다
들연	들	연
들온말	들온	말
들은귀	듣다 > 들은	귀
들음들음	들음	들음
들이굽다	들이	굽다
들이쉬다	들이다	쉬다
들장	들다 > 들	장
들쥐	들	쥐
들쭉나무	들쭉	나무
들창	들	창
들창코	들창	코
들창코원숭이	들창코	원숭이
들척거리다	들척	거리다
들척대다	들척	대다
들척들척	들척	들척
들척이다	들척	이다
들추다	들다	추
들치근하다	들치근	하다
들치기	들	치	기
들큰거리다	들큰	거리다
들큰대다	들큰	대다
들큼하다	들큼	하다
들판	들	판
들피지다	들피	지다
듬뿍듬뿍	듬뿍	듬뿍
듬뿍하다	듬뿍	하다
듬성듬성	듬성	듬성
듬쑥하다	듬쑥	하다
듬직하다	듬직	하다
듯싶다	듯	싶다
듯하다	듯	하다
등강수량선	등	강수량	선
등개화일선	등	개화	일	선
등거리	등	거리
등걸음치다	등걸음	치다
등결빙일선	등	결빙일	선
등고도 변화선	등	고도	변화	선
등고도면일기도	등	고도	면	일기도
등고선	등	고선
등교하다	등교	하다
등귀하다	등귀	하다.
등극하다	등극	하다
등기압변화선	등	기압	변화	선
등기압상승선	등	기압	상승	선
등기압하강선	등	기압	하강	선
등기우편	등기	우편
등기하다	등기	하다
등나무	등	나무
등노점선	등	노점	선
등뇌우빈도선	등	뇌우	빈도	선
등뇌우시선	등	뇌우	시	선
등뇌전빈도선	등	뇌전	빈도	선
등단하다	등단	하다
등던지기	등	던지기
등두께선	등	두께	선
등두께이류선	등	두께	이류	선
등때기	등	때기
등락하다	등락	하다
등록하다	등록	하다
등밀이	등	밀이 < 밀다
등바대	등	바대
등받이	등	받이
등분하다	등분	하다
등불	등	불
등사하다	등사	하다
등산길	등산	길
등산로	등산	로
등산모	등산	모
등산하다	등산	하다
등산화	등산	화
등살힘재개	등살	힘	재 < 재다	개
등세모근	등	세모	근
등속운동	등속	운동
등솔기	등	솔기
등쇠	등	쇠
등압면	등압	면
등압면도	등압	면	도
등압면분석	등압	면	분석
등압면일기도	등압	면	일기도
등업	등급	up의 준말
등에코선	등	에코 < 영어 echo	선
등연하다	등연	하다
등온도변화선	등	온도	[변화[]]	선
등온변화	등온	변화
등온선	등	온선
등온위면 분석	등	온위	면	분석
등온위변화	등	온위	변화
등온위선	등	온위	선
등온팽창	등온	팽창
등와도선	등	와도	선
등용하다	등용)	하다
등이슬점선	등	이슬	점	선
등장액	등	장액
등장인물	등장	인물
등장하다	등장	하다
등재하다	등재	하다
등적색	등	적색
등정하다	등정	하다
등줄숭어	등	줄	숭어
등줄쥐	등	줄	쥐
등창	등	창
등청하다	등청	하다
등치선	등치	선
등편차선	등	편차	선
등풍속선	등	풍속	선
등풍향선	등	풍향	선
등한시	등한	시
등한시하다	등한시	하다
등혼합비선	등	혼합비	선
등활지옥	등활	지옥
등황란	등	황란
등힘	등	힘
디귿 불규칙 활용	디귿	불규칙	활용
디글디글	디글	디글
디밀다	디	밀다
디자인하다	디자인	하다.
디지털 표준 텔레비전	디지털	표준	텔레비전
디지털시계	디지털	시계
따꽃	따	꽃
따끔거리다	따끔	거리다
따끔나리	따끔	나리
따독거리다	따독	거리다
따독대다	따독	대다
따듯하다	따듯	하다
따따부따하다	따따부따	하다
따뜻하다	따뜻	하다 < 근대 한국어 ᄯᆞᆺᄯᆞᆺᄒᆞ다
따뜻한 공기이류	따뜻하다 > 따뜻하	ㄴ	공기	이류
따뜻한 구름	따뜻한	구름
따뜻한 비	따뜻하다 > 따뜻하	ㄴ	비
따라다니다	따라	다니다
따로따로	따로	따로
따르륵거리다	따르륵	거리다
따르륵대다	따르륵	대다
따름	따르	ㅁ
따사하다	따사	하다
따스하다	따스	하다
따옴표	따옴	표
딱다그르르딱다그르르하다	딱다그르르딱다그르르	하다
딱따글거리다	딱따글	거리다
딱따글대다	딱따글	대다
딱딱	딱	딱
딱딱거리다	딱딱	거리다
딱딱대다	딱딱	대다
딱딱하다	딱딱	하다
딱새	딱	새
딱장받다	딱	장	받다
딱정벌레	딱정	벌레
딱총	딱	총
딱총나무	딱총	나무
딱친구	딱	친구
딱하다	딱	하다
딱한	딱하다	ㄴ
딱함	딱하다	ㅁ
딴기	딴	기
딴기적다	딴기	적다
딴딴하다	딴딴	하다
딴사람	딴	사람
딸가닥거리다	딸가닥	거리다
딸가닥대다	딸가닥	대다
딸각거리다	딸각	거리다
딸각대다	딸각	대다
딸감	딸	ㅅ	감
딸그랑거리다	딸그랑	거리다
딸그랑대다	딸그랑	대다
딸기색	딸기	색
딸기잼	딸기	잼
딸까닥거리다	딸까닥	거리다
딸까닥대다	딸까닥	대다
딸꾹질	딸꾹	질
딸랑거리다	딸랑	거리다
딸랑대다	딸랑	대다
딸막거리다	딸막	거리다
딸막대다	딸막	대다
딸막이다	딸막	이다
딸아들	딸	아들
딸아이	딸	아이
땀구멍	땀	구멍
땀띠	땀	띠
땀띠약	땀띠	약
땀방울	땀	방울
땀샘	땀	샘
땀직하다	땀직	하다
땀투성이	땀	투성이
땃쥐	따	쥐
땅강아지	땅	강아지
땅거미	땅	ㅅ	거미
땅거북	땅	거북
땅구름 방전	땅	구름	방전
땅날림 눈	땅	날리다 > 날리	ㅁ	눈
땅날림 먼지	땅	날리다 > 날리	ㅁ	먼지
땅날림눈	땅	날림	눈
땅늑대	땅	늑대
땅다람쥐	땅	다람쥐
땅돼지	땅	돼지
땅따먹기	땅	따먹다 > 따먹	기
땅딸막하다	땅딸막	하다
땅땅거리다	땅땅	거리다
땅바닥	땅	바닥
땅벌	땅	벌
땅볼	땅	볼
땅빼앗기	땅	빼앗다 > 빼앗	기
땅속길	땅속	길
땅속물	땅	속	물
땅안개	땅	안개
땅이름	땅	이름
땅콩	땅	콩
땅콩과자	땅콩	과자
땅크병	땅크	병
땅흔들림	땅	흔들리다
때굴거리다	때굴	거리다
때굴대다	때굴	대다
때까치	때	까치
때꾼하다	때꾼	하다
때늦은	때늦다	은
때늦음	때늦다	음
때때로	때때	로
때때옷	때때	옷
때때중	때때	중
때로	때	로
때리기	때리다 > 때리	기
때수건	때	수건
때식	때	식
때아니다	때	아니다
때틀	때	틀
땔감	땔	감
땔거리	때다 > 땔	거리
땔나무	때다	나무
땜납	때우다	ㅁ	납
땜통	땜	통
땟국	때	ㅅ	국
땟국물	땟국	물
땟물	때	ㅅ	물
땡감	땡	감
땡그랑거리다	땡그랑	거리다
땡그랑대다	땡그랑	대다
땡땡	땡	땡
땡땡거리다	땡땡	거리다
땡땡대다	땡땡	대다
땡전	땡	전
떠나보내다	떠나	보내다
떠다밀다	떠다	밀다
떠돌다	떠	돌다
떠돌이별	떠돌이	별
떠들다	떠	들다
떠들썩거리다	떠들썩	거리다
떠들썩대다	떠들썩	대다
떠들썩하다	떠들썩	하다
떠듬거리다	떠듬	거리다
떠듬대다	떠듬	대다
떠듬적거리다	떠듬적	거리다
떠듬적대다	떠듬적	대다
떠메다	떠	메다
떠벌리다	떠	벌리다
떠오르다	떠—	오르다
떡갈나무	떡	갈나무
떡국	떡	국
떡꼬치	떡	꼬치
떡납줄갱이	떡	납줄갱이
떡떠글대다	떡떠글	대다
떡밥	떡	밥
떡방아	떡	방아
떡볶이	떡	볶이
떡붕어	떡	붕어
떡잎	떡	잎
떨구다	떨	구
떨렁거리다	떨렁	거리다
떨렁대다	떨렁	대다
떨리다	떨다	리
떨어뜨리다	떨어	뜨리다
떨어지다	떨어	지다
떨어트리다	떨어	트리다
떳떳하다	떳떳	하다
떵떵	떵	떵
떵떵거리다	떵떵	거리다
떵떵대다	떵떵	대다
떼거리	떼	거리
떼다	ᄠᅳ다	어〮	ᅘᅧ다
떼이다	떼다	이
떼창	떼	창
뗏목	떼	ㅅ	목
또는	또	는
또다시	또	다시
또닥거리다	또닥	거리다
또닥대다	또닥	대다
또드락거리다	또드락	거리다
또드락대다	또드락	대다
또드락이다	또드락	이다
또랑또랑	또랑	또랑
똑딱거리다	똑딱	거리다
똑딱단추	똑딱	단추
똑딱대다	똑딱	대다
똑똑	똑	똑
똑똑하다	똑똑	하다
똑바로	똑	바로
똑바르다	똑	바르다
똘똘이	똘똘	이
똘똘하다	똘똘	하다
똥간	똥	간
똥갈보	똥	갈보
똥값	똥	값
똥개	똥	ㅅ	개
똥고집	똥	고집
똥구멍	똥	구멍
똥독	똥	독
똥배	똥	배
똥배짱	똥	배짱
똥손	똥	손
똥오줌	똥	오줌
똥줄	똥	줄
똥집	똥	집.
똥차	똥	차
똥창	똥	창
똥칠	똥	칠
똥침	똥	침
똥컴	똥	컴퓨터
똥털	똥	털
똥통	똥	통
똥파리	똥	파리
똥퍼	동프	러
뙤약볕	뙤약	볕
뚜덕거리다	뚜덕	거리다
뚜덕대다	뚜덕	대다
뚜덜거리다	뚜덜	거리다
뚜덜대다	뚜덜	대다
뚜드럭거리다	뚜드럭	거리다
뚜드럭대다	뚜드럭	대다
뚜렷거리다	뚜렷	거리다
뚜렷대다	뚜렷	대다
뚜쟁이	뚜	쟁이
뚝새풀	뚝새	풀
뚱뚱이	뚱뚱하다	이
뚱뚱하다	뚱뚱	하다
뚱보	뚱뚱하다	보
뚱싯거리다	뚱싯	거리다
뚱싯대다	뚱싯	대다
뛰어가다	뛰다	가다
뛰어나다	뛰어	나다 < 중세 한국어 ᄠᅮ여나다
뛰어난	뛰어나다	ㄴ
뛰어남	뛰어나다	ㅁ
뛰어들다	뛰어	들다
뛰어오다	뛰다	오다
뜀줄	뛰다 > 뜀	줄
뜀줄운동	뜀줄	운동
뜀틀	뜀	틀
뜨개질	뜨다#Etymology_7	개#Etymology_3	질#Etymology_1
뜨거운	뜨겁다	ㄴ
뜨거운 감자	뜨거운	감자
뜨거운 암흑물질	뜨겁다 > 뜨거운	암흑	물질
뜨거움	뜨겁다	ㅁ
뜨끔거리다	뜨끔	거리다
뜨끔대다	뜨끔	대다
뜨끔하다	뜨끔	하다
뜨뜻하다	뜨뜻	하다
뜨음하다	뜨음	하다
뜬금없다	띄운	금	없다
뜬금포	뜬금	포
뜬뽈	뜨다 > 뜬	뽈
뜬소문	뜬	소문
뜯기	뜯	기
뜰먹거리다	뜰먹	거리다
뜰먹대다	뜰먹	대다
뜰썩거리다	뜰썩	거리다
뜰썩대다	뜰썩	대다
뜸씨	뜨다	씨
뜸지근하다	뜸지근	하다
뜸직하다	뜸직	하다
뜸팡이	뜨다	팡이
뜸하다	뜸	하다
뜻글	뜻	글
뜻대로	뜻	대로
뜻밖	뜻	밖
뜻밖에	뜻밖	에
뜻비슷한말	뜻	비슷한말
뜻빛갈	뜻	빛갈
뜻있다	뜻	있다
뜻하다	뜻	하다
띄어쓰기	띄다 > 띄어	쓰다 > 쓰	기
띄여쓰기	띄다 > 띄여	쓰다 > 쓰	기
띄워치기	띄우다 > 띄워	치기
띠동갑	띠	동갑
띠모양고기압	띠	모양	고기압
띠모양분포	띠	모양	분포
띠모양순환	띠	모양	순환
띠모양지수	띠	모양	지수
띠모양흐름	띠	모양	흐름
띠무늬물범	띠	무늬	물범
띠빗해파리	띠	빗	해파리
라단조	라	단조
라디오존데	영어 라디오	존데
라면떡볶이	라면	떡볶이
라오어	Lao	어
라이다	레이저 < 영어 laser	레이다 < 영어 radar
라장조	라	장조
라트비아어	^라트비아	어
라틴어	^라틴	어
락관하다	락관	하다
락제국	낙제	국
락하산수	낙하산	수
래달	래	달
러 불규칙 활용	러	불규칙 활용
러시아 극동	^러시아	극동
러시아 사람	^러시아	사람
러시아 제국	^러시아	제국
러시아말	^러시아	말
러시아어	러시아	어
러시아인	^러시아	인
럭비공	럭비	공.
런던안개	런던	안개
럼주	럼	주
레몬색	레몬	색
레몬수	레몬	수
레몬즙	레몬	즙
레위기	^레위	기
레이더	영어 radio	detecting	and	ranging. radar.
레이더 에코	레이다	에코
레이더 합성도	레이더	합성도
레이더기지	레이더	기지
레이더망	레이다	망
레이더빔	레이더	빔
레이더스코프	레이더	스코프
레이윈존데	레윈	존데< 독일어 sonde
레이저 빔	레이저	빔
레저세	영어 leisure	한자 稅
레즈긴어	레즈긴 영어 로마자 표기 Lezgi	어
레코드판	레코드	판
렌즈구름	렌즈	구름
력기판	역기	판
련못	련	못
령롱하다	령롱	하다
로데오거리	영어 rodeo	한국어 거리
로마 제국	^로마	제국
로마니어	Romani	어
로마자	로마	자
로부터	로	부터
로스비파	로스비	파
로씨야 사람	^로씨야	사람
로씨야련방	로씨야	련방
로씨야말	^로씨야	말
로씨야인	^로씨야	인
로씨야족	^로씨야	족
록지띠	녹지	띠
롱구륜	농구	윤
롱구판	농구	판
롱다리	long	다리
롱패딩	롱	패딩
료리차림표	요리	차림	표
루마니아어	^루마니아	어
루마니아인	루마니아	인
류월	륙	월
류큐 열도	류큐	열도
류큐인	류큐	인
륙가야	한자 六伽倻. < 륙	가야
륙상신	육상	신
륜운동	윤	운동
륜체조	윤	체조
르 불규칙 활용	르	불규칙 활용
리그전	리그	전.
리드미컬하다	리드미컬	하다
리왕조	^리	왕조
리을 불규칙 활용	리을	불규칙	활용
리을기역	리을	기역
리을미음	리을	미음
리을비읍	리을	비읍
리을시옷	리을	시옷
리을티읕	리을	티읕
리을피읖	리을	피읖
리을히읗	리을	히읗
리즈 시절	리즈	시절
리투아니아어	^리투아니아	어
리투아니아인	리투아니아	인
리트머스 시험지	리트머스	시험지
리트머스 종이	리트머스	종이
리프린트하다	리프린트	하다.
립싱크하다	립싱크	하다.
링거액	링거	액
마감	막	암
마개	마	개
마구리면	마구리	면
마구잡이식	마구잡이	한자 式.
마귀상어	마귀	상어
마귀할멈	마귀	할멈
마눌님	마노라	님
마늘냉국	마늘	냉국
마늘냉이	마늘	냉이
마늘쪽	마늘	쪽
마늘치킨	마늘	치킨
마다하다	마다	하다
마단조	마	단조
마당굿	마당	굿
마당극	마당	극
마당놀이	마당	놀이
마당발	마당	발
마도요	마	도요
마디마디	마디	마디
마땅	맞	當
마땅하다	맞—	다ᇰ	—ᄒᆞ다
마땅히	마땅	히
마뜩하다	마뜩	하다
마라손경기	마라손	경기
마라티어	마라티	어
마련하다	마련	하다
마루뼈	마루	뼈
마르크스주의	마르크스	주의
마르크화	독일어 Mark	화
마른	마르	ㄴ
마른오징어	마르다 > 마른	오징어
마른장마	마른	장마
마른침	마른	침
마름모	마름	모
마름질하다	마름질	하다
마릿수	마리	ㅅ	수
마마님	마마	님
마맛자국	마마	ㅅ	자국
마모셋원숭이	마모셋	원숭이
마무리	마무르	이
마무리투수	마무리	투수
마법사	마법	사
마비시키다	마비	시키다
마샬군도	마샬	군도
마셜 제도	Marshall	제도
마소	마	소
마술사	마술	사
마스터베이션하다	마스터베이션	하다.
마실것	마시다	것
마오쩌둥 사상	마오쩌둥	사상
마을버스	마을	버스
마음껏	마음	껏
마음대로	마음	대로
마음먹다	마음	먹다
마음성	마음	성
마음속	마음	속
마음씨	마음	씨
마이너스극	마이너스	극
마이크로파	마이크로	파
마장조	마	장조
마제석기	마제	석기
마주뜨리다	마주	뜨리다
마주치다	마주	치다 < 마조티다
마주하다	마주	하다
마지노선	마지노	선
마지못하다	마지	못하다
마지않다	마지	않다
마쪽	마	쪽
마찰고도	마찰	고도
마찰력	마찰	력
마찰음	마찰	음
마찰층	마찰	층
마찰풍	마찰	풍
마취하다	마취	하다.
마취학	한자어 ‘마취	學’에서 유래.
마침	마치	ㅁ
마침내	마침	내
마침표	마침	표
마카베오기 상권	^마카베오	기	상권
마케도니아어	^마케도니아	어
마크제	영어 mark	한자 制.
마파람	마	바람
마피아 게임	^마피아	게임
마하라슈트라 주	^마하라슈트라	주
마한	마	한
마흔째	마흔	째
막걸리	막 걸—	이
막고무신	막	고무신
막내 라인	막내	라인
막내둥이	막내	둥이
막내딸	막내	딸
막내아들	막내	아들
막다른	막다르다	ㄴ
막대그래프	막대	그래프
막대사탕	막대	사탕
막대인간	막대	인간
막돌	막	돌
막중한	막중하다	ㄴ
막찍기	막	찍기
막창	막	창
막창구이	막창	구이
막창자	막	창자
막창자꼬리	막창자	꼬리
만개하다	만개	하다
만국지도	만국	지도
만날	만	날
만남	만나	ㅁ
만년설	만년	설
만두국	만두	국
만두소	만두	소
만땅	일본어 滿タン	영어 tank
만렙	만	레벨
만만찮다	만만	하	지	아니	하	다
만면희색	만면	희색
만병통치약	한자 萬病通治藥. < 만병통치	약
만보계	한자 萬步計. < 만보	계
만보기	한자 萬步機. < 만보	기
만사태평	만사	태평
만실하다	만실	하다
만연히	만연	히
만작거리다	만작	거리다
만작대다	만작	대다
만조백관	만조	백관
만조하다	만조	하다
만족하다	만족	하다
만주어	만주	어
만주토끼	만주	토끼
만지작거리다	만지작	거리다
만지작대다	만지작	대다
만하다	만	하다
만화가	만화	가
만화경	만화	경
만화책	한자 漫畵冊. < 만화	책
많아지다	많아	지다
많은	많다	은
많음	많다	음
많이	많	이
맏님	맏—	님
맏딸	맏	딸
맏아	맏—	아
맏아들	맏	아들
맏이	맏	이.
말거머리	말	거머리
말곡식	말	곡식
말굽	말	굽
말굽자석	말굽	자석
말그레하다	말그레	하다
말끔하다	말끔	하다
말끔히	말끔	히
말나리	말	나리
말다툼	말	다툼
말다툼하다	말다툼	하다
말대꾸	말	대꾸
말대꾸하다	말대꾸	하다
말동무	말	동무
말똥	말	똥
말똥거리다	말똥	거리다
말똥구리	말똥 굴—	이
말똥대다	말똥	대다
말똥하다	말똥	하다
말뚝망둥어	말뚝	망둥어
말라가시어	말라가시	어
말라깽이	마르	아
말랑거리다	말랑	거리다
말랑대다	말랑	대다
말레이어	Malay	어
말맛	말	맛
말문	말	문
말뭉치	말	뭉치
말밑	말	밑
말벌	말	벌
말벗	말	벗
말뿌리	말	뿌리
말소리	말	소리
말수	말	수
말승냥이	말	승냥이
말싸움	말	싸움
말싸움하다	말싸움	하다
말쌀하다	말쌀	하다
말썽꾸러기	말썽	꾸러기
말씀드리다	말씀	드리다
말씨	말	쓰	이
말씨름	말	씨름
말씨름하다	말씨름	하다
말씬거리다	말씬	거리다
말씬대다	말씬	대다
말씹조개	말	씹	조개
말없이	말	없이
말음 법칙	말음	법칙
말이 아니다	말	이	아니다
말장난	말	장난
말줄기	말	줄기
말짱말짱	말짱	말짱
말짱하다	말짱	하다
말채	말	채
말채나무	말채	나무
말초 신경 계통	말초	신경	계통
말초 신경계	말초	신경계
말초적	말초	적
말캉거리다	말캉	거리다
말캉대다	말캉	대다
말캉하다	말캉	하다
말코손바닥사슴	말	코	손바닥	사슴
말투	말	투
말판게임	말판	게임
말풍선	말	풍선
말하기	말하	기
말하다	말	하다
맑은술	맑은	술
맑은얼음	맑다	ㄴ	얼음
맑은착빙	맑다	ㄴ	착	빙
맘대로	맘	대로
맘마통	맘마	통
맘속	맘	ㅅ	속
맛깔	맛	깔
맛내기	맛	내다
맛보다	맛	보다
맛없다	맛	없다
맛젓	맛	젓
맛젖버섯	맛	젖	버섯
맛조개	맛	조개
맛집	맛	집
망가뜨리다	망가	뜨리다
망가트리다	망가	트리다
망각증	한자 忘却症. < 망각	증
망고즙	망고	즙
망망대해	망망	대해
망발하다	망발	하다
망상하다	망상	하다
망설거리다	망설	거리다
망설대다	망설	대다
망설이다	망설	이다
망신하다	망신	하다
망아지	중세한국어 ᄆᆞ	ㅇ	아지, 1481)
망언하다	망언	하다
망연하다	망연	하다
망울망울	망울	망울
망원경	망원	경
망치질	망치	질
망하다	망	하다
맞바람	맞	바람
맞벌이	맞	벌이
맞서다	맞	서다
맞아넘어지기	맞다> 맞아	넘어지기 < 넘어지다
맞옮기다	맞	옮기다
맞은편	마주	편
맞이하다	맞이	하다
맞춤	맞추	ㅁ
맞춤법	맞춤	법
매개 모음	매개	모음
매개변수	매개	변수
매국노	매국	노
매기단하다	매기단	하다
매김씨	매김	씨
매끄당거리다	매끄당	거리다
매끄당대다	매끄당	대다
매끈거리다	매끈	거리다
매끈대다	매끈	대다
매끈둥거리다	매끈둥	거리다
매끈둥대다	매끈둥	대다
매끈매끈	매끈	매끈
매끈매끈하다	매끈매끈	하다
매끈하다	매끈	하다
매끌매끌하다	매끌매끌	하다
매니토바 주	매니토바	주
매달	매	달
매달린 사람	매달린	사람
매도하다	매도	하다
매듭달	매듭	달
매력적	한자 魅力的. < 매력	적
매련스럽다	매련	스럽다
매료하다	매료	하다
매만지다	매	만지다
매몰하다	매몰	하다
매미	맴	이
매미나방	매미	나방
매발톱꽃	매	발톱	꽃
매복하다	매복	하다
매부리바다거북	매	부리	바다거북
매설하다	매설	하다
매수하다	매수	하다
매슥거리다	매슥	거리다
매슥대다	매슥	대다
매시강수량	매	시	강수량
매시근하다	매시근	하다
매실나무	매실	나무
매실매실	매실	매실
매실주	매실	주
매실차	매실	차
매실청	매실	청
매암매암	매암	매암
매우높임	매우	높임
매운	맵다	ㄴ
매운 소스	매운	소스
매움	맵다	ㅁ
매입장세	매입	장세
매입하다	매입	하다
매자나무	매자	나무
매장하다	매장	하다
매지근하다	매지근	하다
매진하다	매진	하다
매질	매	질
매초롬하다	매초롬	하다
매캐하다	매캐	하다
매표하다	매표	하다
매해	매	해
매혹적	한자 魅惑的. < 매혹	적
매혹하다	매혹	하다
매화차	매화	차
매화타령	매화	타령
맥동전파원	맥동	전파	원
맥줏집	맥주	ㅅ	집
맥쩍다	맥	쩍다
맨날	매	ㄴ	날
맨둥맨둥히	맨둥맨둥	히
맨발	맨	발
맨얼굴	맨	얼굴
맨위	맨	위
맨처음	맨	처음
맴돌다	맴	돌다.
맴돌이	맴돌	이.
맴돌이운동	맴돌이	운동
맴돌이흐름	맴돌이	흐르다	ㅁ
맷돌	매	ㅅ	돌
맹근하다	맹근	하다
맹꽁맹꽁하다	맹꽁맹꽁	하다
맹꽁이	맹꽁	이
맹랑하다	맹랑	하다
맹려하다	맹려	하다
맹렬하다	맹렬	하다
맹맹하다	맹맹	하다
맹물	맹	물
맹세하다	맹세	하다
맺음말	맺	음	말
머귀나무	머귀	나무
머그잔	머그	잔
머나멀다	머나	멀다
머루술	머루	술
머리건조선풍기	한자 扇風機乾燥 < 머리	건조	선풍기
머리꼽개	머리	꼽개
머리끈	머리	끈
머리끝	머리	끝
머리덮개	머리	덮개
머리띠	머리	띠
머리말	머리	말
머리물비누	머리	물	비누
머리받기	머리	받기
머리받아넣기	머리	받아 < 받다	넣기
머리비누	머리	비누
머리빈침	머리	빈	침
머리뼈	머리	뼈
머리숱	머리	숱
머리쓰개	머리	쓰개
머리카락	머리	가락
머리털	머리	털
머리통	머리	통
머리핀	머리	핀
머릿결	머리	ㅅ	결
머릿골	머리	ㅅ	골
머릿속	머리	ㅅ	속
머무적거리다	머무적	거리다
머무적대다	머무적	대다
머뭇거리다	머뭇	거리다 < 근대 한국어 머믓거리다
머뭇대다	머뭇	대다
머뭇하다	머뭇	하다 < 중세 한국어 머뭇ᄒᆞ다
머슬머슬하다	머슬머슬	하다
머추다	멎­	­후	다
머츰하다	머츰	하다
먹구렁이	먹	구렁이
먹먹하다	먹먹	하다
먹방	먹—	방
먹성	먹	성
먹을거리	먹을	거리.
먹이	먹	이
먹황새	먹	황새
먼	멀다	ㄴ
먼개	먼	개
먼나무	먼	나무
먼바다	멀다	ㄴ	바다
먼지보라	먼지	보라
먼지연무	먼지	연무
먼지투성이	먼지	투성이
먼지폭풍	먼지	폭풍
먼지회오리	먼지	회오리
먼항로	먼	항로
멀게지다	멀게	지다
멀구슬나무	멀구슬	나무
멀그스레하다	멀그스레	하다
멀뚱거리다	멀뚱	거리다
멀뚱대다	멀뚱	대다
멀뚱멀뚱	멀뚱	멀뚱
멀리	멀	이
멀리뛰기	멀리	뛰기
멀리뛰기 선수	멀리뛰기	선수
멀리하다	멀리	하다
멀어지다	멀어	지다
멀찌감치	멀	찍	암치
멂	멀다	ㅁ
멈칫	멈추	ㅅ
멈칫거리다	멈칫	거리다
멈칫대다	멈칫	대다
멋없다	멋	없다
멋있다	멋	있다
멋쟁이	멋	쟁이
멋지다	멋	지다
멋진	멋지다	ㄴ
멋짐	멋지다	ㅁ
멍멍거리다	멍멍	거리다
멍멍대다	멍멍	대다
멍멍이	멍멍	이
멍석딸기	멍석	딸기
멍청이	멍청	이
멍청하다	멍청	하다
멍하다	멍	하다
메꽃	메	꽃
메돼지	메	돼지
메마른	메마르다	ㄴ
메마름	메마르다	ㅁ
메모지	메모	지
메모하다	메모	하다
메밀꽃	메밀	꽃
메부수수하다	메부수수	하다
메서드 연기	메서드	연기
메소드 연기	메소드	연기
메스꺼운	메스껍다	ㄴ
메스꺼움	메스껍다	ㅁ
메슥거리다	메슥	거리다
메슥대다	메슥	대다
메슥메슥	메슥	메슥
메아리	메 살—	이
메일 주소	메일	주소
메추라기	메	추라기
메추라기뜸부기	메추라기	뜸부기
메추리알	메추리	알
메타옴니버스	영어 Metaverse	Omnibus
메토끼	메	토끼
멕시코 만	^멕시코	만
멜론빵	멜론	빵
멜론색	멜론	색
멜빵바지	멜빵	바지
멧닭	메	ㅅ	닭
멧도요	메	도요
멧돼지	메	ㅅ	돼지
멧박쥐	멧	박쥐
멧비둘기	메	비둘기
멧새	메	ㅅ	새
멧토끼	메	토끼
며느리	며늘	이
멱신	멱	신
멱집합	멱	집합
멱집합 공리	멱집합	공리
면구	면	구
면도기	면도	기
면도날	면도	날
면도칼	면도	칼
면도하다	면도	하다
면밀하다	면밀	하다
면밀히	면밀	히
면발	면	발
면비교육	한자 免.	費	교육
면적강수량	면적	강수량
면적우량	면적	우량
면제하다	면제	하다
면피하다	면피	하다
면허증	면허	증
멸망하다	멸망	하다
멸시하다	멸시	하다
멸종되다	멸종	되다
멸종하다	멸종	하다
명가수	명	가수
명령어 인터페이스	명령어	인터페이스
명령줄	명령	줄
명령줄 인터페이스	명령줄	인터페이스
명령하다	명령	하다
명령행 인터페이스	명령행	인터페이스
명령형	명령	형
명료하다	명료	하다
명목적	명목	적
명반응	명	반응
명배우	명	배우
명백하다	명백	하다
명백히	명백	히
명사구	명사	구
명석하다	명석	하다
명실	명	실
명실상부	명실	상부
명예 훼손	명예	훼손
명예스럽다	명예	스럽다
명예욕	명예	욕
명자나무	榠樝	나무
명조체	명조	체
명징하다	명징	하다
명함판	명함	판
명현하다	명현	하다
명확하다	명확	하다
몇몇	몇	몇
모가비	목	아비
모가지	목	아지
모과나무	모과	나무
모과차	모과	차
모국어	모국	어
모기채	모기	채
모나다	모	나다
모난	모나다	ㄴ
모남	모나다	ㅁ
모내기	모내	기
모데미풀	모데미	풀
모도록이	모도록	이
모두	몯다〮	오
모두들	모두	들
모래무지	모래	무지
모래바람	모래	바람
모래밭	모래	밭
모래사막	모래	사막
모래사장	모래	사장
모래상자	모래	상자
모래성	모래	성
모래시계	모래	시계
모래장지뱀	모래	장지뱀
모래주사	모래	주사
모래터배구	모래터	배구
모래폭풍	모래	폭풍
모래회오리	모래	회오리
모략하다	모략	하다
모록하다	모록	하다
모루구름	모루	구름
모르는수	모르다 > 모르는	수
모리배	모리	배
모면하다	모면	하다
모밀잣밤나무	모밀	잣	밤	나무
모방	모	방
모범경기	모범	경기
모범적	모범	적
모새나무	모새	나무
모서리	모	서리
모서리공	모서리	공
모서리치기	모서리	치기
모성보호	모성	보호
모세혈관	모세	혈관
모셔가다	모시다	가다
모아치기	모으다	아	치다	기
모아키	모으다	아	키
모양자리	모양	자리
모에화	萌え → 모에	화
모욕적	모욕	적
모욕하다	모욕	하다
모우자리	모우	자리
모우좌	모우	좌
모음	모으	ㅁ
모음 동화	모음	동화
모음 변화	모음	변화
모음 조화	모음	조화
모임	모이	ㅁ
모임이름씨	모임	이름	씨
모자구름	모자	구름
모종	모	종
모질다	모	질다, 한국어 방언에 깎다의 의미로 잔존함. 어질다 참고.
모치망둑	모치	망둑
모태솔로	모태	솔로
모텔	영어 motel < motor	hotel
모함하다	모함	하다
모험가	모험	가
모험소설	모험	소설
모험적	모험	적
목가적	목가	적
목각활자	목각	활자
목걸이	목	걸이
목격자	목격	자
목관악기	목관	악기
목구멍	목	구멍
목덜미	목	덜미
목도리	목	도리
목도리도요	목도리	도요
목도하다	목도	하다
목동좌	목동	좌
목란꽃	목란	꽃
목란나무	목란	나무
목련꽃	목련	꽃
목마르다	목	마르다
목본식물	목본	식물
목뻗치기	목	뻗치기 < 뻗치다
목사님	목사	님
목소리	목	소리
목수건	목	수건
목숨	목	숨
목욕탕	목욕	탕
목욕통	목욕	통
목욕하다	목욕	하다
목적격	목적	격
목젖	목	젖
목줄	목	줄
목청	목	청
목청껏	목청	껏
목측관측	目測	觀測
목판활자	목판	활자
목활자	한자 木活字. < 목	활자
목회유	목회	유
몫몫이	몫	몫	이
몰기	몰다 > 몰	기
몰도바어	몰도바	어
몰랑거리다	몰랑	거리다
몰랑대다	몰랑	대다
몰래카메라	몰래	카메라
몰려들다	몰려	들다
몰살시키다	몰살	시키다
몰상식하다	몰상식	하다
몰씬거리다	몰씬	거리다
몰씬하다	몰씬	하다
몰염치	몰	염치
몰염치하다	몰염치	하다
몰이꾼	몰이	꾼
몰캉거리다	몰캉	거리다
몰캉대다	몰캉	대다
몰타섬	^몰타	섬
몰타어	^몰타	어
몸가짐	몸	가짐
몸값	몸	값
몸개그	몸	개그
몸낮추어피하기	몸	낮추어 < 낮추다	피하기 < 피하다
몸말	몸	말
몸매	몸	매
몸비껴피하기	몸	비껴 < 비끼다	피하기 < 피하다
몸살	몸	살
몸소름	몸	소름
몸집	몸	집
몸짓	몸	짓
몸짱	몸	짱
몸통	몸	통
몸틀	몸	틀
몹시	몯〯	ᄡᅳ〮다〮	긔〮
못나다	못	나다
못난	못나다	ㄴ
못남	못나다	ㅁ
못되다	못	되다
못된	못되다	ㄴ
못된놈	못되다	놈
못됨	못되다	ㅁ
못생기다	못	생기다
못생긴	못생기다	ㄴ
못생김	못생기다의 어간 '못생기-'	ㅁ
못하다	못	하다
몽고주름	^몽고	주름
몽골국	몽골	국
몽골반	^몽골	반
몽골어	^몽골	어
몽골족	몽골	족
몽그라뜨리다	몽그라	뜨리다
몽그라트리다	몽그라	트리다
몽그작거리다	몽그작	거리다
몽그작대다	몽그작	대다
몽그작이다	몽그작	이다
몽글거리다	몽글	거리다
몽글대다	몽글	대다
몽긋거리다	몽긋	거리다
몽긋대다	몽긋	대다
몽실몽실히	몽실몽실	히
몽실하다	몽실	하다
몽애하다	몽애	하다
몽크라뜨리다	몽크라	뜨리다
몽크라트리다	몽크라	트리다
몽클거리다	몽클	거리다
몽클대다	몽클	대다
뫼비우스의 띠	뫼비우스	의	띠
묏자리	뫼	ㅅ	자리
묘망하다	묘망	하다
묘사하다	묘사	하다
묘원하다	묘원	하다
묘절하다	묘절	하다
묘향산	묘향	산
무거움	무겁다	ㅁ
무겁다	므〮기다〮	업
무게급	무게	급
무결하다	무결	하다
무관심	무	관심
무관심하다	무관심	하다
무관하다	무관	하다
무궁화동산	무궁화	동산
무기금고	무기	금고
무기수	무기	수
무기억증	한자 無記憶症. < 무	기억	증
무기징역	무기	징역
무난스럽다	무난	스럽다
무날	물	날
무너뜨리다	무너지다	뜨리다
무너지다	무너	지다
무너트리다	무너	트리다
무능하다	무능	하다
무늬	문	이
무늬망둑	무늬	망둑
무당개구리	무당	개구리
무당벌레	무당	벌레
무더위	무	더위
무덥다	무	덥다
무두붉나무	무두	붉나무
무딘	무디다	ㄴ
무딘각	무디다 > 무딘	각
무딤	무디다	ㅁ
무람없다	무람	없다
무량대수	한자 無量大數. < 무량	대수
무례하다	무례	하다
무뢰한	무뢰	한
무른	무르다	ㄴ
무른고약	무른	고약
무름	무르다	ㅁ
무릎고양이	무릎	고양이
무릎관절	무릎	관절
무릎냥이	무릎	냥이
무릎대개	무릎	대 < 대다	개
무릎바지	무릎	바지
무릎뼈	무릎	뼈
무릎셈틀	무릎	셈	틀
무릎양말	무릎	양말
무리수	무리	수
무뭉스름하다	무뭉스름	하다
무법천지	무법	천지
무분별	무	분별
무산쇠족제비	무산군	쇠족제비
무상기간	무상	기간
무서리	무	서리
무서운	무섭다	ㄴ
무서움	무섭	음
무서워하다	무서워	하다
무선인터넷	무선	인터넷
무선전화기	무선	전화기
무선침묵	무선	침묵
무성영화	무성	영화
무소식	무	소식
무수초산	무수	초산
무수히	무수	히
무슨	므스	ㅅ > 므슷 > 므슴 > 무슨
무승부	무	승부
무시근하다	무시근	하다
무시하다	무시	하다
무식하다	무식	하다
무신론	무신	론
무신론자	무신론	자
무쌍하다	무쌍	하다
무엇이든	무엇	든
무역풍	무역	풍
무역풍대	貿易風	帶
무역풍전선	貿易風	前線
무역하다	무역	하다
무용담	무용	담
무원하다	무원	하다
무의식	무	의식
무이	무우	이
무익하다	무익	하다
무장하다	무장	하다
무전기	무전	기
무정란	무정	란
무조건	무	조건
무조건반사	무조건	반사
무죄추정의 원칙	무죄	추정	의	원칙
무즙	무	즙
무지개	물	지게
무지개다리	무지개	다리
무지개문	무지개	문
무지개송어	무지개	송어
무지근하다	무지근	하다
무지막지하다	무지막지	하다
무지무지	무지	무지
무지무지하다	무지무지	하다
무지하다	무지	하다
무척추동물	무척추	동물
무춤거리다	무춤	거리다
무춤대다	무춤	대다
무침	무치	ㅁ
무태장어	무태	장어
무표정	무	표정
무풍대	무풍	대
무한집합	무한	집합
무향 그래프	무	향	그래프
무화과나무	무화과	나무
무화과잼	무화과	잼
무환자나무	무환자	나무
묵납자루	묵	납자루
묵념하다	묵념	하다
묵도하다	묵도	하다
묵독하다	묵독	하다
묵례하다	묵례	하다
묵묵히	묵묵	히
묵사발	묵	사발
묵살하다	묵살	하다
묵상하다	묵상	하다
묵새기다	묵	새기다
묵인하다	묵인	하다
묵회하다	묵회	하다
묶개	묶	개
묶음경기	묶음	경기
묶음표	묶음	표
문 닫고	문	닫고
문고판	문고	판
문구역	문	구역
문둥병	문둥	병
문둥이박쥐	문둥이	박쥐
문드러지다	문드리다	지다
문바람	문	바람
문법적	문법	적
문병하다	문병	하다
문상하다	문상	하다
문손잡이	문	손잡이
문안하다	문안	하다
문어	민	어
문어구	문	어구
문어다리	문어	다리
문어빵	문어	빵
문의하다	문의	하다
문장 부사	문장	부사
문장 성분	문장	성분
문전결속	문전	결속
문절망둑	문절	망둑
문제은행	문제	은행
문지기	문	지기
문책하다	문책	하다
문초하다	문초	하다
문턱	문	턱
문턱온도	문턱	온도
문틈	문	틈
문학가	문학	가
문학도	문학	도
문학적	문학	적
문화어	문화	어
문화주택	문화	주택
물가	물	가
물개	물	개
물거품	물	거품
물결	물	결
물결구름	물결	구름
물결길이	물결	길이
물결높이	물결	높이
물결방향	물결	방향
물결주기	물결	주기
물고기	물	ㅅ	고기
물고기떡	물고기	떡
물고기알	물고기	알
물고기자리	물고기	자리
물긋물긋	물긋	물긋
물기	물	기
물긴가지이끼	물	긴	가지	이끼
물꿩	물	꿩
물냉면	물	냉면
물냉이	물	냉이
물대포	물	대포
물돼지	물	돼지
물두꺼비	물	두꺼비
물들체	물들	체
물떼새	물	떼	새
물뚱뚱이	물	뚱뚱	이
물러나다	물	어	나다
물렁거리다	물렁	거리다
물렁대다	물렁	대다
물레걸음	물레	걸음
물레나물	물레	나물
물레방아	물레	방아
물론입니다	물론	입니다
물리적	물리	적
물리학	물리	학
물리학자	물리학	자
물만두	물	만두
물말	물	말
물맞이	물	맞이
물메기	물	메기
물미거지	물	미거지
물박달나무	물	박달나무
물방아	물	방아
물방울	물	방울
물벼락	물	벼락
물병자리	물병	자리
물보라	물	보라
물비누	물	비누
물비늘	물	비늘
물뿌리다	물	뿌리다
물상추	물	상추
물색	물	색
물색하다	물색	하다
물수건	물	ㅅ	수건
물수리	물	수리
물수지	물	수지
물순환	물	순환
물스키	물	스키
물시계	물	시계
물썽하다	물썽	하다
물씨	물	씨
물씬거리다	물씬	거리다
물씬대다	물씬	대다
물아래	물	아래
물아범	물	아범
물아비	물	아비
물안개	물	안개
물어멈	물	어멈
물어미	물	어미
물억새	물	억새
물에네르기	물	에네르기.
물엿	물	엿
물오름달	물	오름	달
물오리	물	오리
물외	물	외
물위	물	위
물윗배	물	위	배
물윗수염박쥐	물	윗수염박쥐
물음	물	음
물음표	물음	표
물적	물	적
물줄기	물	줄기
물질	물	질
물질적	물질	적
물짐승	물	짐승
물집	물	집
물쩡물쩡	물쩡	물쩡
물찬때	물	차다 > 찬	때
물참새피	물	참새피
물총새	물	총	새
물치다래	물	치닫다
물칭개나물	물	칭개	나물
물컹거리다	물컹	거리다
물컹대다	물컹	대다
물크림	물	크림
물큰물큰	물큰	물큰
물타기	물	타기
물통	물	통
물티슈	물	티슈
물풍선	물	풍선
물휴지	물	휴지
물힘	물	힘
뭇바리	뭇	바리
뭇사람	뭇	사람
뭉그적거리다	뭉그적	거리다
뭉그적대다	뭉그적	대다
뭉칫돈	뭉치	돈
뭉텅하다	뭉텅	하다
미개척	미	개척
미국 사람	^미국	사람
미국 요리	미국	요리
미국나팔꽃	^미국	나팔	꽃
미국놈	^미국	놈
미국들소	^미국	들소
미국선녀벌레	^미국	선녀벌레
미국오리	^미국	오리
미국인	미국	인
미국자리공	^미국	자리공
미국지빠귀	^미국	지빠귀
미국포도	미국	포도
미국표준대기	미국	표준	대기
미국피나무	^미국	피나무
미국흰불나방	^미국	흰	불	나방
미국흰죽지	^미국	흰죽지
미규모	미	규모
미기상	미	기상
미기후	미	기후
미꾸라지	미꾸리	아지
미끄덩거리다	미끄덩	거리다
미끄덩대다	미끄덩	대다
미끄덩하다	미끄덩	하다
미끄러져빼앗기	미끄러지다 > 미끄러져	빼앗기 < 빼앗다
미끄럼	미끄럽	ㅁ
미끄럼대	미끄럼	대
미끄럼틀	미끄럼	틀
미끈거리다	미끈	거리다
미끈대다	미끈	대다
미끈둥거리다	미끈둥	거리다
미끈둥대다	미끈둥	대다
미끈망둑	미끈	망둑
미끈미끈한	미끈미끈하다	ㄴ
미끈미끈함	미끈미끈하다	ㅁ
미나리아재비	미나리	아재비
미납하다	미납	하다
미늘옷	미늘	옷
미닫이	미닫	이
미닫이문	미닫이	문
미달하다	미달	하다
미래 시제	미래	시제
미련스럽다	미련	스럽다
미련퉁이	미련	퉁이
미련하다	미련	하다 < 근대 한국어 미련ᄒᆞ다 1658)
미령사모아	미령	사모아
미루적거리다	미루적	거리다
미루적대다	미루적	대다
미류구름	미류	구름
미류나무	미류	나무
미륵보살	^미륵	보살
미리내	미르	내
미립자	미립	자
미망인	미망	인
미묘하다	미묘	하다
미봉책	미봉	책
미분학	미분	학
미비점	미비	점
미비하다	미비	하다
미생물	미	생물
미생물학	미생물	학
미성년	미	성년
미성년자	미성년	자
미세격자	미세	격자
미세섬유	미세	섬유
미세소관	미세	소관
미세하다	미세	하다
미소하다	미소	하다
미숙하다	미숙	하다
미술가	미술	가
미술계	미술	계
미술관	미술	관
미술교육	미술	교육
미술대학	미술	대학
미술사	미술	사
미술품	미술	품
미숫가루	미수	ㅅ	가루
미시적	미시	적
미식축구	미식	축구
미안스럽다	미안	스럽다
미안하다	미안	하다
미야코어	미야코	어
미약하다	미약	하다
미역감다	미역	감다
미역국	미역	국
미역냉국	미역	냉국
미역취	미역	취
미온적	미온	적
미온하다	미온	하다
미완성	미	완성
미완성 교향곡	미완성	교향곡
미완성되다	미완성	되다
미용사	미용	사
미운	밉다	ㄴ
미워하다	미워	하다
미음솥	미음	솥
미작지대	미작	지대
미적	미	적
미적거리다	미적	거리다
미적대다	미적	대다
미지근하다	미지근	하다
미진하다	미진	하다
미쭉하다	미쭉	하다
미천하다	미천	하다
미치프어	미치프	어
미친	무겁다	ㄴ
미친개	미치다 > 미친	개
미친갯병	미친개	ㅅ	병
미크로네시아 연방	'Federated States of Micronesia' > 미크로네시아	연방
미터기	미터	기
미터법	미터	법
미틈달	미틈	달
미합중국	미	합중국
미해결	미	해결
미혹하다	미혹	하다
미화하다	미화	하다
미확인동물	미확인	동물
미확인비행물체	미확인	비행	물체
민간무역	민간	무역
민간오락	민간	오락
민감하다	민감	하다
민꽃열매	민	꽃	열매
민낯	민	낯
민달팽이	민	달팽이
민달하다	민달	하다
민둥산	민둥	산
민렴하다	민렴	하다
민망하다	민망	하다
민물	민	물
민물가마우지	민물	가마우지
민물검정망둑	민물	검정망둑
민물게	민물	게
민물상어	민물	상어
민물장어	민물	장어
민사소송법	민사	소송법
민산하다	민산	하다
민상법	한자 民商法. < 민법	상법
민서기	mincer	기
민소매	민	소매
민소하다	민소	하다
민속촌	민속	촌
민속하다	민속	하다
민우리말	민	우리말
민전갱이	민	전갱이
민절하다	민절	하다
민주 공화국	민주	공화국
민주 꽁고	민주	^콩고
민주 콩고	민주	^콩고
민주꽁고	프랑스어 'République démocratique du Congo' > 민주	꽁고
민주적	민주	적
민주콩고	민주	콩고
민첩하다	민첩	하다
민초단	민초	단
민취하다	민취	하다
민트색	민트	색
민틋하다	민틋	하다
민화투	민하다	화투
믿음	믿	음
믿음길	믿음	길
믿음새	믿음	새
믿음씨	믿다	씨
밀고기	밀	고기
밀국수	밀	국수
밀뜨리다	밀	뜨리다
밀매품	밀매	품
밀물	밀	물
밀알	밀	알
밀잠자리	밀	잠자리
밀짚모자	밀짚	모자
밀초	밀	초
밀크티	밀크	티
밀트리다	밀	트리다
밉살스럽다	밉살	스럽다
밍근하다	밍근	하다
밍크고래	밍크	고래
밑구녕	밑	구녕
밑구멍	밑	구멍
밑돌다	밑	돌다
밑바닥	밑	바닥
밑줄	밑	줄
바가닥거리다	바가닥	거리다
바가닥대다	바가닥	대다
바가지요금	바가지	요금
바각거리다	바각	거리다
바각대다	바각	대다
바그라뜨리다	바그라	뜨리다
바그라트리다	바그라	트리다
바글거리다	바글	거리다
바글대다	바글	대다
바깥	밖	곁
바깥공	바깥	공
바깥벽	바깥	벽
바깥세상	바깥	세상
바깥양반	바깥	양반
바깥어른	바깥	어른
바깥주인	바깥	주인
바깥채	바깥	채
바깥출입	바깥	출입
바꾸이다	바꾸	이다
바끄러워하다	바끄러워	하다
바나나 공화국	바나나	공화국
바나나색	바나나	색
바느질	바느	질
바느질곽	바느질	곽
바느질하다	바느질	하다
바늘겨레	바늘	겨레
바늘구멍	바늘	구멍
바늘귀	바늘	귀
바늘꼬리도요	바늘	꼬리	도요
바늘꼬리칼새	바늘	꼬리	칼새
바늘꽂이	바늘	꽂이
바늘꽃	바늘	꽃
바늘땀	바늘	땀
바늘방석	바늘	방석
바늘잎나무	바늘	잎	나무
바다가	바다	가
바다거북	바다	거북
바다꿩	바다	꿩
바다마름류	바다	마르다 > 마름	류
바다물	바다	물
바다뱀	바다	뱀
바다비오리	바다	비오리
바다상태	바다	상태
바다색	바다	색
바다쌓임층	바다	쌓이다 > 쌓임	층
바다악어	바다	악어
바다안개	바다	안개
바다얼음	바다	얼음
바다에코	바다	에코
바다오리	바다	오리
바다제비	바다	제비
바다코끼리	바다	코끼리
바다포도	바다	포도
바다표범	바다	표범
바닥 쿼크	바닥	쿼크
바닥재	바닥	재
바단조	바	단조
바닷가	바다	ㅅ	가
바닷가재	바다	ㅅ	가재
바닷고기	바다	ㅅ	고기
바닷길	바다	ㅅ	길
바닷모래	바다	ㅅ	모래
바닷물	바다	ㅅ	물
바닷물고기	바다	ㅅ	물고기
바닷바람	바다	ㅅ	바람
바닷장어	바다	ㅅ	장어
바동거리다	바동	거리다
바동대다	바동	대다
바둑돌	바둑	돌
바둑알	바둑	알
바둑판	바둑	판
바드득거리다	바드득	거리다
바드득대다	바드득	대다
바드등거리다	바드등	거리다
바드등대다	바드등	대다
바득거리다	바득	거리다
바득대다	바득	대다
바들거리다	바들	거리다
바들대다	바들	대다
바듬하다	바듬	하다
바디나물	바디	나물
바람	바라	ㅁ
바람개비	바람	개비
바람결	바람	결
바람경각	바람	경각
바람경도	바람	경도
바람기	바람	기
바람꽃	바람	꽃
바람냉각지수	바람	냉각	지수
바람둥이	바람	둥이
바람막이	바람	막이
바람맞이	바람	맞이
바람벡터	바람	벡터
바람벽	바람	벽
바람시어	바람	시어
바람시어경보	바람	시어	경보
바람연직분포	바람	연직	분포
바람의 숨	바람	의	숨
바람자루	바람	자루
바람장	바람	장
바람장미	바람	장미
바람직스러운	바람직스럽다	ㄴ
바람직스러움	바람직스럽다	ㅁ
바람직함	바람직하다	ㅁ
바람총	바람	총
바람태풍	바람	태풍
바람프로파일	바람	프로파일
바람피해	바람	피해
바람화살	바람	화살
바래다주다	바래다	주다
바렌츠 해	^바렌츠	해
바렌츠해	바렌츠	해
바로쳐넣기	바로	쳐 < 치다	넣기
바르작거리다	바르작	거리다
바르작대다	바르작	대다
바른생활	바른	생활
바른손	바른	손
바른쪽	바른	쪽
바른편	바른	편
바름	바르다	ㅁ
바름감	바르다	감
바릊거리다	바릊	거리다
바릊대다	바릊	대다
바릊바릊하다	바릊바릊	하다
바리새인	바리새	인
바보상자	바보	상자
바보스럽다	바보	스럽다
바보짓	바보	짓
바빠지다	바빠	지
바사삭거리다	바사삭	거리다
바사삭대다	바사삭	대다
바사삭바사삭하다	바사삭바사삭	하다
바사삭하다	바사삭	하다
바삭거리다	바삭	거리다
바삭과자	바삭	과자
바삭대다	바삭	대다
바수뜨리다	바수	뜨리다
바수트리다	바수	트리다
바스락거리다	바스락	거리다
바스락대다	바스락	대다
바스러뜨리다	바스러	뜨리다
바스러트리다	바스러	트리다
바시랑거리다	바시랑	거리다
바시랑대다	바시랑	대다
바시키르어	바시키르	어
바싹거리다	바싹	거리다
바싹대다	바싹	대다
바위담비	바위	담비
바위비둘기	바위	비둘기
바위솔	바위	솔
바위종다리	바위	종다리
바위틈	바위	틈
바이스발로트의 법칙	Buys Ballot	법칙
바이에른 주	독일어 Bayern	주
바이칼 호	바이칼	호
바자회	바자	회
바작거리다	바작	거리다
바작대다	바작	대다
바장거리다	바장	거리다
바장대다	바장	대다
바장이다	바장	이다 < 근대 한국어 바자니다, 1768)
바장조	바	장조
바지선	바지	선
바지저고리	바지	저고리
바지직거리다	바지직	거리다
바지직대다	바지직	대다
바지춤	바지	춤
바지허리춤	바지	허리춤
바직거리다	바직	거리다
바직대다	바직	대다
바직바직하다	바직바직	하다
바직하다	바직	하다
바퀴벌레	바퀴	벌레
바퀴살	바퀴	살
바퀴식	바퀴	식
바탕색	바탕	색
바탕체	바탕	체
바투	밭다〮	우
바티칸 시국	^바티칸	시국
박고지	박	고지
박과	박	과
박달나무	박달	나무
박물관	박물	관
박박거리다	박박	거리다
박박대다	박박	대다
박새	박	새
박소하다	박소	하다
박수하다	박수	하다
박신거리다	박신	거리다
박신대다	박신	대다
박자표	박자	표
박작거리다	박작	거리다
박작대다	박작	대다
박작이다	박작	이다
박장대소하다	박장대소	하다
박절하다	박절	하다
박정하다	박정	하다
박제하다	박제	하다
박쥐	중세 한국어 밝	쥐
박치기	박다	치다
박탈당하다	한자 剝奪.	당하다
박태기나무	박태기	나무
박학다재	박학	다재
박행하다	박행	하다
반가운	반갑다	ㄴ
반감기	반감	기
반감되어지다	한자 半減.	되어지다
반감시키다	한자 半減.	시키다
반값	한자 半.	값
반공주의	반공	주의
반나절	반	나절
반다비	반다	비
반달	반	달
반달가슴곰	반달	가슴	곰
반달곰	한자 半.	달	곰
반달괄호	반달	괄호
반달묶음표	반달	묶음표
반달족	반달	족
반달표	반달	표
반달행위	반달	행위
반대계절풍	반대	계절풍
반대말	반대	말
반대무역풍	반대	무역풍
반대설	반대	설
반대하다	반대	하다
반동적	반동	적
반둥거리다	반둥	거리다
반둥대다	반둥	대다
반드레하다	반드레	하다
반득거리다	반득	거리다
반득대다	반득	대다
반들거리다	반들	거리다
반들대다	반들	대다
반듯이	반듯	이
반디불고기	반디불	고기
반딧불	반디	ㅅ	불
반딧불게르치	반딧불	게르치
반딧불이	반디	ㅅ	불이
반뜩거리다	반뜩	거리다
반뜩대다	반뜩	대다
반뜻거리다	반뜻	거리다
반뜻대다	반뜻	대다
반려시키다	한자 返戾.	시키다
반론하다	반론	하다
반료하다	반료	하다
반룡하다	반룡	하다
반말	반	말
반말체	반말	체
반말하다	반말	하다
반목하다	반목	하다
반무하다	반무	하다.
반문하다	반문	하다
반물질	반	물질
반민초단	반	민초단
반바지	반	바지
반박하다	반박	하다
반벽하다	반벽	하다
반복하다	반복	하다
반부하다	반부	하다
반분하다	반분	하다
반비례	반	비례
반비례하다	한자 反比例.	하다
반사시키다	한자 反射.	시키다
반사율	반사	율
반사적	반사	적
반사하다	반사	하다
반상낙하하다	반상낙하	하다
반상반하하다	반상반하	하다
반서하다	반서	하다
반성하다	반성	하다
반소설	반	소설
반소하다	반소	하다
반송하다	반송	하다
반숙하다	반숙	하다
반스타킹	반	스타킹
반시옷	반	시옷
반시읏	반	시읏
반신반의하다	반신반의	하다
반신하다	반신	하다
반얀나무	banyan	나무
반양성자	반	양성자
반양자	반	양자
반역자	한자어 ‘反逆	者’에서 유래.
반역하다	반역	하다
반영구고기압	반	영구	고기압
반영구저기압	반	영구	저기압
반영시키다	한자 反映.	시키다
반영하다	반영	하다
반올림	반	올림
반올림하다	한자 半.	올림 < 올리다	하다
반완하다	반완	하다
반우주	반	우주
반유대주의	반	^유대	주의
반음계	반	음계
반응물질	반응	물질
반응시키다	한자 反應.	시키다
반이하다	반이	하다
반일주기	반일	주기
반입하다	반입	하다
반자성	반	자성
반작거리다	반작	거리다
반작대다	반작	대다
반작용	반	작용
반전바람	반전	바람
반전시키다	한자 反轉.	시키다
반전하다	반전	하다
반절	한자 半.	절
반제국주의	반	제국주의
반제품	반제	품
반조하다	반조	하다
반주악기	반주	악기
반주하다	반주	하다
반죽기	반죽	한자 機.
반죽물	반죽	물
반중력	반	중력
반중성자	반	중성자
반증하다	반증	하다
반지름	반	지름
반직하다	반직	하다
반짇고리	반짇	고리
반질거리다	반질	거리다
반질대다	반질	대다
반질반질	반질	반질
반집	한자 半.	집
반짝거리다	반짝	거리다
반짝대다	반짝	대다
반짝이다	반짝	이다
반쪽	반	쪽
반첩하다	반첩	하다
반체제	반	체제
반추하다	반추	하다
반출하다	반출	하다
반취하다	반취	하다
반칙하다	반칙	하다
반탁하다	반탁	하다
반파하다	반파	하다
반팔	반	팔
반포하다	반포	하다
반품하다	반품	하다
반하다	반	하다
반함하다	반함	하다
반항적	반항	적
반행하다	반행	하다
반호하다	반호	하다
반혼하다	반혼	하다
반환하다	반환	하다
받아들이다	받아	들이다
받침법	받침	법
받침소리	받침	소리
발가락	발	ㅅ	가락
발간하다	발간	하다
발걸음	발	걸음
발견되다	발견	되다
발견하다	발견	하다
발광 다이오드	발광	다이오드
발광도료	발광	도료
발광민대구	발광	민	대구
발광체	발광	체
발광하다	발광	하다
발굴하다	발굴	하다
발굽	발	굽
발그대대하다	발그대대	하다
발그댕댕하다	발그댕댕	하다
발그무레하다	발그무레	하다
발그속속하다	발그속속	하다
발긋하다	발긋	하다
발기부전	발기	부전
발기하다	발기	하다
발길	발	길
발깍거리다	발깍	거리다
발깍대다	발깍	대다
발꿈치	발	꿈치
발끈거리다	발끈	거리다
발끈대다	발끈	대다
발끝차기	발끝	차기
발달하다	발달	하다
발동하다	발동	하다
발뒤꿈치	발	뒤꿈치
발뒤축차기	발	뒤축	차기
발등	발	ㅅ	등
발등바깥차기	발등	바깥	차기
발등안쪽몰기	발등	안쪽	몰기 < 몰다
발딱거리다	발딱	거리다
발딱대다	발딱	대다
발딱이다	발딱	이다
발뜨 해	영어 Baltic sea > 발뜨	해
발랄하다	발랄	하다
발랑거리다	발랑	거리다
발랑대다	발랑	대다
발랑발랑	발랑	발랑
발레아레스 제도	발레아레스	제도
발령하다	발령	하다
발록거리다	발록	거리다
발록대다	발록	대다
발록이다	발록	이다
발롱거리다	발롱	거리다
발롱대다	발롱	대다
발루치어	발루치	어
발룽거리다	발룽	거리다
발룽대다	발룽	대다
발름거리다	발름	거리다
발름대다	발름	대다
발름이다	발름	이다
발름하다	발름	하다
발명되다	발명	되다
발명품	발명	품
발명하다	발명	하다
발목	발	목
발목뼈	발목	뼈
발밑	발	밑
발바닥	발	바닥
발바리	발발	이
발발거리다	발발	거리다
발발대다	발발	대다
발버둥	발	버둥
발병	발	ㅅ	병
발병하다	발병	하다
발본색원	발본	색원
발본하다	발본	하다
발볼록살	발	볼록	살
발부되다	발부	되다
발사하다	발사	하다
발생하다	발생	하다
발설하다	발설	하다
발성하다	발성	하다
발소리	발	ㅅ	소리
발송하다	발송	하다
발신하다	발신	하다
발싸개	발	싸	개
발씬거리다	발씬	거리다
발씬대다	발씬	대다
발아하다	발아	하다
발악하다	발악	하다
발안하다	발안	하다
발야구	발	야구
발연기	발	연기
발열하다	발열	하다
발원지	발원	지
발원하다	발원	하다
발육하다	발육	하다
발음하다	발음	하다
발의하다	발의	하다
발이 넓다	발	이	넓다
발인하다	발인	하다
발자국	발	자국
발자욱	발	자욱
발자취	발	자취
발작하다	발작	하다
발전되다	발전	되다.
발전소	발전	소
발전하다	발전	하다.
발정하다	발정	하다
발주하다	발주	하다
발짝	발	짝
발짝거리다	발짝	거리다
발짝대다	발짝	대다
발쪽거리다	발쪽	거리다
발쪽대다	발쪽	대다
발쪽하다	발쪽	하다
발차하다	발차	하다
발치	발	치
발치하다	발치	하다
발칙하다	발칙	하다
발카르인	발카르	인
발칵거리다	발칵	거리다
발칵대다	발칵	대다
발컨	발	컨트롤
발탁하다	발탁	하다
발톱	발	톱
발트해	발트	해
발파하다	발파	하다
발포하다	발포	하다
발표하다	발표	하다
발하다	발	하다
발행하다	발행	하다
발현하다	발현	하다
발화하다	발화	하다
발효빵	발효	빵
발효하다	발효	하다
밝아지다	밝다	지다
밝은	밝다	은
밝은띠 에코	밝다	ㄴ	띠	에코 < 영어 echo
밝을녘	밝	을	녘
밝음	밝다	음
밞아달리기	밞아	달리기
밤공기	밤	공기
밤공포증	밤	공포증
밤꽃	밤	꽃
밤나무	밤	나무
밤낮	밤	낮
밤눈	밤	눈
밤늦은	밤늦다	은
밤늦음	밤늦다	음
밤동물	밤	동물
밤바다	밤	바다
밤바람	밤	바람
밤비	밤	ㅅ	비
밤빵	밤	빵
밤사이	밤	사이
밤살이동물	밤살이	동물
밤새	밤	새
밤색	밤	색
밤송이	밤	송이
밤알	밤	알
밤일	밤	일
밤잠	밤	잠
밤중	밤	중
밤톨	밤	톨
밤하늘	밤	하늘
밥감주	밥	감주
밥값	밥	값
밥공기	밥	공기
밥공장	밥	공장
밥곽	밥	곽
밥구멍	밥	구멍
밥그릇	밥	그릇
밥길	밥	길
밥도둑	밥	도둑
밥때	밥	때
밥맛	밥	맛
밥벌레	밥	벌레
밥벌이	밥	벌이
밥상	밥	상
밥상칼	밥상	칼
밥솥	밥	솥
밥술	밥	술
밥알	밥	알
밥자루	밥	자루
밥조개	밥	조개
밥주걱	밥	주걱
밥줄	밥	줄
밥집	밥	집
밥통	밥	통
밥판	밥	판
밥풀강정	밥풀	강정
밥풀과자	밥풀	과자
밥하다	밥	하다
밧줄	바	ㅅ	줄
방거두매	방	거두다 > 거두매
방광경	방광	경
방광하다	방광	하다
방귀 쿠션	방귀	쿠션
방글거리다	방글	거리다
방글대다	방글	대다
방긋거리다	방긋	거리다
방긋대다	방긋	대다
방기하다	방기	하다
방끗거리다	방끗	거리다
방끗대다	방끗	대다
방념하다	방념	하다
방뇨하다	방뇨	하다
방달하다	방달	하다
방대하다	방대	하다
방독하다	방독	하다
방랑하다	방랑	하다
방렬하다	방렬	하다
방류하다	방류	하다
방면하다	방면	하다
방목하다	방목	하다
방문	방	문
방문자	방문	자
방문하다	방문	하다
방바닥	방	바닥
방법론	방법	론
방비	방	비
방비하다	방비	하다
방사능	방사	능
방사상	방사	상
방사성	방사	성
방사형	방사	형
방생하다	방생	하다
방석집	방석	집
방송되다	방송	되다
방송망	방송	망
방송사	방송	사
방송실	방송	실
방송하다	방송	하다
방수동맹	방수	동맹
방수하다	방수	하다
방실거리다	방실	거리다
방실대다	방실	대다
방심하다	방심	하다
방싯거리다	방싯	거리다
방싯대다	방싯	대다
방아꾼	방아	꾼
방아잎	방아	잎
방앗간	방아	ㅅ	간
방약무인하다	방약무인	하다
방어동맹	방어	동맹
방어율	방어	율
방어하다	방어	하다
방역하다	방역	하다
방열하다	방열	하다
방영하다	방영	하다
방울방울	방울	방울
방울뱀	방울	뱀
방울새	방울	새
방울새풀	방울새	풀
방위하다	방위	하다
방일하다	방일	하다
방임하다	방임	하다
방자하다	방자	하다
방재기간	방재	기간
방적하다	방적	하다
방정맞다	방정	맞다
방정식	방정	식
방조하다	방조	하다
방증하다	방증	하다
방지책	방지	책
방지하다	방지	하다
방청하다	방청	하다
방출복사	방출	복사
방치하다	방치	하다
방탄복	방탄	복
방패연잎성게	방패	연잎성게
방풍대	방풍	대
방학하다	방학	하다
방한구	한자 防寒具. < 방한	구
방한모	방한	모
방한하다	방한	하다
방해꾼	방해	꾼
방해하다	방해	하다
방향각	방향	각
방향키	방향	키
방화문	방화	문
방화하다	방화	하다
방황하다	방황	하다
밭재	밭	재
밭주인	밭	주인
밭쥐	밭	쥐
배가하다	배가	하다
배격하다	배격	하다
배경복사	배경	복사
배경오염	배경	오염
배고프다	배	고프다
배고픔	배고프	ㅁ
배관공	배관	공
배교하다	배교	하다
배구공	배구	공.
배구하다	배구	하다
배급소	배급	소
배급처	배급	처
배급품	배급	품
배꼽	배	꼽
배꼽시계	배꼽	시계
배꼽티	배꼽	티
배꽃	배	꽃
배뇨하다	배뇨	하다
배다리	배	다리
배달하다	배달	하다
배듬하다	배듬	하다
배딱거리다	배딱	거리다
배딱대다	배딱	대다
배때기	배	때기
배리짝하다	배리짝	하다
배리착지근하다	배리착지근	하다
배반자	배반	자
배반하다	배반	하다
배벽반사	배	벽	반사
배변하다	배변	하다
배부르다	배	부르다
배부름	배부르다 > 배부르	ㅁ
배부하다	배부	하다
배분하다	배분	하다
배상하다	배상	하다
배서하다	배서	하다
배석하다	배석	하다
배설물	배설	물
배속하다	배속	하다
배송하다	배송	하다
배스듬하다	배스듬	하다
배스름하다	배스름	하다
배슥거리다	배슥	거리다
배슥대다	배슥	대다
배슥하다	배슥	하다
배슬거리다	배슬	거리다
배슬대다	배슬	대다
배슷하다	배슷	하다
배식하다	배식	하다
배신자	배신	자
배신하다	배신	하다
배심원	배심	원
배심하다	배심	하다
배알하다	배알	하다
배양하다	배양	하다
배우자	배우	자
배움나들이	배우다 > 배움	나들이
배은망덕	배은	망덕
배은망덕하다	배은망덕	하다
배임하다	배임	하다
배점하다	배점	하다
배접하다	배접	하다
배정하다	배정	하다
배차하다	배차	하다
배착지근하다	배착지근	하다
배총	배	총
배추김치	배추	김치
배출풍	배출	풍
배출하다	배출	하다
배춧국	배추	ㅅ	국
배치작거리다	배치작	거리다
배치작대다	배치작	대다
배칠거리다	배칠	거리다
배칠대다	배칠	대다
배타적	배타	적
배타주의	배타	주의
배탈	배	탈
배태하다	배태	하다
배틀거리다	배틀	거리다
배틀대다	배틀	대다
배편	배	편
배포하다	배포	하다
배합비료	배합	비료
배향하다	배향	하다
배화교	배화	교
배회하다	배회	하다
백 퍼센트	백	퍼센트
백과사전	백과	사전
백날기침	백	날	기침
백년해로	백년	해로
백당나무	백당	나무
백두산고기압	백두산	고기압
백두산뒤쥐	^백두산	뒤쥐
백두산호랑이	백두산	호랑이
백러시아	백	^러시아
백련어	백련	어
백로씨야	백	^로씨야
백발백중하다	백발백중	하다
백보지	백	보지
백분비	백분	비
백분율	백분	율
백상아리	백	상아리
백설탕	백	설탕
백수건달	백수	건달
백악기	백악	기
백억화신	백억	화신
백열등	백열	등
백열적	백열	적
백엽상온도	백엽상	온도
백운산어	백운산	어
백운산원추리	백운산	원추리
백의종군하다	백의종군	하다
백일몽	백일	몽
백일잔치	백일	잔치
백전백승하다	백전백승	하다
백중사리	백중	사리
백째	백	째
백포도주	백	포도주
백합나무	백합	나무
백향과잼	백향과	잼
백혈병	백혈	병
백호두나무	백호두	나무
밴대보지	밴대	보지
밴대질	밴대	질
밴대질하다	밴대질	하다
뱀딸기	뱀	딸기
뱀머리돌고래	뱀	머리	돌고래
뱀상어	뱀	상어
뱀술	뱀	술
뱀잡이수리	뱀	잡이	수리
뱀장어	뱀	장어
뱃길	배	ㅅ	길
뱃머리	배	ㅅ	머리
뱃사람	배	ㅅ	사람
뱅글거리다	뱅글	거리다
뱅글대다	뱅글	대다
뱅긋거리다	뱅긋	거리다
뱅긋대다	뱅긋	대다
뱅끗거리다	뱅끗	거리다
뱅끗대다	뱅끗	대다
뱅뱅	뱅	뱅
뱅실거리다	뱅실	거리다
뱅실대다	뱅실	대다
버개다리	버개	다리
버거덕거리다	버거덕	거리다
버거덕대다	버거덕	대다
버걱거리다	버걱	거리다
버걱대다	버걱	대다
버그러뜨리다	버그러	뜨리다
버그러트리다	버그러	트리다
버근거리다	버근	거리다
버근대다	버근	대다
버글거리다	버글	거리다
버글대다	버글	대다
버둥거리다	버둥	거리다
버둥대다	버둥	대다
버들가지	버들	가지
버들거리다	버들	거리다
버들대다	버들	대다
버들매치	버들	매치
버들붕어	버들	붕어
버듬하다	버듬	하다
버럭버럭	버럭	버럭
버르적거리다	버르적	거리다
버르적대다	버르적	대다
버릇없다	버릇	없다
버릊거리다	버릊	거리다
버릊대다	버릊	대다
버릊버릊하다	버릊버릊	하다
버마어	^버마	어
버마재비	범	아재비
버뮤다 제도	버뮤다	제도
버벅거리다	버벅	거리다
버벅대다	버벅	대다
버블티	버블	티
버빗원숭이	vervet	원숭이
버서석거리다	버서석	거리다
버서석대다	버서석	대다
버석거리다	버석	거리다
버석대다	버석	대다
버섯구름	버섯	구름
버스럭거리다	버스럭	거리다
버스럭대다	버스럭	대다
버썩거리다	버썩	거리다
버썩대다	버썩	대다
버적거리다	버적	거리다
버적대다	버적	대다
버정거리다	버정	거리다
버정대다	버정	대다
버정이다	버정	이다
버즘나무	버즘	나무
버지니아 연방	^버지니아	연방
벅벅거리다	벅벅	거리다
벅벅대다	벅벅	대다
벅신거리다	벅신	거리다
벅신대다	벅신	대다
벅신벅신	벅신	벅신
벅신벅신하다	벅신벅신	하다
벅적거리다	벅적	거리다
벅적대다	벅적	대다
벅적벅적하다	벅적벅적	하다
벅적이다	벅적	이다
번갈다	번	갈다
번개방전	번개	방전
번개힘	번개	힘
번갯불	번개	ㅅ	불
번거롭다	번거	롭다
번둥거리다	번둥	거리다
번둥대다	번둥	대다
번드레하다	번드레	하다
번득거리다	번득	거리다
번득대다	번득	대다
번들거리다	번들	거리다
번들대다	번들	대다
번들하다	번들	하다
번뜩거리다	번뜩	거리다
번뜩대다	번뜩	대다
번뜩이다	번뜩	이다
번뜻거리다	번뜻	거리다
번뜻대다	번뜻	대다
번번이	번번	이
번분수	번	분수
번식기관	번식	기관
번역가	번역	가
번역기	번역	기
번역되다	번역	되다.
번역문학	번역	문학
번역하다	번역	하다.
번연개오	번연	개오
번영하다	번영	하다
번적거리다	번적	거리다
번적대다	번적	대다
번죽거리다	번죽	거리다
번죽대다	번죽	대다
번지레하다	번지레	하다
번질거리다	번질	거리다
번질대다	번질	대다
번째	번	째
번쩍거리다	번쩍	거리다
번쩍대다	번쩍	대다
번창하다	번창	하다
번트하다	번트	하다.
번화가	번화	가
번화하다	번화	하다
벌개미취	벌	개미	취
벌거벗다	벌거	벗다
벌그데데하다	벌그데데	하다
벌그뎅뎅하다	벌그뎅뎅	하다
벌그죽죽하다	벌그죽죽	하다
벌꺽거리다	벌꺽	거리다
벌꺽대다	벌꺽	대다
벌끈거리다	벌끈	거리다
벌끈대다	벌끈	대다
벌넣기	벌	넣기
벌떡거리다	벌떡	거리다
벌떡대다	벌떡	대다
벌렁거리다	벌렁	거리다
벌렁대다	벌렁	대다
벌룩거리다	벌룩	거리다
벌룩대다	벌룩	대다
벌룩벌룩	벌룩	벌룩
벌룽거리다	벌룽	거리다
벌룽대다	벌룽	대다
벌름거리다	벌름	거리다
벌름대다	벌름	대다
벌름이다	벌름	이다
벌매	벌	매
벌물	벌	물
벌벌거리다	벌벌	거리다
벌벌대다	벌벌	대다
벌새	벌	새
벌씬거리다	벌씬	거리다
벌씬대다	벌씬	대다
벌이	벌	이
벌이하다	벌이	하다
벌잡이새	벌	잡이	새
벌주다	벌	주다
벌집	벌	ㅅ	집
벌쩍거리다	벌쩍	거리다
벌쩍대다	벌쩍	대다
벌쭉거리다	벌쭉	거리다
벌쭉대다	벌쭉	대다
벌차기	벌	차기
벌침	벌	침
벌컥거리다	벌컥	거리다
벌컥대다	벌컥	대다
벌통	벌	통
범고래	범	고래
범노래미	범	노래미
범돔	범	돔
범무늬도롱뇽	범	무늬	도롱뇽
범법자	범법	자
범상하다	범상	하다
범속하다	범속	하다
범용하다	범용	하다
범죄소설	범죄	소설
범죄인	범죄	인
범죄자	범죄	자
범죄현장	범죄	현장
범행하다	범행	하다
법률심	법률	심
법인 카드	법인	카드
법제처	법제	처
법하다	법	하다
법화경	법화	경
벗기다	벗다	기
벗나무	벗	나무
벙글거리다	벙글	거리다
벙글대다	벙글	대다
벙긋거리다	벙긋	거리다
벙긋대다	벙긋	대다
벙끗거리다	벙끗	거리다
벙끗대다	벙끗	대다
벙끗하다	벙끗	하다
벙벙하다	벙벙	하다
벙실거리다	벙실	거리다
벙실대다	벙실	대다
벙싯거리다	벙싯	거리다
벙싯대다	벙싯	대다
벚꽃	벚	꽃
벚꽃뱅어	벚꽃	뱅어
벚꽃색	벚꽃	색
벚나무	벚	나무
벚잎꽃사과나무	벚	잎	꽃사과나무
베나르 세포	베나르	세포
베레모	베레	모
베르데갑	베르데	^갑
베슥거리다	베슥	거리다
베슥대다	베슥	대다
베슬거리다	베슬	거리다
베슬대다	베슬	대다
베이지색	베이지	색
베이징원인	베이징	원인
베트남 전쟁	^베트남	전쟁
베트남메기	베트남	메기
베트남어	^베트남	어
베트남인	베트남	인
베틀	베	틀
벤 다이어그램	벤	다이어그램
벨기에인	벨기에	인
벨라루스어	^벨라루스	어
벨소리	벨	소리
벳질	벳	질
벵골어	^벵골	어
벼농사	벼	농사
벼락촉	벼락	촉
벼랑오르기	벼랑	오르기 < 오르다
벼룩시장	벼룩	시장
벼룻물	벼루	ㅅ	물
벼메뚜기	벼	메뚜기
벼슬하다	벼슬	하다
벽게전화기	한자 壁揭電話機. < 벽	게	전화기
벽돌	벽	돌
벽돌색	벽돌	색
벽돌집	벽돌	집
벽전화기	벽	전화기
벽치기	벽	치기
변덕날씨	변덕	날씨
변론하다	변론	하다
변리사	변리	사
변말	변	말
변박하다	변박	하다
변변찮다	변변하다 > 변변하지 > 변변치	않다
변비하다	변비	하다
변산바람꽃	변산	바람꽃
변상하다	변상	하다
변색하다	변색	하다
변성암	변성	암
변속하다	변속	하다
변신술	변신	술
변심하다	변심	하다
변압풍	변압	풍
변온 동물	변온	동물
변이음	한자 變異音. < 변	이음
변이하다	변이	하다
변장하다	변장	하다
변제하다	변제	하다
변주곡	변주	곡
변증법	변증	법
변증하다	변증	하다
변질하다	변질	하다
변태심리	변태	심리
변통하다	변통	하다
변하다	변	하다
변한	변	한
변함없다	변함	없다
변혁하다	변혁	하다
변형 생성 문법	변형	생성	문법
변형하다	변형	하다
변호사	변호	사
변호하다	변호	하다
변화하다	변화	하다
변환하다	변환	하다
별거하다	별거	하다
별구름	별	구름
별꽃아재비	별	꽃	아재비
별나라	별	나라
별따기	별	따기
별똥만발	별똥	만발
별똥별	별똥	별
별로	별	로
별말	별	말
별말씀	별	말씀
별맛	별	맛
별무늬	별	무늬
별무리	별	무리
별바다	별	바다
별밤	별	밤
별빛	별	빛
별선두리왕나비	별	선	두리	왕나비
별세하다	별세	하다
별숲	별	숲
별안간	별안	간
별일	별	일
별자리	별	자리
별찌	별	찌
볍씨	벼	씨 < 벼ㅂㅅㅣ
볏섬	벼	ㅅ	섬
볏짚	벼	ㅅ	짚
병기창	병기	창
병따개	병	따개.
병리학	병리	학
병아리콩	병아리	콩
병약하다	병약	하다
병역명문가	병역	명문가
병정개미	병정	개미
병합과정	병합	과정
병합설	병합	설
보각거리다	보각	거리다
보각대다	보각	대다
보검선인장	보검	선인장
보격조사	보격	조사
보고하다	보고	하다
보관하다	보관	하다
보글거리다	보글	거리다
보글대다	보글	대다
보급소	보급	소
보답하다	보답	하다
보도독거리다	보도독	거리다
보도독대다	보도독	대다
보도하다	보도	하다
보동보동	보동	보동
보드득거리다	보드득	거리다
보드득대다	보드득	대다
보드등거리다	보드등	거리다
보드등대다	보드등	대다
보드라운	보드랍다	ㄴ
보드라움	보드랍다	ㅁ
보득거리다	보득	거리다
보득대다	보득	대다
보따리	보	따리
보라매	보라	매
보라문어	보라	문어
보라색	보라	색
보라털	보라	털
보람줄	보람	줄
보람찬	보람차다	ㄴ
보람참	보람차다	ㅁ
보로어	보로	어
보로통하다	보로통	하다
보류하다	보류	하다
보름날	보름	날
보름달	보름	ㅅ	달
보리고래	보리	고래
보리농사	보리	농사
보리막걸리	보리	막걸리
보리밥	보리	밥
보리수나무	보리수	나무
보리술	보리	술
보리숭늉	보리	숭늉
보리쌀	보리	쌀
보리차	보리	차
보릿가을	보리	ㅅ	가을
보릿고개	보리	ㅅ	고개
보물섬	보물	섬
보물찾기	보물	찾기
보복하다	보복	하다
보사삭거리다	보사삭	거리다
보사삭대다	보사삭	대다
보사삭보사삭	보사삭	보사삭
보사삭보사삭하다	보사삭보사삭	하다
보삭거리다	보삭	거리다
보삭대다	보삭	대다
보삭보삭	보삭	보삭
보삭하다	보삭	하다
보상가격	보상	가격
보상하다	보상	하다
보석금	보석	금
보석하다	보석	하다
보수적	보수	적
보스니아어	보스니아	어
보스락거리다	보스락	거리다
보스락대다	보스락	대다
보스전	보스	전
보슬거리다	보슬	거리다
보슬대다	보슬	대다
보신탕	보신	탕
보신하다	보신	하다
보싹거리다	보싹	거리다
보싹대다	보싹	대다
보쌈김치	보쌈	김치
보얀목	보얗다 > 보얀	목
보온밥통	보온	밥통
보온병	보온	병
보완하다	보완	하다
보유되다	보유	되다
보유하다	보유	하다
보이다	보다	이
보이콧하다	보이콧	하다.
보일 샤를의 법칙	보일 샤를	의	법칙
보일의 법칙	보일	의	법칙
보자기	보	자기
보잘것없는	보잘것없다	는
보잘것없다	보	자	하	ㄹ	것	없	다
보장하다	보장	하다
보조 용언	보조	용언
보조 형용사	보조	형용사
보조개	볼	조개
보조관측	보조	관측
보조기상관측소	보조	기상	관측소
보조동사	보조	동사
보조사	한자 補助詞. > 보	조사
보조일기도	보조	일기도
보조하다	보조	하다
보존하다	보존	하다
보증금	보증	금
보증수표	보증	수표
보증인	보증	인
보증하다	보증	하다
보청기	보청	기
보태기	보태다 > 보태	기
보탬각	보탬	각
보통기후관측소	보통	기후	관측소
보퍼트풍력계급	보퍼트	풍력	계급
보편적	보편	적
보행하다	보행	하다
보호 테이프	보호	테이프
보호금	보호	금
보호림	보호	림
보호하다	보호	하다
복강동맥	복강	동맥
복관절	복	관절
복닥거리다	복닥	거리다
복닥대다	복닥	대다
복닥복닥	복닥	복닥
복막임신	복막	임신
복모음	복	모음
복복	복	복
복복거리다	복복	거리다
복복대다	복복	대다
복분자딸기	복분자	딸기
복붙하다	복붙	하다
복사강도	복사	강도
복사꽃	복사	꽃
복사나무	복사	나무
복사냉각	복사	냉각
복사법칙	복사	법칙
복사뼈	복사	뼈
복사안개	복사	안개
복사에너지	복사	에너지 < 영어 energy
복사역전	복사	역전
복사하다	복사	하다
복선궤도	복선	궤도
복소수	복	소수
복소평면	복소	평면
복수투표	복수	투표
복수하다	복수	하다
복수환율	복수	환율
복숭아뼈	복숭아	뼈
복숭아잼	복숭아	잼
복습하다	복습	하다
복식부기	복식	부기
복싱 선수	복싱	선수
복어	복	어
복엽비행기	복엽	비행기
복용하다	복용	하다
복자방	복	자방
복자음	복	자음
복작거리다	복작	거리다
복작대다	복작	대다
복작이다	복작	이다
복잡다단하다	복잡다단	하다
복잡하다	복잡	하다
복종하다	복종	하다
복합 대명사	복합	대명사
복합 명사	복합	명사
복합 조사	복합	조사
복합되다	복합	되다
복합어	복합	어
복합적개념	복합적	개념
볶음	볶	음
볶음밥	볶음	밥
볶이	볶—	이
본격적	본격	적
본동사	본	동사
본딴말	본	따다 > 딴	말
본때	본	때
본뜨다	본	뜨다
본뜻	본	뜻
본마음	본	마음
본말	본	말
본밑	본	밑
본바닥	본	바닥
본바탕	본	바탕
본받다	본	받다
본보기	본	보기
본보다	본	보다
본새	본	새
본이름	본	이름
본정신	본	정신
본질적	본질	적
본집	본	집
본채	본	채
본토박이	본토	박이
볼각거리다	볼각	거리다
볼각대다	볼각	대다
볼강거리다	볼강	거리다
볼강대다	볼강	대다
볼그족족하다	볼그족족	하다
볼근거리다	볼근	거리다
볼근대다	볼근	대다
볼기짝	볼기	짝
볼끈거리다	볼끈	거리다
볼끈대다	볼끈	대다
볼따구니	볼	따구니
볼때기	볼	때기
볼똑거리다	볼똑	거리다
볼똑대다	볼똑	대다
볼똥거리다	볼똥	거리다
볼똥대다	볼똥	대다
볼록거리다	볼록	거리다
볼록거울	볼록	거룰
볼록대다	볼록	대다
볼록이다	볼록	이다
볼륨감	볼륨	감
볼링공	볼링	공
볼만하다	볼만	하다
볼메다	볼	메다
볼멘소리	볼멘	소리
볼쏙거리다	볼쏙	거리다
볼쏙대다	볼쏙	대다
볼우물	볼	우물
볼웃음	볼	웃음
볼일	볼	일
볼칵거리다	볼칵	거리다
볼칵대다	볼칵	대다
볼칵볼칵	볼칵	볼칵
볼통거리다	볼통	거리다
볼통대다	볼통	대다
볼펜	볼	펜 < 영어 ballpen
봄가물	봄	가물
봄가뭄	봄	가뭄
봄갈이	봄	갈이
봄기운	봄	기운
봄나물	봄	나물
봄날	봄	날
봄날씨	봄	날씨
봄눈	봄	눈
봄동	봄	동
봄맞이	봄	맞이
봄맞이꽃	봄맞이	꽃
봄바람	봄	바람
봄밤	봄	밤
봄보리	봄	보리
봄비	봄	비
봄빛	봄	빛
봄철	봄	철
봄추위	봄	추위
봇물	보	ㅅ	물
봇짐	보	ㅅ	짐
봇짐장사	봇짐	장사
봉건제도	봉건	제도
봉기하다	봉기	하다
봉납하다	봉납	하다
봉리수	봉리	수
봉봉	봉	봉
봉봉거리다	봉봉	거리다
봉봉대다	봉봉	대다
봉사하다	봉사	하다
봉송하다	봉송	하다
봉인하다	봉인	하다
봉작하다	봉작	하다
봉정하다	봉정	하다
봉직하다	봉직	하다
봉착하다	봉착	하다
봉축하다	봉축	하다
봉하다	봉	하다
봉함하다	봉함	하다
봉합하다	봉합	하다
봉헌하다	봉헌	하다
봉홧둑	봉화 ㅅ	둑
봉홧불	봉화	ㅅ	불
봉황새	봉황	새
뵘석	뵘	석
부가적	부가	적
부걱거리다	부걱	거리다
부걱대다	부걱	대다
부결하다	부결	하다
부글거리다	부글	거리다
부글대다	부글	대다
부기압골	부	기압	골
부기압마루	부	기압	마루
부끄러움	부끄러워하다 > 부끄러우	ㅁ
부끄러워하다	부끄러워	하다
부나비	불	나비
부날	불	날
부녀자	부녀	자
부담하다	부담	하다
부대찌개	부대	찌개
부도덕	부	도덕
부두둑거리다	부두둑	거리다
부두둑대다	부두둑	대다
부둣가	부두	ㅅ	가
부둥키다	붙	움키다
부드득거리다	부드득	거리다
부드득대다	부드득	대다
부드등거리다	부드등	거리다
부드등대다	부드등	대다
부드러운	부드럽다	ㄴ
부드러움	부드럽다	ㅁ
부득거리다	부득	거리다
부득대다	부득	대다
부득부득하다	부득부득	하다
부들거리다	부들	거리다
부들대다	부들	대다
부딪뜨리다	부딪	뜨리다
부딪치다	부딪다	치
부딪트리다	부딪	트리다
부러뜨리다	부러	뜨리다
부러움	부럽	음
부러워하다	부럽다 > 부러워	하다
부러트리다	부러	트리다
부럼없다	부럼	없다
부레풀	부레	풀
부려먹다	부리다	먹다
부르릉거리다	부르릉	거리다
부르릉대다	부르릉	대다
부른	부르다	ㄴ
부름	부르	ㅁ
부름말	부름	말
부릉거리다	부릉	거리다
부릉대다	부릉	대다
부리고래	부리	고래
부리나케	불	이	나게 < 나다
부리망	부리	망
부먹파	부먹	파
부모님	부모	님
부배합	부	배합
부분적	부분	적
부분집합	부분	집합
부분해가림	부분	해	가리다 > 가림
부분흐림	부분	흐림
부사형	부사	형
부산광역시	부산	광역시
부삽	부	삽
부서뜨리다	부서	뜨리다
부서석거리다	부서석	거리다
부서석대다	부서석	대다
부서석부서석	부서석	부서석
부서트리다	부서	트리다
부석거리다	부석	거리다
부석대다	부석	대다
부속 성분	부속	성분
부수뜨리다	부수	뜨리다
부수트리다	부수	트리다
부스러뜨리다	부스러	뜨리다
부스러트리다	부스러	트리다
부스럭거리다	부스럭	거리다
부스럭대다	부스럭	대다
부슬거리다	부슬	거리다
부슬대다	부슬	대다
부식질	한자 腐殖質. < 부식	질
부식하다	부식	하다
부싯돌	부시	ㅅ	돌
부썩거리다	부썩	거리다
부썩대다	부썩	대다
부아통	부아	통
부안종개	^부안	종개
부엉이	부엉	이
부엌데기	부엌	데기
부엌칼	부엌	칼
부여하다	부여	하다
부연하다	부연	하다
부유하다	부유	하다
부응하다	부응	하다
부인되다	부인	되다
부인하다	부인	하다
부임하다	부임	하다
부자연	부	자연
부자연스럽다	부자연	스럽다
부자집	부자	집
부잣집	부자	ㅅ	집
부장님 개그	부장	님	개그
부재자	부재	자
부저기압	부	저기압
부정 부사	부정	부사
부정관사	부정	관사
부정되다	부정	되다
부정적	부정	적
부정하다	부정	하다
부조일수	부조	일	수
부족하다	부족	하다
부주의하다	부주의	하다
부지런하다	부지런	하다
부지런히	부지런	히
부지직거리다	부지직	거리다
부지직대다	부지직	대다
부직거리다	부직	거리다
부직대다	부직	대다
부쩍부쩍	부쩍	부쩍
부착하다	부착	하다
부채꼴	부채	꼴
부채선인장	부채	선인장
부채잡이	부채	잡이
부처꽃	부처	꽃
부처님	부처	님
부처님 오신 날	부처님	오신	날
부침	부치	ㅁ
부탁하다	부탁	하다
부티	부	티
부패지수	부패	지수
부풀음감	부풀다	감
부피감	부피	감
부합되다	부합	되다
부합하다	부합	하다
부화하다	부화	하다
부활하다	부활	하다
부흥하다	부흥	하다
북고남저형	북고남저	형
북극곰	^북극	곰
북극권	북극	권
북극기단	북극	기단
북극여우	북극	여우
북극전선	북극	전선
북극해	북극	해
북녘	북	녘
북덕거리다	북덕	거리다
북덕대다	북덕	대다
북동무역풍	북동	무역풍
북마께도니아	북	^마께도니아
북마케도니아	북	^마케도니아
북반구	북	반구
북방긴수염고래	북방	긴	수염	고래
북방종개	북방	종개
북방중고기	북방	중고기
북방토끼	북방	토끼
북베트남	북	^베트남
북북	북	북
북북거리다	북북	거리다
북서계절풍	북서	계절풍
북숲쥐	북	숲	쥐
북아메리카	북	아메리카
북아시아	북	아시아
북아일랜드	북	아일랜드
북아프리카	북	^아프리카
북적거리다	북적	거리다
북적대다	북적	대다
북쪽	북	쪽
북채	북	채
북키프로스	북	^키프로스
북태평양고기압	북	태평양	고기압
북태평양기단	북태평양	기단
북한	북	한
북한말	^북한	말
북한어	북한	어
북해도	북해	도
분가하다	분가	하다
분간하다	분간	하다
분간휴식	분간	휴식
분개하다	분개	하다
분격하다	분격	하다
분골쇄신하다	분골쇄신	하다
분기충천하다	분기충천	하다
분꽃	분	꽃
분꽃나무	분꽃	나무
분납하다	분납	하다
분노하다	분노	하다
분단하다	분단	하다
분담하다	분담	하다
분도기	한자 分度器. < 분도	기
분류되다	분류	되다
분류하다	분류	하다
분리고기압	분리	고기압
분리기	분리	기
분리저기압	분리	저기압
분리하다	분리	하다
분립하다	분립	하다
분만하다	분만	하다
분말약	한자 粉末藥. < 가루	약
분망하다	분망	하다
분명히	분명	히
분문열호하다	분문열호	하다
분반하다	분반	하다
분배하다	분배	하다
분별하다	분별	하다
분부하다	분부	하다
분비나무	분비	나무
분비하다	분비	하다
분산매	분산	매
분석 철학	분석	철학
분석적	분석	적
분석하다	분석	하다
분쇄기	한자 粉碎機. < 분쇄	기
분쇄하다	분쇄	하다
분수령	분수	령
분승하다	분승	하다
분실하다	분실	하다
분양캐	분양	캐
분업화하다	분업화	하다
분자농도	분자	농도
분자동역학	분자	동역학
분장하다	분장	하다
분쟁하다	분쟁	하다
분전하다	분전	하다
분주하다	분주	하다
분철하다	분철	하다
분출하다	분출	하다
분크림	분	크림
분태기	분태	기
분투하다	분투	하다
분패하다	분패	하다
분포하다	분포	하다
분표하다	분표	하다
분할하다	분할	하다
분합하다	분합	하다
분향하다	분향	하다
분홍꼼치	분홍빛	꼼치
분홍바늘꽃	분홍	바늘꽃
분홍색	분홍	색
분화하다	분화	하다
불 보듯 뻔하다	불	보다	뻔하다, 한자성어 '명약관화'에서 유래
불가결 아미노산	불가결	아미노산
불가능	불	가능
불가능하다	불가능	하다
불가리아어	^불가리아	어
불가리아인	불가리아	인
불가사의하다	불가사의	하다
불가산명사	불가산	명사
불가피하다	불가피	하다
불가하다	불가	하다
불거웃	불	거웃
불걱거리다	불걱	거리다
불걱대다	불걱	대다
불겅대다	불겅	대다
불경기	불	경기
불고기	불	고기
불곰국	불곰	국#國
불교도	불교	도
불구자	불구	자
불구하다	불구	하다
불규칙	불	규칙
불규칙 동사	불규칙	동사
불규칙 활용	불규칙	활용
불규칙하다	불규칙	하다
불그뎅뎅하다	불그뎅뎅	하다
불근거리다	불근	거리다
불근대다	불근	대다
불길	불	ㅅ	길
불길하다	불길	하다
불꽃	불	꽃
불꽃놀이	불꽃	놀이
불끈거리다	불끈	거리다
불끈대다	불끈	대다
불끌탄	불	끄다 > 끌	탄
불닭	불	닭
불두덩	불	두덩
불뚱거리다	불뚱	거리다
불뚱대다	불뚱	대다
불란서어	불란서	어
불로초	불로	초
불룩거리다	불룩	거리다
불룩대다	불룩	대다
불막이벽	불	막다 > 막이	벽
불멍	불	멍
불모지	불모	지
불뱀	불	뱀
불법적	불법	적
불복하다	불복	하다
불빛	불	빛
불사르다	불	사르다
불상놈	불	상놈
불상사	불상	사
불소치약	불소	치약
불쌍하다	불쌍	하다 < 중세 한국어 블샹ᄒᆞ다
불쌍히	불쌍	히
불쑥거리다	불쑥	거리다
불쑥대다	불쑥	대다
불안정	불	안정
불안정대기	불안정	대기
불안정선	불안정	선
불안정지수	불안정	지수
불안정파	불안정	파
불안정하다	불안정	하다
불안하다	불안	하다
불알	불	알
불알친구	불알	친구
불여우	불	여우
불연속면	불	연속	면
불연속층	불	연속	층
불완전하다	불완전	하다
불운하다	불운	하다
불일치	불	일치
불일치하다	불일치	하다
불장난	불	장난
불쩍거리다	불쩍	거리다
불쩍대다	불쩍	대다
불참하다	불참	하다
불청객	한자 不請客. < 불청	객
불청불탁	불청	불탁
불충분하다	불충분	하다
불컥불컥	불컥	불컥
불쾌지수	불쾌	지수
불쾌하다	불쾌	하다
불쾌히	불쾌	히
불탈성	불	타다 > 탈	성
불투명	불	투명
불퉁거리다	불퉁	거리다
불퉁대다	불퉁	대다
불퉁하다	불퉁	하다
불편하다	불편	하다
불평하다	불평	하다
불포화	불	포화
불포화공기	불	포화	공기
불필요하다	불필요	하다
불행하다	불행	하다
불행히	불행	히
불현듯	불현	듯
불현듯이	불현	듯이
불화살	불	화살
붉가시나무	붉	가시나무
붉나무	붉	나무
붉은 군대	붉은	군대
붉은가슴울새	붉은	가슴	울새
붉은가슴흰꼬리딱새	붉은	가슴	흰	꼬리	딱새
붉은가슴흰죽지	붉은	가슴	흰죽지
붉은머리오목눈이	붉은	머리	오목눈이
붉은목지빠귀	붉은	목	지빠귀
붉은박쥐	붉은	박쥐
붉은발슴새	붉은	발	슴새
붉은배새매	붉은	배	새매
붉은부리갈매기	붉은	부리	갈매기
붉은부리흰죽지	붉은	부리	흰죽지
붉은뺨가마우지	붉은	뺨	가마우지
붉은사슴	붉은	사슴
붉은색	붉은	색
붉은솔개	붉은	솔개
붉은오름	붉은	오름
붉은왜가리	붉은	왜가리
붉은토끼풀	붉은	토끼풀
붉은파	붉은	파
붉은피알	붉다	피	알
붉은피톨	붉다	피	톨
붉은해오라기	붉은	해오라기
붉음	붉다	ㅁ
붓꽃	붓	꽃
붓순나무	붓순	나무
붕붕	붕	붕
붕붕거리다	붕붕	거리다
붕붕대다	붕붕	대다
붕어빵	붕어	빵
붕퉁뱅어	붕퉁	뱅어
붙들다	붙	들다
붙박다	붙	박다
붙박이별	붙박이	별
붙여넣기	붙이다	넣다
붙여쓰기	붙이다 > 붙여	쓰다 > 쓰	기
붙이다	붙	이
붙임표	붙임	표
붙잡다	붙	잡다
브라이드고래	^브라이드	고래
브라질인	브라질	인
브라후이어	영어 Brahui	어
브레통인	브레통	인
브뤼크너 주기	브뤼크너	주기
블랙타이거새우	블랙 타이거	새우
비겁하다	비겁	하다
비교급	비교	급
비교적	비교	적
비교하다	비교	하다
비구름	비	구름
비그늘	비	그늘
비근거리다	비근	거리다
비근대다	비근	대다
비금속	비	금속
비금속광택	비금속	광택
비꼬다	비	꼬다
비난하다	비난	하다
비누대	비누	대
비누통	비누	통
비눗물	비누	ㅅ	물
비눗방울	비누	ㅅ	방울
비늘흰발망둑	비늘	흰발망둑
비닐류	비닐	류
비닐봉지	비닐	봉지
비닐봉투	비닐	봉투
비단길	비단	ㅅ	길
비단마모셋	비단	마모셋
비단열과정	비	단열	과정
비단열변화	비	단열	변화
비단옷	비단	옷
비단잉어	비단	잉어
비단조개	비단	조개
비단털들쥐	비단	털	들쥐
비단털쥐	비단	털	쥐
비데오필림	비데오	필림
비둘기조롱이	비둘기	조롱이
비둘기콩	비둘기	콩
비듬	빗	ㅁ
비듬하다	비듬	하다
비딱거리다	비딱	거리다
비딱대다	비딱	대다
비뚜름하다	비뚜름	하다
비뚤어지다	비뚤	지다
비로소	비릇〮다〮	어〮
비론하다	비론	하다
비롯하다	비롯	하다
비리쩍하다	비리쩍	하다
비망록	비망	록
비무장	비	무장
비물	비	물
비밀번호	비밀	번호
비밀보장	비밀	보장
비바람	비	바람
비발산고도	비	발산	고도
비발산층	비	발산	층
비방하다	비방	하다
비범하다	비범	하다
비비적거리다	비비적	거리다
비비적대다	비비적	대다
비빔	비비다 > 비비	ㅁ
비빔냉면	비빔	냉면
비빔밥	비빔	밥
비산하다	비산	하다
비상구	비상	'출입구'를 뜻하는 접미사 구
비상식량	비상	식량
비상출구	비상	출구
비속어	비속	어
비술나무	비술	나무
비스듬하다	비스듬	하다
비스듬히	비스듬	히
비스름하다	비스름	하다
비슥거리다	비슥	거리다
비슥대다	비슥	대다
비슬거리다	비슬	거리다
비슬대다	비슬	대다
비습하다	비습	하다.
비슷비슷	비슷	비슷
비슷하다	비슷	하다
비싼	비싸다	ㄴ
비쌈	비싸다	ㅁ
비쓸거리다	비쓸	거리다
비쓸대다	비쓸	대다
비아냥거리다	비아냥	거리다
비아냥대다	비아냥	대다
비약하다	비약	하다
비열하다	비열	하다
비옷	비	옷
비우다	비다	우
비위난정하다	비위난정	하다
비유하다	비유	하다
비육불포하다	비육불포	하다
비육우	비육	우
비음화	비음	화
비읍 불규칙 활용	비읍	불규칙 활용
비읍시옷	비읍	시옷
비인간	비	인간
비인간적	비인간	적
비자나무	비자	나무
비잔티움 제국	^비잔티움	제국
비장하다	비장	하다
비전선 스콜선	비	전선	스콜	선
비정상	비	정상
비죽거리다	비죽	거리다
비죽대다	비죽	대다
비쭈기나무	비쭈기	나무
비쭉거리다	비쭉	거리다
비쭉대다	비쭉	대다
비참하다	비참	하다
비척거리다	비척	거리다
비척대다	비척	대다
비천하다	비천	하다
비치적거리다	비치적	거리다
비치적대다	비치적	대다
비칠거리다	비칠	거리다
비칠대다	비칠	대다
비탈도	비탈	도
비탈면	비탈	면
비틀거리다	비틀	거리다
비틀대다	비틀	대다
비파나무	비파	나무
비평하다	비평	하다
비표준어	비	표준어
비행구름	비행	구름
비행기	비행	기
비행기 모드	비행기	모드
비행기관측	비행기	관측
비행장 기상예보	비행장	기상	예보
비행장경보	비행장	경보
비행정보구역	비행	정보	구역
비형	비	형.
비활동전선	비활동	전선
빈곤하다	빈곤	하다
빈둥거리다	빈둥	거리다
빈둥대다	빈둥	대다
빈들거리다	빈들	거리다
빈들대다	빈들	대다
빈땅	비다	땅
빈말	빈	말
빈말하다	빈말	하다
빈발하다	빈발	하다
빈방	비다	방
빈배합	빈	배합
빈번하다	빈번	하다
빈번히	빈번	히
빈손	빈	손
빈축하다	빈축	하다
빈칸	비다	칸
빈터	비다	터
빈트후크	wind	hoek
빔	비ᅀᅳ다〮	우	ㅁ
빗각	빗	각
빗대다	빗	대다
빗발	비	ㅅ	발
빗발치다	빗발	치다
빗방울	비	ㅅ	방울
빗방울달	빗방울	달
빗살	빗	살
빗속	비	ㅅ	속
빗자루	비	ㅅ	자루
빗장뼈	빗장	뼈
빗줄기	비	ㅅ	줄기
빗질	빗	질
빗치	빛	이
빙결고도	빙결	고도
빙글거리다	빙글	거리다
빙글대다	빙글	대다
빙긋거리다	빙긋	거리다
빙긋대다	빙긋	대다
빙끗거리다	빙끗	거리다
빙끗대다	빙끗	대다
빙빙	빙	빙
빙빙거리다	빙빙	거리다
빙빙대다	빙빙	대다
빙산의 일각	빙산	의	일각
빙상관	빙상	관
빙상호케이	빙상	호케이
빙실거리다	빙실	거리다
빙실대다	빙실	대다
빙싯거리다	빙싯	거리다
빙싯대다	빙싯	대다
빙장어른	빙장	어른
빙정구름	빙정	구름
빙정설	빙정	설
빙정안개	빙정	안개
빙정핵	빙정	핵
빙정효과	빙정	효과
빙하기	빙하	기
빙하쥐	빙하	쥐
빙하학	한자 氷河學 < 빙하	학
빚음감	빚다	감
빛 현상	빛	현상
빛그림	빛	그림
빛깔	빛	깔
빛나다	빛	나다
빛발	빛	발
빛발치다	빛발	차다
빛살	빛	살
빛알	빛	알
빛줄기	빛	줄기
빠글거리다	빠글	거리다
빠글대다	빠글	대다
빠드득거리다	빠드득	거리다
빠드득대다	빠드득	대다
빠드름하다	빠드름	하다
빠듬하다	빠듬	하다
빠뜨리다	빠	뜨리다
빠르기	빠르	기
빠른	빠르다	ㄴ
빠른공때리기	빠르다 > 빠른	공	때리기
빠름	빠르다	ㅁ
빠삭하다	빠삭	하다
빠스꽈 섬	스페인어 Isla de Pascua > 빠스꽈	섬
빠스락대다	빠스락	대다
빠트리다	빠	트리다
빡작지근하다	빡작지근	하다
빤둥거리다	빤둥	거리다
빤둥대다	빤둥	대다
빤득거리다	빤득	거리다
빤득대다	빤득	대다
빤뜩거리다	빤뜩	거리다
빤뜩대다	빤뜩	대다
빤질거리다	빤질	거리다
빤질대다	빤질	대다
빤질빤질	빤질	빤질
빤질빤질하다	빤질빤질	하다
빨간	빨갛다	ㄴ
빨간불	빨간	불
빨간색	빨간	색
빨간약	빨간	약
빨감	빨갛다	ㅁ
빨강	빨갛다	ㅇ
빨그대대하다	빨그대대	하다
빨그레하다	빨그레	하다
빨대	빨	대
빨랑빨랑	빨랑	빨랑
빨래집게	빨래	집게
빨래통	빨래	통
빨래하다	빨래	하다
빨랫비누	빨래	ㅅ	비누
빨리	빠르—	이
빨리하다	빨리	하다
빵 부스러기	빵	부스러기
빵글거리다	빵글	거리다
빵글대다	빵글	대다
빵긋거리다	빵긋	거리다
빵긋대다	빵긋	대다
빵끗거리다	빵끗	거리다
빵끗대다	빵끗	대다
빵나무	빵	나무
빵빵	빵	빵
빵집	빵	집
빵터지다	빵	터지다
빼기	빼다 > 빼	기
빼기하다	빼기	하다
빼들다	빼	들다
빼딱거리다	빼딱	거리다
빼딱대다	빼딱	대다
빼먹다	빼	먹다
빼물다	빼	물다
빼빼하다	빼빼	하다
빼앗기기술	빼앗다 > 빼앗기	기술
빼어나다	빼어	나다
빼틀거리다	빼틀	거리다
빼틀대다	빼틀	대다
뺀질이	뺀질	이
뺄셈	뺄	셈
뺄셈하다	빼다 > 뺄	셈	하다
뺑글거리다	뺑글	거리다
뺑글대다	뺑글	대다
뺑긋거리다	뺑긋	거리다
뺑긋대다	뺑긋	대다
뺑끗거리다	뺑끗	거리다
뺑끗대다	뺑끗	대다
뺑뺑이	뺑뺑	이
뺑소니	뺑손	이
뺑소니치다	뺑소니	치다
뺑코	뺑	코
뺨따귀	뺨	따귀
뻐거덕대다	뻐거덕	대다
뻐글거리다	뻐글	거리다
뻐글대다	뻐글	대다
뻐꾸기	뻐꾹	이
뻐꾸기시계	뻐꾸기	시계
뻐끔살무사	뻐끔	살무사
뻑뻑	뻑	뻑
뻑적지근하다	뻑적지근	하다
뻔득거리다	뻔득	거리다
뻔득대다	뻔득	대다
뻔뜩거리다	뻔뜩	거리다
뻔뜩대다	뻔뜩	대다
뻔뻔스럽다	뻔뻔	스럽다
뻔뻔하다	뻔뻔	하다
뻔하다	뻔	하다
뻘건	뻘겋다	ㄴ
뻘검	뻘겋다	ㅁ
뻘그데데하다	뻘그데데	하다
뻘그스름하다	뻘그스름	하다
뻘그죽죽하다	뻘그죽죽	하다
뻘긋하다	뻘긋	하다
뻘끈거리다	뻘끈	거리다
뻘끈대다	뻘끈	대다
뻥글거리다	뻥글	거리다
뻥글대다	뻥글	대다
뻥긋거리다	뻥긋	거리다
뻥긋대다	뻥긋	대다
뻥끗거리다	뻥끗	거리다
뻥끗대다	뻥끗	대다
뻥치다	뻥	치다
뻥튀기	뻥	튀기
뼈다귀	뼈	다귀
뼈마디	뼈	마디
뼈마디염	뼈마디	염
뼈살촉	뼈	살촉
뼈아프다	뼈	아프다
뼈저린	뼈저리다	ㄴ
뼈해장국	뼈	해장국
뼛골	뼈	ㅅ	골
뽀글거리다	뽀글	거리다
뽀글대다	뽀글	대다
뽀도독거리다	뽀도독	거리다
뽀도독대다	뽀도독	대다
뽀드득거리다	뽀드득	거리다
뽀드득대다	뽀드득	대다
뽀드등거리다	뽀드등	거리다
뽀드등대다	뽀드등	대다
뽀득거리다	뽀득	거리다
뽀득대다	뽀득	대다
뽀득하다	뽀득	하다
뽀뽀하다	뽀뽀	하다
뽀사삭거리다	뽀사삭	거리다
뽀사삭대다	뽀사삭	대다
뽀사삭뽀사삭	뽀사삭	뽀사삭
뽀사삭뽀사삭하다	뽀사삭뽀사삭	하다
뽀사삭하다	뽀사삭	하다
뽀삭거리다	뽀삭	거리다
뽀삭대다	뽀삭	대다
뽀송하다	뽀송	하다
뽀스락거리다	뽀스락	거리다
뽀스락대다	뽀스락	대다
뽀얀	뽀얗다	ㄴ
뽀얌	뽀얗다	ㅁ
뽈끈거리다	뽈끈	거리다
뽈끈대다	뽈끈	대다
뽈록거리다	뽈록	거리다
뽈록대다	뽈록	대다
뽈록이다	뽈록	이다
뽕나무	뽕	나무
뽕뽕거리다	뽕뽕	거리다
뽕뽕대다	뽕뽕	대다
뽕쟁이	히로뽕	쟁이
뾰족구두	뾰족	구두
뾰족하다	뾰족	하다
뿅망치	뿅	망치
뿌글거리다	뿌글	거리다
뿌글대다	뿌글	대다
뿌듯이	뿌듯	이
뿌듯하다	뿌듯	하다
뿌리기호	뿌리	기호
뿌연	뿌옇다	ㄴ
뿌염	뿌옇다	ㅁ
뿌유스름하다	뿌유스름	하다
뿔끈거리다	뿔끈	거리다
뿔끈대다	뿔끈	대다
뿔논병아리	뿔	논병아리
뿔룩거리다	뿔룩	거리다
뿔룩대다	뿔룩	대다
뿔매	뿔	매
뿔쇠오리	뿔	쇠오리
뿔잔	뿔	잔
뿔종다리	뿔	종다리
뿔질	뿔	질
뿔피리	뿔	피리
뿡뿡 쿠션	뿡뿡	쿠션
삐거덕거리다	삐거덕	거리다
삐거덕대다	삐거덕	대다
삐딱거리다	삐딱	거리다
삐딱대다	삐딱	대다
삐딱하다	삐딱	하다
삐뚤거리다	삐뚤	거리다
삐뚤어지다	삐뚤다 > 삐뚤어	지다
삐악삐악	삐악	삐악
삐죽거리다	삐죽	거리다
삐죽대다	삐죽	대다
삐쭉거리다	삐쭉	거리다
삐쭉대다	삐쭉	대다
삐틀거리다	삐틀	거리다
삐틀대다	삐틀	대다
삔둥거리다	삔둥	거리다
삔둥대다	삔둥	대다
삥긋거리다	삥긋	거리다
삥긋대다	삥긋	대다
삥끗거리다	삥끗	거리다
삥끗대다	삥끗	대다
삥삥	삥	삥
사각거리다	사각	거리다
사각대다	사각	대다
사각형	사각	형
사거리	사	거리
사건의 지평선	사건	의	지평선
사격술	사격	술
사격장	사격	장
사격하다	사격	하다.
사고팔다	사고	팔다
사고하다	사고	하다
사곳	사	곳
사과 주스	사과	주스
사과나무	사과	나무
사과드리다	사과	드리다
사과문	사과	문
사과박스	사과	박스
사과상자	사과	상자
사과색	한자 沙果色. < 사과	색
사과잼	사과	잼
사과하다	사과	하다
사교댄스	사교	댄스
사교육비	사교육	비
사교춤	사교	춤
사교하다	사교	하다
사그라들다	사그라	들다
사근사근	사근	사근
사근사근하다	사근사근	하다
사글사글	사글	사글
사글세	삭월	세
사기꾼	사기	꾼
사기당하다	한자 詐欺.	당하다
사기하다	사기	하다
사기한	사기	한
사꾸라 시	사꾸라	시 < 일본어 'さくら市'
사나워지다	사나워	지다
사내대장부	사내	대장부
사내아이	사내	아이
사내자식	사내	자식
사내정치	사내	정치
사내종	사내	종
사냥감	사냥	ㅅ	감
사냥개	사냥	개
사냥꾼	사냥	꾼
사냥하다	사냥	하다
사다리꼴	사다리	꼴
사다새	사다	새
사단조	사	단조
사대부	사	대부
사돈어른	사돈	어른
사두패모	사두	패모
사락거리다	사락	거리다
사락대다	사락	대다
사람갈음이름씨	사람	갈음이름씨
사람들	사람	들
사랑니	사랑	니
사랑방	사랑	방
사랑병	사랑	병
사랑스럽다	사랑	스럽다
사랑싸움	사랑	싸움
사랑앵무	사랑	앵무
사랑양반	사랑	양반
사랑이름	사랑	이름
사랑채	사랑	채
사랑하다	사랑	하다
사례연구	사례	연구
사례하다	사례	하다
사로자다	사로	자다
사료하다	사료	하다
사르륵거리다	사르륵	거리다
사르륵대다	사르륵	대다
사륵거리다	사륵	거리다
사륵대다	사륵	대다
사륵사륵	사륵	사륵
사륵하다	사륵	하다
사립문	사립	문
사마귀버섯	사마귀	버섯
사막거북	사막	거북
사막하다	사막	하다
사망률	사망	률
사망하다	사망	하다
사면하다	사면	하다
사멸하다	사멸	하다
사모님	사모	님
사모뿔	사모	뿔
사모하다	사모	하다
사목회	사목	회
사무소	사무	소
사무실	사무	실
사무직원	사무	직원
사문화	사문	화
사물거리다	사물	거리다
사물놀이	사물	놀이
사물대다	사물	대다
사물인터넷	한자 事物	영어 Internet
사박거리다	사박	거리다
사박대다	사박	대다
사발통문	사발	통문
사방치기	사방	치기 < 치다
사방치기하다	한자 四方.	치기	하다
사법권	사법	권
사보타주하다	사보타주	하다.
사부랑거리다	사부랑	거리다
사부랑대다	사부랑	대다
사부랑하다	사부랑	하다
사부작거리다	사부작	거리다
사부작대다	사부작	대다
사분거리다	사분	거리다
사분대다	사분	대다
사분음표	사분	음표
사분하다	사분	하다
사붓거리다	사붓	거리다
사붓대다	사붓	대다
사뿐거리다	사뿐	거리다
사뿐대다	사뿐	대다
사뿐사뿐	사뿐	사뿐
사뿐하다	사뿐	하다
사뿐히	사뿐	히
사뿟거리다	사뿟	거리다
사뿟대다	사뿟	대다
사뿟사뿟	사뿟	사뿟
사사로이	사사	로이
사사언청하다	사사언청	하다
사사오입하다	사사오입	하다
사사하다	사사	하다
사살하다	사살	하다
사상의 지평선	사상	의	지평선
사상적	사상	적
사색적	사색	적
사수자리	사수	자리
사수좌	사수	좌
사수하다	사수	하다
사슬옷	사슬	옷
사슬톱	사슬	톱
사슴벌레	사슴	벌레
사시나무	사시	나무
사시사철	사시	四	철
사실은	사실	은
사십칠	사십	칠
사악하다	사악	하다
사양하다	사양	하다
사업가	한자 事業家. < 사업	가
사업주	사업	주
사업하다	사업	하다
사역 동사	사역	동사
사역시키다	사역	시키다
사역하다	사역	하다
사열하다	사열	하다
사용되다	사용	되다
사용인	사용	인
사용자	사용	자
사용자 인터페이스	사용자	인터페이스
사용하다	사용	하다
사위스럽다	사위	스럽다
사유하다	사유	하다
사유화	한자 私有	化
사육하다	사육	하다
사이가산양	사이가	산양
사이극	사이	극
사이시옷	사이	시옷
사이안아마이드화칼슘	사이안아마이드	화	칼슘
사이언스 픽션	사이언스	픽션
사이체조	사이	체조
사이클로올레핀계 탄화수소	사이클로올레핀계)	탄화수소
사이클로파라핀계 탄화수소	사이클로파라핀계	계)	탄화수소
사이클로헥실설파민산 나트륨	사이클로헥실설파민산	산)	나트륨
사임하다	사임	하다
사잇문	사이	ㅅ	문
사잇소리	사이	ㅅ	소리
사자성	사자	성
사자자리	사자	자리
사자좌	사자	좌
사장되다	사장	되다
사장석	사	장석
사장조	사	장조
사장하다	사장	하다
사재기하다	사재기	하다
사절하다	사절	하다
사정없이	사정	없이
사정하다	사정	하다
사죄하다	사죄	하다
사주리	사	주리
사주하다	사주	하다
사직하다	사직	하다
사진기	사진	기
사진빨	사진	–발
사진사	사진	사
사진술	사진	술
사진첩	사진	첩
사진틀	사진	틀
사철	사	철
사철나무	사철	나무
사출하다	사출	하다
사치스럽다	사치	스럽다
사치품	사치	품
사치하다	사치	하다
사칙연산	사칙	연산
사칭하다	사칭	하다
사타구니	샅	아귀
사탕가루	사탕	가루
사탕무	사탕	무
사탕발림	사탕	발림
사탕수수	사탕	수수
사퇴하다	사퇴	하다
사포질하다	사포한자 沙布.	질	하다
사푼거리다	사푼	거리다
사푼대다	사푼	대다
사푼사푼	사푼	사푼
사풋거리다	사풋	거리다
사풋대다	사풋	대다
사하다	사	하다
사행경로	사행	경로
사향노루	사향	노루
사향땃쥐	사향	땃쥐
사향샘	사향	샘
사향소	사향	소
사향쥐	사향	쥐
사형 선고	사형	선고
사형당하다	사형	당하다
사형수	사형	수
사형하다	사형	하다
사홍서원	사	홍서원
사화산	사	화산
사회보장	사회	보장
사회사람	사회	사람
사회성	사회	성
사회자	사회	자
사회적 거리두기	사회적	거리	두기
사회주의	사회	주의
사회화하다	사회화	하다
사후분석	사후	분석
삭둑거리다	삭둑	거리다
삭둑대다	삭둑	대다
삭마 작용	삭마	작용
삭삭	삭	삭
삭삭거리다	삭삭	거리다
삭삭대다	삭삭	대다
삭제되다	삭제	되다
삭제하다	삭제	하다
삭히다	삭다	히
산개구리	산	개구리
산골	산	골
산골바람	산골	바람
산굽이	산	굽이
산기슭	산	기슭
산꿩의밥	산	꿩-의밥
산누에나방	산	누에	나방
산달래	산	달래
산대놀음	산대	놀음
산더미	산	더미
산돌	산	돌
산들바람	산들	바람
산들산들	산들	산들
산딸기	산	딸기
산딸나무	산	딸	나무
산란광	산란	광
산매업	산매	업
산매자나무	산	매자나무
산매점	산매	점
산무애뱀	산	무애	뱀
산미나리	산	미나리
산바람	산	바람
산발	산	ㅅ	발
산발적	산발	적
산벚나무	산	벚나무
산병전	산병	전
산불	산	불
산뽕나무	산	뽕나무
산사나무	산사	나무
산사태	산	사태
산성도	한자 酸性度. < 산성	도
산성비	산성	비
산소산	산소	산
산속	산	속
산수도	산수	도
산술평균	산술	평균
산스크리트어	Sanskrit	어
산신각	山神	閣
산신령	산	신령
산아제한	산아	제한
산악기상	산악	기상
산악기후	산악	기후
산악뇌우	산악	뇌우
산악파	산악	파
산앵도나무	산	앵도나무
산양자리	산양	자리
산업재해보상보험	산업	재해	보상	보험
산업적	한자어 ‘産業的, 産業	的’에서 유래.
산업화하다	산업화	하다
산줄기	산	ㅅ	줄기
산책하다	산책	하다
산초나무	산초	나무
산탈어	산탈	어
산토끼	산	토끼
산행하다	산행	하다
산호뱀	산호	뱀
산화수은	산화	수은
살강거리다	살강	거리다
살강대다	살강	대다
살강살강	살강	살강
살갗	살	갗
살결물	살결	물
살고기	살	고기
살구나무	살구	나무
살구색	살구	색
살구잼	살구	잼
살근거리다	살근	거리다
살근대다	살근	대다
살금살금	살금	살금
살긋거리다	살긋	거리다
살긋대다	살긋	대다
살대운동	살	대	운동
살랑거리다	살랑	거리다
살랑대다	살랑	대다
살랑이다	살랑	이다
살리다	살다	리
살림집	살림	집
살붙이	살	붙이
살살거리다	살살	거리다
살살대다	살살	대다
살살하다	살살	하다
살아가다	살아	가다
살아남다	살아	남다
살얼음	살	얼음
살인미수	살인	미수
살인자	살인	자
살인하다	살인	하다
살지다	살	지다
살짝공	살짝	공
살캉거리다	살캉	거리다
살캉대다	살캉	대다
살코기	살	코기
살쾡이	삵	괴	앙이
살펴보다	살펴	보다
살포하다	살포	하다
살피개	살피—	개
삶	살	ㅁ
삶은달걀	삶은	달걀
삼각관계	삼각	관계
삼각김밥	삼각	김밥
삼각깃	삼각	깃
삼각뿔	삼각	뿔
삼각연애	삼각	연애
삼각함수	삼각	함수
삼각형	삼각	형
삼겹살	삼	겹	살
삼권분립	삼권	분립
삼단뛰기	삼단	뛰다
삼단뛰기 선수	삼단뛰기	선수
삼대	삼	대
삼대독자	삼대	독자
삼대영양소	삼대	영양소
삼대체강	삼대	체강
삼림대	삼림	대
삼림밭쥐	삼림	밭쥐
삼림학	한자 森林學. < 삼림	학
삼림한계선	삼림	한계	선
삼박거리다	삼박	거리다
삼박대다	삼박	대다
삼박이다	삼박	이다
삼방정계	삼방	정계
삼베	삼	베
삼분하다	삼분	하다
삼빡거리다	삼빡	거리다
삼빡대다	삼빡	대다
삼빡이다	삼빡	이다
삼색제비꽃	삼색	제비꽃
삼색휘장	삼색	휘장
삼선슬리퍼	삼	선	슬리퍼
삼심제도	삼심	제도
삼원색	삼	원색
삼인칭	삼	인칭
삼인칭 시점	삼인칭	시점
삼중수소	삼중	수소
삼천불	삼천	불
삼출하다	삼출	하다
삼투하다	삼투	하다
삼포식농업	한자 三圃式.	한자 農業.
삼행하다	삼행	하다
삽입하다	삽입	하다
삿갓	삿	갓
삿갓구름	삿갓	구름
상공회의소	상공	회의소
상관분석	상관	분석
상관없이	상관	없이
상글거리다	상글	거리다
상글대다	상글	대다
상글방글	상글	방글
상글방글거리다	상글방글	거리다
상글방글대다	상글방글	대다
상긋거리다	상긋	거리다
상긋대다	상긋	대다
상긋방긋	상긋	방긋
상긋방긋거리다	상긋방긋	거리다
상긋방긋대다	상긋방긋	대다
상긋상긋	상긋	상긋
상깃하다	상깃	하다
상끗거리다	상끗	거리다
상끗대다	상끗	대다
상끗방끗	상끗	방끗
상끗방끗거리다	상끗방끗	거리다
상끗방끗대다	상끗방끗	대다
상냥하다	상냥	하다 < 근대 한국어 상냥ᄒᆞ다
상놈	상	놈
상담하다	상담	하다
상당순압모델	상당	순압	모델
상당하다	상당	하다
상당히	상당	히
상대되다	상대	되다
상대발산	상대	발산
상대방	상대	방
상대빈도	상대	빈도
상대소용돌이도	상대	소용돌이	도
상대습도	상대	습도
상대와도	상대	와도
상대적	상대	적
상대하다	상대	하다
상동거리다	상동	거리다
상동대다	상동	대다
상동상동	상동	상동
상득하다	상득	하다
상록관목	상록	관목
상록수	상록	수
상부상조	상부	상조
상사도형	상사	도형
상사병	상사	병
상사비	상사	비
상사형	한자 相似形. < 상사	형
상상하다	상상	하다
상서롭다	상서	롭다
상세기상정보	상세	기상	정보
상소하다	상소	하다
상수리나무	상수리	나무
상수항	상수	항
상스럽다	상	스럽다
상승기류	상승	기류
상승안개	상승	안개
상승응결고도	상승	응결	고도
상승하다	상승	하다
상신하다	상신	하다
상아색	상아	색
상어피	상어	피
상영하다	상영)	하다
상욕	상	욕
상용로그	상용	로그
상위어	상위	어
상전벽해	상전	벽해
상징하다	상징	하다
상층 바람	상층	바람
상층고기압	상층	고기압
상층구름	상층	구름
상층기단	상층	기단
상층기류	상층	기류
상층기압골	상층	기압	골
상층기압마루	상층	기압	마루
상층대기	상층	대기
상층도	상층	도
상층분석	상층	분석
상층역전	상층	역전
상층요란	상층	요란
상층운	상층	운
상층일기도	상층	일기도
상층저기압	상층	저기압
상층전선	상층	전선
상층편서풍	상층	편서풍
상층풍	상층	풍
상층풍도	상층풍	도
상쾌하다	상쾌	하다
상큼발랄	상큼	발랄
상태곡선	상태	곡선
상태변화	상태	변화
상투메추리	상투	메추리
상판대기	상	판대기
상하이어	^상하이	어
상학시간	한자 上學.	時間
상해치사	상해	치사
상현달	상현	달
상형문자	상형	문자
상환되다	상환	되다
샅샅이	샅	샅	이
새근거리다	새근	거리다
새근대다	새근	대다
새근덕거리다	새근덕	거리다
새근덕대다	새근덕	대다
새근발딱거리다	새근발딱	거리다
새근발딱대다	새근발딱	대다
새근발딱이다	새근발딱	이다
새까맣다	새	까맣다
새끼고래	새끼	고래
새끼발가락	새끼	발가락
새끼새	새끼	새
새끼손가락	새끼	손가락
새끼주머니	새끼	주머니
새내기	새	내기
새대가리	새	대가리
새댁	새	댁
새들	새	들
새들거리다	새들	거리다
새들대다	새들	대다
새똥	새	똥
새로운	새롭다	ㄴ
새로움	새롭다	ㅁ
새록새록	새록	새록
새롭다	새	롭다
새롱거리다	새롱	거리다
새롱대다	새롱	대다
새롱새롱	새롱	새롱
새말	새	말
새매	새	매
새물	새	물
새물거리다	새물	거리다
새물대다	새물	대다
새벽감성	새벽	감성
새벽녘	새벽	녘
새별	새	별
새비나무	새비	나무
새빨갛다	새	빨갛다
새사내	새	사내
새살거리다	새살	거리다
새살대다	새살	대다
새새덕거리다	새새덕	거리다
새새덕대다	새새덕	대다
새색시	새	색시
새소리	새	소리
새실거리다	새실	거리다
새실대다	새실	대다
새알	새	알
새우나무	새우	나무
새우장	새우	장
새우젓	새우	젓
새우튀김	새우	튀김
새장가	새	장가
새조개	새	조개
새집	새	집
새집들이	새집	들이
새집증후군	새집	증후군
새쪽	새	쪽
새척지근하다	새척지근	하다
새총	새	총
새치근하다	새치근	하다
새치기	새	치기
새코미꾸리	새코	미꾸리
새콤하다	새콤	하다
새콩	새	콩
새터민	새	터	민
새털	새	털
새파르족족하다	새파르족족	하다
새해	새	해
색갈	색	갈
색깔	색	깔
색동다리	색동	다리
색동저고리	색동	저고리
색시	새	아가씨
색유리	색	유리
색유리그림	색유리	그림
색쟁이	색	쟁이
색종이	색	종이
색칠하다	색칠	하다
샐그러뜨리다	샐그러	뜨리다
샐그러트리다	샐그러	트리다
샐긋거리다	샐긋	거리다
샐긋대다	샐긋	대다
샐긋하다	샐긋	하다
샐기죽거리다	샐기죽	거리다
샐기죽대다	샐기죽	대다
샐룩거리다	샐룩	거리다
샐룩대다	샐룩	대다
샐룩이다	샐룩	이다
샐쭉거리다	샐쭉	거리다
샐쭉대다	샐쭉	대다
샘내다	샘	내다
샘물	샘	물
샘솟다	샘	솟다
샘터	샘	터
샛바람	새	ㅅ	바람
샛별	새	ㅅ	별
생각되다	생각	되다
생각하다	생각	하다
생강나무	생강	나무
생강즙	생강	즙
생강차	생강	차
생계비	생계	비
생고기	생	고기
생고생	생	고생
생고생하다	생고생	하다
생고집	생	고집
생과부	생	과부
생과일	생	과일
생과일 주스	생과일	주스
생과일즙	생과일	즙
생광목	생	광목
생글거리다	생글	거리다
생글대다	생글	대다
생글방글	생글	방글
생글방글거리다	생글방글	거리다
생글방글대다	생글방글	대다
생글뱅글	생글	뱅글
생글뱅글거리다	생글뱅글	거리다
생글뱅글대다	생글뱅글	대다
생긋거리다	생긋	거리다
생긋대다	생긋	대다
생긋방긋	생긋	방긋
생긋방긋거리다	생긋방긋	거리다
생긋방긋대다	생긋방긋	대다
생긋뱅긋	생긋	뱅긋
생긋뱅긋거리다	생긋뱅긋	거리다
생긋뱅긋대다	생긋뱅긋	대다
생김새	생김	새
생김치	생	김치
생끗거리다	생끗	거리다
생끗대다	생끗	대다
생끗방끗	생끗	방끗
생끗방끗거리다	생끗방끗	거리다
생끗방끗대다	생끗방끗	대다
생끗뱅끗	생끗	뱅끗
생끗뱅끗거리다	생끗뱅끗	거리다
생끗뱅끗대다	생끗뱅끗	대다
생때같다	생때	같다
생떼	생	떼
생략하다	생략	하다
생매장하다	생매장	하다
생머리	생	머리
생명형	생명	형
생물계	생물	계
생물계절관측	생물	계절	관측
생물권	생물	권
생물학	생물	학
생박쥐	생	박쥐
생부모	생	부모
생사람	생	사람
생산고	생산	고
생산량	생산	량
생산율	생산	율
생산자	생산	자
생산품	생산	품
생산하다	생산	하다
생생하다	생생	하다
생선구이	생선	구이
생선묵	생선	묵
생선알	생선	알
생선전	생선	전
생성 문법	생성	문법
생성하다	생성	하다
생식 기관	생식	기관
생식기	생식	기
생육도일	생육	도일
생이가래	생이	가래
생이별하다	생이별	하다
생일잔치	생일	잔치
생일파티	생일	파티
생장작	생	장작
생존자	생존	자
생존하다	생존	하다
생쥐	새앙	쥐
생지옥	생	지옥
생철	생	철
생체분자	생체	분자
생태계	생태	계
생태발자국	생태	발자국
생태지역	생태	지역
생태통로	생태	통로
생트집	생	트집
생호령	생	호령
생화학	한자 生化學. < 생	화학
생활감	생활	감
생활계절	생활	계절
생활비	생활	비
생활하다	생활	하다
생활화하다	생활화	하다
샤를의 법칙	샤를	의	법칙
샤워하다	샤워	하다.
샴고양이	^샴	고양이
샴푸하다	샴푸	하다.
서간문학	서간	문학
서거하다	서거	하다
서걱거리다	서걱	거리다
서걱대다	서걱	대다
서고동저형	서	고	동	저	형
서근서근	서근	서근
서근서근하다	서근서근	하다
서글서글	서글	서글
서기관	서기	관
서남쪽	한자 西南.	쪽
서낭당	서낭	당
서낭신	서낭	신
서녘	서	녘
서두름	서두르다	ㅡㅁ
서랍장	서랍	장
서류철	서류	철
서른여섯	서른	여섯
서른째	서른	째
서름하다	서름	하다
서리꽃	서리	꽃
서리방지	서리	방지
서리서리	서리	서리
서리일수	서리	일	수
서리점	서리	점
서리주머니	서리	주머니
서리피해	서리	피해
서리하다	서리	하다
서릿발	서리	ㅅ	발
서먹서먹	서먹	서먹
서먹하다	서먹	하다
서명하다	서명	하다
서물거리다	서물	거리다
서물대다	서물	대다
서방님	서방	님
서방질	서방	질
서방측	서방	측
서벅거리다	서벅	거리다
서벅대다	서벅	대다
서베를린	서	베를린
서부사하라	영어 'Westen Sahara' > 서부	사하라
서부회색청서	서부	회색청서
서북방언	서북	방언
서분거리다	서분	거리다
서분대다	서분	대다
서분하다	서분	하다
서붓거리다	서붓	거리다
서붓대다	서붓	대다
서붓서붓	서붓	서붓
서뿐거리다	서뿐	거리다
서뿐대다	서뿐	대다
서뿐서뿐	서뿐	서뿐
서뿐하다	서뿐	하다
서뿐히	서뿐	히
서뿟거리다	서뿟	거리다
서뿟대다	서뿟	대다
서사하라	서	사하라
서삼촌	서	삼촌
서서히	서서	히
서성거리다	서성	거리다
서성대다	서성	대다
서술격 조사	서술격	조사
서술어	서술	어
서술하다	서술	하다
서슴거리다	서슴	거리다
서슴대다	서슴	대다
서슴없이	서슴	없이
서식하다	서식	하다
서아시아	서	^아시아
서안기후	서안	기후
서약하다	서약	하다
서양갈까마귀	서양	갈까마귀
서양고추	서양	고추
서양메꽃	서양	메꽃
서양송로	서양	송로
서양식	서양	식
서양쐐기풀	서양	쐐기풀
서양인	서양	인
서양자두	서양	자두
서양접골목	서양	접골목
서운하다	서운	하다
서울공화국	^서울	공화국
서울말	서울	말
서울특별시	서울	특별시
서유럽	서	^유럽
서인도 제도	서	^인도	제도
서장자	서자	장자
서진하다	서진	하다
서쪽	서	쪽
서툰	서툴다	ㄴ
서툶	서툴다	ㅁ
서푼거리다	서푼	거리다
서푼대다	서푼	대다
서푼서푼하다	서푼서푼	하다
서푼히	서푼	히
서풋거리다	서풋	거리다
서풋대다	서풋	대다
서학개미	한자 西學	개미
서행하다	서행	하다
서호납줄갱이	서호	납줄갱이
석가모니	석가	모니
석가탄신일	석가	탄신일
석간신문	석간	신문
석고붕대	석고	붕대
석권하다	석권	하다
석달	석	달
석둑대다	석둑	대다
석류나무	석류	나무
석류석	석류	석
석명하다	석명	하다
석방하다	석방	하다
석보상절	석보	상절
석유곤로	한자 石油.	곤로
석유제품	석유	제품
석유황	석	유황
석의하다	석의	하다
석이버섯	석이	버섯
석임	석이	ㅁ
석잠풀	석잠	풀
석장승	석	장승
석탄광	석탄	광
석탄기	석탄	기
석탄산	석탄	산
선거구	선거	구
선거권	선거	권
선거범죄	선거	범죄
선거사범	선거	사범
선구하다	한자 先驅.	하다
선그림	선	그림
선녀벌레	선녀	벌레
선도하다	한자 先導.	하다
선돌	서다	돌
선뜩거리다	선뜩	거리다
선량하다	선량	하다
선레스링	서다 > 선	레스링
선망하다	한자 羨望.	하다
선무당	선	무당
선물하다	선물	하다
선보이다	선보다	이
선부유전	선부	유전
선불하다	한자 先拂.	하다
선사 시대	선사	시대
선생님	선생	님
선생질	선생	질
선서하다	한자 宣誓.	하다
선선하다	선선	하다
선손치기	선	손	치기
선수단	선수	단
선스콜	선	스콜
선양하다	한자 宣揚.	하다
선어말어미	선어말	어미
선언하다	선언	하다
선용하다	한자 善用.	하다
선인장	선인	장
선임하다	한자 選任.	하다
선입견	선입	견
선입관	선입	관
선잠	선	잠
선전하다	선전	하다
선제골	선제	골
선줄맨드라미	선	줄	맨드라미
선착순	선착	순
선창가	선창	가
선창머리	선창	머리
선창하다	한자 先唱.	하다
선출발	서다 > 선	출발
선취골	선취	골
선택산란	선택	산란
선택하다	선택	하다
선택흡수	선택	흡수
선풍기	한자어 ‘扇風機, 扇風	機’에서 유래.
선하다	선	하다
선행시간	선행	시간
선행하다	한자 先行.	하다
선험적	선험	적
선형대수학	선형	대수학
선형풍	선형	풍
선형흐름	선형	흐름
선호되다	선호	되다
선호하다	선호	하다
선회하다	한자 旋回.	하다
섣달	설	ㅅ	달
섣부른	섣부르다	ㄴ
섣부름	섣부르다	ㅁ
설거지	설엊다	이
설겅거리다	설겅	거리다
설겅대다	설겅	대다
설계도	설계	도
설계하다	설계	하다
설교하다	한자 說敎.	하다
설날	설	ㅅ	날
설도하다	한자 說道.	하다
설득시키다	한자 說得.	시키다
설득하다	설득	하다
설뚱하다	설뚱	하다
설렁거리다	설렁	거리다
설렁대다	설렁	대다
설렁탕	설렁	탕
설렁하다	설렁	하다
설령쥐오줌풀	설령	쥐오줌풀
설명하다	설명	하다
설법하다	한자 說法.	하다
설비하다	한자 設備.	하다
설빔	설	빔
설사하다	설사	하다
설삶다	설	삶다
설선	설	선
설설거리다	설설	거리다
설설대다	설설	대다
설연휴	설	한자 連休
설욕전	설욕	전
설운	섧다	ㄴ
설움	섧다	ㅁ
설익다	설	익다
설정하다	한자 設定.	하다
설치다	설	치다
설컹거리다	설컹	거리다
설컹대다	설컹	대다
설탕그릇	설탕	그릇
설탕단풍나무	설탕	단풍나무
설탕물	설탕	물
설해	설	해
섦	설다	ㅁ
섬나라	섬	나라
섬돌	섬	ㅅ	돌
섬멸하다	섬멸	하다
섬사람	섬	사람
섬섬하다	섬섬	하다
섬세하다	섬세	하다
섬약하다	섬약	하다
섬짱깨	섬	짱깨
섬참새	섬	참새
섬초롱꽃	섬	초롱꽃
섬촉새	섬	촉새
섬휘파람새	섬	휘파람새
섭씨눈금	섭씨	눈금
섭외하다	한자 涉外.	하다
섭정하다	한자 攝政.	하다
섭취하다	섭취	하다.
성 호르몬	성	호르몬
성가신	성가시다	ㄴ
성가심	성가시다	ㅁ
성가퀴	성	가퀴
성게	성	게
성결	성	ㅅ	결
성공적	성공	적
성공하다	성공	하다
성교육	성	교육
성교하다	성교	하다
성긋거리다	성긋	거리다
성긋대다	성긋	대다
성긋벙긋	성긋	벙긋
성긋벙긋거리다	성긋벙긋	거리다
성긋벙긋대다	성긋벙긋	대다
성끗거리다	성끗	거리다
성끗대다	성끗	대다
성끗벙끗	성끗	벙끗
성끗벙끗거리다	성끗벙끗	거리다
성끗벙끗대다	성끗벙끗	대다
성나다	성	나다
성내다	성	내다
성냥개비	성냥	개비
성둥성둥	성둥	성둥
성부르다	성	부르다
성분 부사	성분	부사
성산가야	한자 星山伽倻. < 성산	가야
성상 부사	성상	부사
성숙하다	성숙	하다
성실하다	성실	하다
성실히	성실	히
성싶다	성	싶다
성일하다	성일	하다
성장 호르몬	성장	호르몬
성장하다	성장	하다
성적	한자 性的. < 성	적
성전환	성	전환
성차별	성	차별
성층권	성층	권
성층권 계면	성층권	계면
성층권 오존	성층권	오존
성층화산	성층	화산
성탄일	성탄	일
성탄절	성탄	절
성폭력	성	폭력
성하다	성	하다
성한	한자 星	漢
성행하다	성행	하다
세가락도요	세	가락	도요
세가락메추라기	세	가락	메추라기
세계공역예보시스템	세계	공역	예보	시스템
세계관	세계	관
세계기상감시	세계	기상	감시
세계기상기구	세계	기상	기구
세계어	한자 世界語. < 세계	어
세계지도	세계	지도
세계평화	세계	평화
세계협정시	세계	협정	시
세균학	세균	학
세단뛰기	세단	뛰다
세단뛰기 선수	세단뛰기	선수
세로쓰기	세로	쓰	기
세로축	세로	축
세르보크로아트어	^세르보크로아트	어
세르비아 몬테네그로	^세르비아	^몬테네그로
세르비아어	^세르비아	어
세모	세	모
세모꼴	세모	꼴
세무사	세무	사
세뱃돈	새배	돈
세벌식	세	벌	식
세상사	세상	사
세상에	세상	에
세숫비누	세수	ㅅ	비누
세시	세	시
세쌍둥이	세	쌍둥이
세제곱	세	제곱
세제곱근	세제곱	근
세제곱미터	세제곱	미터
세척하다	세척	하다
세탁기	세탁	기
세탁비누	세탁	비누
세포기질	세포	기질
세포막	세포	막
세포벽	세포	벽
세포호흡	세포	호흡
섹시 소수	섹시	소수
센	세다	ㄴ
센 강	프랑스어 Seine	강
센말	세다 > 센	말
센바람	센	바람
센스쟁이	센스	쟁이
센치메터	센치	메터
셀로판 테이프	셀로판	테이프
셀프계산대	self	계산대
셈	세	ㅁ
셈낱씨	셈	낱	씨
셈따지기	셈	따지기
셈매김씨	셈	매기다	씨
셈씨	셈	씨
셈틀	셈	틀
셈하다	셈	하다
셋째	세	ㅅ	째
소강상태	소강	상태
소개시키다	소개	시키다
소개하다	소개	하다
소고기	소	고기
소곤거리다	소곤	거리다
소곤닥거리다	소곤닥	거리다
소곤닥대다	소곤닥	대다
소곤닥소곤닥하다	소곤닥소곤닥	하다
소곤닥이다	소곤닥	이다
소곤대다	소곤	대다
소괄호	소	괄호
소극적	소극	적
소근거리다	소근	거리다
소금병	소금	병
소금통	소금	통
소나기	쇠	나	기
소나기구름	소나기	구름
소낙눈	소낙	눈
소낙비	소낙	비
소년단	소년	단
소다빵	소다	빵
소다수	소다	수
소단고기국	소	단고기	국
소대가리	소	대가리
소도록하다	소도록	하다
소독하다	소독	하다
소돔사과	^소돔	사과
소똥	소	똥
소띠	소	띠
소라게	소라	게
소라빵	소라	빵
소락소락하다	소락소락	하다
소란하다	소란	하다
소르브인	소르브	인
소리같은말	소리	같다 > 같은	말
소리꾼	소리	꾼
소리지르다	소리	지르다
소리치다	소리	치다
소마소마	소마	소마
소망하다	소망	하다
소매업	소매	업
소매점	소매	점
소매치기	소매	치기
소맥	소주	맥주.
소멸하다	소멸	하다
소명하다	소명	하다
소묘하다	소묘	하다
소문나다	소문	나다
소문자	한자 小文字. < 소	문자
소방수	소방	수
소방차	소방	차
소불고기	소	불고기
소비에트 사회주의 공화국 연방	소비에트	사회주의	공화국	연방
소비에트 연방	소비에트	연방
소뿔	소	뿔
소생하다	소생	하다
소설가	소설	가
소설책	소설	책
소속하다	소속	하다
소송하다	소송	하다
소수집단	소수	집단
소스라치다	소스라	치다
소스락소스락	소스락	소스락
소시지 야채 볶음	소시지	야채	볶음
소실하다	소실	하다
소심하다	소심	하다
소아시아	소	^아시아
소아암	소아	암
소야곡	소야	곡
소양감	소양	감
소용돌이	소용	돌이
소용돌이 운동	소용돌이	운동
소용돌이도	소용돌이	도
소용없다	소용	없다
소우주	소	우주
소원하다	소원	하다
소유 대명사	소유	대명사
소유격	소유	격
소유권	소유	권
소유물	소유	물
소유자	소유	자
소유하다	소유	하다
소인수 분해	소인수	분해
소일하다	소일	하다
소장암	소장	암
소장품	소장	품
소장하다	소장	하다
소재하다	소재	하다
소젖	소	젖
소젖기름	소젖	기름
소젖메주	소젖	메주
소제하다	소제	하다
소중하다	소중	하다
소중히	소중	히
소지하다	소지	하다
소집하다	소집	하다
소책자	소	책자
소추하다	소추	하다
소침하다	소침	하다
소탈하다	소탈	하다
소탕하다	소탕	하다
소포체	소포	체
소행성	소	행성
소홀하다	소홀	하다
소화기	소	화기
소화기관	소화	기관
소화하다	소화	하다
소환하다	소환	하다
속궁합	속	궁합
속내	속	내
속눈썹	속	눈썹
속닥거리다	속닥	거리다
속닥대다	속닥	대다
속닥이다	속닥	이다
속달거리다	속달	거리다
속달대다	속달	대다
속도위반	속도	위반
속되다	속	되다
속뜻	속	뜻
속바지	속	바지
속삭거리다	속삭	거리다
속삭대다	속삭	대다
속삭이다	속삭	이다
속살거리다	속살	거리다
속살대다	속살	대다
속상하다	속	상	하다
속셈	속	셈
속소그레하다	속소그레	하다
속수무책	속수	무책
속쓰림	속	쓰리	ㅁ
속옷	속	옷
속이다	속	이	다
속임동작	속임	동작
속임수	속임	수
속임차림	속임	차림
속하다	속	하다
속히	속	히
손가락	손	가락
손가락 하트	손가락	하트
손가락말	손가락	말
손가락무늬	손가락	무늬
손가락뼈	손가락	뼈
손가락조	손가락	조
손가락질	손가락	질
손결	손	결
손공하다	손공	하다
손기척	손	기척
손길	손	길
손님	손	님
손님네	손님	네
손님마마	손님	마마
손다치기	손	다치기
손때	손	때
손말	손	말
손목	손	목
손목걸이	손	목걸이
손목때틀	손목	때	틀
손목뼈	손목	뼈
손목시계	손목	시계
손바느질	손	바느질
손바닥	손	ㅅ	바닥
손발	손	발
손발톱	손톱	발톱
손벽	손	벽
손벽춤	손벽	춤
손벽희	손벽	희
손뼉	손	ㅅ	벽
손상하다	손상	하다
손수건	손	수건
손수레	손	수레
손쉽다	손	쉽다
손시계	손	시계
손아귀	손	아귀
손에 장을 지지다	손	에	장	을	지지다
손이 크다	손	크다
손잡다	손	잡다
손잡이	손	잡이
손전등	손	ㅅ	전등
손전화	손	전화
손전화기	손	전화기
손질	손	질
손칼	손	칼
손칼치기	손칼	치기
손톱	손	톱
손톱괄호	손톱	괄호
손톱깎이	손톱	깎이
손톱묶음	손톱	묶음
손톱물감	손톱	물감
손풍금	손	풍금
손하트	손	하트
손허리뼈	손	허리	뼈
솔기머리사슴	솔기	머리	사슴
솔깃하다	솔깃	하다
솔나방	솔	나방
솔딱새	솔	딱새
솔로몬 제도	^솔로몬	제도
솔로몬의 지혜	^솔로몬	의	지혜
솔로몬제도	솔로몬	제도
솔바람	솔	바람
솔방울	솔	ㅅ	방울
솔부엉이	솔	부엉이
솔뿌리기름	솔	뿌리	기름
솔선수범하다	솔선수범	하다
솔선하다	솔선	하다
솔숲	솔	숲
솔잎	솔	잎
솔잣	솔	잣
솔잣버섯	솔잣	버섯
솔잣새	솔잣	새
솔직하다	솔직	하다.
솔직히	솔직	히.
솜사탕	솜	사탕
솜씨	손〮	ᄡᅵ〮
솜털	솜	털
솟아오르다	솟다	오르다
송골매	송골	매
송곳니	송곳	니
송과선	송과	선
송나라	^송	나라
송두리째	송두리	째
송별식	송별	식
송부하다	송부	하다
송아지	소	ㅇ	아지
송아지동무	송아지	동무
송이폭탄	송이	폭탄
쇄빙선	쇄빙	선
쇠가마우지	쇠	가마우지
쇠갈밭쥐	쇠	갈밭쥐
쇠걸이	쇠	걸이
쇠고기	쇠	고기
쇠고랑	쇠	고랑
쇠기러기	쇠	기러기
쇠기름	쇠	기름
쇠날	쇠	날
쇠뒤쥐	쇠	뒤쥐
쇠똥	쇠	똥
쇠물돼지	쇠	물돼지
쇠백로	쇠	백로
쇠부리슴새	쇠	슴새
쇠북	쇠	북
쇠붙이	쇠	붙이
쇠사슬	쇠	사슬
쇠솔딱새	쇠	솔딱새
쇠수레	쇠	수레
쇠약하다	쇠약	하다
쇠오리	쇠	오리
쇠재두루미	쇠	재두루미
쇠파리	쇠	파리
쇠풀	쇠	풀
쇠향고래	쇠	향고래
쇠황조롱이	쇠	황조롱이
쇳돌	쇠	ㅅ	돌
쇼월터안정지수	Showalter<학자이름	안정	지수
쇼핑하다	쇼핑	하다.
숏다리	short	다리
수감자	수감	자
수고양이	수	고양이
수군거리다	수군	거리다
수군대다	수군	대다
수군덕거리다	수군덕	거리다
수군덕대다	수군덕	대다
수군덕이다	수군덕	이다
수군숙덕	수군	숙덕
수군숙덕거리다	수군숙덕	거리다
수군숙덕대다	수군숙덕	대다
수굿하다	수굿	하다
수긍하다	수긍	하다
수꿩	수	꿩
수나사	수	나사
수다스러운	수다스럽다	ㄴ
수다스러움	수다스럽다	ㅁ
수닭	수	닭
수더분하다	수더분	하다
수도권	수도	권
수도꼭지	수도	꼭지
수돗물	수도	ㅅ	물
수두룩하다	수두룩	하다
수라간	수라	ㅅ	간
수런거리다	수런	거리다
수런대다	수런	대다
수런수런하다	수런수런	하다
수렴기류	수렴	기류
수렴대	수렴	대
수렴바람	수렴	바람
수렴선	수렴	선
수렴장	수렴	장
수령님	수령	님
수록되다	수록	되다
수록하다	수록	하다
수리부엉이	수리	부엉이
수리적위치	한자 數理的位置. < 수리	적	위치
수리하다	수리	하다
수립하다	수립	하다
수릿날	수리	ㅅ	날
수말	수	말
수문학	수문	학
수미하다	수미	하다
수박색	수박	색
수박씨	수박	씨
수박춤	수박	춤
수반구	수	반구
수병자리	수병	자리
수북하다	수북	하다
수분류사	수	분류	사
수사법	수사	법
수사슴	수	사슴
수사하다	수사	하다
수삭하다	수삭	하다
수삽스럽다	수삽	스럽다
수삽하다	수삽	하다
수상치환	수상	치환
수상하다	수상	하다
수색하다	수색	하다
수선거리다	수선	거리다
수선대다	수선	대다
수선스럽다	수선	스럽다
수선하다	수선	하다
수소	수	소
수소음심경	수소음	심경
수송로	한자어 ‘수송	로’에서 유래.
수송하다	수송	하다.
수수꽃다리	수수	꽃	다리
수수료	수수	료
수수미꾸리	수수	미꾸리
수술실	수술	실
수술하다	수술	하다
수식사	수식	사
수식어	수식	어
수식언	수식	언
수양버들	수양	버들
수업료	수업	료
수없이	수	없이
수에즈 운하	^수에즈	운하
수염고래	수염	고래
수염수리	수염	수리
수염오목눈이	수염	오목눈이
수염패랭이꽃	수염	패랭이꽃
수영복	수영	복
수영장	수영	장
수영하다	수영	하다
수온약층	수온	약층
수용소	수용	소
수용하다	수용	하다
수원 화성	수원	화성
수원청개구리	^수원	청	개구리
수월하다	수월	하다
수월히	수월	히
수의사	수	의사
수입하다	수입	하다
수저	술	저#Etymology_3
수정하다	수정	하다
수제비	한자 手	접이
수족관	수족	관
수준기	수준	기
수줍어하다	수줍어	하다
수줍은	수줍다	은
수줍음	수줍	음
수증기 영상	수증기	영상
수증기압	수증기	압
수증기장력	수증기	장력
수직측풍장비	수직	측풍	장비
수집광	수집	광
수채화	수채	화
수척하다	수척	하다
수출하다	수출	하다
수치모델	수치	모델
수치모의	수치	모의
수치시뮬레이션	수치	시뮬레이션
수치예보	수치	예보
수치예보모델	수치	예보	모델
수치예보자료	수치	예보	자료
수치일기예보	수치	일기	예보
수치적분	수치	적분
수캉아지	수	캉아지
수캐	수	캐
수컷	수	컷 < 숳	것
수타 자장	수타	자장.
수타 자장면	수타	자장면
수탉	수	탉
수퇘지	수	퇘지
수평바람벡터	수평	바람	벡터
수평바람시어	수평	바람	시어
수평발산	수평	발산
수평분해능	수평	분해	능
수평선	수평	선
수평시정	수평	시정
수평온도경도	수평	온도	경도
수평이류	수평	이류
수평혼합	수평	혼합
수행하다	수행	하다
수험자	한자 受驗者. < 수험	자
수호랑	수호	랑
숙덕거리다	숙덕	거리다
숙덕대다	숙덕	대다
숙덕이다	숙덕	이다
숙덜거리다	숙덜	거리다
숙설거리다	숙설	거리다
숙설대다	숙설	대다
숙이다	숙다	이
숙주나물	숙주	나물
순간공때리기	순간	공	때리기
순간때리기	순간	때리기
순간적	순간	적
순간타격	순간	타격
순간풍속	순간	풍속
순경음	순경	음
순두부찌개	순두부	찌개
순례하다	순례	하다
순복사	순	복사
순살치킨	순살	치킨
순수하다	순수	하다
순압대기	순압	대기
순압모형	순압	모형
순우리말	순	우리말
순지구복사	순	지구	복사
순태양복사	순	태양	복사
순하다	순	하다
순환계	순환	계
숟가락	술	ㅅ	가락
숟가락질	숟가락	질
숟가락포크	숟가락	포크
술고래	술	고래
술독	술	독
술라쥐	술라	쥐
술렁거리다	술렁	거리다
술렁대다	술렁	대다
술렁이다	술렁	이다
술맛	술	맛
술밑	술	밑
술병	술	병
술자리	술	자리
술잔	술	잔
술집	술	집
술통	술	통
술판	술	판
술패랭이꽃	술	패랭이꽃
숨결	숨	ㅅ	결
숨구멍	숨	ㅅ	구멍
숨길	숨	길
숨김차림	숨김	차림
숨쉬다	숨	쉬다
숨은그림찾기	숨다 > 숨은	그림	찾다 > 찾기
숨은열	숨은	열
숨주머니	숨	주머니
숨지다	숨	지다
숨탄이	숨	타다	이
숫것	숫	것
숫양	숫	양
숫자공포증	숫자	공포증
숫잔대	숫	잔대
숭배하다	숭배	하다
숯불	숯	불
숱하다	숱	하다
숲개밀	숲	개밀
숲들쥐	숲	들쥐
숲비둘기	숲	비둘기
숲새	숲	새
숲속	숲	속
숲쥐	숲	쥐
쉬쉬거리다	쉬쉬	거리다
쉬쉬대다	쉬쉬	대다
쉬야하다	쉬야	하다
쉬운	쉽다	ㄴ
쉬움	쉽다	ㅁ
쉬파리	쉬	파리
쉬하다	쉬	하다
쉰내	쉰	내
쉰째	쉰	째
쉴드충	쉴드	충
쉼겨를	쉼	겨를
쉼날	쉼	날
쉼표	쉬다 > 쉬ㅁ	표
스님	승	님
스라소니	옛말 시라손 / 스라손	이
스르렁거리다	스르렁	거리다
스르렁대다	스르렁	대다
스르륵거리다	스르륵	거리다
스르륵대다	스르륵	대다
스륵거리다	스륵	거리다
스륵대다	스륵	대다
스륵하다	스륵	하다
스멀거리다	스멀	거리다
스멀대다	스멀	대다
스몸비	스마트폰	좀비
스무고개	스무	고개
스무째	스물 > 스무	째
스스러운	스스럽다	ㄴ
스스러움	스스럽다	ㅁ
스스럼없다	스스럼	없다
스스럼없이	스스럼	이
스시국	스시	국#國
스시녀	스시	녀
스웨덴어	^스웨덴	어
스웨덴인	스웨덴	인
스웨리예	svea	rike
스적거리다	스적	거리다
스적대다	스적	대다
스칸디나비아 반도	스칸디나비아	반도
스콜구름	스콜	구름
스콜선	스콜	선
스콜선 뇌우	스콜	선	뇌우
스큐티로그피선도	스큐티로그피	선도
스크롤 압박	스크롤	압박
스키장	스키	장
스텔러바다소	스텔러	바다소
스트로브스소나무	스트로브스	소나무
스파이크하다	스파이크	하다
스페인어	^스페인	어
스포당하다	스포	당하다
스포츠 음료	스포츠	음료
스포츠머리	스포츠	머리
스포하다	스포	하다
슬근거리다	슬근	거리다
슬근대다	슬근	대다
슬기롭다	슬기	롭다
슬기주머니	슬기	주머니
슬라브어파	슬라브	어파
슬라브족	슬라브	족
슬렁거리다	슬렁	거리다
슬렁대다	슬렁	대다
슬로바키아어	^슬로바키아	어
슬로베니아어	^슬로베니아	어
슬쩍하다	슬쩍	하다
슬프다	슳다	브
슬픈	슬프다	ㄴ
슬픔	슬프	ㅁ
슬픔증	슬픔	증
슴벅거리다	슴벅	거리다
슴벅대다	슴벅	대다
슴벅이다	슴벅	이다
슴뻑거리다	슴뻑	거리다
슴뻑대다	슴뻑	대다
슴뻑이다	슴뻑	이다
습격하다	습격	하다
습관적	습관	적
습구온도	습구	온도
습구온위	습구	온	위
습도환산표	습도	환산	표
습득하다	습득	하다
습설	습	설
습수	습	수
습윤 공기	습윤	공기
습윤계절	습윤	계절
습윤구역	습윤	구역
습윤기후	습윤	기후
습윤단열과정	습윤	단열	과정
습윤단열냉각	습윤	단열	냉각
습윤단열선	습윤	단열	선
습윤불안정	습윤	불안정
습윤안개	습윤	안개
습윤혀	습윤	혀
습작하다	습작	하다
습지쌀쥐	습지	쌀	쥐
습하다	습	하다
습한 눈	습하다	ㄴ	눈
승격하다	승격	하다
승계하다	승계	하다
승낙하다	승낙	하다
승단하다	승단	하다
승리하다	승리	하다
승마하다	승마	하다
승망풍지하다	승망풍지	하다
승복하다	승복	하다
승부차기	승부	차기
승선하다	승선	하다
승소하다	승소	하다
승승장구하다	승승장구	하다
승야도주하다	승야도주	하다
승야월장하다	승야월장	하다
승인하다	승인	하다
승진하다	승진	하다
승차하다	승차	하다
승천하다	승천	하다
승하차	한자 乘下車. < 승	하차
승하차하다	승하차	하다
승하하다	승하	하다
승화하다	승화	하다
승화핵	승화	핵
시각신경	시각	신경
시각피질	시각	피질
시간 강수량	시간	강수량
시간-온도곡선	시간	온도	곡선
시간적	시간	적
시간표	시간	표
시계방향	시계	방향
시계비행 기상조건	시계비행	기상조건
시계비행날씨	시계	비행	[[날씨
시계열	시	계열
시계열도	시	계열	도
시곗바늘	시계	ㅅ	바늘
시고모	시	고모
시골길	시골	길
시골뜨기	시골	뜨기
시골티	시골	티
시공이음	시공	이음
시궁쥐	시궁	쥐
시근거리다	시근	거리다
시근대다	시근	대다
시근덕거리다	시근덕	거리다
시근덕대다	시근덕	대다
시근덕시근덕	시근덕	시근덕
시근벌떡거리다	시근벌떡	거리다
시근벌떡대다	시근벌떡	대다
시근벌떡시근벌떡	시근벌떡	시근벌떡
시근벌떡이다	시근벌떡	이다
시급하다	시급	하다
시기심	시기	심
시기하다	시기	하다
시꺼멓다	시	꺼멓다
시끄럽다	시끌	업	다
시끌벅적	시끌	벅적
시끌벅적거리다	시끌벅적	거리다
시끌벅적대다	시끌벅적	대다
시끌벅적하다	시끌	벅적	하다
시끌뻑적지근	시끌	뻑적지근
시끌시끌하다	시끌시끌	하다
시난고난하다	시난고난	하다
시내버스	시내	버스
시냇물	시내	ㅅ	물
시누이	시	누이
시대적	시대	적
시도 때도 없다	시	도	때	도	없다
시도하다	시도	하다
시들거리다	시들	거리다
시들대다	시들	대다
시들병	시들	병
시력검사	한자 視力檢査. < 시력	검사
시력검사표	한자 視力檢査表. < 시력검사	표
시룽거리다	시룽	거리다
시룽대다	시룽	대다
시름시름	시름	시름
시모노세끼 시	일본어 下関市 > 시모노세끼	시
시무나무	시무	나무
시무룩하다	시무룩	하다
시문학	시	문학
시물거리다	시물	거리다
시물대다	시물	대다
시민 불복종	시민	불복종
시민권	시민	권
시베리아기단	시베리아	기단
시베리아호랑이	시베리아	호랑이
시부렁거리다	시부렁	거리다
시부렁대다	시부렁	대다
시부모	시	부모
시부적거리다	시부적	거리다
시부적대다	시부적	대다
시비곡직	시비	곡직
시샘달	시샘	오름	달
시생대	시생	대
시설거리다	시설	거리다
시설대다	시설	대다
시쇠	시	쇠
시술하다	시술	하다
시시거리다	시시	거리다
시시닥거리다	시시닥	거리다
시시닥대다	시시닥	대다
시시대다	시시	대다
시시덕거리다	시시덕	거리다
시시덕대다	시시덕	대다
시시덕이다	시시덕	이다
시시하다	시시	하다
시식코너	시식	코너
시식하다	시식	하다
시실거리다	시실	거리다
시실대다	시실	대다
시아버지	시	아버지
시아비	시	아비
시아주버니	시	아주버니
시애미	시	애미
시애미질	시	애미	질
시애비	시	애비
시야	시	야
시어머니	시	어머니
시어미	시	어미
시어선	시어	선
시에미	시	에미
시에미질	시	에미	질
시옷 불규칙 활용	시옷	불규칙 활용
시외버스	시외	버스
시원찮은	시원찮다	은
시원찮음	시원찮다	음
시원하다	시원	하다
시위적거리다	시위적	거리다
시위적대다	시위적	대다
시인하다	시인	하다
시작 메뉴	시작	메뉴
시작 버튼	시작	버튼
시작되다	시작	되다
시작하다	시작	하다
시장 가치	시장	가치
시적	시	적
시적거리다	시적	거리다
시적대다	시적	대다
시정잡배	시정	잡배
시정장애	시정	장애
시조새	시조	새
시집	새	집
시집가다	시	집	가다
시집보내다	시집	보내다
시찰하다	시찰	하다
시척지근하다	시척지근	하다
시청하다	시청	하다
시치근하다	시치근	하다
시치근히	시치근	히
시치미를 떼다	시치미	를	떼다
시커멓다	시	커멓다
시쿰하다	시쿰	하다
시크무레하다	시크무레	하다
시큰거리다	시큰	거리다
시큰대다	시큰	대다
시킴 주	^시킴	주
시킴문	시키다 > 시킴	문
시토회	시토	회
시틋하다	시틋	하다
시판하다	시판	하다
시퍼레지다	시퍼레	지다
시푸르뎅뎅하다	시푸르뎅뎅	하다
시푸르죽죽하다	시푸르죽죽	하다
시한부	시한	부
시한폭탄	시한	폭탄
시합하다	시합	하다
시험하다	시험	하다
식나무	식	나무
식단표	식단	표
식도암	식도	암
식물기간	식물	기간
식물원	식물	원
식물학	식물	학
식물학자	식물학	자
식빵	식	빵
식상하다	식상	하다
식세기	食	洗	機
식식거리다	식식	거리다
식식대다	식식	대다
식언하다	식언	하다
식용달팽이	식용	달팽이
식용버섯	식용	버섯
식용식물	식용	식물
식전바람	식전	바람
식중독지수	식중독	지수
식충동물	식충	동물
식충식물	식충	식물
식충이	식	충	이
식칼	식	칼
식탁보	식탁	보
식품보존료	식품	보존료
신경 세포	신경	세포
신경계	신경	계
신고하다	신고	하다
신기록	신	기록
신나치주의	신	^나치	주의
신독하다	신독	하다
신랄하다	신랄	하다
신맛	시다 > 신	맛
신문지	신문	지
신문하다	신문	하다
신물	시다	물
신바람	신	바람.
신발	신	발
신발끈	신발	끈
신발장	신발	장
신봉하다	신봉	하다
신부님	신부	님
신분증	신분	증
신비하다	신비	하다
신빙하다	신빙	하다
신사복	신사	복
신산하다	신산	하다
신생대	신생	대
신선하다	신선	하다
신설하다	신설	하다
신성 로마 제국	신성	^로마	제국
신성하다	신성	하다
신세지다	신세	지다
신소젖	시다	소젖
신속히	신속	히
신식민주의	신	식민주의
신앙요법	신앙	요법
신열하다	신열	하다
신용 카드	신용	카드
신용등급	신용	등급
신용장	신용	장
신음하다	신음	하다
신임하다	신임	하다
신입사원	한자 新入社員. < 신입	사원
신입생	한자 新入生. < 신입	생
신장	신	ㅅ	장
신적설	신	적설
신접살림	신접	살림
신접살이	신접	살이
신젖	시다	젖
신제품	신	제품
신조어	신조	어
신종 코로나 감염증	신종	코로나	감염증
신종 코로나바이러스 감염증	신종	코로나바이러스	감염증
신주단지	신주	단지
신청하다	신청	하다
신체검사	한자 身體檢査. < 신체	검사
신체적	신체	적
신축성	신축	성
신축하다	신축	하다
신출귀몰하다	신출귀몰	하다
신출내기	신출	내기
신탁하다	신탁	하다
신호등	신호	등
신화시대	신화	시대
신효하다	신효	하다
실개천	실	개천
실거리나무	실거리	나무
실격하다	실격	하다
실고기	실	고기
실고추	실	고추
실그러뜨리다	실그러	뜨리다
실그러트리다	실그러	트리다
실긋거리다	실긋	거리다
실긋대다	실긋	대다
실기죽거리다	실기죽	거리다
실꾸리	실	꾸리
실낱	실	낱
실눈	실	눈
실레지아어	실레지아	어
실례하다	실례	하다
실룩거리다	실룩	거리다
실룩대다	실룩	대다
실룩이다	실룩	이다
실망투성이	실망	투성이
실망하다	실망	하다
실명하다	실명	하다
실무적	실무	적
실바람	실	바람
실밥	실	밥
실뱅어	실	뱅어
실버들	실	버들
실베짱이	실	베짱이
실비	실	비
실비늘치	실	비늘	치
실새풀	실	새	풀
실생활	실	생활
실성하다	실성	하다
실속	실	속
실수하다	실수	하다
실습생	실습	생
실시간예측	실	시간	예측
실신하다	실신	하다
실실거리다	실실	거리다
실실대다	실실	대다
실안개	실	안개
실어나르다	실어	나르다
실연하다	실연	하다
실오라기	실	오라기
실용신안특허	실용	신안특허
실은	실	은
실잠재불안정	실	잠재	[불안정[]]
실제로	실제	로
실족하다	실족	하다
실존하다	실존	하다
실종선고	실종	선고
실증적	실증	적
실증하다	실증	하다
실직	실	직
실질적	실질	적
실쭉거리다	실쭉	거리다
실쭉대다	실쭉	대다
실천적	실천	적
실컷	싫	껏
실톱	실	톱
실파	실	파
실패	실	패
실패하다	실패	하다
실핏줄	실	핏줄
실행하다	실행	하다
실험실	실험	실
실험하다	실험	하다
실현되다	실현	되다
실현하다	실현	하다
실황분석	실황	분석
실효습도	실효	습도
싫어지다	싫어	지다
싫어하다	싫어	하다
싫은	싫다	은
싫음	싫다	음
심각하다	심각	하다
심리적	심리	적
심리전	심리	전
심리학	심리	학
심마니말	심마니	말
심문하다	심문	하다
심부름꾼	심부름	꾼
심사숙고하다	심사숙고	하다
심사하다	심사	하다
심상하다	심상	하다
심심파적	심심	파적
심심하다	심심	하다
심악하다	심악	하다
심오하다	심오	하다
심의하다	심의	하다
심장마비	심장	마비
심적	심	적
심청전	심청	전
심판관	심판	관
심판원	심판	원
심판하다	심판	하다
심포경	심포	경
심호흡	심	호흡
십각형	십각	형
십구	십	구
십사	십	사
십삼	십	삼
십오	십	오
십육	십	육
십이	십	이
십일	십	일
십일메터벌차기	십일	메터	벌	차기
십중팔구	십중	팔구
십칠	십	칠
십팔	십	팔
십팔번	십팔	번
싱글거리다	싱글	거리다
싱글대다	싱글	대다
싱글벙글	싱글	벙글
싱글벙글거리다	싱글벙글	거리다
싱글벙글대다	싱글벙글	대다
싱글빙글	싱글	빙글
싱글빙글거리다	싱글빙글	거리다
싱글빙글대다	싱글빙글	대다
싱긋거리다	싱긋	거리다
싱긋대다	싱긋	대다
싱긋벙긋거리다	싱긋벙긋	거리다
싱긋벙긋대다	싱긋벙긋	대다
싱긋빙긋	싱긋	빙긋
싱긋빙긋거리다	싱긋빙긋	거리다
싱긋빙긋대다	싱긋빙긋	대다
싱끗거리다	싱끗	거리다
싱끗대다	싱끗	대다
싱끗벙끗거리다	싱끗벙끗	거리다
싱끗벙끗대다	싱끗벙끗	대다
싱끗빙끗거리다	싱끗빙끗	거리다
싱끗빙끗대다	싱끗빙끗	대다
싱싱하다	싱싱	하다
싱크대	싱크	대
싱크로율	synchro	율
싸각거리다	싸각	거리다
싸각대다	싸각	대다
싸구려	싸	구려
싸늘하다	싸늘	하다
싸라기	쌀	—아기
싸라기눈	싸라기	눈
싸르락거리다	싸르락	거리다
싸르락대다	싸르락	대다
싸르륵거리다	싸르륵	거리다
싸르륵대다	싸르륵	대다
싸륵거리다	싸륵	거리다
싸륵대다	싸륵	대다
싸륵싸륵하다	싸륵싸륵	하다
싸륵하다	싸륵	하다
싸리버섯	싸리	버섯
싸부랑거리다	싸부랑	거리다
싸부랑대다	싸부랑	대다
싸움닭	싸움	닭
싸움수레	싸움	수레
싸움질	싸움	질
싹둑거리다	싹둑	거리다
싹둑대다	싹둑	대다
싹수	싹	수
싹수머리	싹수	머리
싹싹거리다	싹싹	거리다
싹싹대다	싹싹	대다
싹싹하다	싹싹	하다
싹쓸바람	싹쓸	바람
싼	싸다	ㄴ
쌀강거리다	쌀강	거리다
쌀강대다	쌀강	대다
쌀과자	쌀	과자
쌀국수	쌀	국수
쌀긋거리다	쌀긋	거리다
쌀긋대다	쌀긋	대다
쌀떡	쌀	떡
쌀뜨물	쌀	뜨물
쌀랑거리다	쌀랑	거리다
쌀랑대다	쌀랑	대다
쌀랑이다	쌀랑	이다
쌀미꾸리	쌀	미꾸리
쌀쌀거리다	쌀쌀	거리다
쌀쌀대다	쌀쌀	대다
쌀쌀맞은	쌀쌀맞다	은
쌀쌀맞음	쌀쌀맞다	음
쌀쌀히	쌀쌀	히
쌀알	쌀	알
쌀알눈	쌀알	눈
쌀쥐	쌀	쥐
쌀캉거리다	쌀캉	거리다
쌀캉대다	쌀캉	대다
쌈박거리다	쌈박	거리다
쌈박대다	쌈박	대다
쌈박쌈박	쌈박	쌈박
쌈박이다	쌈박	이다
쌈빡거리다	쌈빡	거리다
쌈빡대다	쌈빡	대다
쌈빡이다	쌈빡	이다
쌈장	쌈	장
쌈지	쌈	이
쌍경기	쌍	경기
쌍곡선 함수	쌍곡선	함수
쌍괄호	한자 雙括弧. < 쌍	괄호
쌍글거리다	쌍글	거리다
쌍글대다	쌍글	대다
쌍글빵글거리다	쌍글빵글	거리다
쌍글빵글대다	쌍글빵글	대다
쌍긋거리다	쌍긋	거리다
쌍긋대다	쌍긋	대다
쌍긋빵긋	쌍긋	빵긋
쌍긋빵긋거리다	쌍긋빵긋	거리다
쌍긋빵긋대다	쌍긋빵긋	대다
쌍긋쌍긋	쌍긋	쌍긋
쌍기역	쌍	기역
쌍끗거리다	쌍끗	거리다
쌍끗대다	쌍끗	대다
쌍끗빵끗거리다	쌍끗빵끗	거리다
쌍끗빵끗대다	쌍끗빵끗	대다
쌍끗쌍끗	쌍끗	쌍끗
쌍동거리다	쌍동	거리다
쌍동대다	쌍동	대다
쌍동쌍동	쌍동	쌍동
쌍둥이	쌍	둥이
쌍둥이 소수	쌍	둥이	소수
쌍둥이 소수 추측	쌍	둥이	소수	추측
쌍둥이자리	쌍둥이	자리
쌍디귿	쌍	디귿
쌍떡잎	쌍	떡잎
쌍무지개	쌍	무지개
쌍받침	쌍	받침
쌍봉낙타	쌍봉	낙타
쌍비읍	쌍	비읍
쌍스럽다	쌍	스럽다
쌍시옷	쌍	시옷
쌍안경	쌍	안경
쌍욕	쌍	욕
쌍지읒	쌍	지읒
쌍피	쌍	피
쌓이다	쌓다	이
쌔근거리다	쌔근	거리다
쌔근대다	쌔근	대다
쌔근덕거리다	쌔근덕	거리다
쌔근덕대다	쌔근덕	대다
쌔근발딱거리다	쌔근발딱	거리다
쌔근발딱대다	쌔근발딱	대다
쌔근발딱이다	쌔근발딱	이다
쌔근팔딱거리다	쌔근팔딱	거리다
쌔근팔딱대다	쌔근팔딱	대다
쌔근팔딱이다	쌔근팔딱	이다
쌔물거리다	쌔물	거리다
쌔물대다	쌔물	대다
쌕쌕거리다	쌕쌕	거리다
쌕쌕대다	쌕쌕	대다
쌜그러뜨리다	쌜그러	뜨리다
쌜그러트리다	쌜그러	트리다
쌜긋거리다	쌜긋	거리다
쌜긋대다	쌜긋	대다
쌜긋하다	쌜긋	하다
쌜기죽거리다	쌜기죽	거리다
쌜기죽대다	쌜기죽	대다
쌜룩거리다	쌜룩	거리다
쌜룩대다	쌜룩	대다
쌜룩이다	쌜룩	이다
쌜쭉거리다	쌜쭉	거리다
쌜쭉대다	쌜쭉	대다
쌩글거리다	쌩글	거리다
쌩글대다	쌩글	대다
쌩글빵글거리다	쌩글빵글	거리다
쌩글빵글대다	쌩글빵글	대다
쌩글뺑글거리다	쌩글뺑글	거리다
쌩글뺑글대다	쌩글뺑글	대다
쌩긋거리다	쌩긋	거리다
쌩긋대다	쌩긋	대다
쌩긋빵긋거리다	쌩긋빵긋	거리다
쌩긋빵긋대다	쌩긋빵긋	대다
쌩긋뺑긋거리다	쌩긋뺑긋	거리다
쌩긋뺑긋대다	쌩긋뺑긋	대다
쌩끗거리다	쌩끗	거리다
쌩끗대다	쌩끗	대다
쌩끗빵끗거리다	쌩끗빵끗	거리다
쌩끗빵끗대다	쌩끗빵끗	대다
쌩끗뺑끗거리다	쌩끗뺑끗	거리다
쌩끗뺑끗대다	쌩끗뺑끗	대다
써넣다	써	넣다
썩썩	썩	썩
썩음막이약	썩다 > 썩음	막다 > 막이	약
썩장	썩	장
썰겅거리다	썰겅	거리다
썰겅대다	썰겅	대다
썰렁거리다	썰렁	거리다
썰렁대다	썰렁	대다
썰매개	썰매	개
썰매견	썰매	견
썰썰거리다	썰썰	거리다
썰썰대다	썰썰	대다
썰컹거리다	썰컹	거리다
썰컹대다	썰컹	대다
썸남	썸	남
썸녀	썸	녀
썽긋거리다	썽긋	거리다
썽긋대다	썽긋	대다
썽긋뻥긋	썽긋	뻥긋
썽긋뻥긋거리다	썽긋뻥긋	거리다
썽긋뻥긋대다	썽긋뻥긋	대다
썽끗거리다	썽끗	거리다
썽끗대다	썽끗	대다
썽끗뻥끗	썽끗	뻥끗
썽끗뻥끗거리다	썽끗뻥끗	거리다
썽끗뻥끗대다	썽끗뻥끗	대다
쏘곤거리다	쏘곤	거리다
쏘곤닥거리다	쏘곤닥	거리다
쏘곤닥대다	쏘곤닥	대다
쏘곤닥이다	쏘곤닥	이다
쏘곤대다	쏘곤	대다
쏘다니다	쏘	다니다
쏘비에트 련방	러시아어 Советский Союз > 쏘비에트	련방
쏘비에트 사회주의 공화국 련방	러시아어 Советский Союз > 쏘비에트	사회주의	공화국	련방
쏘삭거리다	쏘삭	거리다
쏘삭대다	쏘삭	대다
쏘삭이다	쏘삭	이다
쏙닥거리다	쏙닥	거리다
쏙닥대다	쏙닥	대다
쏙닥이다	쏙닥	이다
쏙달거리다	쏙달	거리다
쏙달대다	쏙달	대다
쏙독새	쏙독	새
쏜살같은	쏜살같다	은
쏜살같음	쏜살같다	음
쏟뜨리다	쏟	뜨리다
쏟트리다	쏟	트리다
쐐기돌	쐐기	돌
쐐기풀	쐐기	풀
쑤군거리다	쑤군	거리다
쑤군대다	쑤군	대다
쑤군덕거리다	쑤군덕	거리다
쑤군덕대다	쑤군덕	대다
쑤군덕이다	쑤군덕	이다
쑤석거리다	쑤석	거리다
쑤석대다	쑤석	대다
쑤석이다	쑤석	이다
쑥갓	쑥	갓
쑥덕거리다	쑥덕	거리다
쑥덕대다	쑥덕	대다
쑥덕이다	쑥덕	이다
쑥덜거리다	쑥덜	거리다
쑥덜대다	쑥덜	대다
쑥새	쑥	새
쑥설거리다	쑥설	거리다
쑥설대다	쑥설	대다
쑹덩거리다	쑹덩	거리다
쑹덩대다	쑹덩	대다
쓰다듬다	쓰	다듬다
쓰담하다	쓰담	하다
쓰디쓴	쓰디쓰다	ㄴ
쓰디씀	쓰디쓰다	ㅁ
쓰러뜨리다	쓰러	뜨리다
쓰러지다	쓰러	지다
쓰러트리다	쓰러	트리다
쓰레기통	쓰레기	통
쓰레받기	받	기
쓰르라미	쓰를	암이
쓰르륵거리다	쓰르륵	거리다
쓰르륵대다	쓰르륵	대다
쓰르비아 및 쯔르나고라	^쓰르비아	및	^쯔르나고라
쓰륵거리다	쓰륵	거리다
쓰륵대다	쓰륵	대다
쓰린	쓰리다	ㄴ
쓰림	쓰리다	ㅁ
쓰시마섬	쓰시마	섬
쓰적거리다	쓰적	거리다
쓰적대다	쓰적	대다
쓱싹거리다	쓱싹	거리다
쓱싹대다	쓱싹	대다
쓱싹쓱싹	쓱싹	쓱싹
쓴	쓰다	ㄴ
쓴맛	쓴	맛
쓸개즙	쓸개	즙
쓸데	쓰	ㄹ	데
쓸데없다	쓸데	없다
쓸데없이	쓸데없	이
쓸모없다	쓸모	없다
쓸모없이	쓸모	없이 < 없다
쓸쓸하다	쓸쓸	하다
쓸쓸히	쓸쓸	히
씀	쓰다	ㅁ
씀벅거리다	씀벅	거리다
씀벅대다	씀벅	대다
씀벅이다	씀벅	이다
씀뻑거리다	씀뻑	거리다
씀뻑대다	씀뻑	대다
씀뻑이다	씀뻑	이다
씁쓸하다	씁쓸	하다
씁쓸히	씁쓸	히
씨근거리다	씨근	거리다
씨근대다	씨근	대다
씨근덕거리다	씨근덕	거리다
씨근덕대다	씨근덕	대다
씨근벌떡거리다	씨근벌떡	거리다
씨근벌떡대다	씨근벌떡	대다
씨근벌떡이다	씨근벌떡	이다
씨근씨근	씨근	씨근
씨근펄떡거리다	씨근펄떡	거리다
씨근펄떡대다	씨근펄떡	대다
씨근펄떡이다	씨근펄떡	이다
씨끝	씨	끝
씨르륵거리다	씨르륵	거리다
씨르륵대다	씨르륵	대다
씨물거리다	씨물	거리다
씨물대다	씨물	대다
씨물씨물	씨물	씨물
씨발놈	씨발	놈
씨부렁거리다	씨부렁	거리다
씨부렁대다	씨부렁	대다
씨불거리다	씨불	거리다
씨불대다	씨불	대다
씨불이다	씨불	이다
씨뿌리기	씨	뿌리다
씨뿌리다	씨	뿌리다
씨수	씨	수
씨실	씨	실
씨알	씨	알
씨우적거리다	씨우적	거리다
씨우적대다	씨우적	대다
씨족사회	씨족	사회
씨줄	씨	줄
씩둑거리다	씩둑	거리다
씩둑대다	씩둑	대다
씩씩거리다	씩씩	거리다
씩씩대다	씩씩	대다
씩씩하다	씩씩	하다
씰그러뜨리다	씰그러	뜨리다
씰그러트리다	씰그러	트리다
씰긋거리다	씰긋	거리다
씰긋대다	씰긋	대다
씰긋하다	씰긋	하다
씰기죽거리다	씰기죽	거리다
씰룩거리다	씰룩	거리다
씰룩대다	씰룩	대다
씰룩이다	씰룩	이다
씰쭉거리다	씰쭉	거리다
씰쭉대다	씰쭉	하다
씹	씨	집
씹거웃	씹	거웃
씹구멍	씹	구멍
씹덕	씹	덕후
씹두덩	씹	두덩
씹새	씹	새끼
씹새끼	씹	새끼
씹조개	씹	조개
씹창	씹	창
씹하다	씹	하다
씻나락	씨	ㅅ	나락
씻은듯이	씻	은	듯이
씽글거리다	씽글	거리다
씽글대다	씽글	대다
씽글뻥글거리다	씽글뻥글	거리다
씽글뻥글대다	씽글뻥글	대다
씽글삥글거리다	씽글삥글	거리다
씽글삥글대다	씽글삥글	대다
씽긋거리다	씽긋	거리다
씽긋대다	씽긋	대다
씽긋뻥긋	씽긋	뻥긋
씽긋뻥긋거리다	씽긋뻥긋	거리다
씽긋뻥긋대다	씽긋뻥긋	대다
씽긋삥긋	씽긋	삥긋
씽긋삥긋거리다	씽긋삥긋	거리다
씽긋삥긋대다	씽긋삥긋	대다
씽끗거리다	씽끗	거리다
씽끗대다	씽끗	대다
씽끗뻥끗	씽끗	뻥끗
씽끗뻥끗거리다	씽끗뻥끗	거리다
씽끗뻥끗대다	씽끗뻥끗	대다
씽끗삥끗	씽끗	삥끗
씽끗삥끗거리다	씽끗삥끗	거리다
씽끗삥끗대다	씽끗삥끗	대다
아 이름	아	이름
아가	아기	아
아가씨	아기	씨
아경도풍	아	경도	풍
아교목층	아	교목층
아구통	아구	통
아군 사격	아군	사격
아귀다툼	아귀	다툼
아귀힘	아귀	힘
아기똥거리다	아기똥	거리다
아기똥대다	아기똥	대다
아기씨	아기	씨
아기작거리다	아기작	거리다
아기작대다	아기작	대다
아기족거리다	아기족	거리다
아기족대다	아기족	대다
아기집	아기	집
아깆거리다	아깆	거리다
아깆대다	아깆	대다
아낌없다	아낌	없다
아나운서실	영어 announcer	한자 室.
아낙네	아낙	네
아날로그시계	아날로그	시계
아내상	아내	한자 像.
아놔	아	나
아느작거리다	아느작	거리다
아느작대다	아느작	대다
아늑거리다	아늑	거리다
아늑대다	아늑	대다
아늑하다	아늑	하다
아늘거리다	아늘	거리다
아늘대다	아늘	대다
아니꼬운	아니꼽다	ㄴ
아니꼬움	아니꼽다	ㅁ
아니면	아니	면
아니요	아니	요
아니하다	아니	하다
아닌	아니다	ㄴ
아님	아니다	ㅁ
아담하다	아담	하다
아동 포르노	아동	포르노
아동 학대	아동	학대
아동기	아동	기
아둔하다	아둔	하다
아드득거리다	아드득	거리다
아드득대다	아드득	대다
아드등거리다	아드등	거리다
아드등대다	아드등	대다
아득거리다	아득	거리다
아득대다	아득	대다
아득바득	아득	바득
아득바득거리다	아득바득	거리다
아득바득대다	아득바득	대다
아들놈	아들	놈
아들딸	아들	딸
아들아이	아들	아이
아들애	아들	애
아등거리다	아등	거리다
아등대다	아등	대다
아라비아 사람	^아라비아	사람
아라비아 숫자	아라비아	숫자
아라비아반도	아라비아	반도
아람어	^아람	어
아랍 에미리트 연방	아랍	에미리트	연방
아랍어	^아랍	어
아랍에미리트	아랍	에미리트
아랍인	아랍	인
아랍추장국	아랍	추장국
아랑곳하다	아랑곳	하다
아래 쿼크	아래	쿼크
아래위	아래	위
아래윗집	아래	위	ㅅ	집
아래층	아래	층
아래턱	아래	턱
아래턱뼈	아래턱	뼈
아랫것	아래	ㅅ	것
아랫녘	아래	ㅅ	녘
아랫니	아래	ㅅ	니 < 이
아랫단	아래	ㅅ	단
아랫돌	아래	ㅅ	돌
아랫마을	아래	ㅅ	마을
아랫면	아래	ㅅ	면
아랫목	아래	ㅅ	목
아랫몸	아래	ㅅ	몸
아랫물	아래	ㅅ	물
아랫방	아래	ㅅ	방
아랫배	아래	ㅅ	배
아랫부분	아래	ㅅ	부분
아랫사람	아래	ㅅ	사람
아랫입술	아래	ㅅ	입술
아랫자리	아래	ㅅ	자리
아랫집	아래	ㅅ	집
아련하다	아련	하다
아련히	아련	히
아렴풋하다	아렴풋	하다
아로새기다	아로	새기다
아롱거리다	아롱	거리다
아롱대다	아롱	대다
아르렁거리다	아르렁	거리다
아르렁대다	아르렁	대다
아르메니아어	^아르메니아	어
아르메니아인	아르메니아	인
아르바이트생	아르바이트	생#生
아르바이트하다	아르바이트	하다.
아르헨티나인	아르헨티나	인
아른거리다	아른	거리다
아른대다	아른	대다
아른아른	아른	아른
아름거리다	아름	거리다
아름다운	아름답다	ㄴ
아름다움	아름답다	ㅁ
아름답다	아름	답다
아름대다	아름	대다
아름작거리다	아름작	거리다
아름작대다	아름작	대다
아리딸딸하다	아리딸딸	하다
아리송하다	아리송	하다
아릿거리다	아릿	거리다
아릿대다	아릿	대다
아릿아릿	아릿	아릿
아릿하다	아릿	하다
아마도	아마	도
아마추어 무선	아마추어	무선
아마추어 예보	아마추어	예보
아메리카 합중국	^아메리카	합중국
아메리카군함조	^아메리카	군함조
아메리카독도마뱀	^아메리카	독	도마뱀
아메리카들소	^아메리카	들소
아메리카원앙	^아메리카	원앙
아메리카홍머리오리	^아메리카	홍	머리	오리
아무개	아므	가히
아무도	아무	도
아무르강	아무르	강
아무르산개구리	아무르	산개구리
아무르표범	아무르	표범.
아무쪼록	아무	쪼록
아무튼	아무러하다 > 아무러	든
아물거리다	아물	거리다
아물대다	아물	대다
아미노산	아미노	산
아비규환	한자 阿鼻叫喚. 阿鼻	叫喚)
아빠	아비	아
아빠다리	아빠	다리
아사삭거리다	아사삭	거리다
아사삭대다	아사삭	대다
아사삭아사삭	아사삭	아사삭
아사삭아사삭하다	아사삭아사삭	하다
아사히까와 시	아사히까와	시
아삭거리다	아삭	거리다
아삭대다	아삭	대다
아쉬운	아쉽다	ㄴ
아쉬움	아쉽	음
아스라이	아스라	이 < 중세 한국어 아ᅀᆞ라이, 아ᅀᆞ라히
아스라하다	아스라	하다
아스러뜨리다	아스러	뜨리다
아스러트리다	아스러	트리다
아스콜빅산	ascorbic	산#酸
아슬랑거리다	아슬랑	거리다
아슬랑대다	아슬랑	대다
아시아경기대회	아시아	경기대회
아시아인	아시아	인
아시아코끼리	^아시아	코끼리
아시아황금고양이	아시아	황금	고양이
아싹거리다	아싹	거리다
아싹대다	아싹	대다
아열대고기압	한자 亞熱帶.	한자 高氣壓.
아열대기단	한자 亞熱帶.	한자 氣團.
아열대기후	한자 亞熱帶.	한자 氣候.
아열대제트기류	아열대	제트	기류
아옹거리다	아옹	거리다
아옹대다	아옹	대다
아우성	아우	성
아우성치다	아우	한자 聲.	치다
아욱국	아욱	국
아이누어	^아이누	어
아이누족	아이누	족
아이들	아이	들
아이러니하다	아이러니	하다
아이슬란드어	^아이슬란드	어
아일랜드 공화국	^아일랜드	공화국
아일랜드어	^아일랜드	어
아작거리다	아작	거리다
아장거리다	아장	거리다
아장대다	아장	대다
아장바장	아장	바장
아재개그	아재	개그
아제르바이잔어	^아제르바이잔	어
아제르바이잔인	아제르바이잔	인
아조브 해	아조브	해
아조프 해	아조프	해
아주까리기름	아주까리	기름
아주낮춤	아주	낮춤
아주높임	아주	높임
아주머니	앚	어머니 > 아주머니
아줌마	앚	엄마 > 아줌마
아지균풍	한자 亞.	한자 地均風.
아지작거리다	아지작	거리다
아지작아지작하다	아지작아지작	하다
아지작하다	아지작	하다
아지직거리다	아지직	거리다
아지직대다	아지직	대다
아직도	아직	도
아짝거리다	아짝	거리다
아창거리다	아창	거리다
아창대다	아창	대다
아첨하다	아첨	하다
아치교	아치	교
아치랑거리다	아치랑	거리다
아치랑대다	아치랑	대다
아치장거리다	아치장	거리다
아치장대다	아치장	대다
아치형	아치	형
아치형마치	아치형	마치
아칠거리다	아칠	거리다
아칠아칠하다	아칠아칠	하다
아침 식사	아침	식사
아침나절	아침	나절
아침노을	아침	노을
아침밥	아침	밥
아침상	아침	상
아침잠	아침	잠
아칫거리다	아칫	거리다
아카시아꽃	영어 acacia	꽃
아카시아나무	영어 acacia	나무
아편꽃	아편	꽃
아프다	중세 한국어 앓	ᄇᆞ
아프리카코끼리	^아프리카	코끼리
아프리카황금늑대	아프리카	황금	늑대
아프리칸스어	^아프리칸스	어
아픈	아프다	ㄴ
아홉수	아홉	한자 數.
아홉시	아홉	시
아홉째	아홉	째
아흔째	아흔	째
악기상	악	기상
악기상요소	한자 惡.	한자 氣象.	한자 要素.
악다물다	악	다물다
악담하다	악담	하다
악독하다	악독	하다
악성임파종	악성	임파종
악성코드	악성	코드
악수하다	악수	하다
악악거리다	악악	거리다
악악대다	악악	대다
악어거북	악어	거북
악착같이	악착	같이
악착빼기	악착	빼기
악착스럽다	악착	스럽다
악착스레	악착	스레
악착이	악착	이
악착하다	악착	하다
악하다	악	하다
악화되다	악화	되다
악화하다	악화	하다
안가시위	안가	시위
안갚음	안	갚음
안갚음하다	안갚음	하다
안개관측시스템	안개	한자 觀測.	영어 system
안개구름	안개	구름
안개꽃	안개	꽃
안개비	안개	비
안거하다	안거	하다
안경다리	안경	다리
안경닦이	안경	닦이.
안경돌고래	안경	돌고래
안경알	안경	알
안경원숭이	안경	원숭이
안경잡이	안경	잡이
안경집	안경	집
안경테	안경	테
안고하다	안고	하다
안구테러	안구	테러
안내양	안내	양
안내하다	안내	하다
안녕하다	안녕	하다
안녕히	안녕	히
안데스산맥	안데스	산맥
안동답답이	안동	답답이
안되다	안	되다
안된	안되다	ㄴ
안됨	안되다	ㅁ
안뜰	안	뜰
안락의자	안락	의자
안마당	안	마당
안마하다	안마	하다
안무하다	안무	하다
안방	안	ㅅ	방
안방극장	안	방	극장
안방마님	안	방	마님
안벽	안	벽
안보관	안보	관
안부하다	안부	하다
안사돈	안	사돈
안사람	안	사람
안산하다	안산	하다
안성맞춤	안성	맞춤
안수하다	안수	하다
안식년	안식	년
안식시키다	안식	시키다
안식처	안식	처
안식하다	안식	하다
안심시키다	안심	시키다
안심하다	안심	하다
안쓰러운	안쓰럽다	ㄴ
안쓰러움	안쓰럽다	ㅁ
안장부	한자 鞍裝.	한자 部.
안장하다	안장	하다
안전면도기	안전	면도기
안전모	안전	모
안전문	안전	문
안전벨트	안전	벨트
안전핀	안전	핀
안전하다	안전	하다
안정기단	한자 安定.	한자 氣團.
안정시키다	안정	시키다
안정하다	안정	하다
안주시키다	안주	시키다
안주애기박쥐	한자 安州.	애기	박쥐
안주인	안	주인
안주하다	안주	하다
안집시키다	안집	시키다
안쪽	안	쪽
안착하다	안착	하다
안채	안	채
안치하다	안치	하다
안타까운	안타깝다	ㄴ
안타까움	안타깝다	ㅁ
안팎	안	팎
앉은레스링자세	앉다 > 앉은	레스링	자세
앉은뱅이책상	앉은뱅이	책상
앉은출발달리기	앉다 > 앉은 출발	달리기
앉은키	앉은	키
앉음틀	앉음	틀
않은	않다	은
않음	않다	음
알갱이	알	갱이
알거지	알	거지
알고무	알	고무
알곡	알	곡
알근하다	알근	하다
알까기	알	까기
알껍질	알	껍질
알라신	^알라	신
알락개구리매	알락	개구리매
알락도요	알락	도요
알락오리	알락	오리
알락할미새	알락	할미새
알락해오라기	알락	해오라기
알람시계	알람	시계
알랑거리다	알랑	거리다
알랑대다	알랑	대다
알랑알랑하다	알랑알랑	하다
알래스카 주	알래스카	주
알량하다	알량	하다
알레르기성	알레르기	성
알록달록하다	알록달록	하다
알록점	알록	점
알른거리다	알른	거리다
알른대다	알른	대다
알리다	알다	리
알릴기	알릴	기
알림장	알림	장
알맞은	알맞다	은
알맞음	알맞다	음
알몸	알	몸
알밋알밋	알밋	알밋
알바니아어	^알바니아	어
알바니아인	알바니아	인
알바생	알바	생#生
알밤	알	밤
알배추	알	배추
알버섯	알	버섯
알부자	알	부자
알사탕	알	사탕
알숭어	알	숭어
알씬거리다	알씬	거리다
알씬대다	알씬	대다
알아내다	알다	내다
알아듣다	알아	듣다
알아맞히다	알아	맞히다
알아먹다	알아	먹다
알아보다	알아	보다
알아주다	알아	주다
알아차리다	알아	차리다
알약	알	약
알전등	알	전등
알제리인	알제리	인
알집	알	집
알집암	알집	암
알짱거리다	알짱	거리다
알짱대다	알짱	대다
알쫑거리다	알쫑	거리다
알쫑대다	알쫑	대다
알찌개	알	찌개
알찐거리다	알찐	거리다
알차다	알	차다
알칼리금속	알칼리	금속
알코올성	영어 alcohol	한자 性.
알큰하다	알큰	하다
알타이어족	알타이	어족
알탕	알	탕
알토란	알	토란
알파벳순	알파벳	순
알판	알	판
알현하다	알현	하다
앎	알	ㅁ
암갈색	암	갈색
암거래	암	거래
암고양이	암	고양이
암곰	암	곰
암공포증	암	공포증
암기하다	암기	하다
암꿩	암	꿩
암나사	암	나사
암내	암	내
암녹색	암	녹색
암놈	암	놈
암달러	한자 暗.	영어 dollar
암닭	암	닭
암띠다	암	띠다
암말	암	말
암매하다	암매	하다
암모니아수	암모니아	수
암사슴	암	사슴
암사자	암	사자
암살하다	암살	하다
암석아스팔트	암석	아스팔트
암세포	암	세포
암소	암	소
암송하다	암송	하다
암수	암	수
암수한몸	암수	한몸
암시하다	암시	하다
암약하다	암약	하다
암양	암	양
암자색	암	자색
암잔하다	암잔	하다
암장하다	암장	하다
암적	암	적
암중	암	중
암지르다	암	지르다
암청색	암	청색
암캉아지	암	강아지
암캐	암	캐
암컷	암	컷 < 아ᇡ	것
암탉	아ᇡ	ᄃᆞᆰ
암퇘지	암	퇘지
암호화하다	암호화	하다
암흑색	암	흑색
압도당하다	압도	당하다
압도하다	압도	하다
압력솥	압력	솥
압류하다	압류	하다
압사하다	압사	하다
압송하다	압송	하다
압승하다	압승	하다
압착하다	압착	하다
압하스어	압하스	어
압하스인	압하스	인
앗아가다	앗아	가다
앙갚음	앙	갚	음
앙글거리다	앙글	거리다
앙기작거리다	앙기작	거리다
앙당하다	앙당	하다
앙등하다	앙등	하다.
앙바틈하다	앙바틈	하다
앙상블예보	영어 ensemble	한자 豫報.
앙상하다	앙상	하다
앙알거리다	앙알	거리다
앙알대다	앙알	대다
앙앙거리다	앙앙	거리다
앙양하다	앙양	하다
앙잘거리다	앙잘	거리다
앙큼상큼	앙큼	상큼
앙큼하다	앙큼	하다
앞길	앞	길
앞날	앞	날
앞다리	앞	다리
앞뒤	앞	뒤
앞뜰	앞	뜰
앞마당	앞	마당
앞머리	앞	머리
앞면	앞	면
앞모습	앞	ㅅ	모습
앞바다	앞	바다
앞발	앞	발
앞부분	앞	부문
앞산	앞	산
앞서	앞	서
앞손	앞	손
앞십자인대	앞	십자	인대
앞에서	앞	에서
앞에총	앞	에	총
앞으로	앞	으로
앞이	앞	이
앞이마	앞	이마
앞자락	앞	자락
앞장서다	앞장	서다
앞좌석	앞	좌석
앞줄경기자	앞줄	경기자
앞지르다	앞	지르다
앞집	앞	집
앞쪽	앞	쪽
앞차	앞	차
앞치마	앞	치마
앞태	앞	태
애걸하다	애걸	하다
애교쟁이	애교	쟁이
애국가	한자 愛國歌 < 애국	가
애국심	애국	심
애국하다	애국	하다
애급쥐	애급	쥐
애기똥풀	애기	똥	풀
애기망둑	애기	망둑
애기여새	애기	여새
애기젖가루	애기	젖	가루
애도하다	애도	하다
애독하다	애독	하다
애동제자	애	동	제자
애매하다	애매	하다
애모하다	애모	하다
애무하다	애무	하다
애벌레	애	벌레
애새끼	애	새끼
애석하다	애석	하다
애소하다	애소	하다
애송하다	애송	하다
애쓰다	애	쓰다
애연하다	애연	하다
애완동물	애완	동물
애용하다	애용	하다
애원하다	애원	하다
애음하다	애음	하다
애장하다	애장	하다
애절하다	애절	하다
애젊다	애	젊다
애중하다	애중	하다
애착하다	애착	하다
애창하다	애창	하다
애청하다	애청	하다
애초	애	초
애타주의	애타	주의
애한하다	애한	하다.
애호가	애호	가
애호박	애	호박
애호하다	애호	하다
액체괴물	액체	괴물
액체비누	액체	비누
액화석유가스	액화	석유	가스
앨라배마어	앨라배마	어.
앵글로색슨인	앵글로색슨	인
앵도나무	앵도	나무
앵무새	앵무	새
앵앵거리다	앵앵	거리다
야간냉각	한자 夜間.	한자 冷却.
야간뇌우	한자 夜間.	한자 雷雨.
야간복사	야간	복사
야구공	야구	공.
야구화	야구	화
야금거리다	야금	거리다
야금대다	야금	대다
야기죽거리다	야기죽	거리다
야단하다	야단	하다
야당계	야당	계
야당권	야당	권
야릇하다	야릇	하다
야릿하다	야릿	하다
야만스럽다	야만	스럽다
야멸치다	야멸	치다
야물거리다	야물	거리다
야밤	야	밤
야불거리다	야불	거리다
야불대다	야불	대다
야비하다	야비	하다
야상곡	야상	곡
야속하다	야속	하다
야스락거리다	야스락	거리다
야스락대다	야스락	대다
야슬거리다	야슬	거리다
야슬대다	야슬	대다
야심스레	야심	스레
야옹거리다	야옹	거리다
야옹대다	야옹	대다
야옹이	야옹	이
야자나무	야자	나무
야자집게	야자	집	게
야죽거리다	야죽	거리다
야채 주스	야채	주스
야틈하다	야틈	하다
야하다	야	하다
야행성	한자 夜行性 < 야행	성
야행성동물	야행성	동물
야행하다	야행	하다
약동하다	약동	하다
약명	한자 藥名. < 약	명
약명전	한자 藥名箋. < 약명	전
약명표	한자 藥名表 < 약명	표
약빠르다	약	빠르다
약빠른	약빠르다	ㄴ
약빠름	약빠르다	ㅁ
약삭빠르다	약삭	빠르다
약소국	약소	국
약속어음	약속	어음
약속하다	약속	하다
약손가락	약	손가락
약아빠지다	약아	빠지다
약용백분	한자 藥用白粉. < 약용	백분
약은	약다	은
약음	약다	음
약이름표	약	이름표
약죽거리다	약죽	거리다
약진하다	약진	하다
약탈하다	약탈	하다
약하다	약	하다
약혼남	약혼	남
약혼하다	약혼	하다
얄긋거리다	얄긋	거리다
얄긋대다	얄긋	대다
얄밉다	얄	밉다
얇은	얇다	은
얇음	얇다	음
양갈보	양	갈보
양고기	양	고기
양교맥	양교	맥
양극처리	양극	처리
양념게장	양념	게장
양념치킨	양념	치킨
양다래	양	다래
양다리	양	다리
양달	양	달
양도하다	양도	하다
양동이	양	동이
양로원	양로	원
양반다리	양반	다리
양보하다	양보	하다
양상추	양	상추
양서류	양서	류
양성자	양성	자
양성평등	양성	평등
양성화	양성	화
양숟가락	양	숟가락
양심수	양심	수
양심적	양심	적
양심적 병역거부자	양심적	병역	거부	자
양압력	양	압력
양옥집	양옥	집
양유맥	양유	맥
양은 냄비	양은	냄비
양음 부호	양	음	부호
양의사	양	의사
양자리	양	자리
양전자	양	전자
양지꽃	양지	꽃
양쯔강고기압	한자 楊子江.	한자 高氣壓.
양초	양	초
양치기	양	치기
양치류	양치	류
양치식물	양치	식물
양탄자	양	탄자
양털	양	털
양털더미	양털	더미
양털멧토끼	양털	멧토끼
양털지방	양털	지방
양파	양	파
양팔	양	팔
양하다	양	하다
양형 부당	양형	부당
얕은	얕다	은
얕음	얕다	음
어거하다	어거	하다
어글어글	어글	어글
어기뚱거리다	어기뚱	거리다
어기뚱대다	어기뚱	대다
어기적거리다	어기적	거리다
어기적대다	어기적	대다
어기죽거리다	어기죽	거리다
어기죽대다	어기죽	대다
어깆거리다	어깆	거리다
어깆대다	어깆	대다
어깨뼈	어깨	뼈
어깨춤	어깨	춤
어깨치마	어깨	치마
어깻죽지뼈	어깨	ㅅ	죽지	뼈
어느 곳	어느	곳
어느덧	어느	덧
어느새	어느	새
어느정도	어느	정도
어는고도	얼다	ㄴ	한자 高度.
어는비	얼다 > 어	는	비
어는안개	얼다 > 어	는	안개
어두운	어둡다	ㄴ
어둑서니	어둑	서니
어둠살	어둠	살
어둠상자	어둠	상자
어떠하다	어떠	하다
어떻게	어떻	게
어떻씨	어떻	씨
어려운	어렵다	ㄴ
어련하다	어련	하다
어렴풋이	어렴풋	이
어렴풋하다	어렴풋	하다
어룽거리다	어룽	거리다
어룽대다	어룽	대다
어른거리다	어른	거리다
어른대다	어른	대다
어름거리다	어름	거리다
어름대다	어름	대다
어름적거리다	어름적	거리다
어름적대다	어름적	대다
어리둥절하다	어리둥절	하다
어리떨떨하다	어리떨떨	하다
어리숙하다	어리숙	하다
어리숭하다	어리숭	하다
어린	어리다	ㄴ
어린아이	어린	아이
어린이	어린	이
어린이날	어린이	날
어린이집	어린이	집
어림수	어림	수
어림없다	어림	없다 < 중세 한국어 어림없다
어림잡다	어림	잡다
어릿거리다	어릿	거리다
어릿대다	어릿	대다
어릿어릿	어릿	어릿
어릿하다	어릿	하다
어말어미	어말	어미
어머니	어미	아	님
어묵	어	묵
어물거리다	어물	거리다
어물대다	어물	대다
어물쩍거리다	어물쩍	거리다
어물쩍대다	어물쩍	대다
어물쩍이다	어물쩍	이다
어버이날	어버이	날
어빡자빡	어빡	자빡
어색하다	어색	하다
어서 오세요	어서	'오-'	'-세요'
어서석거리다	어서석	거리다
어서석대다	어서석	대다
어서석하다	어서석	하다
어석거리다	어석	거리다
어석대다	어석	대다
어수룩하다	어수룩	하다
어수선하다	어수선	하다
어슬렁거리다	어슬렁	거리다
어슬렁대다	어슬렁	대다
어슷거리다	어슷	거리다
어슷대다	어슷	대다
어썩거리다	어썩	거리다
어썩대다	어썩	대다
어씃하다	어씃	하다
어여머리	어여	머리
어엿하다	어엿	하다
어용신문	어용	신문
어울소리	어울리다	소리
어울채	어울리다	채
어웅하다	어웅	하다
어이없다	어이	없다
어적거리다	어적	거리다
어적대다	어적	대다
어적이다	어적	이다
어정거리다	어정	거리다
어정대다	어정	대다
어제날	어제	날
어제밤	어제	밤
어제오늘	어제	오늘
어제저녁	어제	저녁
어젯밤	어제	ㅅ	밤
어조사	어조	사
어줍잖다	어줍—	잖다
어지럼	어지럽다 > 어지러	ㅁ
어지럼증	어지럼	증
어째	어찌하다	여
어쩍거리다	어쩍	거리다
어쩍대다	어쩍	대다
어찌나	어찌	나
어찌씨	어찌	씨
어처구니없다	어처구니	없다
어청거리다	어청	거리다
어청대다	어청	대다
어치렁거리다	어치렁	거리다
어치정거리다	어치정	거리다
어칠거리다	어칠	거리다
어칠어칠하다	어칠어칠	하다
어패류	어패	류
억누르다	억	누르다
억류하다	억류	하다
억수로	억수	로
억실억실	억실	억실
억압자	억압	자
억압하다	억압	하다
억억거리다	억억	거리다
억음 부호	억	음	부호
억제하다	억제	하다
억지다짐	억지	다짐
억지로	억지	로
억척스럽다	억척	스럽다
억측하다	억측	하다
억하다	억	하다
언거번거	언거	번거
언급하다	언급	하다
언니 라인	언니	라인
언닌	언니	ㄴ
언덕배기	언덕	배기
언뜻거리다	언뜻	거리다
언뜻대다	언뜻	대다
언명하다	언명	되다
언비	얼다 > 어	ㄴ	비
언안개	얼다 > 어	ㄴ	안개
언약하다	언약	하다
언어동조대	언어	동조대 < 독일어 Sprachbund
언어적	언어	적
언어학	언어	학
언제까지나	언제	까지	나
언제나	언제	나
언졸하다	언졸	하다
언진하다	언진	하다
언짢은	언짢다	은
언짢음	언짢다	음
얹혀살다	얹히다 > 얹히어 > 얹혀	살다
얻어듣다	얻다 > 얻어	듣다
얻어맞다	얻어	맞다
얼가니새	얼가니	새
얼간	얼	간
얼간이	얼간	이
얼굴가리개	얼굴	가리개
얼굴값	얼굴	값
얼굴색	얼굴	색
얼근하다	얼근	하다
얼꽝	얼	꽝.
얼떨결	얼떨	결
얼떨떨하다	얼떨떨	하다
얼럭밥	얼럭	밥
얼렁거리다	얼렁	거리다
얼룩덜룩	얼룩	덜룩
얼룩동사리	얼룩	동사리
얼룩말	얼룩	말
얼룩무늬	얼룩	무늬
얼룩새코미꾸리	얼룩	새코미꾸리
얼룩소	얼룩	소
얼룩점	얼룽	점
얼룩족제비	얼룩	족제비
얼룩지다	얼룩	지다
얼른거리다	얼른	거리다
얼른대다	얼른	대다
얼마나	얼마	나
얼마만큼	얼마	만큼
얼버무리다	얼	버무리다
얼비치다	얼	비치다
얼빡	얼	빡
얼싸안다	얼싸다 > 얼싸	안다
얼씬거리다	얼씬	거리다
얼씬대다	얼씬	대다
얼어붙다	얼어	붙다
얼음	얼	음
얼음과자	얼음	과자
얼음꽃	얼음	꽃
얼음냉수	얼음	냉수
얼음물	얼음	물
얼음보숭이	얼음	보숭이
얼음안개	얼음	안개
얼음장	얼음	장
얼음찜질	얼음	찜질
얼음차	얼음	차
얼음판	얼음	과자
얼짱	얼	짱.
얼쩡거리다	얼쩡	거리다
얼쭝거리다	얼쭝	거리다
얼찌근하다	얼찌근	하다
얼찐거리다	얼찐	거리다
얼큰하다	얼큰	하다
얼토당토아니하다	얼토당토	아니하다
얽매다	얽다 > 얽	매다
얽매이다	얽다 > 얽	매이다
얽어내다	얽다 > 얽어	내다
엄격하다	엄격	하다
엄금하다	엄금	하다
엄단하다	엄단	하다
엄마	어미	아
엄벌하다	엄벌	하다
엄벙거리다	엄벙	거리다
엄벙대다	엄벙	대다
엄선하다	엄선	하다
엄수하다	엄수	하다
엄숙주의	엄숙	주의
엄숙하다	엄숙	하다
엄숙히	엄숙	히
엄습하다	엄습	하다
엄연하다	엄연	하다
엄염하다	엄염	하다
엄정하다	엄정	하다
엄존하다	엄존	하다
엄중하다	엄중	하다
엄지도치	엄지	도치
엄지발가락	엄지	발가락
엄지손가락	엄지	손가락
엄지손톱	엄지	손톱
엄지씨름	엄지	씨름
엄지척	엄지	척
엄징하다	엄징	하다
엄책하다	엄책	하다
엄청나다	엄청	나다
엄청난	엄청나다	ㄴ
엄청남	엄청나다	ㅁ
엄탐하다	엄탐	하다.
엄폐하다	엄폐	하다
엄호하다	엄호	하다
업동이	업	동이
업둥이	업	둥이
업신여기다	업신	여기다
업진살	업진	살
없는	없다	는
없애다	없다	애
없애버리다	없애다	버리다
없음	없다	음
없이	없	이
엇걸어잡기	엇걸다 > 엇걸어	잡기
엇시조	엇	시조
엉가	형	아
엉겁결에	엉겁	결	에
엉글거리다	엉글	거리다
엉기적거리다	엉기적	거리다
엉덩방아	엉덩이	방아
엉두덜거리다	엉두덜	거리다
엉뚱하다	엉뚱	하다
엉망진창	엉망	진창
엉버틈하다	엉버틈	하다
엉성하다	엉성	하다
엉얼거리다	엉얼	거리다
엉엉거리다	엉엉	거리다
엉엉대다	엉엉	대다
엉절거리다	엉절	거리다
엉절대다	엉절	대다
엉클어뜨리다	엉클어	뜨리다
엉클어트리다	엉클어	트리다
엉큼하다	엉큼	하다
에게서	에게	서
에르자어	에르자	어
에멜무지로	에멜무지	로
에베레스트산	에베레스트	산
에서부터	에서	부터
에스토니아어	^에스토니아	어
에스파냐어	에스파냐	어
에스파냐인	에스파냐	인
에야크어	영어 에야크 Eyak	어
에이비오식 혈액형	에이비오	식	혈액형.
에이비형	에이비	형.
에이형	에이	형.
에펠탑	^에펠	탑
엑스축	엑스	축
엘니뇨-남방진동	엘니뇨 <스페인어 el Niño	남방	진동
엥가노쥐	엥가노	쥐
엥간히	엥간	히
여고생	여고	생
여군	여	군
여기저기	여기	저기
여남은	열	남	은
여닫다	여	닫다
여닫이	여	닫	이
여닫이문	여닫이	문
여대생	여대	생
여덟시	여덟	시
여덟째	여덟	째
여동생	여	동생
여드름	들	음
여든째	여든	째
여러다미식	여러다미	식
여러마디식	여러	마디	식
여러분	여러	분
여럿이름씨	여럿	이름	씨
여류하다	여류	하다
여름 계절풍	여름	한자 季節風.
여름냉면	여름	냉면
여름비	여름	비
여름빛	여름	빛
여름철	여름	철
여린말	여리다 > 여린	말
여릿하다	여릿	하다
여문	여물다	ㄴ
여묾	여물다	ㅁ
여보세요	여	보세요
여사하다	여사	하다
여섯시	여섯	시
여섯째	여섯	째
여성공포증	여성	공포증
여스골	여스	골
여실히	여실	히
여염하다	여염	하다
여우비	여우	비
여우원숭이	여우	원숭이
여의사	여	의사
여의자	여	의	자
여자아이	여자	아이
여자친구	여자	친구
여전히	여전	히
여중생	여중	생
여짓거리다	여짓	거리다
여짓대다	여짓	대다
여탕	한자 女湯. < 여	탕
여편네	어원: 여	편	네
여하튼	여하	튼
여행기	여행	기
여행자	여행	자
여행자수표	여행자	수표
여행하다	여행	하다
역공하다	역공	하다
역류하다	역류	하다
역방향	역	방향
역사가	역사	가
역사소설	역사	소설
역사적	역사	적
역사학	역사	학
역산하다	역산	하다
역설하다	역설	하다
역습하다	역습	하다
역임하다	역임	하다
역전되다	역전	되다
역전안개	역전	안개
역전층	역전	층
역전하다	역전	하다
역주하다	역주	하다
역청암	역청	암
역투하다	역투	하다
역학예보	역학	예보
역행동화	역행	동화
역행되다	역행	되다
역행하다	역행	하다
역형성	역	형성
연감	연	감
연결어미	연결	어미
연구되다	연구	되다
연구소	연구	소
연구실	연구	실
연구원	한자어 ‘硏究員, 硏究	員’에서 유래.
연구하다	연구	하다
연극배우	연극	배우
연극하다	연극	하다
연금수령자	연금	수령자
연금술	연금	술
연기하다	연기	하다
연두색	연두	색
연락하다	연락	하다
연립방정식	연립	방정식
연립부등식	연립	부등식
연못	연	못
연못거북	연못	거북
연무	연	무
연밥	연	밥
연밥소	연밥	소
연변말	연변	말
연변화	한자 年.	한자 變化.
연보라	연	보라
연뿌리	연	뿌리
연설가	연설	가
연속극	연속	극
연속적	연속	적
연습장	연습	장
연안바다	한자 沿岸.	바다
연안항로	연안	항로
연안항로예보	연안	항로	예보
연애병	한자 戀愛病. < 연애	병
연애편지	연애	편지
연애하다	연애	하다
연어	년	어
연연하다	연연	하다
연유하다	연유	하다
연잇다	연	잇다
연잎성게	연잎	성게
연장예보	한자 延長.	한자 豫報.
연장통	연장	통
연주하다	연주	하다
연주회	연주	회
연직단면	한자 鉛直.	한자 斷面.
연직속도	한자 鉛直.	한자 速度.
연직속도분포	한자 鉛直.	한자 速度.	한자 分布.
연직시정	한자 鉛直.	한자 視程.
연직온도경도	한자 鉛直.	한자 溫度.	한자 傾度.
연체동물	연체	동물
연출하다	한자 演出.	하다
연필깎이	연필	깎이.
연하곤란	연하	곤란
연하다	연	하다
연해연방	연해	연방
연화점	연화	점
열고나다	열다 > 열고	나다
열광적	열광	적
열끗	열	끗
열난류	한자 熱.	한자 亂流.
열내림약	열	내림	약
열넷	열	넷
열넷째	열	넷	째
열뇌우	한자 熱.	한자 雷雨.
열다섯	열	다섯
열다섯째	열	다섯	째
열대기단	한자 熱帶.	한자 氣團.
열대대류권계면	한자 熱帶.	한자 對流圈.	한자 界面.
열대둥근마	열대	둥근마
열대류	열한자 熱.	대류한자 對流.
열대붉은해오라기	열대	붉은	해오라기
열대상층기단	열대한자 熱帶.	상층한자 上層.	기단한자 氣團.
열대새	열대	새
열대수렴대	열대한자 熱帶.	수렴대한자 收斂帶.
열대야	열대	야
열대요란	열대한자 熱帶.	요란한자 擾亂.
열대저기압	열대	저기압
열대저압부	열대	저압부
열대전선	열대한자 熱帶.	전선한자 前線.
열대폭풍	열대	폭풍
열대해양기단	열대한자 熱帶.	해양한자 海洋.	기단한자 氣團.
열두시	열두	시
열두째	열두	째
열둘	열	둘
열띤	열띠다	ㄴ
열띰	열띠다	ㅁ
열렁거리다	열렁	거리다
열렬하다	열렬	하다
열매달	열매	달
열매를 맺다	열매	를	맺다
열복사	열한자 熱.	복사한자 輻射.
열빙어	열	빙어
열섬	열	섬
열성적	열성	적
열셋	열	셋
열셋째	열	셋	째
열쇠	열	쇠
열시	열	시
열심히	열심	히
열아홉	열	아홉
열아홉째	열	아홉	째
열악하다	열악	하다
열없다	얼	없다
열없쟁이	열없	쟁이
열여덟	열	여덟
열여덟째	열	여덟	째
열여섯	열	여섯
열여섯째	열	여섯	째
열역학선도	열역학한자 熱力學.	선도한자 線圖.
열염순환	열	염	순환
열올림법	열	올림	법
열일곱	열	일곱
열일곱째	열	일곱	째
열저기압	열한자 熱.	저기압한자 低氣壓.
열적운	열한자 熱.	적운한자 積雲.
열정적	열정	적
열중하다	열중	하다
열지수	열한자 熱.	지수한자 指數.
열째	열	째
열하나	열	하나
열한시	열한	시
열한째	열한	째
염려되다	염려	되다
염려하다	염려	하다
염병하다	염병	하다
염병할	염병	하다
염불하다	염불	하다
염색되다	염색	되다
염색하다	염색	하다
염소 수염	염소	수염
염소수염	염소	수염
염소자리	염소	자리
염소젖	염소	젖
염주비둘기	염주	비둘기
염치머리	염치	머리
염탐꾼	염탐	꾼
염탐하다	염탐	하다
염화수소	염화	수소
염화암모늄	염화	암모늄
엿듣다	엿	듣다
엿보다	엿	보다
영감님	영감	님
영광스럽다	영광	스럽다
영구성	영구	성
영국 사람	^영국	사람
영국인	영국	인
영롱하다	영롱	하다
영리하다	영리	하다
영변화	영	변화
영사관	영사	관
영속성	영속	성
영수증	영수	증
영수하다	영수	하다
영시	영	시
영양탕	영양	탕
영업소	영업	소
영업하다	영업	하다
영원성	영원	성
영원하다	영원	하다
영원히	영원	히
영접들어총	영접	들다 > 들어	총
영화관	영화	관
영화롭다	영화	롭다
영화배우	영화	배우
옆구리	옆	구리
옆방	옆	방
옆집	옆	집
예견되다	예견	되다
예견하다	예견	하다
예고되다	예고	되다
예고하다	예고	하다
예금되다	예금	되다
예금하다	예금	하다
예날	예	날
예납되다	예납	되다
예납하다	예납	하다
예루살렘 신전	예루살렘	신전
예리하다	예리	하다
예매되다	예매	되다
예매하다	예매	하다
예민러	예민	러
예민하다	예민	하다
예방되다	예방	되다
예방하다	예방	하다
예배하다	예배	하다
예보되다	예보	되다
예보하다	예보	하다
예불하다	예불	하다
예비신문	예비	신문
예비하다	예비	하다
예쁘디예쁘다	예쁘디	예쁘다
예쁘장하다	예쁘장	하다
예쁜	예쁘다	ㄴ
예쁜이	예쁜	이
예쁨	예쁘다	ㅁ
예사낮춤	예사	낮춤
예사높임	예사	높임
예사말	예사	말
예사소리	예사	소리
예산안	예산	안
예상되다	예상	되다
예상하다	예상	하다
예속되다	예속	되다
예속하다	예속	하다
예속화하다	예속화	하다
예수교	예수	교
예수회	^예수	회
예순째	예순	째
예술가	예술	가
예술인	예술	인
예술적	예술	적
예술제	예술	제
예술품	예술	품
예술헤엄	예술	헤엄
예술헤염	예술	헤염
예습하다	예습	하다
예시되다	예시	되다
예시하다	예시	하다
예약되다	예약	되다
예약하다	예약	하다
예언되다	예언	되다
예언하다	예언	하다
예외적	예외	적
예인하다	예인	하다
예입하다	예입	하다
예절바르다	예절	바르다
예정되다	예정	되다
예정하다	예정	하다
예제	예	제
예증하다	예증	하다
예찬하다	예찬	하다
예측되다	예측	되다
예측하다	예측	하다
예치하다	예치	하다
예컨대	예	컨대
예탁하다	예탁	하다
예편되다	예편	되다
예편하다	예편	하다
옛 한글	옛	한글
옛글	옛	글
옛날	옛	날
옛날이야기	옛날	이야기
옛말	옛	말
옛이야기	옛	이야기
옛이응	옛	이응
옛적	옛	적
옛한글	옛	한글
오가다	오	가
오각형	오각	형
오곡	한자어 ‘五穀, 五	穀’에서 유래.
오곡밥	오곡	밥
오그라뜨리다	오그라	뜨리다
오그라트리다	오그라	트리다
오글거리다	오글	거리다
오글대다	오글	대다
오글보글	오글	보글
오글오글	오글	오글
오글쪼글하다	오글쪼글	하다
오긋하다	오긋	하다
오뉴월	오	뉴월
오늘날	오늘	날
오도당거리다	오도당	거리다
오도당대다	오도당	대다
오도독거리다	오도독	거리다
오도독대다	오도독	대다
오도독이다	오도독	이다
오독거리다	오독	거리다
오독대다	오독	대다
오독오독	오독	오독
오동나무	오동	나무
오두막	오두	막
오두막집	오두막	집
오들거리다	오들	거리다
오들대다	오들	대다
오똘거리다	오똘	거리다
오뚝이	오뚝	이
오라버니	오라비	님
오라버님	오라버니	님
오라범	오라버니 > 오라버	ㅁ
오라범댁	오라범	댁
오래가다	오래	가다
오래간만	오래간	만
오래되다	오래	되다
오래전	오래	전
오랜만	오래	만
오램	오래다	ㅁ
오랫동안	오래	ㅅ	동안
오렌지색	오렌지	색
오렌지윗수염박쥐	오렌지	윗수염박쥐
오렌지즙	오렌지	즙
오련하다	오련	하다
오로지하다	오로지	하다
오륜기	오륜	기
오르도비스기	오르도비스	기
오른발잡이	오른발	잡이
오른손	오른	손
오른손잡이	오른손	잡이
오른심방	오른	심방
오른심실	오른	심실
오른쪽	오른	쪽
오른편	오른	편
오름	오르다 > 오르	ㅁ
오름차순	오름 < 오르다	차	순
오리고기	오리	고기
오리너구리	오리	너구리
오리배	오리	배
오리알	오리	알
오막살이	오막	살이
오만스럽다	오만	스럽다
오만스레	오만	스레
오만하다	오만	하다
오목하다	오목	하다
오묘하다	오묘	하다
오무락거리다	오무락	거리다
오무락대다	오무락	대다
오무작거리다	오무작	거리다
오무작대다	오무작	대다
오무작오무작	오무작	오무작
오물거리다	오물	거리다
오물대다	오물	대다
오므라뜨리다	오므라	뜨리다
오므라이스	일본어 オムレツ	ライス
오므라트리다	오므라	트리다
오복하다	오복	하다
오비작거리다	오비작	거리다
오빗거리다	오빗	거리다
오빗대다	오빗	대다
오빠	오라비	아
오사리	올	사리
오사리젓	오사리	젓
오색딱따구리	오색	딱따구리
오색잡놈	오색	잡놈
오손도손하다	오손도손	하다
오솔하다	오솔	하다
오스만 제국	^오스만	제국
오스트랄리아 련방	^오스트랄리아	련방
오스트레일리아 련방	^오스트레일리아	련방
오스트레일리아 사람	^오스트레일리아	사람
오스트레일리아 연방	^오스트레일리아	연방
오스트레일리아인	^오스트레일리아	인
오스트리아헝가리 제국	오스트리아	헝가리	제국
오십오	오십	오
오싹거리다	오싹	거리다
오싹대다	오싹	대다
오열하다	오열	하다
오와 열	오	와	열
오이냉국	오이	냉국
오입쟁이	오입	쟁이
오입질	오입	질
오젓	올	젓
오존구멍	오존 < 독일어 Ozon < 고대그리스어 ὄζω	구멍
오졸거리다	오졸	거리다
오줌검사	오줌	검사
오줌똥	오줌	똥
오줌싸개	오줌	싸	개
오줌통	오줌	통
오지끈거리다	오지끈	거리다
오지끈대다	오지끈	대다
오지직거리다	오지직	거리다
오지직대다	오지직	대다
오직들	오직	들
오쫄거리다	오쫄	거리다
오쫄대다	오쫄	대다
오키나와어	^오키나와	어
오토바이	일본어 オートバイ < 영어 auto	bicycle
오해되다	오해	되다
오해하다	오해	하다
오형	오	형
오호츠크해	^오호츠크	해
오호츠크해고기압	오호츠크해 < 러시아	고기압
오호츠크해기단	오호츠크해	기단
옥수숫가루	옥수수	ㅅ	가루.
옥죄다	옥이다	죄다
온갖	온	갖
온난고기압	온난	고기압
온난기단	온난한자 溫暖.	기단한자 氣團.
온난저기압	온난한자 溫暖.	저기압한자 低氣壓.
온난전선	온난한자 溫暖.	전선한자 前線.
온난형 폐색전선	온난한자 溫暖.	형한자 形.	폐색전선한자 閉塞前線.
온대저기압	온대한자 溫帶.	저기압한자 低氣壓.
온대편서풍	온대한자 溫帶.	편서풍한자 偏西風.
온대하우기후	온대한자 溫帶.	하우한자 夏雨.	기후한자 氣候.
온도감률	온도한자 溫度.	감률한자 減率.
온도보정	온도한자 溫度.	보정한자 補正.
온도역전	온도한자 溫度.	역전한자 逆轉.
온도장	온도한자 溫度.	장한자 場.
온도풍	온도한자 溫度.	풍한자 風.
온돌	온	돌
온라인사전	온라인	사전
온새미	온	샘
온순하다	온순	하다
온실가루이	온실	가루이
온실가스	온실	가스
온위	온	위
온음	온	음
온저항	온	저항
온정주의	온정	주의
온종일	온	종일
온화하다	온화	하다
온흐림	온	흐림
올가을	올	가을
올강거리다	올강	거리다
올강대다	올강	대다
올겨울	올	겨울
올근거리다	올근	거리다
올근대다	올근	대다
올라가다	오르다	가다
올랑거리다	올랑	거리다
올랑대다	올랑	대다
올리브유	올리브	유
올림가단조	올림	가단조
올림가장조	올림	가장조
올림다단조	올림	다단조
올림다장조	올림	다장조
올림라단조	올림	라단조
올림말	올림	말
올림바단조	올림	바단조
올림바장조	올림	바장조
올림사단조	올림	사단조
올림사장조	올림	사장조
올림픽기	영어 Olympic	기
올바로	올	바로
올바르다	올	바르다
올바른	올바르다	ㄴ
올바름	올바르다	ㅁ
올백	all	백
올봄	올	봄
올여름	올	여름
올올	올	올
올해	옳	ᄋᆡ. 어원적으로 동사 '오다' 및 명사 '해'와 관련 없음.
옮겨가다	옮기다	가다
옮겨오다	옮기다	오다
옳바르다	옳−	바르다
옳은	옳다	은
옳음	옳다	음
옴개구리	옴	개구리
옴지락거리다	옴지락	거리다
옴직거리다	옴직	거리다
옴직대다	옴직	대다
옴질거리다	옴질	거리다
옴질대다	옴질	대다
옴찍거리다	옴찍	거리다
옴찍대다	옴찍	대다
옴칫거리다	옴칫	거리다
옴칫대다	옴칫	대다
옷감	옷	감
옷깃	옷	깃
옷자락	옷	자락
옷장	옷	장
옷차림	옷	차림
옹고집	옹	고집
옹근월식	옹근	월식
옹근일식	옹글다	일식
옹기종기	옹기	종기
옹성거리다	옹성	거리다
옹알거리다	옹알	거리다
옹알대다	옹알	대다
옹잘거리다	옹잘	거리다
옹잘대다	옹잘	대다
옹졸하다	옹졸	하다
옹호하다	옹호	하다
옻나무	옻	나무
옻칠	옻	칠
와들거리다	와들	거리다
와들대다	와들	대다
와들와들	와들	와들
와라이족	와라이	족
와사삭거리다	와사삭	거리다
와사삭대다	와삭	대다
와삭거리다	와삭	거리다
와삭대다	와삭	대다
와싹거리다	와싹	거리다
와싹대다	와싹	대다
와이축	와이	축
와인냉장고	와인	냉장고
왁다글거리다	왁다글	거리다
왁다글대다	왁다글	대다
왁시글거리다	왁시글	거리다
왁시글대다	왁시글	대다
왁실거리다	왁실	거리다
왁실대다	왁실	대다
왁작거리다	왁작	거리다
왁작대다	왁작	대다
완고하다	완고	하다
완두콩	완두	콩
완벽하다	완벽	하다
완벽히	완벽	히
완비하다	완비	하다
완성되다	완성	되다
완성하다	완성	하다
완수하다	완수	하다
완자	卍	자
완전넘어지기	완전	넘어지기 < 넘어지다
완전수	완전	수
완전진단방법	완전	진단	방법
완전하다	완전	하다
완전히	완전	히
완화하다	완화	하다
왓가나이 시	왓가나이	시 < 일본어 稚内市
왕게	왕	게
왕관비둘기	왕관	비둘기
왕나비	왕	나비
왕느릅나무	왕	느릅나무
왕도마뱀	왕	도마뱀
왕따	왕	따
왕바다리	왕	바다리
왕바람	왕	바람
왕바랭이	왕	바랭이
왕뱀	왕	뱀
왕복하다	왕복	하다
왕사슴벌레	왕	사슴벌레
왕서방	^왕	서방
왕오색나비	왕	오색나비
왕왕	왕	왕
왕정주의자	왕정	주의	자
왕종개	왕	종개
왕지네	왕	지네
왕질경이	왕	질경이
왕초	왕	초
왜간장	왜	간장
왜곡되다	왜곡	되다
왜곡하다	왜곡	하다
왜꾹저구	왜	꾹저구
왜나라	왜	나라
왜냐하면	왜	이	냐	하	면
왜놈	왜	놈
왜매치	왜	매치
왜몰개	왜	몰개
왜풀망둑	왜	풀망둑
왜행성	왜	행성
외갓집	외가	ㅅ	집
외계인	한자 外界人. < 외계	인
외곬	외	곬
외국어	외국	어
외국인	외국	인
외기권	대기	권 <그리스어 exo에서 영어 exosphere 유래
외돌토리	외	돌토리
외래어	외래	어
외래종	외래	종
외로운	외롭다	ㄴ
외로움	외롭	음
외롭다	외	롭다
외발	외	발
외발자전거	외발	자전거
외삼촌	외	삼촌
외침	외치	ㅁ
외톨박이	외톨	박이
외톨이	외톨	이
외할머니	외	할머니
외할아버지	외	할아버지
왼발잡이	왼발	잡이
왼손	왼	손
왼손잡이	왼손	잡이
왼심방	왼	심방
왼심실	왼	심실
왼쪽	왼	쪽
왼편	왼	편
요격하다	요격	하다
요구하다	요구	하다
요금소	요금	소
요긴하다	요긴	하다.
요긴히	요긴	히.
요꼬하마 시	요꼬하마	시
요란뻑적지근	요란	뻑적지근
요란하다	요란	하다
요령부득	요령	부득
요리사	요리	사
요리조리	요리	조리
요리하다	요리	하다
요모조모	요모	조모
요업가	요업	가
요요하다	요요	하다
요즈음	요	즈음
요청하다	요청	하다
요컨대	요하	건대
요한 묵시록	^요한	묵시록
욕설하다	욕설	하다
욕지거리	욕	짓거리
욕지기질	욕지기	질
욕지기하다	욕지기	하다
욕하다	욕	하다
용감하다	용감	하다
용돈	용	돈
용두질	용두	질
용맹하다	용맹	하다
용상어	용	상어
용서하다	용서	하다
용수공	용수	공
용오름	용	오름
용이하다	용이	하다
우 불규칙 활용	우	불규칙 활용
우걱지걱	우걱	지걱
우그러뜨리다	우그러	뜨리다
우그러트리다	우그러	트리다
우글거리다	우글	거리다
우글대다	우글	대다
우글우글	우글	우글
우글우글하다	우글우글	하다
우는토끼	우는	토끼
우단담배풀	우단	담배풀
우당탕거리다	우당탕	거리다
우당탕대다	우당탕	대다
우당탕우당탕	우당탕	우당탕
우두덩거리다	우두덩	거리다
우두덩대다	우두덩	대다
우두덩우두덩	우두덩	우두덩
우두둑거리다	우두둑	거리다
우두둑대다	우두둑	대다
우두둑이다	우두둑	이다
우둑거리다	우둑	거리다
우둑대다	우둑	대다
우둑우둑	우둑	우둑
우둑하다	우둑	하다
우둔거리다	우둔	거리다
우둔하다	우둔	하다
우들거리다	우들	거리다
우들대다	우들	대다
우뚝이	우뚝	이
우뚤거리다	우뚤	거리다
우뚤대다	우뚤	대다
우랄알타이어족	우랄	알타이	어족
우럭볼락	우럭	볼락
우렁각시	우렁이	각시
우련하다	우련	하다
우롱하다	우롱	하다
우뢰	雨	雷
우르두어	^우르두	어
우르릉거리다	우르릉	거리다
우리나라	우리	나라
우리나라 사람	우리나라	사람
우리들	우리	들
우리말	우리	말
우리집	우리	집
우무럭거리다	우무럭	거리다
우무럭대다	우무럭	대다
우무문어	우무	문어
우무적거리다	우무적	거리다
우무적대다	우무적	대다
우물거리다	우물	거리다
우물대다	우물	대다
우물쩍거리다	우물쩍	거리다
우물쩍대다	우물쩍	대다
우물쩍이다	우물쩍	이다
우므러뜨리다	우므러	뜨리다
우므러트리다	우므러	트리다
우부룩하다	우부룩	하다
우북하다	우북	하다
우비적거리다	우비적	거리다
우비적대다	우비적	대다
우빗거리다	우빗	거리다
우빗대다	우빗	대다
우산소나무	우산	소나무
우산이끼	우산	이끼
우선통행권	우선	통행권
우수리강	ᡠᠰᡠᡵᡳ᠌	강
우수리관코박쥐	우수리	관코박쥐
우수리박쥐	우수리	박쥐
우수리윗수염박쥐	우수리	윗수염박쥐
우수토실	우수	토	실
우수하다	우수	하다
우스갯소리	우스개	ㅅ	소리
우스운	우습다	ㄴ
우스움	우습다	ㅁ
우스터셔 소스	우스터셔	소스
우아하다	우아	하다
우연성	우연	성
우연히	우연	히
우울하다	우울	하다
우워치	우워	치
우유가루	우유	가루
우유통	우유	통
우윳빛	우유	빛
우적거리다	우적	거리다
우적대다	우적	대다
우적우적	우적	우적
우점종	우점	종
우주 비행사	우주	비행사
우주 쓰레기	우주	쓰레기
우주계	우주	계
우주배경복사	우주	배경	복사
우주살	우주	살
우주정거장	우주	정거장
우주흑체복사	우주	흑체	복사
우죽거리다	우죽	거리다
우죽대다	우죽	대다
우줄거리다	우줄	거리다
우줄대다	우줄	대다
우줅거리다	우줅	거리다
우줅대다	우줅	대다
우즈베크어	^우즈베크	어
우지끈거리다	우지끈	거리다
우지끈대다	우지끈	대다
우지직거리다	우지직	거리다
우지직대다	우지직	대다
우쭐거리다	우쭐	거리다
우쭐대다	우쭐	대다
우체통	우체	통
우크라이나어	^우크라이나	어
우크라이나인	^우크라이나	인
우편집배원	우편	집배원
우편통신원	한자 郵便通信員. < 우편	통신원
우호적	우호	적
우회하다	우회	하다
운동공원	운동	공원
운동긴양말	운동	긴	양말
운동복	운동	복
운동에너지	운동	에너지
운동장	운동	장
운동회	운동	회
운명의 바퀴	운명	의	바퀴
운영하다	운영	하다
운용하다	운용	하다
운전기사	운전	기사
운전대	운전	대
운전면허증	운전면허	증
운전사	운전	사
운전자	운전	자
운전하다	운전	하다
운지법	운지	법
운행하다	운행	하다
울걱거리다	울걱	거리다
울걱대다	울걱	대다
울걱울걱하다	울걱울걱	하다
울겅거리다	울겅	거리다
울겅대다	울겅	대다
울고불고	울고	불고
울근거리다	울근	거리다
울근대다	울근	대다
울꺽거리다	울꺽	거리다
울꺽대다	울꺽	대다
울돌	울	돌
울렁거리다	울렁	거리다
울렁대다	울렁	대다
울렁이다	울렁	이다
울먹거리다	울먹	거리다
울먹대다	울먹	대다
울먹이다	울먹	이다
울묵줄묵하다	울묵줄묵	하다
울보	울	보
울산광역시	울산	광역시
울새	울	새
울음	울	음
울음소리	울음	소리
울적하다	울적	하다
울창하다	울창	하다.
울컥거리다	울컥	거리다
울컥대다	울컥	대다
움실거리다	움실	거리다
움실대다	움씰	대다
움쑥거리다	움쑥	거리다
움쑥대다	움쑥	대다
움씰거리다	움씰	거리다
움씰대다	움씰	대다
움죽거리다	움죽	거리다
움죽대다	움죽	대다
움지럭거리다	움지럭	거리다
움지럭대다	움지럭	대다
움직거리다	움직	거리다
움직대다	움직	대다
움직씨	움직	씨
움직이다	움직	이다
움질거리다	움질	거리다
움질대다	움질	대다
움짤	움	짤
움쩍거리다	움쩍	거리다
움쩍대다	움쩍	대다
움쭉거리다	움쭉	거리다
움쭉대다	움쭉	대다
움찍거리다	움찍	거리다
움찍대다	움찍	대다
움찔거리다	움찔	거리다
움찔대다	움찔	대다
움찔움찔하다	움찔움찔	하다
움츠러들다	움츠러	들다
움츠러뜨리다	움츠러	뜨리다
움츠러트리다	움츠러	트리다
움칠거리다	움칠	거리다
움칠대다	움칠	대다
움칫거리다	움칫	거리다
움칫대다	움칫	대다
움켜쥐다	움켜	쥐다
움트다	움	트다
웁살라	upp	salir
웃기다	'웃다'	기
웃도리	우	ㅅ	도리
웃어넘기다	웃다	넘기다
웃어른	웃	어른
웃음	웃	음
웃음거리	웃음	거리
웃음꽃	웃음	꽃
웃음소리	웃음	소리
웅긋웅긋	웅긋	웅긋
웅성거리다	웅성	거리다
웅얼거리다	웅얼	거리다
웅얼대다	웅얼	대다
웅절거리다	웅절	거리다
웅절대다	웅절	대다
웅혼하다	웅혼	하다
워석거리다	워석	거리다
워석대다	워석	대다
워썩거리다	워썩	거리다
워썩대다	워썩	대다
웍더글거리다	웍더글	거리다
웍더글대다	웍더글	대다
원그래프	원	그래프
원근법	원근	법
원님	원	님
원만하다	원만	하다
원말	원	말
원망하다	원망	하다
원반던지기	원반	던지기
원반던지기 선수	원반던지기	선수
원뿔	원	뿔
원뿔 곡선	원	뿔	곡선
원산지	원산	지
원생대	원생	대
원소광물	원소	광물
원순열	원	순열
원숭이	원성	이
원시림	원시	림
원시인	원시	인
원심력	원심	력
원심분리기	원심	분리기
원앙새	원앙	새
원예작물	원예	작물
원자구름	원자	구름
원자량	원자	량
원자번호	원소	번호
원주민	원	주민
원초적	원초	적
원추 곡선	원추	곡선
원추세포	원추	세포
원칙적	원칙	적
원판	원	판
원하다	원	하다
원형극장	원형	극장
원형질	원형	질
월계관	한자 月桂冠. < 월계	관
월계수	월계	수
월궁항아	월궁	항아
웬셈	웬	셈
웬일	웬	일
웰시 코기	^웰시	코기
웹 소설	웹	소설
웹소설	영어 web	한자 小說
웹툰	영어 web	cartoon
위 쿼크	위	쿼크
위구르어	^위구르	어
위대하다	위대	하다
위령제	위령	제
위로하다	위로	하다
위만조선	한자 衛滿朝鮮. < 위만	조선
위선자	위선	자
위선적	위선	적
위아래	위	아래
위암	한자 胃癌. < 위	암
위압적	위압	적
위약금	위약	금
위원회	위원	회
위임하다	위임	하다
위장되다	위장	되다
위조지폐	위조	지폐
위조하다	위조	하다
위처짐	위	처짐 < 처지다
위층	위	층
위치에너지	위치	에너지
위치하다	위치	하다
위키낱말사전	위키	낱말	사전으로, 이 중 위키는 Hawaiian wiki에서 유래한 영어 wiki.
위키백과	위키	백과를 조합한 영어 Wikipedia의 번역 차용로, Wikipedia는 Hawaiian wiki와 영어 -pedia의 합성어.
위탁하다	위탁	하다
위팔뼈	위팔	뼈
위하다	위	하다
위허하다	위허	하다.
위험기상	위험	기상
위험성	위험	성
위험천만하다	위험천만	하다
위험하다	위험	하다
위협적	위협	적
위협하다	위협	하다
윗-	위	ㅅ
윗도리	위	ㅅ	도리
윗수염박쥐	윗수염	박쥐
유관하다	유관	하다
유괴되다	유괴	되다.
유괴범	유괴	범
유괴하다	유괴	하다.
유교걸	유교	girl
유년기	유년	기
유능하다	유능	하다
유대교	^유대	교
유대인	^유대	인
유도하다	유도	하다
유람객	유람	객
유람선	유람	선
유랑민	유랑	민
유럽 사람	^유럽	사람
유럽 연합	^유럽	연합
유럽개암나무	^유럽	개암나무
유럽꾀꼬리	^유럽	꾀꼬리
유럽동맹	^유럽	동맹
유럽들소	^유럽	들소
유럽메기	^유럽	메기
유럽무족도마뱀	^유럽	무족	도마뱀
유럽물레고둥	^유럽	물레	고둥
유럽바위종다리	^유럽	바위종다리
유럽박태기나무	^유럽	박태기나무
유럽벌잡이새	^유럽	벌잡이새
유럽소나무담비	^유럽	소나무	담비
유럽인	^유럽	인
유럽짱깨	^유럽	짱깨
유럽칠성말배꼽	^유럽	칠성말배꼽
유렵기	유렵	기
유리그림	유리	그림
유리섬유	유리	섬유
유리수	유리	수
유리창	유리	창
유리컵	유리	컵
유리하다	유리	하다
유리화	한자 琉璃畫. < 유리	화
유릿조각	유리	ㅅ	조각
유명세	유명	세
유명하다	유명	하다
유명해지다	해	지다
유목민	한자 遊牧民. < 유목	민
유물론	유물	론
유방암	유방	암
유복하다	유복	하다
유부남	유부	남
유사성	유사	성
유사하다	유사	하다
유산계급	유산	계급
유성 폭풍	유성	폭풍
유순하다	유순	하다
유식하다	유식	하다
유신론	유신	론
유아기	유아	기
유언비어	유언	비어
유연성	유연	성
유연하다	유연	하다
유용하다	유용	하다
유유자적	유유	자적
유음화	유음	화
유의어	한자 類義語. < 유의	어
유의파고	유의	파고
유의하다	유의	하다
유이하다	유이	하다
유익하다	유익	하다
유일하다	유일	하다
유자나무	유자	나무
유자잼	유자	잼
유자차	유자	차
유자형 자석	유	자	형	자석
유장하다	유장	하다
유전자	유전	자
유정란	유정	란
유지하다	유지	하다
유치원	유치	원 < 일본어 幼稚園 < 독일어 Kindergarten.
유치원생	유치원	생
유치하다	유치	하다
유쾌하다	유쾌	하다
유한집합	유한	집합
유행하다	유행	하다
유향 그래프	유	향	그래프
유화액	유화	액
유효기간	유효	기간
유흥업소	유흥업	소
육가야	육	가야
육각렌치	육	각	렌치
육각형	육각	형
육개장	육	개	장
육손이	육	손	이
육식동물	육식	동물
육젓	육	젓
육진방언	육진	방언
육체적	한자 肉體的. < 육체	적
윤날	한자 閏.	날
윤달	윤	달
윤하하다	윤하	하다
윤허하다	윤허	하다
윷가락	윷	가락
윷놀이	윷	놀이
윷놀이하다	윷놀이	하다
윷말	윷	말
윷짝	윷	짝
윷판	윷	판
으뜸음	으뜸	음
으로부터	으로	부터
으로서	으로	서
으스러뜨리다	으스러	뜨리다
으스러트리다	으스러	트리다
으스스하다	으스스	하다
윽박지르다	윽박	지르다
은근히	은근	히
은메달	은	메달
은메달리스트	은	메달리스트
은방울꽃	은	방울	꽃
은빛	은	빛
은상어	은	상어
은색마모셋	은색	마모셋
은수저	은	수저
은유법	은유	법
은퇴하다	은퇴	하다.
은하단	은하	단
은행나무	은행	나무
은행원	은행	원
을밋을밋	을밋	을밋
을씨년스럽다	을사늑약이 체결된 을사년 > 을씨년	스럽다
음교맥	음교	맥
음극선관	음극선	관
음나무	음	나무
음달	음	달
음란하다	음란	하다
음료수	한자 飮料水. < 음료	수
음성 모음	음성	모음
음성학	음성	학
음식값	음식	값
음식물	음식	물
음식점	음식	점
음악 게임	음악	게임
음악가	음악	가
음악사	음악	사
음악회	음악	회
음역어	음역	어
음역하다	음역	하다
음용수	한자 飮用水. < 음용	수
음운 변화	음운	변화
음울하다	음울	하다
음유맥	음유	맥
음유하다	음유	하다
음절말	음절	말
음절의 끝소리 규칙	음절	의	끝소리	규칙
음주측정기	음주	측정기
음주하다	음주	하다
음해하다	음해	하다
음향학	음향	학
음흉하다	음흉	하다
응 아니야	응	아니야
응가나산어	러시아어 нганасанский	어
응시하다	응시	하다
응얼거리다	응얼	거리다
응얼대다	응얼	대다
응원법	응원	법
응응거리다	응응	거리다
응응대다	응응	대다
응집하다	응집	하다
의견란	의견	란
의도적	의도	적
의도하다	의도	하다
의뢰하다	의뢰	하다
의무경찰	의무	경찰
의무적	의무	적
의뭉스럽다	의뭉	스럽다
의미하다	의미	하다
의성어	의성	어
의식하다	의식	하다
의심되다	의심	되다
의심스럽다	의심	스럽다
의심쩍은	의심쩍다	은
의심쩍음	의심쩍다	음
의심하다	의심	하다
의아하다	의아	하다.
의열단	의열	단
의열하다	의열	하다
의외로	의외	로
의용군 행진곡	의용군	행진곡
의젓하다	의젓	하다
의존 명사	의존	명사
의존하다	의존	하다
의지하다	의지	하다
의태어	의태	어
의협심	의협	심
의혹하다	의혹	하다.
이가알코올	이가	알코올
이것	이	것
이곳	이	곳
이글거리다	이글	거리다
이글대다	이글	대다
이기심	이기	심
이기적	이기	적
이기주의	이기	주의
이기죽거리다	이기죽	거리다
이기죽대다	이기죽	대다
이기죽이기죽	이기죽	이기죽
이꼬마 시	이꼬마	시 < 일본어 生駒市
이끼도롱뇽	이끼	도롱뇽
이날	이	날
이닦이약	이닦이	약
이달	이	달
이돌	이	돌
이동되다	이동	되다
이동하다	이동	하다
이드알피트르	이드	알피트르
이듬해	이듬	해
이등변삼각형	이등변	삼각형
이디시어	Yiddish	어
이때	이	때
이란 이슬람 공화국	^이란	^이슬람	공화국
이란어	^이란	어
이러나저러나	이러나	저러나
이런저런	이런	저런
이롭다	이	롭다
이루어지다	이루어	지다
이룩하다	이룩	하다
이륙하다	이륙	하다
이르띄슈 강	러시아어 Иртыш	강
이른	이르다	ㄴ
이른바	이르다	바
이를테면	이를	테면
이름씨	이름	씨
이름표	이름	표
이리저리	이리	저리
이마빼기	이마	빼기
이마뼈	이마	뼈
이만	이	만
이만큼	이	만큼
이맘때	이	만	때
이메일 주소	이메일	주소
이모뻘	이모	뻘
이모저모	이모	저모
이물감	이물	감
이발사	미용	사
이방인	이방	인
이번	이	번
이별하다	이별	하다
이보호틀	이	보호	틀
이복남매	이복	남매
이부자리	이불	자리
이분	이	분
이뽑기	이	뽑다 > 뽑기
이쁘디이쁘다	이쁘디	이쁘다
이쁜이	이쁜	이
이사짐	이사	짐
이사하다	이사	하다
이삭여뀌	이삭	여뀌
이산화탄소	이산화	탄소
이상야릇	이상	야릇
이상적	이상	적
이상주의	이상	주의
이상하다	이상	하다
이스라엘 사람	^이스라엘	사람
이스라엘국	^이스라엘	국
이스라엘인	^이스라엘	인
이스랒빛	이스라지	빛
이스머스사포테카어	영어 Isthmus Zapotec	어
이슬람교	이슬람	교
이슬람교국	이슬람교	국
이슬람교도	^이슬람	교도
이슬람국가	^이슬람	국가
이슬람권	이슬람	권
이슬람주의	이슬람	주의
이슬비	이슬	비
이슬술	이슬	술
이슬점	이슬	점
이슬점온도	이슬점)	온도
이심스레	이심	스레
이심하다	이심	하다
이쑤시개	이	쑤시개
이악이악	이악	이악
이야기그림	이야기	그림
이야기꾼	이야기	꾼
이야기하다	이야기	하다
이야깃거리	이야기	ㅅ	거리
이어서	이어	서
이어진문장	이어진	문장
이어치기	잇다	어	치다	기
이억하다	이억	하다
이엉장이	이엉	장이
이온음료	이온	음료
이용사	이용	사
이용하다	이용	하다
이웃집	이웃	집
이웃하다	이웃	하다
이율배반	이율	배반
이음꼴	이음	꼴
이음어찌씨	잇다	어찌	씨
이이	이	이
이인칭	이	인칭
이제	이	제
이제야	이제	야
이젠	이제	는
이족보행	이족	보행
이죽거리다	이죽	거리다
이죽대다	이죽	대다
이죽이죽하다	이죽이죽	하다
이중 모음	이중	모음
이중매매	이중	매매
이즈미오쯔 시	일본어 泉大津市 이즈미오쯔	시
이지러지다	이지러	지다
이지력	이지	력
이질적	이질	적
이집트 아랍 공화국	^이집트	아랍	공화국
이집트학	이집트	학
이쪽	이	쪽
이쪽저쪽	이쪽	저쪽
이차무지개	이차	무지개
이차방정식	이차	방정식
이참	이	참
이타주의	이타	주의
이탈리아 사람	^이탈리아	사람
이탈리아어	^이탈리아	어
이탈리아인	^이탈리아	인
이태동사	이태	동사
이태리 사람	^이태리	사람
이태리인	^이태리	인
이토록	이	토록
이틀	잇	흘, 중세 한국어 1481)
이파리	잎	아리
이팝나무	이팝	나무
이해하다	이해	하다
이행하다	이행	하다
이형태	이	형태
이혼가족	이혼	가족
이혼하다	이혼	하다
익살맞다	익살	맞다
익숙하다	익숙	하다
익은	익다	은
익음	익다	음
익죽거리다	익죽	거리다
익죽대다	익죽	대다
익죽익죽	익죽	익죽
익죽익죽하다	익죽익죽	하다
익히	익	히
익히다	익	히	다 < 니기다)
인간계	인간	계
인간관계	인간	관계
인간성	인간	성
인간적	인간	적
인공어	인공	어
인공위성	인공	위성
인공증우	한자 人工.	한자 增雨.
인과법칙	인과	법칙
인과율	인과	율
인구 피라미드	인구	피라미드
인구어족	인구	어족
인기척	인	기척
인도게르만어	인도	게르만	어
인도네시아어	^인도네시아	어
인도양	인도	양
인도유럽어족	인도	유럽	어족
인도코끼리	^인도	코끼리
인도하다	인도	하다
인류학	인류	학
인물화	인물	화
인민 공화국	인민	공화국
인민학교	인민	학교
인사법	한자 人事法. < 인사	법
인사하다	인사	하다
인상깊다	인상	깊다
인상착의	인상	착의
인서울	in	^서울
인솔하다	인솔	하다
인쇄하다	인쇄	하다
인수분해	인수	분해
인식론	인식	론
인식하다	인식	하다
인용표	인용	표
인용하다	인용	하다
인의 장막	인	의	장막
인의 장벽	인	의	장벽
인자하다	인자	하다
인적	인	적
인조가죽	인조	가죽
인조고기	인조	고기
인조인간	인조	인간
인조잔디	인조	잔디
인종차별	인종	차별
인지 행동 치료	인지	행동	치료
인지과학	인지	과학
인지하다	인지	하다
인천광역시	인천	광역시
인칭 대명사	인칭	대명사
인터넷 소설	인터넷	소설
인터넷서점	인터넷	서점
인터넷우편	인터넷	우편
인터뷰하다	인터뷰	하다.
인하다	인	하다
인형의 집	인형	의	집
일ᄒᆞ다	일	ᄒᆞ다
일각고래	일각	고래
일각수좌	일각수	좌
일거리	일	ㅅ	거리
일견하다	일견	하다
일곱시	일곱	시
일곱째	일곱	째
일관성	일관	성
일관하다	일관	하다
일괄하다	일괄	하다
일광 절약 시간	일광	절약	시간
일광욕	일광	욕
일광욕하다	일광욕	하다
일긋거리다	일긋	거리다
일긋대다	일긋	대다
일기도	일기	도
일기예보	일기	예보
일기현상	일기	현상
일꾼	일	꾼
일년감	일년	감
일단락하다	일단락	하다
일독하다	일독	하다
일등급	일	등급
일람하다	일람	하다
일률	일#work	률#率
일률적	일률	적
일맥상통하다	일맥상통	하다
일박하다	일박	하다
일반화하다	일반화	하다
일벌	일	벌
일법랍	일	법랍
일본 사람	^일본	사람
일본멧토끼	일본	멧토끼
일본어	일본	어
일본원숭이	^일본	원숭이
일본잎갈나무	^일본	잎갈나무
일본장지뱀	^일본	장지뱀
일부분	일	부분
일분일초	한자 一分一秒. < 일분	일초
일상다반사	일상다반	사
일손	일	손
일시적	일시	적
일식집	일식	집
일용직	일	용직
일원화하다	일원화	하다
일인칭	일	인칭
일인칭 시점	일인칭	시점
일일이	일일	이
일임하다	일임	하다
일자리	일	자리
일제강점기	일본 제국	강제 점령	기
일주하다	일주	하다
일찌감치	일즉	암치
일찍이	일찍	이
일차 함수	일차	함수
일차방정식	일차	방정식
일천하다	일천	하다
일축하다	일축	하다
일치단결하다	일치단결	하다
일치되다	일치	되다
일치하다	일치	하다
일편단심	일편	단심
일평균기온	일	평균	기온
일평균습도	일	평균	습도
일하다	일	하다 < 일ㅎㆍ다
일회용	일회	용
일회용품	일회	용품
일흔째	일흔	째
임계온도	임계	온도
임관층	임관	층
임금바람	임금	바람
임대인	임대	인
임대하다	임대	하다
임명하다	임명	하다
임신구토	임신	구토
임신부	임신	부
임신하다	임신	하다
임이	임	이
임자씨	임자	씨
임차인	임차	인
입꼬리	입	꼬리
입다툼	입	다툼
입덧	입	덧
입덧하다	입덧	하다
입말	입	말
입맛	입	맛
입맞추기	입	맞추다 > 맞추기
입맞추다	입	맞추다
입맞춤	입	맞춤
입맞춤하다	입맞춤	하다
입방아	입	방아
입벌리개	입	벌리	개
입법기관	입법	기관
입술	입	시울 → 입슈울
입씨름	입	씨름
입음움직씨	입다	움직씨
입자가속기	입자	가속	기
입자물리학	입자	물리학
입조심	입	조심
입조심하다	입조심	하다
입천장	입	천장
입체도형	입체	도형
입체형	한자 立體形. < 입체	형
입풍금	입	풍금
입학하다	입학	하다
잇따르다	잇	따르다
잇몸	이	ㅅ
잇솔	이	ㅅ	솔
있는	있다	는
있음	있다	음
잉크병	잉크	병
잉크통	잉크	통
잉태하다	잉태	하다
잊음증	잊다 > 잊	음	증
잊혀지다	잊히다	어	지다. "잊다"의 이중 피동.
잊히다	잊	히	다
잎갈나무	잎	갈	나무
잎겨드랑이	잎	겨드랑이
잎꼭지	잎	꼭지
잎새달	잎새	달
잎새버섯	잎	새	버섯
잎파랑이	잎	파랑	이
자각시키다	자각	시키다
자갈돌	자갈	돌
자갈밭	자갈	밭
자개장롱	자개	장롱
자격잃기	자격	잃기 < 잃다
자국화하다	자국화	하다
자궁암	자궁	암
자귀풀	자귀	풀
자그락거리다	자그락	거리다
자그락대다	자그락	대다
자극시키다	자극	시키다
자극적	자극	적
자극하다	자극	하다
자근거리다	자근	거리다
자근대다	자근	대다
자근덕거리다	자근덕	거리다
자근덕대다	자근덕	대다
자글거리다	자글	거리다
자글대다	자글	대다
자금거리다	자금	거리다
자금대다	자금	대다
자금줄	자금	줄
자금화하다	자금화	하다
자기결정권	자기	결정권
자기부상열차	자기	부상	열차
자기앞	자기	앞
자기장	자기	장
자기절로	자기	절로.
자기중심적	자기중심	적
자끈거리다	자끈	거리다
자끈대다	자끈	대다
자끔거리다	자끔	거리다
자끔대다	자끔	대다
자나깨나	자다	나	깨다	나
자네들	자네	들
자늑자늑하다	자늑자늑	하다
자닝하다	자닝	하다
자동계단	자동	계단
자동문	자동	문
자동사	자	동사
자동적	자동	적
자동종관기상관측시스템	자동	종관기상관측	시스템<영어 system
자동차	자동	차
자동차 열쇠	자동차	열쇠
자동차 전용 도로	자동차	전용	도로
자동차 키	자동차	키
자동판매기	자동	판매기
자동화	자동	화
자동화하다	자동화	하다
자두나무	자두	나무
자두잼	자두	잼
자드락거리다	자드락	거리다
자드락대다	자드락	대다
자라자지	자라	자지
자랑거리	자랑	거리
자랑거리다	자랑	거리다
자랑대다	자랑	대다
자랑스럽다	자랑	스럽다
자르랑거리다	자르랑	거리다
자르랑대다	자르랑	대다
자리길	자리	길
자리매김하다	자리매김	하다
자리바꿈하다	자리바꿈	하다
자리보전	자리	보전
자리보전하다	자리	보전	하다
자리어김	자리	어김 < 어기다
자리하다	자리	하다
자립 명사	자립	명사
자립하다	자립	하다
자릿수	자리	ㅅ	수
자멸시키다	자멸	시키다
자멸하다	자멸	하다
자명종	자명	종
자명하다	자명	하다
자문하다	자문	하다
자박거리다	자박	거리다
자박대다	자박	대다
자박이다	자박	이다
자발적	자발	적
자벌레	자	벌레
자본가	자본	가
자본론	자본	론
자본주의	자본	주의
자부락거리다	자부락	거리다
자부락대다	자부락	대다
자부하다	자부	하다
자분거리다	자분	거리다
자분닥거리다	자분닥	거리다
자분닥대다	자분닥	대다
자분대다	자분	대다
자비롭다	자비	롭다
자빠뜨리다	자빠	뜨리다
자빠지다	자빠	지다
자빠트리다	자빠	트리다
자뻑	자	뻑
자뼈	자	뼈
자살골	자살	골
자살하다	자살	하다
자상하다	자상	하다
자생적	자생	적
자생하다	자생	하다
자수범	자수	범
자수하다	자수	하다
자숙하다	자숙	하다
자승근	한자 自乘根. < 자승	근
자신감	자신	감
자신만만하다	자신만만	하다
자신하다	자신	하다
자약하다	자약	하다
자여하다	자여	하다
자연계	자연	계
자연림	자연	림
자연사	자연	사
자연수	자연	수
자연스럽다	자연	스럽다
자연스레	자연	스레
자연어	자연	어
자연재해	자연	재해
자연주의	자연	주의
자연히	자연	히
자엽꽃자두	자엽	꽃	자두
자외선지수	자외선	지수
자웅동체	자웅	동체
자웅이체	자웅	이체
자위하다	자위	하다
자위행위	자위	행위
자유대기	자유	대기
자유던지기	자유	던지기
자유로이	자유	로이
자유롭다	자유	롭다
자유무역	자유	무역
자유문	한자 自由門. < 자유	문
자유운동	자유	운동
자유주의	자유	주의
자유주의자	자유주의	자
자유중국	자유	중국
자유항	자유	항
자유화하다	자유화	하다
자율화하다	자율화	하다
자의식하다	자의식	하다
자의적	자의	적
자익권	자익	권
자인하다	자인	하다
자임하다	자임	하다
자자하다	자자	하다
자작거리다	자작	거리다
자작나무	자작	나무
자작대다	자작	대다
자장가	자장	가
자장노래	자장	노래
자전거도로	자전거	도로
자전하다	자전	하다
자제하다	자제	하다
자조적	자조	적
자족하다	자족	하다
자주색	자주	색
자주적	자주	적
자주종덩굴	자주종	덩굴
자줏빛	자주	빛
자중하다	자중	하다
자지러뜨리다	자지러	뜨리다
자지러트리다	자지러	트리다
자진하다	자진	하다
자질구레하다	자질구레	하다
자질자질	자질	자질
자차분하다	자차분	하다
자책골	자책	골
자처하다	자처	하다
자청하다	자청	하다
자체적	자체	적
자초하다	자초	하다
자축거리다	자축	거리다
자축대다	자축	대다
자춤거리다	자춤	거리다
자춤대다	자춤	대다
자칫거리다	자칫	거리다
자칫대다	자칫	대다
자칫자칫	자칫	자칫
자칫하다	자칫	하다
자칫하면	자칫하	면
자칭하다	자칭	하다
자탄하다	자탄	하다
자퇴하다	자퇴	하다
자포자기되다	자포자기	되다
자포자기하다	자포자기	하다
자폭하다	자폭	하다
자학하다	자학	하다
자해하다	자해	하다
자행하다	자행	하다
자현하다	자현	하다
자홍색	자홍	색
작가적	작가	적
작고하다	작고	하다.
작곡가	작곡	가
작달막하다	작달막	하다
작동시키다	작동	시키다
작동자	작동	자
작동하다	작동	하다
작두날	작두	날
작량감경	작량	감경
작별주	작별	주
작사하다	한자 作詞.	하다
작살나무	작살	나무
작성하다	작성	하다
작아지다	작아	지다
작업량	한자 作業量. < 작업	량
작업복	작업	복
작업하다	한자 作業.	하다
작열하다	한자 灼熱.	하다
작용하다	작용	하다
작은	작	은
작은곰자리	작다	곰	자리
작은관코박쥐	작은	관코박쥐
작은금조	작은	금조
작은두꺼비	작은	두꺼비
작은땃쥐	작은	땃쥐
작은말	작은	말
작은방	작은	방
작은빨간집모기	작은	빨간	집모기
작은서방님	작은	서방	님
작은아버지	작은	아버지
작은어머니	작은	어머니
작은엄마	작은	엄마
작은외삼촌	작은	외삼촌
작은외숙모	작은	외숙모
작은윗수염박쥐	작은	윗수염박쥐
작은창자	작은	창자
작은창자암	작은창자	암
작음	작다	음
작작	작	작
작작거리다	작작	거리다
작작대다	작작	대다
작전하다	한자 作戰.	하다
작품화하다	한자 作品化.	하다
잔가시고기	잔	가시고기
잔글	잔	글
잔기침	잔	기침
잔꾀	잔	꾀
잔돈	잔	돈
잔득거리다	잔득	거리다
잔득대다	잔득	대다
잔디밭	잔디	밭
잔말	잔	말
잔멸하다	잔멸	하다
잔물결	잔	물결
잔병치레	잔	병	치레
잔뿌리	잔	뿌리
잔소리	잔	소리
잔소리하다	잔소리	하다
잔심부름	잔	심부름
잔악하다	잔악	하다
잔인하다	잔인	하다
잔점박이물범	잔	점박이물범
잔존하다	잔존	하다
잔지러뜨리다	잔지러	뜨리다
잔지러트리다	잔지러	트리다
잔치판	잔치	판
잔칫날	잔치	ㅅ	날
잔칫상	잔치	ㅅ	상
잔칫집	잔치	ㅅ	집
잔털	잔	털
잗갈다	잗	갈다
잘가닥거리다	잘가닥	거리다
잘가닥대다	잘가닥	대다
잘가닥잘가닥	잘가닥	잘가닥
잘가당거리다	잘가당	거리다
잘가당대다	잘가당	대다
잘각거리다	잘각	거리다
잘각대다	잘각	대다
잘각이다	잘각	이다
잘각잘각	잘각	잘각
잘강거리다	잘강	거리다
잘강대다	잘강	대다
잘강이다	잘강	이다
잘그락거리다	잘그락	거리다
잘그락대다	잘그락	대다
잘그랑거리다	잘그랑	거리다
잘그랑대다	잘그랑	대다
잘근거리다	잘근	거리다
잘근대다	잘근	대다
잘금거리다	잘금	거리다
잘금대다	잘금	대다
잘까닥거리다	잘까닥	거리다
잘까닥대다	잘까닥	대다
잘깍거리다	잘깍	거리다
잘깍대다	잘깍	대다
잘깍이다	잘깍	이다
잘나다	잘	나다
잘난	잘나다	ㄴ
잘남	잘나다	ㅁ
잘되다	잘	되다
잘똑거리다	잘똑	거리다
잘똑대다	잘똑	대다
잘랑거리다	잘랑	거리다
잘랑대다	잘랑	대다
잘록거리다	잘록	거리다
잘록대다	잘록	대다
잘름거리다	잘름	거리다
잘름대다	잘름	대다
잘못	잘	못
잘못되다	잘못	되다
잘못하다	잘못	하다
잘바닥거리다	잘바닥	거리다
잘바닥대다	잘바닥	대다
잘바당거리다	잘바당	거리다
잘바당대다	잘바당	대다
잘박거리다	잘박	거리다
잘박대다	잘박	대다
잘방거리다	잘방	거리다
잘방대다	잘방	대다
잘빠진	잘빠지다	ㄴ
잘빠짐	잘빠지다	ㅁ
잘생기다	잘	생기다
잘생긴	잘생기다	ㄴ
잘생김	잘생기다	ㅁ
잘싸닥거리다	잘싸닥	거리다
잘싸닥대다	잘싸닥	대다
잘싹거리다	잘싹	거리다
잘싹대다	잘싹	대다
잘쏙거리다	잘쏙	거리다
잘쏙대다	잘쏙	대다
잘잘거리다	잘잘	거리다
잘잘대다	잘잘	대다
잘잘못	잘	잘못
잘카닥거리다	잘카닥	거리다
잘카닥대다	잘카닥	대다
잘칵거리다	잘칵	거리다
잘칵대다	잘칵	대다
잘파닥거리다	잘파닥	거리다
잘파닥대다	잘파닥	대다
잘팍거리다	잘팍	거리다
잘팍대다	잘팍	대다
잘하다	잘	하다
잠	자	ㅁ
잠결	잠	ㅅ	결
잠금장치	잠금	장치
잠깐만	잠깐	만
잠꾸러기	잠	꾸러기
잠닉하다	잠닉	하다
잠들다	잠	들다
잠방거리다	잠방	거리다
잠방대다	잠방	대다
잠버릇	잠	버릇
잠보	잠	보
잠복 고환	잠복	고환
잠수복	잠수	복
잠수하다	잠수	하다
잠수함	잠수	함
잠식당하다	한자 蠶食.	당하다
잠식하다	한자 蠶食.	하다
잠옷	잠	옷
잠이 들다	잠	들다
잠입하다	한자 潛入.	하다
잠자다	잠	자다
잠자리	잠	자리
잠자리비행기	잠자리	비행기
잠잠우물	زَمْزَم	우물
잠정적	잠정	적
잠행하다	잠행	하다
잡개	잡—	개
잡것	잡	것
잡곡밥	잡곡	밥
잡귀신	잡	귀신
잡년	잡	년
잡놈	잡	놈
잡담하다	잡담	하다
잡소리	잡	소리
잡스럽다	잡	스럽다
잡아가다	잡다	가다
잡아당기다	잡다	당기다
잡아먹다	잡다	먹다
잡탕밥	한자 雜湯.	밥
잡티	한자 雜.	티
잣가루	잣	가루
잣나무	잣	나무
잣죽	잣	죽
장군석	장군	석
장군풀	장군	풀
장기 자랑	장기	자랑
장기적	장기	적
장난감	장난	ㅅ	감
장난꾸러기	장난	꾸러기
장님	杖	님
장님거미	장님	거미
장다리물떼새	장	다리	물떼새
장담하다	장담	하다
장대높이뛰기	장대	높이뛰기
장대높이뛰기 선수	장대높이뛰기	선수
장대비	장대	비
장독	장	ㅅ	독
장땡	장	땡
장례식	장례	식
장마	댱	맣
장마당	장	마당
장만하다	장만	하다
장면	장	면
장모님	장모	님
장물아비	장물	아비
장미꽃	장미	꽃
장미잼	장미	잼
장봇짐	장	봇짐
장사군	장사	군
장사꾼	장사	꾼
장사치	장사	치
장수말벌	장수	말벌
장식품	장식	품
장식하다	장식	하다
장알거리다	장알	거리다
장알대다	장알	대다
장애달리기	장애	달리기
장애인	장애	인
장애자	장애	자
장애틀	장애	틀
장음계	한자 長音階. < 장	음계
장이	장	이
장인어른	장인	어른
장작개비	장작	개비
장작불	장작	불
장터	장	터
장티푸스	장	티푸스
장편 소설	장편	소설
장황하다	장황	하다
재가노인	재가	노인
재갈거리다	재갈	거리다
재갈대다	재갈	대다
재갈매기	재	갈매기
재갈이다	재갈	이다
재갈하다	재갈	하다
재건하다	재건	하다
재교육	재	교육
재귀대명사	재귀	대명사
재귀동사	재귀	동사
재까닥거리다	재까닥	거리다
재까닥대다	재까닥	대다
재깍거리다	재깍	거리다
재깍대다	재깍	대다
재깔거리다	재깔	거리다
재깔대다	재깔	대다
재깔하다	재깔	하다
재두루미	재	두루미
재떨이	재	떨	이
재미없다	재미	없다
재미있는	재미있다	는
재미있다	재미	있다
재미있음	재미있다	음
재발표	재	발표
재봉틀	재봉	틀
재빠르다	재	빠르다
재빨리	재빠르	이
재산가	재산	가
재색	재	색
재시험	재	시험
재의 수요일	재	의	수요일
재일조선어	재일	조선	어
재자거리다	재자	거리다
재자대다	재자	대다
재작년	재	작년
재잘거리다	재잘	거리다
재잘대다	재잘	대다
재재거리다	재재	거리다
재재대다	재재	대다
재채기하다	재채기	하다
재촉하다	재촉	하다
재테크	재	테크
재판관	재판	관
재판권	재판	권
재판소	재판	소
재판심리	재판	심리
재판하다	재판	하다
재편성	재	편성
재현하다	재현	하다
재활용	재	활용
재회하다	재회	하다
잿더미	재	ㅅ	더미
잿물	재	ㅅ	물
잿방어	재	방어
잿빛	재	ㅅ	빛
잿빛개구리매	잿빛	개구리매
쟁그랑거리다	쟁그랑	거리다
쟁그랑대다	쟁그랑	대다
쟁기질	쟁기	질
쟁쟁하다	쟁쟁	하다
쟁탈하다	쟁탈	하다
쟨	쟤	ㄴ
저가락	저	가락
저것	저	것
저격하다	저격	하다
저곳	저	곳
저공비행	저공	비행
저금하다	저금	하다
저기압	저	기압
저녁노을	저녁	노을
저녁때	저녁	때
저녁밥	저녁	밥
저돌적	저돌	적
저렁거리다	저렁	거리다
저렁대다	저렁	대다
저르렁거리다	저르렁	거리다
저르렁대다	저르렁	대다
저립하다	저립	하다.
저만큼	저	만큼
저벅거리다	저벅	거리다
저벅대다	저벅	대다
저분	저	분
저어새	저어	새
저울자리	저울	자리
저의	저	의
저이	저	이
저작권	저작	권
저저이	저저	이
저적거리다	저적	거리다
저적대다	저적	대다
저쪽	저	쪽
저축거리다	저축	거리다
저축대다	저축	대다
저출산	저	출산
저춤거리다	저춤	거리다
저춤대다	저춤	대다
저춤저춤	저춤	저춤
저토록	저	토록
저편	저	편
저항하다	저항	하다
저희	저	희
적갈색	적	갈색
적격하다	적격	하다
적극적	적극	적
적나라하다	적나라	하다
적당하다	적당	하다
적당히	적당	히
적대적	적대	적
적도 기니	적도	기니
적란운	적란	운
적색퉁돔	적색	퉁돔
적어지다	적어	지다
적요하다	적요	하다
적은	적다	은
적음	적다	음
적응하다	적응	하다
적의하다	적의	하다
적장자	적자	장자
적절히	적절	히
적중하다	적중	하다
적포도주	적	포도주
적합하다	적합	하다
적황색	적	황색
전갈자리	전갈	자리
전개하다	전개	하다
전국	전	국
전국적	전국	적
전권하다	전권	하다
전기 테이프	전기	테이프
전기밥가마	전기	밥	가마
전기밥솥	전기	밥솥
전기뱀장어	전기	뱀장어
전기찜솥	전기	찜솥
전기철도	전기	철도
전나무	전	나무
전나무 열매	전나무	열매
전나무열매	전나무	열매
전날	전	날
전달	전	달
전달하다	전달	하다
전동 어시스트 자전거	전동	어시스트	자전거
전동음	전동	음
전래동화	전래	동화
전래어	전래	어
전략가	전략	가
전략적	전략	적
전력하다	전력	하다
전리층	전리	층
전리품	전리	품
전면적	전면	적
전무식	전	무식
전문가	전문	가
전문일군	전문	일군
전문일꾼	전문	일꾼
전문적	전문	적
전문학교	전문	학교
전문화	전문	화
전미련	전	미련
전반전	한자 前半戰. < 전반	전
전방위	전	방위
전산학	전산	학
전색맹	전	색맹
전성기	전성	기
전성어미	전성	어미
전속 전진	전속	전진
전송하다	전송	하다
전수하다	전수	하다
전술적	전술	적
전승문학	전승	문학
전신케블	전신	케블
전야제	전야	제
전업하다	전업	하다
전역하다	전역	하다
전와어	전와	어
전와하다	전와	하다
전위부대	전위	부대
전이하다	전이	하다
전일하다	전일	하다
전입하다	전입	하다
전자가마	전자	가마
전자껍질	전자	껍질
전자동	한자 全自動. < 전	자동
전자메일	전자	메일
전자우편	전자	우편
전자정부	전자	정부
전장터	전장	터
전쟁터	전쟁	터
전쟁하다	전쟁	하다
전적하다	전적	하다
전전하다	전전	하다
전제하다	전제	하다
전조선	한자 前朝鮮. < 전	조선
전직하다	전직	하다
전진하다	전진	하다
전체적	전체	적
전체주의	전체	주의
전출하다	전출	하다
전치사	전치	사
전통적	전통	적
전투기	한자 戰鬪機. < 전투	기
전투식량	전투	식량
전파 탐지기	영어 radio	detecting	and	ranging. radar.
전파하다	전파	하다
전폭적	전폭	적
전하다	전	하다
전학하다	전학	하다
전해 콘덴서	전해	콘덴서
전향력	전향	력
전향하다	전향	하다
전혀	전	혀
전형적	전형	적
전형하다	전형	하다
전화	한자어 ‘電話, 電	話’에서 유래. 일본어 電話에서 철자 차용.
전화기	전화	기
전화망	한자어 ‘電話	網’에서 유래.
전화하다	전화	하다
절거덕거리다	절거덕	거리다
절거덕대다	절거덕	대다
절거덩거리다	절거덩	거리다
절거덩대다	절거덩	대다
절군하다	절군	하다
절그럭거리다	절그럭	거리다
절그럭대다	절그럭	대다
절그렁거리다	절그렁	거리다
절그렁대다	절그렁	대다
절단하다	절단	하다
절대로	절대	로
절대적	절대	적
절댓값	절대	ㅅ	값
절도광	절도	광
절뚝거리다	절뚝	거리다
절뚝대다	절뚝	대다
절룩대다	절룩	대다
절망적	절망	적
절망하다	절망	하다
절묘하다	절묘	하다
절실하다	절실	하다
절써덕거리다	절써덕	거리다
절써덕대다	절써덕	대다
절썩거리다	절썩	거리다
절썩대다	절썩	대다
절약하다	절약	하다
절연 테이프	절연	테이프
절절거리다	절절	거리다
절절대다	절절	대다
절하다	절	하다
절하하다	절하	하다
젊어지다	젊어	지
젊은	젊다	은
젊음	젊	음
점넙치	점	넙치
점령하다	점령	하다
점몰개	점	몰개
점박이물범	점박이	물범
점심 식사	점심	식사
점심때	점심	때
점심밥	점심	밥
점잖은	점잖다	은
점잖음	점잖다	음
점쟁이	점	쟁이
점줄망둑	점	줄	망둑
점줄종개	점	줄	종개
점직하다	점직	하다
점진적	점진	적
점진하다	점진	하다
점찍다	점	찍다
점하다	점	하다
접경지대	접경	지대
접근유속	접근	유속
접근하다	접근	하다
접대부	접대	부
접두사	접두	사
접미사	접미	사
접속 부사	접속	부사
접속 조사	접속	조사
접속법	접속	법
접속사	접속	사
접시거미	접시	거미
접시꽃	접시	꽃
접지선	접지	선
접착 테이프	접착	테이프
접하다	접	하다
젓가락	저#Etymology_3	ㅅ	가락
젓가락질	젓가락	질
젓갈	젓	갈
젓갈질	젓갈	질
젓기배	젓다 > 젓기	배
젓대	저	ㅅ	대
젓뱅어	젓	뱅어
젓새우	젓	새우
정강이뼈	정강이	뼈
정거장	정거	장
정관사	정	관사
정교하다	정교	하다
정기적	정기	적
정돈하다	정돈	하다
정량	정	량
정류장	정류	장
정리하다	정리	하다
정말	정	말
정말로	정말	로
정미량	정미	량
정벌하다	정벌	하다
정보이용료	정보	이용료
정복하다	정복	하다
정삼각형	정	삼각형
정상적	정상	적
정세하다	정세	하다
정수리	정	수리
정신분석	정신	분석
정신없이	정신	없이
정신적	한자 精神的. < 정신	적
정의롭다	정의	롭다
정일봉	^정일	봉
정적	정	정
정정하다	정정	하다
정주하다	정주	하다
정지하다	정지	하다
정직하다	정직	하다
정착민	정착	민
정체성	정체	성
정체하다	정체	하다
정치가	정치	가
정치적	한자 政治的. < 정치	적
정치적 올바름	정치적	올바름
정치질	정치	질
정하다	정	하다
정확하다	정확	하다
정확히	정확	히
젖가공품	젖	가공품
젖가루	젖	가루
젖가리개	젖	가리개
젖가슴	젖	가슴
젖꼭지	젖	꼭지
젖꼴만들기	젖	꼴	만들기
젖니	젖	니
젖당	젖	당
젖당못견딤증	젖당	못	견딤	증
젖먹이	젖	먹이
젖버듬하다	젖버듬	하다
젖어머니	젖	어머니
젖통	젖	통
제	저	이
제2차 세계 대전	제	이	차	세계	대전
제각기	제	각기
제거하다	제거	하다
제격	제	격
제곱근	제곱	근
제곱근표	제곱근	표
제곱미터	제곱	미터
제공하다	제공	하다
제국주의	제국	주의
제국주의자	제국주의	자
제기차기	제기	차	기
제대로	제	대로
제때	제	때
제련소	제련	소
제련하다	제련	하다
제명하다	제명	하다
제보하다	제보	하다
제본하다	제본	하다
제비갈매기	제비	갈매기
제비고깔	제비	고깔
제비꽃	제비	꽃
제비물떼새	제비	물떼새
제빵	제	빵
제빵사	제	빵	사
제삼 인칭	제삼	인칭
제삼자	제삼	자
제설하다	제설	하다
제소하다	제소	하다
제습하다	제습	하다
제안하다	제안	하다
제압되다	제압	되다
제약하다	제약	하다
제어하다	제어	하다
제언하다	제언	하다
제염하다	제염	하다
제왕나비	제왕	나비
제외지	제외	지
제외하다	제외	하다
제움직씨	제	움직씨
제의하다	제의	하다
제이 인칭	제이	인칭
제작소	제작	소
제재하다	제재	하다
제적하다	제적	하다
제정되다	제정	되다
제정하다	제정	하다
제조업자	제조업	자
제조하다	제조	하다
제주도	제주	도
제주도롱뇽	^제주	도롱뇽
제주땃쥐	^제주	땃쥐
제주말	^제주	말
제주모치망둑	^제주	모치망둑
제창하다	제창	하다
제철	제	철
제철하다	제철	하다
제청하다	제청	하다
제초하다	제초	하다
제출하다	제출	하다
제취하다	제취	하다
제탄하다	제탄	하다
제트기	제트	기
제트기류	제트	기류
제트류	제트	류
제판하다	제판	하다
제패하다	제패	하다
제하하다	제하	하다
제한되다	제한	되다
제한하다	제한	하다
제헌절	제헌	절
제헌하다	제헌	하다
제호탕	제호	탕
제힘움직씨	제	힘	움직씨
젱그렁거리다	젱그렁	거리다
젱그렁대다	젱그렁	대다
조간신문	조간	신문
조개나물	조개	나물
조갯살	조개	ㅅ	살
조건반사	조건	반사
조건법	조건	법
조건부	조건	부
조곤조곤히	조곤조곤	히
조그만	조그맣다	ㄴ
조그맘	조그맣다	ㅁ
조금씩	조금	씩
조급하다	조급	하다
조동사	조	동사
조랑말	조랑	말
조련하다	조련	하다
조로아스터교	조로아스터	교
조록나무	조록	나무
조록조록하다	조록조록	하다
조롱하다	조롱	하다
조르륵거리다	조르륵	거리다
조르륵대다	조르륵	대다
조립제법	조립	제법
조립하다	조립	하다
조릿거리다	조릿	거리다
조명	조	명
조몰락거리다	조몰락	거리다
조몰락대다	조몰락	대다
조미료	조미	료
조바심	조	바심
조밥	조	밥
조뼛거리다	조뼛	거리다
조뼛대다	조뼛	대다
조사하다	조사	하다
조선 사람	^조선	사람
조선글	^조선	글
조선말	^조선	말
조선민주주의인민공화국	조선	민주주의	인민	공화국
조선범	조선	범
조선봉건왕조	^조선	봉건	왕조
조선소	조선	소
조선옷	^조선	옷
조선컴	조선시대	컴퓨터
조성하다	조성	하다
조소하다	조소	하다
조심스럽다	조심	스럽다
조심조심	조심	조심
조심조심히	조심조심	히
조심하다	조심	하다
조약경기	조약	경기
조약공	조약	공
조약돌	조약	돌
조언하다	조언	하다
조용하다	조용	하다
조용히	조용	히
조작거리다	조작	거리다
조작대다	조작	대다
조잔거리다	조잔	거리다
조잔대다	조잔	대다
조잔하다	조잔	하다
조잘거리다	조잘	거리다
조잘대다	조잘	대다
조정하다	조정	하다
조주기능사	조주	기능사
조지아 사람	^조지아	사람
조지아 주	조지아	주
조지아국	조지아	국
조지아어	^조지아	어
조지아인	^조지아	인
조직적	조직	적
조직체	조직	체
조직하다	조직	하다
조촐하다	조촐	하다
조촘거리다	조촘	거리다
조촘대다	조촘	대다
조카딸	조카	딸
조타수	조타	수
조팝나무	조팝	나무
조피볼락	조피	볼락
족발	족	발
족제비눈	족제비	눈
족제비오소리	족제비	오소리
족족	족	족
존경하다	존경	하다
존댓말	존대	ㅅ	말
존재하다	존재	하다
존중하다	존중	하다
졸금거리다	졸금	거리다
졸금대다	졸금	대다
졸깃하다	졸깃	하다
졸랑거리다	졸랑	거리다
졸랑대다	졸랑	대다
졸렬하다	졸렬	하다
졸리다	졸다	리
졸업장	졸업	장
졸업하다	졸업	하다.
졸음	졸	음
졸이다	졸다	이
졸인소젖	졸이다	소젖
졸인젖	졸이다	젖
졸졸거리다	졸졸	거리다
졸졸대다	졸졸	대다
졸참나무	졸	참나무
좀겨풀	좀	겨풀
좀깨잎나무	좀	깨	잎	나무
좀더	좀	더
좀도둑	좀	도둑
좀약	좀	약
좀조개	좀	조개
좀처럼	좀	처럼
좁쌀	조	쌀
좁쌀풀	좁쌀	풀
좁은	좁다	은
좁음	좁다	음
좁히다	좁다	히
종결 어미	종결	어미
종결하다	종결	하다
종고모	종	고모
종관기상관측	종관	기상	관측
종교인	종교	인
종교적	종교	적
종교학	한자어 ‘宗敎學, 宗敎	學’에서 유래.
종군하다	종군	하다
종달새	종다리	ㅅ	새
종려나무	종려	나무
종료하다	종료	하다
종사하다	종사	하다
종소리	종	소리
종속하다	종속	하다
종식하다	종식	하다
종신형	종신	형
종아리	종	아리
종아리뼈	종아리	뼈
종알거리다	종알	거리다
종알대다	종알	대다
종영하다	종영	하다
종용하다	종용	하다
종유동	종유	동
종이돈	종이	돈
종이배	종이	배
종이비행기	종이	비행기
종이접기	종이	접	기
종이컵	종이	컵
종이학	종이	학
종잇조각	종이	ㅅ	조각
종종거리다	종종	거리다
종종대다	종종	대다
종질서	종	질서
종카어	종카	어
종합하다	종합	하다
종형제	종	형제
종화하다	종화	하다
좆대가리	좆	대가리
좆물	좆	물
좆밥	좆	밥
좆새끼	좆	새끼
좆지랄	좆	지랄
좋아하다	좋아	하다
좋은	좋다	은
좋음	좋다	음
좋이	좋	이
좌표 평면	좌표	평면
좌표계	좌표	계
좌표축	좌표	축
죄다	죄	다
죄송하다	죄송	하다
죄책감	죄책	감
주걱뿔사슴	주걱	뿔	사슴
주격 조사	주격	조사
주고받다	주고	받다
주관적	한자 主觀的. < 주관	적
주근깨	주근	깨
주기율표	주기율	표
주기적	한자 周期的. < 주기	적
주님	주	님
주도적	한자 主導的. < 주도	적
주동사	주	동사
주렁지다	주렁	지다
주로	주	로
주르륵거리다	주르륵	거리다
주르륵대다	주르륵	대다
주름살	주름	살
주름위	주름	위
주름투성이	주름	투성이
주머니칼	주머니	칼
주먹감자	주먹	감자
주먹밥	주먹	밥
주무시다	ᄌᆞᆷ다	ᄋᆞ시〮
주문하다	주문	하다
주물럭거리다	주물럭	거리다
주물럭대다	주물럭	대다
주민센터	한자 住民	영어 center
주뼛거리다	주뼛	거리다
주뼛대다	주뼛	대다
주사기	주사	기
주사침	주사	침
주삿바늘	주사	ㅅ	바늘
주억거리다	주억	거리다
주억대다	주억	대다
주엽나무	주엽	나무
주요하다	주요	하다
주유소	주유	소
주의하다	주의	하다
주장	주	장
주장하다	주장	하다
주저거리다	주저	거리다
주저대다	주저	대다
주적거리다	주적	거리다
주적대다	주적	대다
주전거리다	주전	거리다
주절거리다	주절	거리다
주절대다	주절	대다
주접스럽다	주접	스럽다
주정꾼	주정	꾼
주정뱅이	주정	뱅이
주제넘다	주제	넘다
주제넘은	주제넘다	은
주제넘음	주제넘다	음
주차장	주차	장
주차하다	주차	하다
주춤거리다	주춤	거리다
주춤대다	주춤	대다
주춤주춤	주춤	주춤
주행성	한자 晝行性 < 주행	성
주행성 동물	한자 晝行性動物 < 주행성	동물
주황색	주황	색
죽은말	죽은	말
죽음	죽	음
죽음의 행진	죽음	의	행진
죽이다	죽다	이
죽임	죽이다 > 죽이	ㅁ
죽장망혜	죽장	망혜
준거타원체	준거	타원체
준결승	한자어 ‘準決勝, 準	決勝’에서 유래.
준말	준	말
준비되다	준비	되다
준비하다	준비	하다
준성전파원	준성	전파원
준열하다	준열	하다
준플레이오프	준	플레이오프.
준혹하다	준혹	하다
줄곧	줄	곧
줄공	줄	공
줄공치	줄	공치
줄기찬	줄기차다	ㄴ
줄기참	줄기차다	ㅁ
줄납자루	줄	납자루
줄넘기	줄	넘	기
줄넘기줄	줄넘기	줄
줄농어	줄	농어
줄렁거리다	줄렁	거리다
줄렁대다	줄렁	대다
줄망둑	줄	망둑
줄몰개	줄	몰개
줄무늬	줄	무늬
줄박이돌고래	줄박이	돌고래
줄악기	줄	악기
줄어들다	줄어	들다
줄을 서다	줄을	서다
줄이다	줄다	이
줄임말	줄이다	말
줄임표	줄임	표
줄장지뱀	줄	장지뱀
줄종개	줄	종개
줄풀	줄	풀
줌통	줌	통
중간방어수	중간	방어수
중간시옷	중간	시옷
중계소	중계	소
중고기	중	고기
중공업	중	공업
중괄호	중	괄호
중국국수	중국	국수
중국멧토끼	중국	멧토끼
중국산개구리	^중국	산개구리
중국산악고양이	중국	산악	고양이
중국쏘가리	^중국	쏘가리
중국어	중국	어
중국인	중국	인
중국자라	^중국	자라
중국집	^중국	집
중국학	중국	학
중금속	중	금속
중남미	한자 中南美. < 중	남미
중단하다	중단	하다
중대시	중대	시
중대시하다	중대시	하다
중대하다	중대	하다
중덜거리다	중덜	거리다
중덜대다	중덜	대다
중립국	중립	국
중립주의	중립	주의
중매쟁이	중매	쟁이
중모음	중	모음
중미주	중	^미주
중상모략	중상	모략
중상하다	중상	하다
중생대	중생	대
중성자	중성	자
중성자별	중성자	별
중성자탄	중성자	탄
중세국어	중세	국어
중시하다	중시	하다
중신아비	중신	아비
중신어미	중신	어미
중심닮음	중심	닮	음
중심적	한자 中心的. < 중심	적
중앙난방	중앙	난방
중앙아메리카	중앙	아메리카
중앙아시아	중앙	아시아
중앙아프리카	중앙	^아프리카
중앙아프리카 공화국	중앙	아프리카	공화국
중앙유럽	중앙	^유럽
중앙은행	중앙	은행
중앙정보국	中央	情報	局
중얼거리다	중얼	거리다
중얼대다	중얼	대다
중얼중얼	중얼	중얼
중에서	중	에서
중요시	중요	—시
중요하다	중요	하다
중우정치	중우	정치
중위도고압대	중위도	고압대
중이병	한자 中二病 < 중	이	병
중이염	중이	염
중절거리다	중절	거리다
중절대다	중절	대다
중점적	중점	적
중추 신경 계통	중추	신경	계통
중추 신경계	중추	신경계
중추적	한자 中樞的. < 중추	적
중층구름	중층	구름
중턱	중	턱
중편 소설	중편	소설
중학교	중	학교
중학생	중학	생
중화인민공화국	중화	인민	공화국
중환자	한자 중	환자
중후하다	중후	하다
쥐과	쥐	한자 科
쥐구멍	쥐	구멍
쥐노래미	쥐	노래미
쥐덫	쥐	덫
쥐며느리	쥐	며느리
쥐뿔	쥐	뿔
쥐새끼	쥐	새끼
쥐손이풀	쥐	손	이	풀
쥐약	쥐	약
쥐어박다	쥐다 > 쥐어	박다
쥐오줌풀	쥐	오줌	풀
쥐젖	쥐	젖
쥐코밥상	쥐코	밥상
쥠봉	쥐다 > 쥠	봉
쥣과	쥐	ㅅ	한자 科.
즈믄둥이	즈믄	둥이
즉사하다	즉사	하다
즉석연설	즉석	연설
즉석요리	즉석	요리
즉흥적	즉흥	적
즐거워하다	즐거워	하다
증가하다	증가	하다
증거계약	증거	계약
증류수	증류	수
증명서	증명	서
증명하다	증명	하다
증발하다	증발	하다
증설하다	증설	하다
증손자	증	손자
증오심	증오	심
증진되다	증진	되다
증진하다	증진	하다
증후군	증후	군
지게문	지게	문
지게차	지게	차
지구가까운점	지구	가까운 < 가깝다	점
지구과학	지구	과학
지구온난화지수	지구	온난	화	지수
지균풍	지균	풍
지그럭거리다	지그럭	거리다
지그럭대다	지그럭	대다
지근거리다	지근	거리다
지근대다	지근	대다
지근덕거리다	지근덕	거리다
지근덕대다	지근덕	대다
지글거리다	지글	거리다
지글대다	지글	대다
지금거리다	지금	거리다
지금대다	지금	대다
지급하다	지급	하다
지긋지긋하다	지긋지긋	하다
지껄거리다	지껄	거리다
지껄대다	지껄	대다
지껄이다	지껄	이다
지끔거리다	지끔	거리다
지끔대다	지끔	대다
지나친	지나치다	ㄴ
지나침	지나치다	ㅁ
지난	지나	ㄴ
지난날	지난	날
지난달	지난	달
지난밤	지난	밤
지난번	지난	번
지난주	지나다 > 지난	주
지난해	지난	해
지대근이영양증	지대	근	이영양증
지도원장갑	지도원	장갑
지도자	지도	자
지도하다	지도	하다
지독하다	지독	하다
지동설	지동	설
지드럭거리다	지드럭	거리다
지드럭대다	지드럭	대다
지드럭지드럭	지드럭	지드럭
지딱거리다	지딱	거리다
지딱대다	지딱	대다
지랄하다	지랄	하다
지렁이	＜디룡이/디룡＜디롱이＜분문온역이해방＞←디롱 [＜地龍]	이
지레결혼	지레	결혼
지레김치	지레	김치
지렛대	지레	ㅅ	대
지뢰밭	지뢰	밭
지루하다	지루	하다
지름길	지름	ㅅ	길
지름신	지름	신
지리학	지리	학
지린성	지린	성
지명수배	지명	수배
지명하다	지명	하다
지바현	지바	현
지방방송	지방	방송
지방의회	지방	의회
지배자	지배	자
지배적	지배	적
지배하다	지배	하다
지벅거리다	지벅	거리다
지벅대다	지벅	대다
지벅지벅	지벅	지벅
지보공	지보	공
지분거리다	지분	거리다
지분대다	지분	대다
지분덕거리다	지분덕	거리다
지분덕대다	지분덕	대다
지불 불능자	지불 불능	자
지불하다	지불	하다
지붕	근대 한국어 집	웋)
지뻑거리다	지뻑	거리다
지뻑대다	지뻑	대다
지상파	지상	파
지상파방송	지상파	방송
지상호케이경기	지상	호케이	경기
지속적	지속	적
지수 함수	지수	함수
지시 대명사	지시	대명사
지시 부사	지시	부사
지시하다	지시	하다
지식 재산권	지식	재산권
지식층	지식	층
지아비	짒	아비
지어미	짒	어미
지오포텐셜 고도	[[]] <영어 geopotential	고도
지옥계	지옥	계
지옥불반도	지옥	불	반도
지우개	지우	개
지원서	지원	서
지저분하다	지저분	하다
지적 재산권	지적	재산권
지적하다	지적	하다
지절거리다	지절	거리다
지절대다	지절	대다
지정거리다	지정	거리다
지정되다	지정	되다
지정하다	지정	하다
지지러뜨리다	지지러	뜨리다
지지러트리다	지지러	트리다
지지지지	지지	지지
지지하다	지지	하다
지진규모	지진	규모
지진해일	지진	해일
지질시대	지질	시대
지척지척	지척	지척
지치기기술	지치다 > 지치기	기술
지칫거리다	지칫	거리다
지칫대다	지칫	대다
지칭하다	지칭	하다
지평면	지평	면
지평하다	지평	하다
지표면	지표	면
지푸당하다	지푸당	하다
지하실	지하	실
지하철	지하	철
지하철도	지하	철도
지향하다	지향	하다
지헐하다	지헐	하다
지혜로운	지혜롭다	ㄴ
지혜로움	지혜롭다	ㅁ
지혜롭다	지혜	롭다
직계 존속	직계	존속
직계가족	직계	가족
직계비속	직계	비속
직장세대	직장	세대
직접 화법	직접	화법
직접벌차기	직접	벌	차기
직접치기	직접	치기
진격하다	진격	하다
진공관	진공	관
진공청소기	진공	청소기
진군하다	진군	하다
진귀하다	진귀	하다
진급하다	진급	하다
진노하다	진노	하다
진눈깨비	진	눈	깨	비
진단하다	진단	하다
진달래	진	달래
진돗개	진도	ㅅ	개
진동하다	진동	하다
진득거리다	진득	거리다
진득대다	진득	대다
진들딸기	진들	딸기
진력하다	진력	하다
진료소	진료	소
진료하다	진료	하다
진루하다	진루	하다
진맥하다	진맥	하다
진면모	진	면모
진면목	진	면목
진보라	진	보라
진보적	진보	적
진보하다	진보	하다
진부하다	진부	하다
진분수	진	분수
진상하다	진상	하다
진솔하다	진솔	하다
진술하다	진술	하다
진실성	진실	성
진실하다	진실	하다
진압하다	진압	하다
진열하다	진열	하다
진입하다	진입	하다
진전병	진전	병
진전하다	진전	하다
진정하다	진정	하다
진주조개	진주	조개
진주하다	진주	하다
진짜	진	짜
진찰하다	진찰	하다
진척하다	진척	하다
진출하다	진출	하다
진취적	진취	적
진통제	진통	제
진퍼리꽃나무	진퍼리	꽃	나무
진하다	진	하다
진학하다	진학	하다
진한	진	한
진행하다	진행	하다
진혼곡	진혼	곡
진화론	진화	론
진화설	진화	설
진화적	한자 進化的. < 진화	적
진화하다	진화	하다
진흙	진	흙
질겅거리다	질겅	거리다
질겅대다	질겅	대다
질그릇	질	그릇
질근거리다	질근	거리다
질근대다	질근	대다
질긴	질기다	ㄴ
질김	질기다	ㅁ
질량 보존의 법칙	질량	보존	의	법칙
질름거리다	질름	거리다
질문하다	질문	하다
질버덕거리다	질버덕	거리다
질버덕대다	질버덕	대다
질벅거리다	질벅	거리다
질벅대다	질벅	대다
질병	질	병
질색하다	질색	하다
질시하다	질시	하다
질식하다	질식	하다.
질쑥하다	질쑥	하다
질의하다	질의	하다
질입구주름	질	입구	주름
질주하다	질주	하다
질책하다	질책	하다
질타하다	질타	하다
질탕거리다	질탕	거리다
질탕대다	질탕	대다
질투심	질투	심
질투하다	질투	하다
짐	지	ㅁ
짐작하다	짐작	하다
집개	집	개
집게	중세 한국어 집다	게
집게고리 화합물	집게고리	화합물
집게손가락	집게	손가락
집계하다	집계	하다
집고양이	집	고양이
집괭이	집	괭이
집단적	집단	적
집단주의	집단	주의
집들	집	들
집들이	집	들이
집들이하다	집들이	하다
집무하다	집무	하다
집박쥐	집	박쥐
집밥	집	밥
집배원	집배	원
집비둘기	집	비둘기
집사람	집	사람
집안일	집안	일
집알이	집	알이
집오리	집	오리
집요하다	집요	하다
집적거리다	집적	거리다
집적대다	집적	대다
집전장치	집	전	장치
집주인	집	주인
집중난방	집중	난방
집중적	집중	적
집중하다	집중	하다
집중호우	집중	호우
집쥐	집	쥐
집집	집	집
집집이	집집	이
집총하다	집총	하다
집터	집	터
집토끼	집	토끼
집파리	집	파리
집표하다	집표	하다
집필하다	집필	하다.
집합 명사	집합	명사
집합론	집합	론
집합범	집합	범
집행하다	집행	하다
집현전	집현	전
집회하다	집회	하다
짓거리	짓	거리
짓궂은	짓궂다	은
짓궂음	짓궂다	음
짓누르다	짓	누르다
징건하다	징건	하다
징검다리	딩검	ᄃᆞ리
징모하다	징모	하다
징벌하다	징벌	하다
징병제	징병	제
징병제도	징병	제도
징세하다	징세	하다
징수하다	징수	하다
징얼거리다	징얼	거리다
징얼대다	징얼	대다
징집하다	징집	하다
징징거리다	징징	거리다
징징대다	징징	대다
짙어지다	짙어	지다
짙은	짙다	은
짙음	짙다	음
짙푸르다	짙다	푸르다
짜그라뜨리다	짜그라	뜨리다
짜그라트리다	짜그라	트리다
짜그락거리다	짜그락	거리다
짜그락대다	짜그락	대다
짜근거리다	짜근	거리다
짜근대다	짜근	대다
짜근덕거리다	짜근덕	거리다
짜근덕대다	짜근덕	대다
짜글거리다	짜글	거리다
짜글대다	짜글	대다
짜금거리다	짜금	거리다
짜금대다	짜금	대다
짜긋거리다	짜긋	거리다
짜긋대다	짜긋	대다
짜깁기	짜깁	기
짜드락거리다	짜드락	거리다
짜드락나다	짜드락	나다
짜드락대다	짜드락	대다
짜들름거리다	짜들름	거리다
짜들름대다	짜들름	대다
짜뜰름거리다	짜뜰름	거리다
짜뜰름대다	짜뜰름	대다
짜락거리다	짜락	거리다
짜락대다	짜락	대다
짜랑거리다	짜랑	거리다
짜랑대다	짜랑	대다
짜르랑거리다	짜르랑	거리다
짜르랑대다	짜르랑	대다
짜르르하다	짜르르	하다
짜르륵거리다	짜르륵	거리다
짜르륵대다	짜르륵	대다
짜박거리다	짜박	거리다
짜박대다	짜박	대다
짜부라뜨리다	짜부라	뜨리다
짜부라트리다	짜부라	트리다
짝수	짝	수
짝신	짝	신
짝씨	짝	씨
짝짓기	짝짓	기
짝짝거리다	짝짝	거리다
짝짝대다	짝짝	대다
짝퉁	1) 가짜 > 짜가 > 짝	퉁, 2) 짝	퉁
짠	짠	ㄴ
짠득거리다	짠득	거리다
짠득대다	짠득	대다
짠득짠득하다	짠득짠득	하다
짠맛	짠	맛
짠물	짠	물
짤가닥거리다	짤가닥	거리다
짤가닥대다	짤가닥	대다
짤가닥짤가닥	짤가닥	짤가닥
짤가당거리다	짤가당	거리다
짤가당대다	짤가당	대다
짤각거리다	짤각	거리다
짤각대다	짤각	대다
짤각이다	짤각	이다
짤각짤각	짤각	짤각
짤각짤각하다	짤각짤각	하다
짤강거리다	짤강	거리다
짤강대다	짤강	대다
짤강이다	짤강	이다
짤강짤강	짤강	짤강
짤강짤강하다	짤강짤강	하다
짤그락거리다	짤그락	거리다
짤그락대다	짤그락	대다
짤그랑거리다	짤그랑	거리다
짤그랑대다	짤그랑	대다
짤까닥거리다	짤까닥	거리다
짤까닥대다	짤까닥	대다
짤까당거리다	짤까당	거리다
짤까당대다	짤까당	대다
짤깍거리다	짤깍	거리다
짤깍대다	짤깍	대다
짤깍이다	짤깍	이다
짤깍짤깍	짤깍	짤깍
짤깍짤깍하다	짤깍짤깍	하다
짤깡거리다	짤깡	거리다
짤깡대다	짤깡	대다
짤깡이다	짤깡	이다
짤깡짤깡하다	짤깡짤깡	하다
짤끔거리다	짤끔	거리다
짤끔대다	짤끔	대다
짤똑거리다	짤똑	거리다
짤똑대다	짤똑	대다
짤똑짤똑	짤똑	짤똑
짤똑하다	짤똑	하다
짤랑거리다	짤랑	거리다
짤랑대다	짤랑	대다
짤랑돈	짤랑	돈
짤록거리다	짤록	거리다
짤록대다	짤록	대다
짤록이다	짤록	이다
짤록짤록	짤록	짤록
짤름거리다	짤름	거리다
짤름대다	짤름	대다
짤쏙거리다	짤쏙	거리다
짤쏙대다	짤쏙	대다
짤줍하다	짤줍	하다
짤짤거리다	짤짤	거리다
짤짤대다	짤짤	대다
짤카닥거리다	짤카닥	거리다
짤카닥대다	짤카닥	대다
짤카당거리다	짤카당	거리다
짤카당대다	짤카당	대다
짤칵거리다	짤칵	거리다
짤칵대다	짤칵	대다
짤칵이다	짤칵	이다
짤캉거리다	짤캉	거리다
짤캉대다	짤캉	대다
짤캉이다	짤캉	이다
짤캉짤캉	짤캉	짤깡
짤캉짤캉하다	짤캉짤캉	하다
짧아지다	짧아)	지다
짧은	짧다	은
짧은거리달리기	짧다 > 짧은	거리	달리기
짧은바늘	짧은	바늘
짧은부리참돌고래	짧은	부리	참돌고래
짧은주로속도빙상	짧은	주로	속도빙상
짧음	짧다	음
짭짭거리다	짭짭	거리다
짭짭대다	짭짭	대다
짱알거리다	짱알	거리다
짱알대다	짱알	대다
짹소리	짹	소리
짹짹	짹	짹
쨍그랑거리다	쨍그랑	거리다
쨍그랑대다	쨍그랑	대다
쨍쨍거리다	쨍쨍	거리다
쨍쨍대다	쨍쨍	대다
쩌금거리다	쩌금	거리다
쩌금대다	쩌금	대다
쩌렁거리다	쩌렁	거리다
쩌렁대다	쩌렁	대다
쩌르렁거리다	쩌르렁	거리다
쩌르렁대다	쩌르렁	대다
쩔거덕거리다	쩔거덕	거리다
쩔거덕대다	쩔거덕	대다
쩔걱거리다	쩔걱	거리다
쩔걱대다	쩔걱	대다
쩔그럭거리다	쩔그럭	거리다
쩔그럭대다	쩔그럭	대다
쩔그렁거리다	쩔그렁	거리다
쩔그렁대다	쩔그렁	대다
쩔뚝거리다	쩔뚝	거리다
쩔뚝대다	쩔뚝	대다
쩔룩대다	쩔룩	대다
쩝쩝거리다	쩝쩝	거리다
쩝쩝대다	쩝쩝	대다
쩡쩡거리다	쩡쩡	거리다
쩡쩡대다	쩡쩡	대다
쩨쩨하다	쩨쩨	하다
쩽그렁거리다	쩽그렁	거리다
쩽그렁대다	쩽그렁	대다
쪼그라들다	쪼그라	들다
쪼그라뜨리다	쪼그라	뜨리다
쪼그라트리다	쪼그라	트리다
쪼르륵거리다	쪼르륵	거리다
쪼르륵대다	쪼르륵	대다
쪼물거리다	쪼물	거리다
쪼물대다	쪼물	대다
쪼뼛거리다	쪼뼛	거리다
쪼뼛대다	쪼뼛	대다
쪼작거리다	쪼작	거리다
쪼작대다	쪼작	대다
쪼잘거리다	쪼잘	거리다
쪼잘대다	쪼잘	대다
쪼크라뜨리다	쪼크라	뜨리다
쪼크라트리다	쪼크라	트리다
쪽무이	쪽	무이
쪽무이그림	쪽무이	그림
쪽문	쪽	문
쪽박	쪽	박
쪽발이	쪽	발	이
쪽배	쪽	배
쪽빛	쪽	빛
쪽잘거리다	쪽잘	거리다
쪽잘대다	쪽잘	대다
쪽지	쪽	지
쪽파	쪽	파
쪽팔리다	쪽	팔리다
쫀득거리다	쫀득	거리다
쫀득대다	쫀득	대다
쫀득이	쫀득	이
쫄깃하다	쫄깃	하다
쫄끔거리다	쫄끔	거리다
쫄끔대다	쫄끔	대다
쫄랑거리다	쫄랑	거리다
쫄랑대다	쫄랑	대다
쫄면	쫄	면.
쫄쫄거리다	쫄쫄	거리다
쫄쫄대다	쫄쫄	대다
쫑알거리다	쫑알	거리다
쫑알대다	쫑알	대다
쫓아가다	쫓다	가다
쫓아내다	쫓아	내다
쫓아다니다	쫓다 > 쫓아	다니다
쫓아오다	쫓다	오다
쭈그러뜨리다	쭈그러	뜨리다
쭈그러트리다	쭈그러	트리다
쭈르륵거리다	쭈르륵	거리다
쭈르륵대다	쭈르륵	대다
쭈물거리다	쭈물	거리다
쭈물대다	쭈물	대다
쭈뼛거리다	쭈뼛	거리다
쭈뼛대다	쭈뼛	대다
쭈절거리다	쭈절	거리다
쭈절대다	쭈절	대다
쭐렁거리다	쭐렁	거리다
쭐렁대다	쭐렁	대다
쭝긋거리다	쭝긋	거리다
쭝긋대다	쭝긋	대다
쭝얼거리다	쭝얼	거리다
쭝얼대다	쭝얼	대다
쭝절거리다	쭝절	거리다
쭝절대다	쭝절	대다
쯔루가 시	일본어 敦賀市 > 쯔루가	시
찌걱거리다	찌걱	거리다
찌걱대다	찌걱	대다
찌그러뜨리다	찌그러	뜨리다
찌그러트리다	찌그러	트리다
찌그럭거리다	찌그럭	거리다
찌그럭대다	찌그럭	대다
찌근거리다	찌근	거리다
찌근대다	찌근	대다
찌근덕거리다	찌근덕	거리다
찌근덕대다	찌근덕	대다
찌글거리다	찌글	거리다
찌글대다	찌글	대다
찌긋거리다	찌긋	거리다
찌긋대다	찌긋	대다
찌꺼기	찌끼	—어기
찌꺽거리다	찌꺽	거리다
찌꺽대다	찌꺽	대다
찌끈찌끈하다	찌끈찌끈	하다
찌드럭거리다	찌드럭	거리다
찌드럭대다	찌드럭	대다
찌들름거리다	찌들름	거리다
찌들름대다	찌들름	대다
찌뜰름거리다	찌뜰름	거리다
찌뜰름대다	찌뜰름	대다
찌르륵거리다	찌르륵	거리다
찌르륵대다	찌르륵	대다
찌르릉거리다	찌르릉	거리다
찌르릉대다	찌르릉	대다
찌릿하다	찌릿	하다
찌부러뜨리다	찌부러	뜨리다
찌부러트리다	찌부러	트리다
찌뻑거리다	찌뻑	거리다
찌뻑대다	찌뻑	대다
찌아찌아어	^찌아찌아	어
찌지직거리다	찌지직	거리다
찌지직대다	찌지직	대다
찍먹파	찍먹	파
찍신	찍	신
찍찍	찍	찍
찍찍거리다	찍찍	거리다
찍찍대다	찍찍	대다
찍찍이	찍찍	이
찐득거리다	찐득	거리다
찐득대다	찐득	대다
찐빵	찐	빵
찔쑥하다	찔쑥	하다
찜솥	찜	솥
찜질방	찜질	방
찝쩍대다	찝쩍	대다
찡그러뜨리다	찡그러	뜨리다
찡그러트리다	찡그러	트리다
찡긋거리다	찡긋	거리다
찡긋대다	찡긋	대다
찡끗거리다	찡끗	거리다
찡끗대다	찡끗	대다
찡끗찡끗하다	찡끗찡끗	하다
찡얼거리다	찡얼	거리다
찡얼대다	찡얼	대다
찡찡거리다	찡찡	거리다
찡찡대다	찡찡	대다
차 열쇠	차	열쇠
차 키	차	키
차감하다	한자 差減.	하다
차굴	차	굴
차근거리다	차근	거리다
차근대다	차근	대다
차근덕거리다	차근덕	거리다
차근덕대다	차근덕	대다
차깔하다	차깔	하다
차끈차끈	차끈	차끈
차넣기	차다 > 차	넣기
차닥거리다	차닥	거리다
차닥대다	차닥	대다
차닥이다	차닥	이다
차돌박이	차돌	박이
차락거리다	차락	거리다
차락대다	차락	대다
차랑거리다	차랑	거리다
차랑대다	차랑	대다
차렵저고리	차렵	저고리
차례셈씨	차례	셈	씨
차르랑거리다	차르랑	거리다
차르랑대다	차르랑	대다
차림새	차림	새
차림표	차림	표
차마당	차	마당
차머리	한자 車.	머리
차용금	차용	금
차용어	차용	어
차이점	차이	점
차일피일하다	차일피일	하다
차입하다	차입	하다
차전놀이	한자 車戰.	놀이
차조	차	조
차지하다	차지	하다
차차로	차차	로
차출하다	차출	하다
착각되다	착각	되다
착각하다	착각	하다
착륙하다	착륙	하다
착살스럽다	착살	스럽다
착살하다	착살	하다
착암기	착암	기
착용하다	착용	하다
착잡하다	착잡	하다
착지하다	착지	하다
착하다	착	하다
찬거리	찬	거리
찬국	찬	국
찬넬동자개	channel	동자개
찬동하다	찬동	하다
찬란히	찬란	히
찬물	찬	물
찬미하다	찬미	하다
찬바람	찬	바람
찬불하다	찬불	하다
찬성하다	찬성	하다
찬송하다	찬송	하다
찬수하다	찬수	하다
찬양하다	찬양	하다
찬조하다	찬조	하다
찬하다	찬	하다
찰가닥거리다	찰가닥	거리다
찰가닥대다	찰가닥	대다
찰가당거리다	찰가당	거리다
찰가당대다	찰가당	대다
찰각거리다	찰각	거리다
찰각대다	찰각	대다
찰각이다	찰각	이다
찰각찰각	찰각	찰각
찰각찰각하다	찰각찰각	하다
찰강거리다	찰강	거리다
찰강대다	찰강	대다
찰강이다	찰강	이다
찰강찰강	찰강	찰강
찰강찰강하다	찰강찰강	하다
찰그랑거리다	찰그랑	거리다
찰그랑대다	찰그랑	대다
찰까닥거리다	찰까닥	거리다
찰까닥대다	찰까닥	대다
찰까당거리다	찰까당	거리다
찰까당대다	찰까당	대다
찰깍거리다	찰깍	거리다
찰깍대다	찰깍	대다
찰깍이다	찰깍	이다
찰깍찰깍하다	찰깍찰깍	하다
찰깡거리다	찰깡	거리다
찰깡대다	찰깡	대다
찰깡이다	찰깡	이다
찰깡찰깡	찰깡	찰깡
찰깡찰깡하다	찰깡찰깡	하다
찰딱거리다	찰딱	거리다
찰딱대다	찰딱	대다
찰딱이다	찰딱	이다
찰떡	찰	떡
찰떡궁합	찰떡	궁합
찰락거리다	찰락	거리다
찰락대다	찰락	대다
찰락이다	찰락	이다
찰람거리다	찰람	거리다
찰람대다	찰람	대다
찰랑거리다	찰랑	거리다
찰랑대다	찰랑	대다
찰랑이다	찰랑	이다
찰바닥거리다	찰바닥	거리다
찰바닥대다	찰바닥	대다
찰바당거리다	찰바당	거리다
찰바당대다	찰바당	대다
찰박거리다	찰박	거리다
찰박대다	찰박	대다
찰방거리다	찰방	거리다
찰방대다	찰방	대다
찰방이다	찰방	이다
찰벼	찰	벼
찰싸닥거리다	찰싸닥	거리다
찰싸닥대다	찰싸닥	대다
찰싹거리다	찰싹	거리다
찰싹대다	찰싹	대다
찰싹이다	찰싹	이다
찰옥수수	찰	옥수수
찰카닥거리다	찰카닥	거리다
찰카닥대다	찰카닥	대다
찰카당거리다	찰카당	거리다
찰카당대다	찰카당	대다
찰칵거리다	찰칵	거리다
찰칵대다	찰칵	대다
찰칵이다	찰칵	이다
찰칵찰칵	찰칵	찰칵
찰칵찰칵하다	찰칵찰칵	하다
찰캉거리다	찰캉	거리다
찰캉대다	찰캉	대다
찰캉이다	찰캉	이다
찰캉찰캉하다	찰캉찰캉	하다
찰파닥거리다	찰파닥	거리다
찰파닥대다	찰파닥	대다
찰팍거리다	찰팍	거리다
찰팍대다	찰팍	대다
참가인	참가	인
참가자	참가	자
참가하다	참가	하다
참개구리	참	개구리
참거두고래	참	거두고래
참게	참	게
참고등어	참	고등어
참고래	참	고래
참교육	참	교육
참기름	참	기름
참깨	참	깨
참나리	참	나리
참나무	참	나무
참느릅나무	참	느릅나무
참다랑어	참	다랑어
참다래	참	다래
참다못하다	참다	못하다
참담하다	참담	하다
참당귀	참	당귀
참대	참	대
참대곰	참대	곰
참대순	참대	순
참돌고래	참	돌고래
참돔	참	돔
참돛양태	참	돛양태
참둑중개	참	둑중개
참말	참	말
참매	참	매
참몰개	참	몰개
참문어	참	문어
참배	참	배
참별고기	참	별	고기
참붕어	참	붕어
참살	참	살
참새	참	새
참새피	참새	피
참석자	참석	자
참솜깃오리	참	솜깃	오리
참수리	참	수리
참숯	참	숯
참싸리	참	싸리
참아내다	참다	내다
참억새	참	억새
참여하다	참여	하다
참오동나무	참	오동나무
참을성	참을	성
참정권	참정	권
참조하다	참조	하다
참좁쌀풀	참	좁쌀풀
참종개	참	종개
참죽나무	참죽	나무
참중고기	참	중고기
참하다	참	하다
참혹하다	참혹	하다
참회나무	참	회나무
찹쌀	차지다 > 찹	쌀
찹쌀떡	찹쌀	떡
찻길	차	ㅅ	길
찻물	차	ㅅ	물
찻숟가락	차	ㅅ	숟가락
찻잎	차	ㅅ	잎
찻잔	차	ㅅ	잔
찻주전자	차	ㅅ	주전자
찻집	차	ㅅ	집
창가	창	가
창가림	창	가리다 > 가리	ㅁ
창가림막	창가림	막
창간하다	창간	하다
창궐하다	창궐	하다
창단하다	창단	하다
창달하다	창달	하다
창당하다	창당	하다
창던지기	창	던지기
창던지기 선수	창던지기	선수
창도하다	창도	하다
창립하다	창립	하다
창문	창	문
창백하다	창백	하다
창설하다	창설	하다
창시하다	창시	하다
창안하다	창안	하다
창알거리다	창알	거리다
창알대다	창알	대다
창업하다	창업	하다
창의적	창의	적
창작품	창작	품
창작하다	창작	하다
창제하다	창제	하다
창조되다	창조	되다
창조적	창조	적
창조하다	창조	하다
창졸하다	창졸	하다
창질경이	창	질경이
창출하다	창출	하다
창호지	창호	지
찾아보다	찾아	보다
채광창	채광	창
채소 주스	채소	주스
채송화	채송	화
채식주의자	한자 菜食主義者. < 채식주의	자
채찍피티	채찍	피티
채치기	채	치기
채팅방	채팅	방
채팅하다	채팅	하다
책가방	책	가방
책갈피	책	갈피
책꽂이	책	꽂이
책들	책	들
책받침	책	받침
책벌레	책	벌레
책상다리	책상	다리
책씻이	책 씻—	이
책임감	책임	감
책임지다	책임	지다
책하다	책	하다
챗봇	영어 chat	bot
처갓집	처가	ㅅ	집
처깔하다	처깔	하다
처녀자리	처녀	자리
처단하다	처단	하다
처덕거리다	처덕	거리다
처덕대다	처덕	대다
처량하다	처량	하다
처량히	처량	히
처렁거리다	처렁	거리다
처렁대다	처렁	대다
처르렁거리다	처르렁	거리다
처르렁대다	처르렁	대다
처먹다	처	먹다
처방하다	처방	하다
처분하다	처분	하다
처삼촌	처	삼촌
처치하다	처치	하다
처형되다	처형	되다
처형하다	처형	하다
척삭동물	척삭	동물
척살하다	척살	하다
척척하다	척척	하다
척추동물	척추	동물
척출하다	척출	하다
척하다	척	하다
천덩거리다	천덩	거리다
천덩대다	천덩	대다
천도 복숭아	천도	복숭아
천리마	천리	마
천리안	천리	안
천만	천	만 < 한자 千萬.
천문단위	천문	단위
천문대	천문	대
천문학	천문	학
천문학자	천문학	자
천문학적	천문학	적
천문항법	천문	항법
천방뚝	천방	뚝
천변만화	천변	만화
천분율	천분	율
천안문당하다	^천안문	당하다
천연림	천연	림
천연색	천연	색
천연자원	천연	자원
천연잔디	천연	잔디
천왕성	천왕	성
천지삐까리	천지	삐까리
천째	천	째
천천히	천천	히
천체력	천체	력
천체물리학	천체	물리학
천칭자리	천칭	자리
천하다	천	하다
철갑상어	철갑	상어
철공소	철공	소
철광석	철광	석
철그렁거리다	철그렁	거리다
철그렁대다	철그렁	대다
철기 시대	철기	시대
철길	철	길
철딱지	철	딱지
철떡거리다	철떡	거리다
철떡대다	철떡	대다
철럭거리다	철럭	거리다
철럭대다	철럭	대다
철럼거리다	철럼	거리다
철럼대다	철럼	대다
철렁거리다	철렁	거리다
철렁대다	철렁	대다
철새	철	새
철써덕거리다	철써덕	거리다
철써덕대다	철써덕	대다
철썩거리다	철썩	거리다
철썩대다	철썩	대다
철의 장막	철	의	장막
철저히	철저	히
철추던지기	철추	던지기
철학자	철학	자
철학적	철학	적
첨가하다	첨가	하다
첨부 파일	첨부	파일
첨부하다	첨부	하다
첨삭하다	첨삭	하다
첨소하다	첨소	하다
첨예하다	첨예	하다
첨예화하다	첨예화	하다
첨작하다	첨작	하다
첨잔하다	첨잔	하다
첨치하다	첨치	하다
첫걸음	첫	걸음
첫날	첫	날
첫눈	첫	눈
첫사랑	첫	사랑
첫소리	첫	소리
첫소리법칙	첫소리	법칙
첫인상	첫	인상
첫째	첫	째
첫차기	첫	차기
첫차기표	첫	차기	표
청가시고기	청	가시고기
청각언어장애인	청각	언어	장애인
청개구리	청	개구리
청결하다	청결	하다
청더구리	청	더구리
청도요	청	도요
청둥오리	청동	오리
청딱따구리	청	딱따구리
청록색	청록	색
청바지	청	바지
청산하다	청산	하다
청상아리	청	상아리
청색꽃게	청색	꽃게
청소기	청소	기
청소솔	청소	솔
청소하다	청소	하다
청자켓	청	자켓
청진기	한자 聽診器. < 청진	기
청취하다	청취	하다
청테이프	청	테이프
청호반새	청	호반	새
청황베도라치	청황	베도라치
체감하다	체감	하다
체결하다	체결	하다
체관	체	관
체납하다	체납	하다
체념하다	체념	하다
체다 치즈	체다	치즈
체득하다	체득	하다
체량하다	체량	하다
체벌하다	체벌	하다
체불하다	체불	하다
체스꼬슬로벤스꼬	체스꼬	슬로벤스꼬
체스판	체스	판
체습하다	체습	하다
체육관	체육	관
체육대회	한자 體育大會. < 체육	대회
체육명수	체육	명수
체육복	체육	복
체읍하다	체읍	하다
체인톱	체인	톱
체조깔개	체조	깔개
체조하다	체조	하다
체질량	체	질량
체질량 지수	체질량	지수
체청하다	체청	하다
체첸어	^체첸	어
체커판	체커	판
체코 공화국	^체코	공화국
체코어	체코	어
체코인	체코	인
체크 상자	체크	상자
체크어	^체크	어
체포하다	체포	하다
체하다	체	하다
체현하다	체현	하다
체환하다	체환	하다
쳇바퀴	체	ㅅ	바퀴
쳐넘기기	치다 > 쳐	넘기다 > 넘기기
쳐넣기	치다 > 쳐	넣기
쳐다보다	치키다 > 치어다 > 쳐다	보다
쳐막기	치다 > 쳐	막기
쳐부수다	쳐	부수다
초가을	초	가을
초강대국	초	강대국
초겨울	초	겨울
초견하다	초견	하다.
초고온	초	고온
초능력	초	능력
초대하다	초대	하다
초등학교	초등	학교
초등학생	초등	학생
초라하다	초라	하다
초록불	초록	불
초록빛	초록	빛
초록색	초록	색
초롱	초	롱
초롱꽃	초롱	꽃
초밥	초	밥
초밥풀	초밥	풀
초본식물	초본	식물
초봄	초	봄
초불	초	불
초상화	초상	화
초승달	초승	달
초식남	초식	남
초식동물	초식	동물
초싹거리다	초싹	거리다
초싹대다	초싹	대다
초여름	초	여름
초연하다	초연	하다
초우라늄원소	초우라늄	원소
초인간	초	인간
초인간적	초인간	적
초인적	초인	적
초조하다	초조	하다
초청하다	초청	하다
초췌하다	초췌	하다.
초췌히	초췌	히.
초피나무	초피	나무
초하루	초	하루
촉새	촉	새
촉진하다	촉진	하다
촉촉이	촉촉	이
촉촉하다	촉촉	하다
촌것	촌	ㅅ	것
촌길	촌	ㅅ	길
촌닭	촌	ㅅ	닭
촌사람	촌	ㅅ	사람
촌스럽다	촌	스럽다
촌집	촌	ㅅ	집
촐랑거리다	촐랑	거리다
촐랑대다	촐랑	대다
촐랑이다	촐랑	이다
촐싹거리다	촐싹	거리다
촐싹대다	촐싹	대다
촐싹이다	촐싹	이다
촐촐거리다	촐촐	거리다
촐촐대다	촐촐	대다
촐촐하다	촐촐	하다
촘촘하다	촘촘	하다
촘촘히	촘촘	히
촛대	초	ㅅ	대
촛불	초	ㅅ	불
총각김치	총각	김치
총명하다	총명	하다
총알	총	알
총알받이	총알	받이
총애하다	총애	하다
총열	총	열
총질	총	질
총총거리다	총총	거리다
총총대다	총총	대다
총총히	총총	히
총칼	총	칼
총회꾼	총회	꾼
최고법원	최고	법원
최고존엄	최고	존엄
최고차항	최고차	항
최대치	한자 最大値. < 최대	치
최면치료	최면	치료
최빈값	최빈	값
최상급	최	상급
최소치	한자 最小値. 최소	치
최애하다	최애	하다
최저생계비	최저	생계비
최종회	최종	회
추가 거리	추가	거리
추가하다	추가	되다
추근거리다	추근	거리다
추근대다	추근	대다
추도하다	추도	하다
추바슈어	추바슈	어
추방하다	추방	하다
추산하다	추산	하다.
추상미술	추상	미술
추상적	추상	적
추썩거리다	추썩	거리다
추썩대다	추썩	대다
추썩이다	추썩	이다
추악하다	추악	하다
추억하다	추억	하다
추움	춥다	ㅁ
추워지다	추워	지다
추위	춥	이
추적거리다	추적	거리다
추적대다	추적	대다
추적이다	추적	이다
추적하다	추적	하다
추접	추	접
추정되다	추정	되다
추진하다	추진	하다
추징되다	추징	되다.
추징하다	추징	하다.
추천하다	추천	하다
추측하다	추측	하다
추하다	추	하다
축객하다	축객	하다.
축구공	축구	공.
축구화	축구	화
축복하다	축복	하다
축사하다	축사	하다
축성하다	축성	하다
축소하다	축소	하다
축약하다	축약	하다
축원하다	축원	하다
축재하다	축재	하다
축적하다	축적	하다
축조심의하다	축조심의	하다
축조하다	축조	하다
축주하다	축주	하다
축지법	축지	법
축지하다	축지	하다
축첩하다	축첩	하다
축축	축	축
축축하다	축축	하다
축출하다	축출	하다
축하하다	축하	하다
출근하다	출근	하다
출렁거리다	출렁	거리다
출렁대다	출렁	대다
출렁이다	출렁	이다
출발틀	출발	틀
출발하다	출발	하다
출산휴가	출산	휴가
출석하다	출석	하다
출썩거리다	출썩	거리다
출썩대다	출썩	대다
출썩이다	출썩	이다
출썩출썩하다	출썩출썩	하다
출연하다	출연	하다
출출거리다	출출	거리다
출출대다	출출	대다
출판물	출판	물
출판사	출판	사
출판하다	출판	하다
출현하다	출현	하다
춤	추	ㅁ
춤군	춤	군
춤꾼	춤	꾼
춤추다	춤	추다
충돌하다	충돌	하다
충동거리다	충동	거리다
충동대다	충동	대다
충만하다	충만	하다
충분하다	충분	하다
충성스럽다	충성	스럽다
충실하다	충실	하다
충일감	충일	감
충전기	충전	기
충정하다	충정	하다
충충거리다	충충	거리다
충충대다	충충	대다
충충하다	충충	하다
취나물	취	나물
취득하다	취득	하다
취소하다	취소	하다
취직하다	취직	하다.
취하다	취	하다
취학하다	취학	하다.
측정기	측정	기
측정하다	측정	하다
층계참	층계	참
층꽃나무	층	꽃	나무
층상구조	층상	구조
층층나무	층층	나무
층층이꽃	층층	꽃
치근거리다	치근	거리다
치근대다	치근	대다
치근덕거리다	치근덕	거리다
치근덕대다	치근덕	대다
치렁거리다	치렁	거리다
치렁대다	치렁	대다
치렁치렁하다	치렁치렁	하다
치렁하다	치렁	하다
치료하다	치료	하다
치마꼬리	치마	꼬리
치마저고리	치마	저고리
치맛바람	치마	ㅅ	바람
치맛자락	치마	ㅅ	자락
치맛주름	치마	ㅅ	주름
치명적	치명	적
치밀하다	치밀	하다
치사스럽다	치사	스럽다
치사하다	치사	하다
치솟다	치	솟다
치수	치	數
치신머리	치신	머리
치실	치	실
치열하다	치열	하다
치즈 고양이	치즈	고양이
치킨무	치킨	무
치킨집	치킨	집
칙살부리다	칙살	부리다
칙살하다	칙살	하다
친교하다	한자 親交.	하다
친남매	친	남매
친딸	한자 親.	딸
친밀감	친밀	감
친삼촌	친	삼촌
친애하다	친애	하다
친언니	한자 親.	언니
친오빠	한자 親.	오빠
친위 쿠데타	친위	쿠데타
친절하다	친절	하다
친정아버지	한자 親庭.	아버지
친정어머니	한자 親庭.	어머니
친정집	한자 親庭.	집
친하다	친	하다
친할머니	친	할머니
친할아버지	친	할아버지
친환경	친	환경
친히	친	히
칠각형	칠각	형
칠떡거리다	칠떡	거리다
칠떡대다	칠떡	대다
칠럼거리다	칠럼	거리다
칠럼대다	칠럼	대다
칠렁거리다	칠렁	거리다
칠렁대다	칠렁	대다
칠렁이다	칠렁	이다
칠성말배꼽	칠성	말배꼽
칠성상어	칠성	상어
칠성장어	칠성	장어
칠하다	칠	하다
칡덩굴	칡	덩굴
침대깔개	침대	깔개
침략적	침략	적한자 的.
침략하다	침략	하다
침샘	침	샘
침엽수	침엽	수
침엽수림	침엽수	림
칫솔	치	ㅅ	솔
칭얼거리다	칭얼	거리다
칭얼대다	칭얼	대다
칭찬하다	칭찬	하다
카놀라유	카놀라	유
카랑카랑	카랑	카랑
카스피 해	카스피	해
카오스 고양이	카오스	고양이
카오스 이론	카오스	이론
카자흐어	Kazakh	어.
카자흐족	카자흐)	족
카카오톡	카카오	talk
카키색	카키	색
카탈루냐어	카탈루냐	어
칵칵	칵	칵
칸막이	칸	막이
칸수	칸	수
칼국수	칼	국수
칼끝	칼	끝
칼날	칼	날
칼납자루	칼	납자루
칼락거리다	칼락	거리다
칼락대다	칼락	대다
칼미크족	칼미크	족
칼바람	칼	바람
칼부림	칼	부림
칼상어	칼	상어
칼새	칼	새
칼자루	칼	ㅅ	자루
칼질	칼	질
칼집	칼	ㅅ	집
캄보디아 사람	^캄보디아	사람
캄보디아인	^캄보디아	인
캄캄절벽	캄캄	절벽
캄캄하다	캄캄	하다
캐나다 사람	^캐나다	사람
캐나다기러기	캐나다	기러기
캐나다박태기나무	캐나다	박태기나무
캐나다인	^캐나다	인
캐드득거리다	캐드득	거리다
캐드득대다	캐드득	대다
캐득거리다	캐득	거리다
캐득대다	캐득	대다
캐득하다	캐득	하다
캐들거리다	캐들	거리다
캐들대다	캐들	대다
캐슈나무	캐슈	나무
캐어묻다	캐	어	묻다
캔따개	캔	따개
캘리포니아메추리	^캘리포니아	메추리
캘캘거리다	캘캘	거리다
캘캘대다	캘캘	대다
캥거루족	캥거루	족
캥캥거리다	캥캥	거리다
캥캥대다	캥캥	대다
커닝 쪽지	커닝	쪽지
커다랗다	커	다랗다
커터칼	커터	칼
커플티	커플	티
커피색	커피	색
컨테이너선	컨테이너	선#船
컴퓨터 과학	컴퓨터	과학
컴퓨터용 사인펜	컴퓨터용	사인펜
케케묵은	케케묵다	은
켈트족	켈트	족
코구멍	코	구멍
코끝	코	끝
코끼리물범	코끼리	물범
코끼리조개	코끼리	조개
코딱지	코	딱지
코리올리힘	코리올리	힘
코린치쥐	Kerinci	쥐
코밑	코	밑
코밑수염	코	밑	수염
코뼈	코	뼈
코뿔새	코	뿔	새
코뿔소	코	뿔	소
코스어	영어 cos	er
코스퍼	영어 cosp	er
코안경	코	안경
코주부원숭이	코	주부	원숭이
코피	코	피
콕콕	콕	콕
콕콕거리다	콕콕	거리다
콕콕대다	콕콕	대다
콘월인	콘월	인
콜라나무	콜라	나무
콜랑거리다	콜랑	거리다
콜랑대다	콜랑	대다
콜랑이다	콜랑	이다
콜록거리다	콜록	거리다
콜록대다	콜록	대다
콜콜거리다	콜콜	거리다
콜콜대다	콜콜	대다
콜콜랑거리다	콜콜랑	거리다
콜콜랑대다	콜콜랑	대다
콤보 상자	콤보	상자
콤퓨터건반	콤퓨터	건반
콧구멍	코	ㅅ	구멍
콧날	코	ㅅ	날
콧노래	코	ㅅ	노래
콧대	코	ㅅ	대
콧등	코	ㅅ	등
콧물	코	ㅅ	물
콧방귀	코	ㅅ	방귀
콧방울	코	ㅅ	방울
콧배기	코	ㅅ	배기
콧소리	코	ㅅ	소리
콧수염	코	ㅅ	수염
콧잔등	코	ㅅ	잔등
콧잔등이	코	ㅅ	잔등이
콩가루	콩	가루
콩고 공화국	^콩고	공화국
콩고 민주 공화국	^콩고	민주	공화국
콩고인민공화국	콩고	인민	공화국
콩과	콩	과
콩기름	콩	기름
콩깍지	콩	깍지
콩깻묵	콩	깻묵
콩나물	콩	나물
콩나물국	콩나물	국
콩다콩거리다	콩다콩	거리다
콩다콩대다	콩다콩	대다
콩닥거리다	콩닥	거리다
콩닥닥거리다	콩닥닥	거리다
콩닥닥대다	콩닥닥	대다
콩닥대다	콩닥	대다
콩묵	콩	묵
콩밥	콩	밥
콩밭	콩	밭
콩새	콩	새
콩알	콩	알
콩우유	콩	우유
콩잎	콩	잎
콩자반	콩	자반
콩작거리다	콩작	거리다
콩작대다	콩작	대다
콩작작거리다	콩작작	거리다
콩작작대다	콩작작	대다
콩작콩거리다	콩작콩	거리다
콩작콩대다	콩작콩	대다
콩장	콩	한자 醬.
콩콩	콩	콩
콩콩거리다	콩콩	거리다
콩콩대다	콩콩	대다
콩콩이다	콩콩	이다
콩콩하다	콩콩	하다
콩팥	콩	팥
콩팥결핵	콩팥	결핵
콩팥돌증	공팥	돌	증
콩팥병	콩팥	병
콩팥염	콩팥	한자 炎.
콰르릉거리다	콰르릉	거리다
콰르릉대다	콰르릉	대다
콱콱거리다	콱콱	거리다
콱콱대다	콱콱	대다
콸콸거리다	콸콸	거리다
콸콸대다	콸콸	대다
쾅쾅거리다	쾅쾅	거리다
쾅쾅대다	쾅쾅	대다
쾌적하다	쾌적	하다
쿠르드어	^쿠르드	어
쿠르드족	쿠르드	족
쿠릴 열도	쿠릴	열도
쿡쿡	쿡	쿡
쿡쿡거리다	쿡쿡	거리다
쿡쿡대다	쿡쿡	대다
쿨럭거리다	쿨럭	거리다
쿨럭대다	쿨럭	대다
쿨렁거리다	쿨렁	거리다
쿨렁대다	쿨렁	대다
쿨렁이다	쿨렁	이다
쿨룩거리다	쿨룩	거리다
쿨룩대다	쿨룩	대다
쿨쿨거리다	쿨쿨	거리다
쿨쿨대다	쿨쿨	대다
쿨하다	쿨	하다
쿵더쿵거리다	쿵더쿵	거리다
쿵더쿵대다	쿵더쿵	대다
쿵덕덕거리다	쿵덕덕	거리다
쿵덕덕대다	쿵덕덕	대다
쿵적거리다	쿵적	거리다
쿵적대다	쿵적	대다
쿵적적거리다	쿵적적	거리다
쿵적적대다	쿵적적	대다
쿵적쿵거리다	쿵적쿵	거리다
쿵적쿵대다	쿵적쿵	대다
쿵쾅거리다	쿵쾅	거리다
쿵쿵거리다	쿵쿵	거리다
쿼터제	영어 quarter	한자 制.
퀘벡 주	퀘벡	주
퀘이커교	영어 Quaker	한자 敎.
퀴퀴하다	퀴퀴	하다
크기	크	기
크랜베리즙	크랜베리	즙
크로마뇽인	크로마뇽	인
크로아티아어	크로아티아	어
크로아티아인	크로아티아	인
크림반도	크림	반도
크림차크어	크림차크	어
크림타타르족	러시아어 крымский татарин	족
크메르어	^크메르	어
큰	크	ㄴ
큰가시고기	큰	가시고기
큰개구리매	큰	개구리매
큰개기장	큰	개기장
큰개불알풀	큰	개불알풀
큰개자리	큰	개	자리
큰거문고새	큰	거문고	새
큰겨울잠쥐	큰	겨울잠쥐
큰곰자리	크다	곰	자리
큰괭이밥	큰	괭이밥
큰귀박쥐	큰	귀	박쥐
큰귀상어	큰	귀상어
큰납지리	큰	납지리
큰논병아리	큰	논병아리
큰눈환도상어	큰	눈	환도상어
큰대	큰	한자 大.
큰대감마님	큰	대감	님
큰댁	큰	한자 宅.
큰덤불해오라기	큰	덤불	해오라기
큰돌고래	큰	돌고래
큰딸	큰	딸
큰말	큰	말
큰머리돌고래	큰	머리	돌고래
큰못	큰	못
큰묶음표	큰	묶음표
큰물	큰	물
큰물칭개나물	큰	물칭개나물
큰바람	큰	바람
큰발뒤쥐	큰	발	뒤쥐
큰발윗수염박쥐	큰	발	윗수염박쥐
큰방	큰	방
큰볏말뚝망둥어	큰	볏	말뚝망둥어
큰부리고래	큰	부리고래
큰불	크다	불
큰사랑	큰	한자 舍廊.
큰살파	큰	살파
큰새별	큰	새	별
큰서방님	큰	서방	님
큰센바람	큰	센	바람
큰소리	큰	소리
큰술	크다	술
큰아들	큰	아들
큰아버지	큰	아버지
큰애기	큰	애기
큰어머니	큰	어머니
큰원추리	큰	원추리
큰은대구	큰	은대구
큰이빨부리고래	큰	이빨	부리고래
큰입우럭	큰	입	우럭
큰재개구마리	큰	재	개구마리
큰줄납자루	큰	줄납자루
큰집박쥐	큰	집박쥐
큰창자	큰	창자
큰창자암	큰창자	암
큰철갑상어	큰	철갑상어
큰첨서	큰	첨서
큰코뿔새	큰	코뿔새
큰회색머리아비	큰	회색	머리	아비
큰흰죽지	큰	흰죽지
클아매	클	아매
클아반	클	아반
클아배	클	아배
큼	크다	ㅁ
큼지막하다	큼지막	하다
킁킁거리다	킁킁	거리다
키다리	키	다리
키다리게	키	다리	게
키드득거리다	키드득	거리다
키드득대다	키드득	대다
키득거리다	키득	거리다
키득대다	키득	대다
키들거리다	키들	거리다
키들대다	키들	대다
키르기스어	^키르기스	어
키릴 문자	^키릴	문자
키릴문자	키릴	문자
키스하다	키스	하다
키조개	키	조개
킥킥거리다	킥킥	거리다
킥킥대다	킥킥	대다
킬로그람	킬로	그람 < 영어 kilogram
킬킬거리다	킬킬	거리다
킬킬대다	킬킬	대다
킹왕짱	킹	왕	짱
킹킹	킹	킹
타갈로그어	^타갈로그	어
타고나다	타다	나다
타국어	한자 他國語 < 타국	어
타는 곳	타다	곳
타다닥거리다	타다닥	거리다
타다닥대다	타다닥	대다
타닥거리다	타닥	거리다
타닥타닥	타닥	타닥
타달거리다	타달	거리다
타달대다	타달	대다
타당성	타당	성 < 일본어 妥當性 / だとうせい
타동사	타	동사
타드락거리다	타드락	거리다
타드락타드락	타드락	타드락
타드랑거리다	타드랑	거리다
타드랑대다	타드랑	대다
타랑거리다	타랑	거리다
타랑대다	타랑	대다
타래떡	타래	떡
타밀어	^타밀	어
타밀인	타밀	인
타박거리다	타박	거리다
타박대다	타박	대다
타박타박	타박	타박
타발거리다	타발	거리다
타발대다	타발	대다
타시락거리다	타시락	거리다
타시락대다	타시락	대다
타오름달	타오름	달
타울거리다	타울	거리다
타울대다	타울	대다
타원형	타원	형
타이어	^타이	어
타이완 사람	^타이완	사람
타이완인	^타이완	인
타이틀곡	타이틀	곡
타지크어	^타지크	어
타타르어	^타타르	어
타타르족	타타르	족
타트어	타트	어
타협하다	타협	하다
탁구공	탁구	공.
탁본하다	탁본	하다.
탁월하다	탁월	하다
탁탁거리다	탁탁	거리다
탁탁대다	탁탁	대다
탁탁하다	탁탁	하다
탄도학	한자어 ‘탄도	學’에서 유래.
탄력성	탄력	성
탄복하다	탄복	하다
탄설음	탄설	음
탄식하다	탄식	하다
탄실	탄	실
탄알	彈	알
탄원하다	탄원	하다
탄주하다	탄주	하다.
탄화석회	탄화	석회
탈가닥거리다	탈가닥	거리다
탈가닥대다	탈가닥	대다
탈가당거리다	탈가당	거리다
탈가당대다	탈가당	대다
탈각거리다	탈각	거리다
탈각대다	탈각	대다
탈각이다	탈각	이다
탈강거리다	탈강	거리다
탈강대다	탈강	대다
탈강이다	탈강	이다
탈나치화	탈	나치	화
탈락거리다	탈락	거리다
탈락대다	탈락	대다
탈랑거리다	탈랑	거리다
탈랑대다	탈랑	대다
탈랑이다	탈랑	이다
탈바닥거리다	탈바닥	거리다
탈바닥대다	탈바닥	대다
탈바당거리다	탈바당	거리다
탈바당대다	탈바당	대다
탈박거리다	탈박	거리다
탈박대다	탈박	대다
탈박이다	탈박	이다
탈박탈박	탈박	탈박
탈박탈박하다	탈박탈박	하다
탈박하다	탈박	하다
탈방거리다	탈방	거리다
탈방대다	탈방	대다
탈방이다	탈방	이다
탈싹거리다	탈싹	거리다
탈싹대다	탈싹	대다
탈영병	탈영	병
탈영자	탈영	자
탈옷	탈	옷
탈이름	탈	이름
탈주병	탈주	병
탈춤	탈	춤
탈카닥거리다	탈카닥	거리다
탈카닥대다	탈카닥	대다
탈카당거리다	탈카당	거리다
탈카당대다	탈카당	대다
탈칵거리다	탈칵	거리다
탈칵대다	탈칵	대다
탈칵이다	탈칵	이다
탈캉거리다	탈캉	거리다
탈캉대다	탈캉	대다
탈캉이다	탈캉	이다
탈캉탈캉하다	탈캉탈캉	하다
탈탈거리다	탈탈	거리다
탈탈대다	탈탈	대다
탈퇴하다	탈퇴	하다
탈파닥거리다	탈파닥	거리다
탈파닥대다	탈파닥	대다
탐관오리	탐관	오리
탐바당거리다	탐바당	거리다
탐바당대다	탐바당	대다
탐바당탐바당	탐바당	탐바당
탐바당하다	탐바당	하다
탐방거리다	탐방	거리다
탐방대다	탐방	대다
탐방탐방	탐방	탐방
탐스러운	탐스럽다	ㄴ
탐스러움	탐스럽다	ㅁ
탐지기	탐지	기
탐탁하다	탐탁	하다
탑삭거리다	탑삭	거리다
탑삭대다	탑삭	대다
탑삭이다	탑삭	이다
탑재하다	탑재	하다
탕탕	탕	탕
탕탕거리다	탕탕	거리다
탕탕대다	탕탕	대다
태곳적	태곳	적
태국어	태국	어
태권도	태권	도
태깔	태	깔
태백성	태백	성
태양 플레어	태양	플레어
태양계	태양	계
태양복사	태양	복사
태양전지	태양	전지
태양흑점	태양	흑점
태질	태	질
태평양	태평	양
태형하다	태형	하다.
택시비	택시	비
택하다	택	하다
탱자나무	탱자	나무
터덕거리다	터덕	거리다
터덜거리다	터덜	거리다
터덜대다	터덜	대다
터드럭거리다	터드럭	거리다
터드럭터드럭	터드럭	터드럭
터드렁거리다	터드렁	거리다
터드렁대다	터드렁	대다
터뜨리다	터	뜨리다
터렁거리다	터렁	거리다
터렁터렁	터렁	터렁
터무니없다	터무니	없다
터밭	터	밭
터벅거리다	터벅	거리다
터벅머리	터벅	머리
터벅터벅	터벅	터벅
터벅터벅하다	터벅터벅	하다
터벌거리다	터벌	거리다
터울거리다	터울	거리다
터울대다	터울	대다
터지다	ᄩᅳ〮다	어	디다〮
터치다	터	치다
터키석	^터키	석
터키어	^터키	어
터키옥	^터키	옥
터키인	터키	인
터트리다	터	트리다
턱무없다	턱무	없다
턱뼈	턱	뼈
턱선	턱	선
턱수염	턱	수염
턱스카이코스 제도	영어 Turks and Caicos Islands	제도
턱없는	턱없다	는
턱없음	턱없다	음
턱지다	턱	지다
턱턱	턱	턱
턱턱거리다	턱턱	거리다
턱턱대다	턱턱	대다
털거미	털	거미
털럭거리다	털럭	거리다
털럭대다	털럭	대다
털렁거리다	털렁	거리다
털렁대다	털렁	대다
털바퀴	털	바퀴
털발말똥가리	털	발	말똥가리
털버덕거리다	털버덕	거리다
털버덕대다	털버덕	대다
털버덩거리다	털버덩	거리다
털버덩대다	털버덩	대다
털벅거리다	털벅	거리다
털벅대다	털벅	대다
털별꽃아재비	털	별꽃아재비
털보말벌	털보	말벌
털부처꽃	털	부처꽃
털빛	털	빛
털실	털	실
털실천	털실	천
털썩거리다	털썩	거리다
털썩대다	털썩	대다
털여뀌	털	여뀌
털털거리다	털털	거리다
털털대다	털털	대다
털퍼덕거리다	털퍼덕	거리다
털퍼덕대다	털퍼덕	대다
텀버덩거리다	텀버덩	거리다
텀버덩대다	텀버덩	대다
텀버덩텀버덩	텀버덩	텀버덩
텀벙거리다	텀벙	거리다
텀벙대다	텀벙	대다
텁석거리다	텁석	거리다
텁석대다	텁석	대다
텃밭	터	ㅅ	밭
텃세	터	ㅅ	세
테니스공	테니스	공
테로분자	테로	분자
테없다	테	없다
테이블 축구	테이블	축구
텍사스 주	텍사스	주
텔레비죤방송망	영어 television	방송망
텔레비죤통로	텔레비죤	통로
토끼박쥐	토끼	박쥐
토끼풀	토끼	풀
토닥거리다	토닥	거리다
토닥대다	토닥	대다
토닥이다	토닥	이다
토도독거리다	토도독	거리다
토도독대다	토도독	대다
토도독토도독	토도독	토도독
토도독토도독하다	토도독토도독	하다
토드락거리다	토드락	거리다
토드락대다	토드락	대다
토드락이다	토드락	이다
토란대	토란	ㅅ	대
토로하다	토로	하다
토론하다	토론	하다
토마토즙	토마토	즙
토막글	토막	글
토벌하다	토벌	하다
토사물	토사	물
토설하다	토설	하다
토씨	토	씨
토의되다	토의	되다
토의하다	토의	하다
토지 공개념	토지	공개념
토착화하다	토착화	하다
토하다	토	하다
토하젓	토하	젓
토혈하다	토혈	하다.
톡탁거리다	톡탁	거리다
톡탁대다	톡탁	대다
톡탁이다	톡탁	이다
톡톡거리다	톡톡	거리다
톡톡대다	톡톡	대다
톰방거리다	톰방	거리다
톰방대다	톰방	대다
톱날	톱	날
톱날꽃게	톱날	꽃게
톱니바퀴	톱니	바퀴
톱밥	톱	밥
톱풀	톱	풀
통거미	통	거미
통계예보	통계	예보
통구이	통	구이
통꼴	통	꼴
통나무	통	나무
통나무배	통나무	배
통닭	통	닭
통렬하다	통렬	하다
통배추	통	배추
통상적	통상	적
통상조약	통상	조약
통솔력	통솔	력
통역하다	통역	하다
통장갑	통	장갑
통제력	통제	력
통조림	통	조림
통조림공장	통조림	공장
통조림제조	통조림	제조
통조림통	통조림	통
통지하다	통지	하다
통치자	통치	자
통탕거리다	통탕	거리다
통탕대다	통탕	대다
통통	통	통
통통거리다	통통	거리다
통통대다	통통	대다
통풍관	통풍	관
통하다	통	하다
통화 단위	통화	단위
통화량	통화	량
톺아보다	톺아	보다
퇴각하다	퇴각	하다
퇴거하다	퇴거	하다
퇴교하다	퇴교	하다
퇴궐하다	퇴궐	하다
퇴근하다	퇴근	하다
퇴락하다	퇴락	하다
퇴보하다	퇴보	하다
퇴색하다	퇴색	하다
퇴실하다	퇴실	하다
퇴역하다	퇴역	하다
퇴영적	퇴영	적
퇴원하다	퇴원	하다
퇴임하다	퇴임	하다
퇴장표	한자 退場票 < 퇴장	표
퇴장하다	퇴장	하다
퇴정하다	퇴정	하다
퇴조하다	퇴조	하다
퇴진하다	퇴진	하다
퇴청하다	퇴청	하다
퇴출하다	퇴출	하다
퇴학하다	퇴학	하다
퇴행하다	퇴행	하다
퇴화하다	퇴화	하다
툇마루	퇴	ㅅ	마루
투구게	투구	게
투구꽃	투구	꽃
투기꾼	투기	꾼
투덕거리다	투덕	거리다
투덕대다	투덕	대다
투덜거리다	투덜	거리다
투덜대다	투덜	대다
투두둑거리다	투두둑	거리다
투두둑대다	투두둑	대다
투드럭거리다	투드럭	거리다
투드럭대다	투드럭	대다
투레질	투레	질
투르크멘어	^투르크멘	어
투명하다	투명	하다
투박하다	투박	하다
투자하다	투자	하다
투철하다	투철	하다.
투철히	투철	히.
투표권	투표	권
투표소	투표	소
투표인	투표	인
투표하다	투표	하다
투항하다	투항	하다
툭툭	툭	툭
툭툭거리다	툭툭	거리다
툭툭대다	툭툭	대다
툭툭이	툭툭	이
툼벙거리다	툼벙	거리다
툼벙대다	툼벙	대다
퉁명스럽다	퉁명	스럽다
퉁탕	퉁	탕
퉁탕거리다	퉁탕	거리다
퉁탕대다	퉁탕	대다
퉁퉁	퉁	퉁
퉁퉁걸음	퉁퉁	걸음
퉁퉁마디	퉁퉁	마디
퉁퉁배	퉁퉁	배
퉤퉤	퉤	퉤
튀김기	튀김	기
튀르키예어	^튀르키예	어
튀어나오다	튀다	나오다
튐성판	튀다> 튐	성	판
트럼프주의	^트럼프	주의
트림	틀	임
트림하다	트림	하다
특별시	특별	시
특별자치도	특별	자치도
특별하다	특별	하다
특별히	특별	히
특수부대	특수	부대
특수하다	특수	하다
특채하다	특채	하다
특특하다	특특	하다
특파원	특파	원
특히	특	히
튼실	튼	실
틀니	틀	니
틀린 그림 찾기	틀린	그림	찾기
틀림없다	틀림	없다
틀림없이	틀림없	이
틈	트	ㅁ
티베트고원	티베트	고원
티베트어	^티베트	어
틸바꿈하다	탈	바꿈	하다
팀원	팀	원
파격적	파격	적
파고들다	파고	들다
파괴당하다	파괴	당하다
파괴되다	파괴	되다
파괴시키다	한자 破壞.	시키다
파괴하다	파괴	하다
파국적	파국	적
파급시키다	한자 波及.	시키다
파김치	파	김치
파나마 운하	^파나마	운하
파냉국	파	냉국
파노라마식	영어 panorama	식
파다하다	파다	하다
파닥거리다	파닥	거리다
파닥대다	파닥	대다
파닥이다	파닥	이다
파도타기	파도	타기
파드닥거리다	파드닥	거리다
파드닥대다	파드닥	대다
파드득거리다	파드득	거리다
파드득대다	파드득	대다
파득거리다	파득	거리다
파득대다	파득	대다
파득하다	파득	하다
파들거리다	파들	거리다
파들대다	파들	대다
파들짝거리다	파들짝	거리다
파들짝대다	파들짝	대다
파딱거리다	파딱	거리다
파딱대다	파딱	대다
파딱이다	파딱	이다
파라고무나무	파라	고무나무
파라솔	프랑스어 parasol < 그리스어 παρά	라틴어 sol
파라핀염	영어 paraffin	염
파란고리문어	파랗다	고리	문어
파란곡절	파란	곡절
파란만장	파란	만장
파란불	파란	불
파란색	파란	색
파랑돔	파랑	돔
파랑새	파랑	새
파랑어치	파랑	어치
파랑쥐치	파랑	쥐치
파렴치하다	파렴치	하다
파르스레하다	파르스레	하다
파르스름하다	파르스름	하다
파르족족하다	파르족족	하다
파리지옥	파리	지옥
파리채	파리	채
파리하다	파리	하다
파마시키다	파마	시키다
파멸시키다	파멸	시키다
파묻다	파	묻다
파병하다	한자 派兵.	하다
파사삭거리다	파사삭	거리다
파사삭대다	파사삭	대다
파삭거리다	파삭	거리다
파삭대다	파삭	대다
파산하다	한자 破産.	하다
파생되다	파생	되다
파생어	파생	어
파생하다	파생	하다
파손시키다	파손	시키다
파수꾼	파수	꾼
파슈토어	^파슈토	어
파쑈도이췰란드	파쑈	도이췰란드
파쑈적	파쑈	적
파업파괴자	파업	파괴자
파열음	파열	음
파인애플즙	파인애플	즙
파일명	영어 file	명
파전	파	전
파찰음	파찰	음
파초열매	파초	열매
파출소	파출	소
파충류	파충	류
파킨슨병	파킨슨	병
파탄시키다	파탄	시키다
파티하다	영어 party	하다
파편화되다	파편화	되다
파하다	파	하다
파행적	파행	적
팍삭팍삭하다	팍삭팍삭	하다
판결하다	판결	하다
판공	판	공
판국	판	국
판독하다	판독	하다
판둥거리다	판둥	거리다
판둥대다	판둥	대다
판들거리다	판들	거리다
판들대다	판들	대다
판리하다	판리	하다
판매되다	판매	되다
판매소	판매	소
판매하다	판매	하다
판무식	판	무식
판비하다	판비	하다
판서하다	판서	하다
판세	판	세
판소리론	판소리	론
판시하다	한자 判示.	하다
판올림	판	올림
판잣집	판자	ㅅ	집
판정승하다	한자 判定勝.	하다
판정하다	판정	하다
판출하다	판출	하다
판탕하다	판탕	하다
팔각형	팔각	형
팔걸이	팔 걸—	이
팔걸이의자	팔걸이	의자
팔꿈치	팔	꿈치
팔꿉	팔	꿉
팔다리	팔	다리
팔딱거리다	팔딱	거리다
팔딱대다	팔딱	대다
팔딱이다	팔딱	이다
팔뚝시계	팔뚝	시계
팔라닥거리다	팔라닥	거리다
팔라닥대다	팔라닥	대다
팔라당거리다	팔라당	거리다
팔라당대다	팔라당	대다
팔라우어	팔라우	어
팔락거리다	팔락	거리다
팔락대다	팔락	대다
팔락이다	팔락	이다
팔랑거리다	팔랑	거리다
팔랑귀	팔랑	귀
팔랑대다	팔랑	대다
팔랑이다	팔랑	이다
팔레스타인국	팔레스타인	국
팔리다	팔다	리
팔맥교회혈	팔맥교회	혈
팔목걸이	팔	목걸이
팔목시계	팔목	시계
팔싹거리다	팔싹	거리다
팔싹대다	팔싹	대다
팔싹이다	팔싹	이다
팔월대보름	팔월	대보름
팔짝거리다	팔짝	거리다
팔짝대다	팔짝	대다
팔팔 올림픽 고속도로	팔팔	올림픽	고속도로.
팜쥐	팜	쥐
팝 음악	팝	음악
팝스타	팝	스타
팝업창	팝업	창
팡당거리다	팡당	거리다
팡당대다	팡당	대다
팡당이다	팡당	이다
팡이무리	팡이	무리
팡팡	팡	팡
팡팡거리다	팡팡	거리다
팡팡대다	팡팡	대다
팥꽃나무	팥	꽃	나무
팥밥	팥	밥
팥배나무	팥배	나무
팥빙수	팥	빙수
팥색	팥	색
팥죽	팥	죽
패거리	패	거리
패랭이꽃	패랭이	꽃
패망하다	패망	하다
패배하다	패배	하다
패사하다	패사	하다
패소하다	패소	하다
패자부활전	패자	부활전
패자회복전	패자	회복전
패주하다	패주	하다
팬층	팬	층
팬티 스타킹	팬티	스타킹
팽배하다	팽배	하다
팽이	팽	이
팽패롭다	팽패	롭다
퍼덕거리다	퍼덕	거리다
퍼덕대다	퍼덕	대다
퍼덕이다	퍼덕	이다
퍼드덕거리다	퍼드덕	거리다
퍼드덕대다	퍼드덕	대다
퍼들거리다	퍼들	거리다
퍼들대다	퍼들	대다
퍼떡거리다	퍼떡	거리다
퍼떡대다	퍼떡	대다
퍼떡이다	퍼떡	이다
퍼붓다	푸다 > 퍼	붓다
퍼서석거리다	퍼서석	거리다
퍼서석대다	퍼서석	대다
퍼석거리다	퍼석	거리다
퍼석대다	퍼석	대다
펀들거리다	펀들	거리다
펀들대다	펀들	대다
펄떡거리다	펄떡	거리다
펄떡대다	펄떡	대다
펄떡이다	펄떡	이다
펄러덕거리다	펄러덕	거리다
펄러덕대다	펄러덕	대다
펄러덩거리다	펄러덩	거리다
펄러덩대다	펄러덩	대다
펄럭거리다	펄럭	거리다
펄럭대다	펄럭	대다
펄럭이다	펄럭	이다
펄럭펄럭	펄럭	펄럭
펄렁거리다	펄렁	거리다
펄렁대다	펄렁	대다
펄렁이다	펄렁	이다
펄썩거리다	펄썩	거리다
펄썩대다	펄썩	대다
펄썩이다	펄썩	이다
펄쩍거리다	펄쩍	거리다
펄쩍대다	펄쩍	대다
펑퍼짐하다	펑퍼짐	하다
페로 제도	^페로	제도
페루 공화국	^페루	공화국
페르샤어	^페르샤	어
페르시아 제국	페르시아	제국
페르시아어	^페르시아	어
페트병	PET	병
펜돌리기	펜	돌리기
펜촉	펜	촉
펭긴새	펭긴	새
편가르기	편	가르기
편리하다	편리	하다
편모슬하	편모	슬하
편서풍파	편서풍	파
편안하다	편안	하다
편안히	편안	히
편의금고	편의	금고
편의점	편의	점
편의주의	편의	주의
편제하다	편제	하다
편지봉투	한자 편지	봉투
편집하다	편집	하다
편찮다	편하지	아니	하다
편취하다	편취	하다
편파적	편파	적
편향적	편향	적
편히	편	히
펼치다	펴다	치
평가절하	평가	절하
평가하다	평가	하다
평결하다	평결	하다
평균적	평균	적
평균치	평균	치
평년값	평년	값
평등권	평등	권
평등주의	평등	주의
평등하다	평등	하다
평란하다	평란	하다
평론가	평론	가
평론하다	평론	하다
평면도	평면	도
평면도형	평면	도형
평면형	한자 平面形. < 평면	형
평미레	평	미레
평방미터	평방	미터
평범하다	평범	하다
평복하다	평복	하다
평분하다	평분	하다
평순모음	평순	모음
평신하다	평신	하다
평연하다	평연	하다
평온하다	평온	하다
평의하다	평의	하다
평장하다	평장	하다
평정하다	평정	하다
평좌하다	평좌	하다
평준하다	평준	하다
평치하다	평치	하다
평탄히	평탄	히
평토하다	평토	하다
평판하다	평판	하다
평평하다	평평	하다
평행육면체	평행	육면체
평화롭다	평화	롭다
평화스럽다	평화	스럽다
평화적	평화	적
평화하다	평화	하다
폐간하다	폐간	하다
폐강하다	폐강	하다
폐기하다	폐기	하다
폐사하다	폐사	하다
폐쇄되다	폐쇄	되다
폐쇄성 수역	폐쇄성	수역
폐쇄음	폐쇄	음
폐쇄하다	폐쇄	하다
폐암	폐	암
폐업하다	폐업	하다
폐열회수보일러	폐열	회수	보일러
폐일언하다	폐일언	하다
폐지하다	폐지	하다
폐차하다	폐차	하다
폐회하다	폐회	하다
포경선	포경	선
포괄적	포괄	적
포근포근히	포근포근	히
포근하다	포근	하다
포기하다	포기	하다
포닥거리다	포닥	거리다
포닥대다	포닥	대다
포닥이다	포닥	이다
포도 주스	포도	주스
포도나무	포도	나무
포도독거리다	포도독	거리다
포도독대다	포도독	대다
포도동거리다	포도동	거리다
포도동대다	포도동	대다
포도잼	포도	잼
포도주	포도	주
포도즙	포도	즙
포동포동	포동	포동
포드닥거리다	포드닥	거리다
포드닥대다	포드닥	대다
포드득거리다	포드득	거리다
포드득대다	포드득	대다
포득거리다	포득	거리다
포득대다	포득	대다
포득하다	포득	하다
포딱거리다	포딱	거리다
포딱대다	포딱	대다
포딱이다	포딱	이다
포르릉거리다	포르릉	거리다
포르릉대다	포르릉	대다
포르투갈어	^포르투갈	어
포륵거리다	포륵	거리다
포륵대다	포륵	대다
포목상	포목	상
포삭거리다	포삭	거리다
포삭대다	포삭	대다
포삭하다	포삭	하다
포섭하다	포섭	하다
포스터물감	포스터	물감
포스팅하다	포스팅	하다.
포식하다	포식	하다
포악하다	포악	하다
포위되다	포위	되다.
포위망	한자어 ‘包圍網, 包圍	網’에서 유래.
포위하다	포위	하다.
포유동물	포유	동물
포유류	포유	류
포장도로	포장	도로
포전길	포전	길
포착하다	포착	하다
포클랜드 제도	포클랜드	제도
포함하다	포함	하다
포환던지기	포환	던지기
포환던지기 선수	포환던지기	선수
포획하다	포획	하다
폭격기	폭격	기
폭격하다	폭격	하다
폭넓다	폭	넓다
폭력적	폭력	적
폭로하다	폭로	하다
폭발물	폭발	물
폭발적	폭발	적
폭발하다	폭발	하다
폭음하다	폭음	하다.
폭탄주	폭탄	주
폭풍해일	폭풍	해일
폴딱거리다	폴딱	거리다
폴딱대다	폴딱	대다
폴딱이다	폴딱	이다
폴락거리다	폴락	거리다
폴락대다	폴락	대다
폴란드 사람	^폴란드	사람
폴란드어	^폴란드	어
폴란드인	^폴란드	인
폴랑거리다	폴랑	거리다
폴랑대다	폴랑	대다
폴싹거리다	폴싹	거리다
폴싹대다	폴싹	대다
폴짝거리다	폴짝	거리다
폴짝대다	폴짝	대다
퐁당퐁당	퐁당	퐁당
표기하다	표기	하다
표면적	표면	적
표범	표	범
표범상어	표범	상어
표범장지뱀	표범	장지뱀
표범피부	표범	피부
표시하다	표시	하다
표음문자	표음	문자
표의문자	표의	문자
표주박	표주	박
표준 편차	표준	편차
표준말	표준	말
표준발음법	표준	발음법
표준시계	표준	시계
표준어	표준	어
표표하다	표표	하다
표현법	표현	법
표현하다	표현	하다
푸나무	풀	나무
푸다닥거리다	푸다닥	거리다
푸다닥대다	푸다닥	대다
푸덕거리다	푸덕	거리다
푸덕대다	푸덕	대다
푸덕이다	푸덕	이다
푸두둑거리다	푸두둑	거리다
푸두둑대다	푸두둑	대다
푸두둥거리다	푸두둥	거리다
푸두둥대다	푸두둥	대다
푸드덕거리다	푸드덕	거리다
푸드덕대다	푸드덕	대다
푸드득거리다	푸드득	거리다
푸드득대다	푸드득	대다
푸득거리다	푸득	거리다
푸득대다	푸득	대다
푸득푸득하다	푸득푸득	하다
푸들거리다	푸들	거리다
푸들대다	푸들	대다
푸떡거리다	푸떡	거리다
푸떡대다	푸떡	대다
푸떡이다	푸떡	이다
푸르뎅뎅하다	푸르뎅뎅	하다
푸르릉거리다	푸르릉	거리다
푸르릉대다	푸르릉	대다
푸르무레하다	푸르무레	하다
푸르스레하다	푸르스레	하다
푸륵거리다	푸륵	거리다
푸륵대다	푸륵	대다
푸른	푸르다	ㄴ
푸른달	푸르다	달
푸른머리되새	푸른	머리	되새
푸른발얼가니새	푸른	발	얼가니새
푸른색	푸른	색
푸른얼굴얼가니새	푸른	얼굴	얼가니새
푸른차	푸르다 > 푸른	차
푸름	턱없다	ㅁ
푸릇하다	푸릇	하다
푸석거리다	푸석	거리다
푸석대다	푸석	대다
푸설거리다	푸설	거리다
푸설대다	푸설	대다
푸시하다	푸시	하다
푸에르토리코 자유 연합주	^푸에르토리코	자유	연합	주
푸주한	푸주	한
푸틴주의	^푸틴	주의
푸푸거리다	푸푸	거리다
푸푸대다	푸푸	대다
푹푹	푹	푹
풀그림	풀다	그리다
풀등	풀	등
풀떡거리다	풀떡	거리다
풀떡대다	풀떡	대다
풀떡이다	풀떡	이다
풀럭거리다	풀럭	거리다
풀럭대다	풀럭	대다
풀럭이다	풀럭	이다
풀렁거리다	풀렁	거리다
풀렁대다	풀렁	대다
풀렁이다	풀렁	이다
풀림성	풀리다	풀림	성
풀망둑	풀	망둑
풀명자	풀	榠樝
풀밭	풀	밭
풀뱀	풀	뱀
풀색체	풀	색체
풀썩거리다	풀썩	거리다
풀썩대다	풀썩	대다
풀썩이다	풀썩	이다
풀어지다	풀어	지다
풀을 뜯다	풀	을	뜯다
풀이	풀—	이
풀이씨	풀이	씨
풀이하다	풀이	하다
풀잎	풀	잎
풀쩍거리다	풀쩍	거리다
풀쩍대다	풀쩍	대다
풀쩍이다	풀쩍	이다
풀풀거리다	풀풀	거리다
풀풀대다	풀풀	대다
풀풀하다	풀풀	하다
풋-	풀	ㅅ
풋감	풋	감
풋고추	풋	고추
풋과실	풋	과실
풋과일	풋	과일
풋나물	풋	나물
풋내기	접사 풋	접사 -내기
풋마늘	풋	마늘
풋바둑	풋	바둑
풋사과	풋	사과
풋사랑	풋	사랑
풋사랑하다	풋사랑	하다
풋수염	풋	수염
풋장기	풋	장기
풋콩	풋	콩
풋풋하다	풋풋	하다
풍덩거리다	풍덩	거리다
풍덩대다	풍덩	대다
풍물놀이	풍물	놀이
풍부하다	풍부	하다
풍비박산	풍비	박산
풍산개	풍산	개
풍선껌	풍선	껌
풍속계	풍속	계
풍속화	풍속	화
풍요롭다	풍요	롭다
풍유법	풍유	법
풍차돌리기	풍차	돌리기
풍풍	풍	풍
풍풍거리다	풍풍	거리다
풍풍대다	풍풍	대다
풍하측	풍하	측
프랑스 사람	^프랑스	사람
프랑스령 기아나	프랑스	령	기아나
프랑스빵	^프랑스	빵
프랑스어	^프랑스	어
프랑스인	^프랑스	인
프랑크족	프랑크	족
플래시 픽션	플래시	픽션
플러그 용접	플러그	용접
플러스극	영어 plus	극
피검사	피	검사
피곤하다	피곤	하다
피구공	피구	공.
피그미마모셋	피그미	마모셋
피난처	피난	처
피낭동물	피낭	동물
피눈물	피	눈물
피도 눈물도 없다	피	도	눈물	도	없다
피돌기	피	돌기 < 돌다
피레네산맥	피레네	산맥
피로하다	피로	하다
피말강이	피	맑다	이
피부 트러블	피부	트러블
피부샘	피부	샘
피부암	피부	암
피선거권	피선거	권
피시방	피시	방.
피신처	피신	처
피싸개	피	싸개
피알	피	알
피우다	피다	우
피자식물	피자	식물
피줄기	피	줄기
피짠짜짜라어	^피짠짜짜라	어
피톨	피	톨
피투성이	피	투성이
피하다	피	하다
피해자	피해	자
피형	피	형
픽업트럭	픽업	트럭
핀란드 만	핀란드	만
핀란드어	^핀란드	어
핀테크	영어 fin	tech
필기구	필기	구
필기도구	필기	도구
필기하다	필기	하다.
필롭다	필	롭다
필리핀독수리	필리핀	독수리
필리핀어	^필리핀	어
필수 아미노산	필수	아미노산
필수적	필수	적
필연성	필연	성
필연적	필연	적
필요적 공범	필요적	공범
필요하다	필요	하다
핏가루	피	ㅅ	가루
핏덩이	피	ㅅ	덩이
핏자국	피	ㅅ	자국
핏줄	피	ㅅ	줄
핑킹가위	핑킹	가위
핑핑	핑	핑
하강하다	하강	하다
하게체	하게	체
하계 올림픽	하계	올림픽.
하관하다	한자 下棺.	하다
하나같은	하나같다	은
하나같음	하나같다	음
하나같이	하나같	이
하나하나	하나	하나
하눌타리	하늘	ㅅ	다래
하느님	하느	님
하느작거리다	하느작	거리다
하느작대다	하느작	대다
하느작이다	하느작	이다
하늑대다	하늑	대다
하늑하늑	하늑	하늑
하늑하늑하다	하늑하늑	하다
하늘	한	울=한울→하늘
하늘가	하늘	가
하늘거리다	하늘	거리다
하늘나라	하늘	나라
하늘다람쥐	하늘	다람쥐
하늘대다	하늘	대다
하늘말나리	하늘	말나리
하늘빛	하늘	빛
하늘색	하늘	색
하늘연달	하늘	열다	달
하늘열림날	하늘	열림	날
하늘의 별 따기	하늘	의	별	따기
하늘종개	하늘	종개
하늘채	하늘	채
하늘하늘	하늘	하늘
하늘하늘하다	하늘하늘	하다
하늬바람	하늬	바람
하늬쪽	하늬	쪽
하다못해	하다	못해
하동거리다	하동	거리다
하동대다	하동	대다
하락하다	하락	하다.
하롱거리다	하롱	거리다
하롱대다	하롱	대다
하롱하롱	하롱	하롱
하루 종일	하루	종일
하루강아지	하루	강아지
하루빨리	하루	빨리
하루살이	하루	살이
하루속히	하루	속	히
하루아침	하루	아침
하루하루	하루	하루
하룻강아지	하루	ㅅ	강아지.
하룻길	하루	ㅅ	길
하룻밤	하루	ㅅ	밤 < 중세 한국어 ᄒᆞᄅᆞᆺ밤 ←ᄒᆞᄅᆞ	ㅅ	밤
하많다	하	많다
하비작거리다	하비작	거리다
하비작대다	하비작	대다
하빗거리다	하빗	거리다
하빗대다	하빗	대다
하사하다	한자 下賜.	하다
하산하다	한자 下山.	하다
하선하다	한자 下船.	하다
하소서체	하소서	체
하소연하다	하소연	하다
하숙집	하숙	집
하숙하다	한자 下宿.	하다
하십시오체	하십시오	체
하얀색	하얀	색
하얀파	하얀	파
하여튼	하여하	든
하염없다	하염	없다
하염없이	하염없	이
하오체	하오	체
하옥하다	한자 下獄.	하다
하와이어	하와이	어
하위어	하위	어
하이난섬	하이난	섬
하이다어	영어 Haida	어
하임움직씨	하임	움직씨
하작거리다	하작	거리다
하작대다	하작	대다
하작이다	하작	이다
하잘것없다	하자	것	없다
하직하다	한자 下直.	하다
하층구름	하	층	구름
하층운	하	층	운
하카스어	하카스	어
하품하다	하품	하다 < 하회홈	ᄒᆞ다 < 하외욤	ᄒᆞ다
하프물범	하프	물범
하하	하	하
하하거리다	하하	거리다
하하대다	하하	대다
하향하다	한자 下鄕.	하다
하현달	하현	달
학공치	학	공치
학도요	학	도요
학벌주의	학벌	주의
학생증	학생	증
학수고대	학수	고대
학술원	학술	원
학술적	학술	적
학하다	학	하다.
한가위	한	가위
한가을	한	가을
한가하다	한가	하다
한강납줄개	한강	납줄개
한걸음	한	걸음
한겨레	한	겨레
한겨울	한	겨울
한결같은	한결같다	은
한결같음	한결같다	음
한계선표식대	한계선	표식대
한계효용	한계	효용
한국	한	국
한국 사람	^한국	사람
한국까치	^한국	까치
한국동란	한국	동란
한국말	^한국	말
한국산개구리	^한국	산개구리
한국어	한국	어
한국적	한국	적
한국전쟁	한국	전쟁
한국호랑이	한국	호랑이
한글 맞춤법	한글	맞춤법
한글날	한글	날
한글화	한글	화
한길	한	길
한나라	漢	나라
한나절	한	나절
한낮	한	낮
한눈	한	눈
한닥거리다	한닥	거리다
한닥대다	한닥	대다
한닥이다	한닥	이다
한댕거리다	한댕	거리다
한댕대다	한댕	대다
한댕이다	한댕	이다
한데	한	데
한도 끝도 없다	한	도	끝	도	없다
한동안	한	동안
한드랑거리다	한드랑	거리다
한드랑대다	한드랑	대다
한드작거리다	한드작	거리다
한드작대다	한드작	대다
한들거리다	한들	거리다
한들대다	한들	대다
한때	한	때
한랭형 폐색전선	한랭한자 寒冷.	형한자 形.	폐색전선한자 閉塞前線.
한마을	한	마을
한말	한	말
한물	한	물
한바탕	한	바탕
한반도	한	반도
한밤	한	밤
한밤중	한	밤	중
한번	한	번
한봄	한	봄
한산하다	한산	하다
한새	하	ㄴ	새
한센병	Hansen	병
한소	하	ㄴ	소
한순간	한	순간
한숨	한	숨
한시	한	시
한식집	한식	집
한심스럽다	한심	스럽다
한심하다	한심	하다
한아름	한	아름
한아바이	한	아바이
한없다	한	없다
한여름	한	여름
한울	한	울
한의학	한	의학
한이무기	한	이무기
한인타운	한인	town
한일	한	일
한자 합성어	한자	합성어
한자말	한자	말
한자어	한자 漢字語. < 한자	어
한잔	한	잔
한잠	한	잠
한저녁	한	저녁
한정대명사	한정	대명사
한정하다	한정	하다
한중	한	중
한중심원	한	중심	원
한층	한	층
한탄하다	한탄	하다
한턱내다	한턱	내다
한통속	한	통속
한편	한	편
한풀	한	풀
한해살이	한	해	살이
할근거리다	할근	거리다
할근대다	할근	대다
할근할근	할근	할근
할금거리다	할금	거리다
할금대다	할금	대다
할긋거리다	할긋	거리다
할긋대다	할긋	대다
할기족거리다	할기족	거리다
할기족대다	할기족	대다
할기족할기족	할기족	할기족
할깃거리다	할깃	거리다
할깃대다	할깃	대다
할끔거리다	할끔	거리다
할끔대다	할끔	대다
할끔하다	할끔	하다
할끗거리다	할끗	거리다
할끗대다	할끗	대다
할낏거리다	할낏	거리다
할낏대다	할낏	대다
할딱거리다	할딱	거리다
할딱대다	할딱	대다
할딱이다	할딱	이다
할딱하다	할딱	하다
할랑거리다	할랑	거리다
할랑대다	할랑	대다
할랑이다	할랑	이다
할래발딱	할래	발딱
할래발딱거리다	할래발딱	거리다
할래발딱대다	할래발딱	대다
할래발딱할래발딱	할래발딱	할래발딱
할머니	한	어머니
할미꽃	할미	꽃
할미새	할미	새
할미새사촌	할미새	사촌
할아버지	한	아버지
할짝거리다	할짝	거리다
할짝대다	할짝	대다
할쭉거리다	할쭉	거리다
할쭉대다	할쭉	대다
할할거리다	할할	거리다
할할대다	할할	대다
함께살이	함께	살다	이
함께하다	함께	하다
함박웃음	함박	웃음
함양하다	함양	하다
함치르르하다	함치르르	하다
합류하다	합류	하다
합리적	합리	적
합방되다	합방	되다
합방하다	합방	하다
합법적	한자 合法的. < 합법	적
합법화	합법	화
합병되다	합병	되다
합병하다	한자 合倂.	하다
합성록음	합성	록음
합성록음하다	합성록음	하다
합성어	합성	어
합성음	합성	음
합쇼체	합쇼	체
합치다	합	치다
합친말	합치다 > 합친	말
핫아비	핫	아비
핫어미	핫	어미
항공교통관제	항공	교통	관제
항공기	항공	기
항공사	항공	사
항공우편	항공	우편
항등식	항등	식
항라머리검독수리	항라	머리	검독수리
항렬자	항렬	자
항문외과	항문	외과
항복하다	항복	하다
항아리	항	아리
항의하다	항의	하다
항정선	항정	선
해가림	해	가림
해개	해	개
해결되다	해결	되다
해결하다	해결	하다
해고하다	해고	하다
해괴하다	해괴	하다
해금되다	해금	되다
해금하다	해금	하다
해날	해	날
해내다	해	내다
해넘이	해	넘	이
해독제	해독	제
해동하다	해동	하다.
해뜩거리다	해뜩	거리다
해뜩대다	해뜩	대다
해라체	해라	체
해록석	해록	석
해롭다	해	롭다
해롱거리다	해롱	거리다
해롱대다	해롱	대다
해마다	해	마다
해마당	해	마당
해머던지기	해머	던지기
해머던지기 선수	해머던지기	선수
해면기압	해면	기압
해명하다	해명	하다
해바라기	해	바라기
해바라기씨	해바라기	씨
해바라기유	해바라기	유
해반닥거리다	해반닥	거리다
해반닥대다	해반닥	대다
해방하다	해방	하다
해병대	해병	대
해부학	해부	학
해비	해	비
해빛	해	빛
해산물	해산	물
해산하다	해산	하다
해시계	해	시계
해안경비대	해안	경비대
해약금	해약	금
해양 개발 산업	해양	개발	산업
해양성기후	해양성	기후
해양성열대기단	해양한자 海洋.	성한자 性.	열대한자 熱帶.	기단한자 氣團.
해오라기	희	올	아기, 하야로비
해오름달	해	오름	달
해요체	해요	체
해작거리다	해작	거리다
해작대다	해작	대다
해장국	해장	국
해저지진	해저	지진
해죽거리다	해죽	거리다
해죽대다	해죽	대다
해지다	해	지다
해집합	해	집합
해쪼임량	해	쪼이다 > 쪼임	량
해쭉거리다	해쭉	거리다
해쭉대다	해쭉	대다
해체	해	체
해체하다	해체	하다
해치다	해	치다
해코지	해	코지
해코지하다	해	코지	하다
해토머리	해토	머리
해풍전선	해풍	전선
핵가족	핵	가족
핵공	핵	공
핵꿀잼	핵	꿀	잼
핵막	핵	막
햅쌀	햇 > 햅	쌀
햇귀	해	ㅅ	귀
햇무리	해	ㅅ	무리
햇발	해	ㅅ	발
햇볕	해	ㅅ	볕
햇볕정책	햇볕	정책
햇빛	해	ㅅ	빛
햇살	해	ㅅ	살
햇수	해	ㅅ	수
햇언나	해	ㅅ	언나
행복스럽다	행복	스럽다
행복스레	행복	스레 < 행복스럽다
행복하다	행복	하다
행심하다	행심	하다
행여	행	여
행정 구역	행정	구역
행진하다	행진	하다
행하다	행	하다
향고래	향	고래
향기롭다	향기	롭다
향기풀	향기	풀
향상하다	향상	하다. 일본어 向上에서 유래한 향상이라는 어휘에 -하다가 붙음.
향쑥	향	쑥
향참외	향	참외
향하다	향	하다
허다반	허다	반
허닥하다	허닥	하다
허덕거리다	허덕	거리다
허덕대다	허덕	대다
허덕이다	허덕	이다
허둥거리다	허둥	거리다
허둥대다	허둥	대다
허든거리다	허든	거리다
허든대다	허든	대다
허락하다	허락	하다
허랑방탕하다	허랑방탕	하다
허례허식	허례	허식
허룽거리다	허룽	거리다
허룽대다	허룽	대다
허룽허룽	허룽	허룽
허름하다	허름	하다
허름허름	허름	허름
허리띠	허리	띠
허리춤	허리	춤
허망하다	허망	하다
허무주의	허무	주의
허무하다	허무	하다
허물다	'헐-'	'무르-'	'-다'
허비적거리다	허비적	거리다
허비적대다	허비적	대다
허비하다	허비	하다
허빗거리다	허빗	거리다
허빗대다	허빗	대다
허술하다	허술	하다
허심탄회	허심	탄회
허약하다	허약	하다
허영거리다	허영	거리다
허영대다	허영	대다
허용되다	허용	되다
허용하다	허용	하다
허우룩하다	허우룩	하다
허우적거리다	허우적	거리다
허우적대다	허우적	대다
허우적이다	허우적	이다
허적	허	적
허적거리다	허적	거리다
허적대다	허적	대다
허적이다	허적	이다
허적하다	허적	하다
허전거리다	허전	거리다
허전대다	허전	대다
허전하다	허전	하다
허점투성이	허점	투성이
허접스럽다	허접	스럽다
허접하다	허접	하다
허정거리다	허정	거리다
허정대다	허정	대다
허정하다	허정	하다
허줄하다	허줄	하다
허청거리다	허청	거리다
허청대다	허청	대다
허탈감	허탈	감
허탕하다	허탕	하다
허파꽈리	허파	꽈리
허허	허	허
허허거리다	허허	거리다
허허대다	허허	대다
허허하다	허허	하다
헉헉거리다	헉헉	거리다
헉헉대다	헉헉	대다
헌병대	헌병	대
헌신적	헌신	적
헐근거리다	헐근	거리다
헐근대다	헐근	대다
헐떡거리다	헐떡	거리다
헐떡대다	헐떡	대다
헐떡이다	헐떡	이다
헐떡하다	헐떡	하다
헐뜯다	헐	뜯다
헐렁거리다	헐렁	거리다
헐렁대다	헐렁	대다
헐렁이다	헐렁	이다
헐렁하다	헐렁	하다
헐레벌떡거리다	헐레벌떡	거리다
헐레벌떡대다	헐레벌떡	대다
헐레벌떡이다	헐레벌떡	이다
헐레벌떡헐레벌떡	헐레벌떡	헐레벌떡
헐씨근거리다	헐씨근	거리다
헐씨근대다	헐씨근	대다
헐쭉하다	헐쭉	하다
헐헐거리다	헐헐	거리다
헐헐대다	헐헐	대다
험난하다	험난	하다.
험담하다	험담	하다.
험상궂다	험상	궂다
헛-	허	ㅅ
헛걸음	헛	걸음
헛되다	헛	되다
헛방귀	헛	방귀
헛소리	헛	소리
헛소리하다	헛소리	하다
헛스윙	헛	스윙
헛코골다	헛	코 골다
헝가리어	^헝가리	어
헝클어뜨리다	헝클어	뜨리다
헝클어트리다	헝클어	트리다
헤어지다	헤어	지다
헤엄치다	헤엄	치다
헤옴티다	헤	옴	티
헤욤	헤	옴
헤죽거리다	헤죽	거리다
헤죽대다	헤죽	대다
헥토파스칼	헥토 hecto)	파스칼
헬기	헬	기
헬스장	헬스	장
헬조선	헬	조선
헷말	헛	말
헹글하다	헹글	하다
혀바닥	혀	바닥
혁명적	혁명	적
혁신되다	혁신	되다.
혁신적	혁신	적
혁신하다	혁신	하다.
현대 그리스어	현대	그리스	어
현대국어	현대	국어
현대오종경기	현대	오종경기
현대적	현대	적
현명하다	현명	하다
현무암	현무	암
현미경	현미	경
현상일수	현상	일수
현상주의	현상	주의
현수교	현수	교
현실적	현실	적
현악기	현	악기=현악기
현자타임	현자	타임
현재 시제	현재	시제
현학적	한자 衒學	的
혈관종	혈관	종
혈액검사	혈액	검사
혈액학	혈액	학
혈액형	혈액	형
혈통주의	혈통	주의
혐관	혐오	관계
협력하다	협력	하다
협박하다	협박	하다
협상하다	협상	하다
협소하다	협소	하다
협의하다	협의	하다
협잡질	협잡	질
혓바닥	혀	ㅅ	바닥
형 라인	형	라인
형광펜	형광	펜
형님	형	님
형사보상	형사	보상
형성되다	형성	되다
형성하다	형성	하다
형식적	형식	적
형아	형	아
형용사	형용	사
형편없다	형편	없다
호감도	호감	도
호곡하다	호곡	하다
호두과자	호두	과자
호두나무	호두	나무
호드득거리다	호드득	거리다
호드득대다	호드득	대다
호떡	호	떡
호떡집	호떡	집
호랑고양이	호랑	고양이
호랑나비	호랑	나비
호랑버들	호랑	버들
호랑이	호랑	이
호랑이도 제 말 하면 온다	호랑이	도	제	말	하면	온다
호랑이뱀	호랑이	뱀
호래자식	홀의 > 호래	자식
호로록거리다	호로록	거리다
호로록대다	호로록	대다
호록거리다	호록	거리다
호록대다	호록	대다
호록호록하다	호록호록	하다
호륵하다	호륵	하다
호림	호리다 > 호리	ㅁ
호매하다	호매	하다
호물거리다	호물	거리다
호물대다	호물	대다
호밀	호	밀
호박	호	박
호박등	호박	등
호박벌	호박	벌
호박색	호박	색
호박죽	호박	죽
호반새	호반	새
호비작거리다	호비작	거리다
호비작대다	호비작	대다
호비작호비작	호비작	호비작
호빗거리다	호빗	거리다
호빗대다	호빗	대다
호빵	호	빵
호사	한자 豪奢. < 호화	사치
호숫가	호수	ㅅ	가
호아빈문화	호아빈	문화
호의호식하다	호의호식	하다
호전적	호전	적
호젓하다	호젓	하다
호주 사람	^호주	사람
호주 연방	^호주	연방
호주머니	호	주머니
호출되다	호출	되다.
호출하다	호출	하다.
호협하다	호협	하다
호호	호	호
호호거리다	호호	거리다
호호대다	호호	대다
호화롭다	호화	롭다
호흡곤란	호흡	곤란
호흡기	호흡	기=호흡기
호흡하다	호흡	하다
혹고니	혹	고니
혹등고래	혹	등	고래
혹멧돼지	혹	멧돼지
혹부리	혹	부리
혹부리고래	혹	부리고래
혹부리오리	혹	부리	오리
혹시나	혹시	나
혹여나	혹여	나
혹은	혹	은
혼내다	혼	내다
혼돈 이론	혼돈	이론
혼돈되다	혼돈	되다
혼돈하다	혼돈	하다
혼동되다	혼동	되다
혼동하다	혼동	하다
혼란되다	혼란	되다
혼란하다	혼란	하다
혼미하다	혼미	하다
혼밥	혼	밥
혼성어	혼성	어
혼인하다	혼인	하다
혼자말	혼자	말
혼잡하다	혼잡	하다
혼잣말	혼자	ㅅ	말
혼종어	혼종	어
혼죠 시	일본어 本庄市 > 혼죠	시
혼쭐내다	혼쭐	내다
혼탁하다	혼탁	하다
혼합농업	혼합	농업
혼합이어헤기	혼합	이어	헤기
혼합하다	혼합	하다
홀가분하다	홀가분	하다
홀소리	홀	소리
홀소리어울림	홀소리	어울림
홀수	홀	수
홀씨	홀	씨
홀아비	홀	아비
홀어미	홀	어미
홀쭈기	홀쭉하다 > 홀쭉	이
홀쭉하다	홀쭉	하다
홈구장	홈	구장
홍게	홍	게
홍길동전	홍길동	전
홍당무	홍	당무
홍보하다	홍보	하다
홍살문	홍	살	문
홍싸리	홍	싸리
홍여새	홍	여새
홍의장군	한자 紅衣將軍. < 홍의	장군
홍조류	홍조	류
홍조식물	홍조	식물
홍차	홍	차
홑문장	홑	문장
홑이불	홑	이불
화강암	화강	암
화끈거리다	화끈	거리다
화끈대다	화끈	대다
화끈하다	화끈	하다
화나다	화	나다
화내다	화	내다
화냥년	화냥	년
화닥닥거리다	화닥닥	거리다
화닥닥대다	화닥닥	대다
화드득거리다	화드득	거리다
화드득대다	화드득	대다
화들거리다	화들	거리다
화들대다	화들	대다
화락하다	화락	하다
화려하다	화려	하다
화면반주음악실	한자 畵面伴奏音樂室 < 화면	반주	음악실
화목하다	화목	하다
화물선	화물	선
화산구름	화산	구름
화산재	화산	재
화살	활	살
화살치	화살	치
화살통	화살	통
화살표	화살	표
화살표 키	화살표	키
화순하다	화순	하다
화승총	화승	총
화장비누	화장	비누
화장솔	화장	솔
화장실	화장	실
화장지	화장	지
화장품	화장	품
화장하다	화장	하다
화재 날씨	화재	날씨
화재구름	화재	구름
화전민	화전	민
화창하다	화창	하다
화톳불	화	톳	불
화하다	화	하다
화학물질	화학	물질
화학반응	화학	반응
화학빨래	화학	빨래.
화학적 거세	화학	적	거세
화합물	화합	물
화합하다	화합	하다
화해하다	화해	하다
화환어음	화환	어음
확대하다	확대	하다
확성기	한자 擴聲器. < 확성	기
확실하다	확실	하다
확실히	확실	히
확인하다	확인	하다
확적하다	확적	하다
확정적	확정	적
확정하다	확정	하다
환각증	환각	증
환갑잔치	환갑	잔치
환급하다	환급	하다
환기하다	환기	하다
환담하다	환담	하다
환대하다	환대	하다
환도상어	환도	상어
환도하다	환도	하다
환빠	환단고기	빠
환산하다	환산	하다
환상곡	환상	곡
환상적	한자 幻想的. < 환상	적
환송하다	환송	하다
환수되다	환수	되다
환수하다	환수	하다
환승하다	환승	하다.
환언하다	환언	하다
환영하다	환영	하다
환원하다	환원	하다
환장하다	환장	하다
환전하다	환전	하다
환하다	환	하다
환호하다	환호	하다
환히	환	히
활강바람	활강	바람
활과 화살	활	과	화살
활기차다	활기	차다
활꼴	활	꼴
활동가	활동	가
활동성	활동	성
활동적	한자 活動的. < 활동	적
활동하다	활동	하다
활발하다	활발	하다
활발히	활발	히
활시위	활	시위
활엽수	활엽	수
활용어	활용	어
활용하다	활용	하다
활유법	활유	법
활주로	활주	로
활주하다	활주	하다.
활줄	활	줄
활줌통	활	줌통
활화산	활	화산
황구렁이	황	구렁이
황금두더지	황금	두더지
황금자칼	황금	자칼
황무지	황무	지
황벽나무	황벽	나무
황복	황	복
황새	하	ㄴ	새
황새냉이	황새	냉이
황새치	황	새치
황소	하	ㄴ	소
황소개구리	황소	개구리
황소자리	황소	자리
황줄망둑	황	줄	망둑
황줄베도라치	황	줄	베도라치
황철석	황철	석
황토색	황토	색
황해흰점복	황해	흰점복
홰불	홰	ㅅ	불
횃불	홰	ㅅ	불
회갈색	회색	갈색
회계사	회계	사
회나무	회	나무
회덮밥	회	덮밥
회백색	회	백색
회사원	회사	원
회색기러기	회색	기러기
회색들소	회색	들소
회색딱새	회색	딱새
회색랑구르	회색	랑구르
회색머리아비	회색	머리	아비
회색청서	회색	청서
회수하다	회수	하다
회양목	회	양목
회오리바람	회오리	바람
회원국	회원	국
회의하다	회의	하다
회장단	회장	단
회전 손잡이	회전	손잡이
회전날개	회전	날개
회전력	회전	력
회전초밥	회전	초밥
회전하다	회전	하다
회중전등	회중	전등
회피하다	회피	하다
회합주기	회합	주기
획기적	획기	적
획시대적	획	시대적
획일적	획일	적
획죄하다	획죄	하다
횡단하다	횡단	하다
효과적	효과	적
효도하다	효도	하다
효성스럽다	효성	스럽다
효수하다	효수	하다
효율적	효율	적
후계자	후계	자
후고구려	후	고구려
후끈거리다	후끈	거리다
후끈대다	후끈	대다
후끈하다	후끈	하다
후대하다	후대	하다
후려치다	후리다	치다
후물거리다	후물	거리다
후물대다	후물	대다
후미지다	후미	지다
후반전	한자 後半戰. < 후반	전
후보자	후보	자
후비적거리다	후비적	거리다
후비적대다	후비적	대다
후빗거리다	후빗	거리다
후빗대다	후빗	대다
후사하다	후사	하다
후살이	후	살-다	이
후살이하다	후살이	하다
후송하다	후송	하다
후어머니	후	어머니
후원하다	후원	하다
후이족	후이	족
후임자	후임	자
후제	후	제
후조선	후	조선
후줄근하다	후줄근	하다
후지산	후지	산
후지와라 효과	후지와라	효과
후진하다	후진	하다
후추가루	후추	가루
후춧가루	후추	ㅅ	가루
후하다	후	하다
후회하다	후회	하다
훈련하다	훈련	하다
훈방하다	훈방	하다
훌륭하다	훌륭	하다
훌쩍거리다	훌쩍	거리다
훑개	훑다	개
훑어읽다	훑어	읽다
훔쳐보다	훔치다	보다
훗날	후	ㅅ	날
훗달	후	ㅅ	달
훼방꾼	훼방	꾼
훼방하다	훼방	하다
휘감다	휘	감다
휘날리다	휘	날리다
휘두르다	휘	두르다
휘딱휘딱	휘딱	휘딱
휘뚝거리다	휘뚝	거리다
휘뚝대다	휘뚝	대다
휘뚝이다	휘뚝	이다
휘발유	휘발	유
휘우뚱거리다	휘우뚱	거리다
휘우뚱대다	휘우뚱	대다
휘우청거리다	휘우청	거리다
휘우청대다	휘우청	대다
휘적거리다	휘적	거리다
휘적대다	휘적	대다
휘젓다	휘	젓다
휘정거리다	휘정	거리다
휘정대다	휘정	대다
휘청거리다	휘청	거리다
휘청대다	휘청	대다
휘파람	휴	ᄑᆞ람
휘파람새	휘파람	새
휘파람솔개	휘파람	솔개
휘하다	휘	하다
휘휘하다	휘휘	하다
휴간하다	휴간	하다
휴강하다	휴강	하다
휴게실	한자 휴게	실
휴게하다	휴게	하다.
휴경하다	휴경	하다
휴고하다	감사	하다
휴관하다	휴관	하다
휴교하다	휴교	하다
휴대식량	휴대	식량
휴대폰	휴대	폰.
휴대하다	휴대	하다
휴무하다	휴무	하다
휴식날	휴식	날
휴식일	휴식	일
휴식하다	휴식	하다
휴양하다	휴양	하다
휴업하다	휴업	하다
휴정하다	휴정	하다
휴지통	휴지	통
휴지하다	휴지	하다
휴직하다	휴직	하다
휴학하다	휴학	하다
휴항하다	휴항	하다
흉내내다	흉내	내다
흉년에 윤달	흉년	에	윤달
흉터	흉	터
흉하다	흉	하다
흉흉하다	흉흉	하다.
흉흉히	흉흉	히.
흐너뜨리다	흐너	뜨리다
흐너트리다	흐너	트리다
흐느적거리다	흐느적	거리다
흐느적대다	흐느적	대다
흐늑거리다	흐늑	거리다
흐늑대다	흐늑	대다
흐름새	흐름	새
흐름선	흐름	선
흐리멍덩하다	흐리멍덩	하다 < 근대 한국어 흐리믕등ᄒᆞ다
흐린	흐리다	ㄴ
흐뭇하다	흐뭇	하다
흐지부지	흐지	부지 < 휘지비지
흑고니	흑	고니
흑백논리	흑백	논리
흑백텔레비전	흑백	텔레비전
흑비둘기	흑	비둘기
흑색종	흑색	종
흑설탕	흑	설탕
흑싸리	흑	싸리
흑역사	흑	역사
흑호두나무	흑호두	나무
흔덕거리다	흔덕	거리다
흔덕대다	흔덕	대다
흔뎅거리다	흔뎅	거리다
흔뎅대다	흔뎅	대다
흔드렁거리다	흔드렁	거리다
흔드렁대다	흔드렁	대다
흔드적거리다	흔드적	거리다
흔드적대다	흔드적	대다
흔들거리다	흔들	거리다
흔들바람	흔들다	바람
흔전대다	흔전	대다
흔쾌하다	흔쾌	하다.
흔쾌히	흔쾌	히.
흔하다	흔	하다
흔히	흔	히
흘근거리다	흘근	거리다
흘근대다	흘근	대다
흘긋거리다	흘긋	거리다
흘긋대다	흘긋	대다
흘기죽흘기죽	흘기죽	흘기죽
흘깃거리다	흘깃	거리다
흘깃대다	흘깃	대다
흘끔거리다	흘끔	거리다
흘끔대다	흘끔	대다
흘끗거리다	흘끗	거리다
흘끗대다	흘끗	대다
흘낏거리다	흘낏	거리다
흘낏대다	흘낏	대다
흘러내리다	흘러	내리다
흘레하다	흘레	하다
흘림	흘리	ㅁ
흙날	흙	날
흙냄새	흙	냄새
흙더미	흙	더미
흙먼지	흙	먼지
흙벽돌	흙	벽돌
흙비	흙	비
흙수저	흙	수저
흙투성이	흙	투성이
흙파는쥐	흙	파는	쥐
흠씬흠씬	흠씬	흠씬
흡기음	흡기	음
흡수하다	흡수	하다
흡연하다	흡연	하다
흡착음	흡착	음
흡혈귀	흡혈	귀
흡혈박쥐	흡혈	박쥐
흡혈박쥐사촌	흡혈박쥐	사촌
흥겹다	흥	겹다
흥미롭다	흥미	롭다
흥미진진하다	흥미진진	하다.
흥분시키다	흥분	시키다
흥분하다	흥분	하다
흥청거리다	흥청	거리다
흥청대다	흥청	대다
흩뜨리다	흩	뜨리다
흩어트리다	흩어	트리다
흩트리다	흩	트리다
희가스	희	가스
희귀본	희귀	본
희뜩거리다	희뜩	거리다
희뜩대다	희뜩	대다
희말쑥하다	희말쑥	하다
희망고문	희망	고문
희망적	희망	적
희망찬	희망차다	ㄴ
희망참	희망차다	ㅁ
희망하다	희망	하다
희박하다	희박	하다
희번덕거리다	희번덕	거리다
희번덕대다	희번덕	대다
희생번트	희생	번트
희석률	희석	률
희토류 원소	희토류	원소
희한하다	희한	하다
희한히	희한	히
흰	희다	ㄴ
흰가룻병	흰	가루	ㅅ	병
흰갈매기	흰	갈매기
흰개미	흰	개미
흰고래	흰	고래
흰곰	흰	곰
흰귀마모셋	흰	귀	마모셋
흰기러기	흰	머리	기러기
흰꼬리사슴	흰	꼬리	사슴
흰꼬리수리	흰	꼬리	수리
흰날개해오라기	흰	날개	해오라기
흰넓적다리붉은쥐	흰	넓적다리	붉은	쥐
흰눈	흰	눈
흰눈색	흰눈	색
흰동가리	흰	동가리
흰둥이	희다 > 흰	둥이
흰말채나무	흰	말채나무
흰머리기러기	흰	머리	기러기
흰머리솔개	흰	머리	솔개
흰머리수리	흰	머리	수리
흰목벌잡이새	흰	목	벌잡이새
흰바위산양	흰	바위	산양
흰발망둑	흰	발	망둑
흰배슴새	흰	배	슴새
흰배윗수염박쥐	흰	배	윗수염박쥐
흰배줄독수리	흰	배	줄	독수리
흰배환도상어	흰	배	환도상어
흰부리아비	흰	부리	아비
흰뺨검둥오리	흰	뺨	검둥	오리
흰뺨오리	흰	뺨	오리
흰산호	흰	산호
흰색	흰	색
흰쇠	희다	쇠
흰쌀	흰	쌀
흰올빼미	흰	올빼미
흰이마기러기	흰	이마	기러기
흰점복	흰점)	복
흰점찌르레기	흰	점	찌르레기
흰죽지수리	흰	죽지	수리
흰줄박이오리	흰	줄박이	오리
흼	희다	ㅁ
히브리어	^히브리	어
히읗 불규칙 활용	히읗	불규칙 활용
힌두교	^힌두	교
힌디어	Hindi	어
힐금거리다	힐금	거리다
힐금대다	힐금	대다
힐긋거리다	힐긋	거리다
힐긋대다	힐긋	대다
힐긋힐긋	힐긋	힐긋
힐끔거리다	힐끔	거리다
힐끔대다	힐끔	대다
힐끗거리다	힐끗	거리다
힐끗대다	힐끗	대다
힐끗힐끗	힐끗	힐끗
힐링타임	힐링	타임
힘겨운	힘겹다	ㄴ
힘겨움	힘겹다	ㅁ
힘껏	힘	껏
힘들다	힘	들다
힘바리	힘	바리
힘쓰다	힘	쓰다
힘없다	힘	없다
힘줄	힘	ㅅ	줄
힘차다	힘	차다
힘찬	힘차다	ㄴ
힘참	힘차다	ㅁ
