A-Saite	A	Saite
ABC-Waffen	ABC	Waffen
ABC-Waffen-frei	ABC-Waffen	frei
Aa-Wurst	Aa	Wurst
Aachenerin	Aachener	in
Aalauge	Aal	Auge
Aalfang	Aal	Fang
Aalfell	Aal	Fell
Aalfett	Aal	Fett
Aalfischer	Aal	Fischer
Aalhaut	Aal	Haut
Aalkorb	Aal	Korb
Aalleiter	Aal	Leiter
Aalmolch	Aal	Molch
Aalmutter	Aal	Mutter
Aalquappe	Aal	Quappe
Aalraupe	Aal	Raupe
Aalreuse	Aal	Reuse
Aalräucherei	Aal	Räucherei
Aalschwanz	Aal	Schwanz
Aalspeer	Aal	Speer
Aalstechen	Aal	stechen
Aalstrich	Aal	Strich
Aalsuppe	Aal	Suppe
Aaltierchen	Aal	Tierchen
Aargau	Aare	Gau
Aarmühle	Aare	Mühle
Aasblume	Aas	Blume
Aasgeruch	Aas	Geruch
Aasinsekt	Aas	Insekt
Aasjäger	Aas	Jäger
Aasjägerei	Aas	Jägerei
Aaskrähe	Aas	Krähe
Aaskäfer	Aas	Käfer
Aasseite	Aas	Seite
Aasvogel	Aas	Vogel
Abart	ab	Art
Abartigkeit	abartig	keit
Abbaggerung	abbaggern	ung
Abbaubarkeit	abbaubar	keit
Abbauerscheinung	Abbau	Erscheinung
Abbaugerechtigkeit	Abbau	Gerechtigkeit
Abbaugeschwindigkeit	Abbau	Geschwindigkeit
Abbaumethode	Abbau	Methode
Abbauort	Abbau	Ort
Abbauprozess	Abbau	Prozess
Abbeförderung	abbefördern	ung
Abbeizmittel	abbeizen	Mittel
Abbesteller	abbestellen	er
Abbestellerin	Abbesteller	in
Abbezahlung	abbezahlen	ung
Abbiegespur	abbiegen	Spur
Abbild	ab	Bild
Abbildungsfehler	Abbildung	s	Fehler
Abbildungsfreiheit	Abbildung	s	Freiheit
Abbildungsmaßstab	Abbildung	s	Maßstab
Abbildungstechnik	Abbildung	s	Technik
Abbildungstechnologie	Abbildung	s	Technologie
Abbindebeschleuniger	abbinden	Beschleuniger
Abbindegeschwindigkeit	abbinden	Geschwindigkeit
Abbrecher	abbrechen	er
Abbrecherin	Abbrecher	in
Abbrecherquote	Abbrecher	Quote
Abbrucharbeiter	Abbruch	Arbeiter
Abbruchbirne	Abbruch	Birne
Abbruchfirma	Abbruch	Firma
Abbruchgenehmigung	Abbruch	Genehmigung
Abbruchhaus	Abbruch	Haus
Abbruchkante	Abbruch	Kante
Abbruchunternehmen	Abbruch	Unternehmen
Abc	A	B	C
Abc-Buch	Abc	Buch
Abc-Schütze	Abc	Schütze
Abdach	ab	Dach
Abdampf	ab	Dampf
Abdampfentöler	Abdampf	Entöler
Abdampfrate	Abdampfen	Rate
Abdampfschale	abdampfen	Schale
Abdampfturbine	Abdampf	Turbine
Abdankung	abdanken	ung
Abdankungsgrund	Abdankung	s	Grund
Abdeckfolie	abdecken	Folie
Abdeckpapier	abdecken	Papier
Abdeckplane	abdecken	Plane
Abderit	Abdera	it
Abdestillation	ab	Destillation
Abdruck	ab	Druck
Abendblatt	Abend	Blatt
Abendbrot	Abend	Brot
Abendessen	Abend	Essen
Abendgebet	Abend	Gebet
Abendgrauen	Abend	Grauen
Abendkasse	Abend	Kasse
Abendkleid	Abend	Kleid
Abendland	Abend	Land
Abendlied	Abend	Lied
Abendluft	Abend	Luft
Abendmahl	Abend	Mahl
Abendmahlzeit	Abend	Mahlzeit
Abendroth	Abend	Roth
Abendsegler	Abend	Segler
Abendsonne	Abend	Sonne
Abendstern	Abend	Stern
Abendstimmung	Abend	Stimmung
Abendvorstellung	Abend	Vorstellung
Abendzeitung	Abend	Zeitung
Abenteuerfilm	Abenteuer	Film
Abenteuerlust	Abenteuer	Lust
Abenteuerreise	Abenteuer	Reise
Abenteuerroman	Abenteuer	Roman
Abenteuerspielplatz	Abenteuer	Spielplatz
Abenteurer	Abenteuer	er
Abernter	abernten	er
Aberwitz	aber	Witz
Abfahrer	abfahren	er
Abfahrtstafel	Abfahrt	s	Tafel
Abfallbehälter	Abfall	Behälter
Abfalleimer	Abfall	Eimer
Abfallentsorgung	Abfall	Entsorgung
Abfallkorb	Abfall	Korb
Abfallprodukt	Abfall	Produkt
Abfallstoff	Abfall	Stoff
Abfalltonne	Abfall	Tonne
Abfangjäger	abfangen	Jäger
Abfasserin	Abfasser	in
Abfassung	abfassen	ung
Abfertigung	abfertigen	ung
Abfertigungsgebühr	Abfertigung	s	Gebühr
Abfindung	abfinden	ung
Abfindungsbrennerei	Abfindung	s	Brennerei
Abflug	ab	Flug
Abfluggeschwindigkeit	Abflug	Geschwindigkeit
Abflugzeit	Abflug	Zeit
Abflussrohr	Abfluss	Rohr
Abfolge	ab	Folge
Abfrager	abfragen	er
Abfragerin	Abfrager	in
Abführmittel	abführen	Mittel
Abgabe	ab	Gabe
Abgang	ab	Gang
Abgas	ab	Gas
Abgasfahne	Abgas	Fahne
Abgaskatalysator	Abgas	Katalysator
Abgasleitung	Abgas	Leitung
Abgasstrahl	Abgas	Strahl
Abgasstrom	Abgas	Strom
Abgastemperatur	Abgas	Temperatur
Abgefeimtheit	abgefeimt	heit
Abgeher	abgehen	er
Abgeordnetenhaus	Abgeordneten	Haus
Abgeschiedenheit	abgeschieden	heit
Abglanz	ab	Glanz
Abgrenzung	abgrenzen	ung
Abgänger	ab	Gang
Abgötterei	Abgott	erei
Abhang	ab	Hang
Abheber	abheben	er
Abheberin	Abheber	in
Abhilfe	ab	Hilfe
Abholer	abholen	er
Abholerin	Abholer	in
Abhängigkeit	abhängig	keit
Abhärtung	abhärten	ung
Abhörer	abhören	er
Abhörerin	Abhörer	in
Abisolierzange	abisolieren	Zange
Abiturprüfung	Abitur	Prüfung
Abklatsch	ab	Klatsch
Abklingzeit	abklingen	Zeit
Abklärer	abklären	er
Abkühlgeschwindigkeit	Abkühlen	Geschwindigkeit
Abkürzungszeichen	Abkürzung	s	Zeichen
Abladeplatz	abladen	Platz
Ablader	abladen	er
Ablassbrief	Ablass	Brief
Ablasshandel	Ablass	Handel
Ablassventil	Ablass	Ventil
Ablaufdatum	ablaufen	Datum
Ablaut	ab	Laut
Ablebenswahrscheinlichkeit	Ableben	s	Wahrscheinlichkeit
Ableiter	ableiten	er
Ableitung	ableiten	ung
Ableitungsmorphem	Ableitung	s	Morphem
Ablenkungstaktik	Ablenkung	Taktik
Ablichtung	ablichten	ung
Ablieferungspflicht	Ablieferung	s	Pflicht
Abluft	ab	Luft
Ablösung	ablösen	ung
Abmagerung	abmagern	ung
Abmagerungskur	Abmagerung	s	Kur
Abmahnung	abmahnen	ung
Abmäher	abmähen	er
Abmäherin	Abmäher	in
Abnabelung	abnabeln	ung
Abnabelungsschmerz	Abnabelung	s	Schmerz
Abnehmer	abnehmen	er
Abnutzungskrieg	Abnutzung	s	Krieg
Abolitionismus	Abolition	ismus
Abonnent	abonnieren	ent
Abordnungsgeld	Abordnung	s	Geld
Abort	ab	Ort
Abpfiff	ab	Pfiff
Abputzer	abputzen	er
Abputzerin	Abputzer	in
Abrasionsbeständigkeit	Abrasion	s	Beständigkeit
Abrede	ab	Rede
Abreibung	abreiben	ung
Abreißer	abreißen	er
Abreißerin	Abreißer	in
Abreißkalender	abreißen	Kalender
Abriss	ab	Riss
Abrissbirne	Abriss	Birne
Abrissparty	Abriss	Party
Abruzzen	Abruzzi	en
Abräumer	abräumen	er
Abräumerin	Abräumer	in
Abrüstungskonferenz	Abrüstung	s	Konferenz
Absatz	ab	Satz
Absatzerwartung	Absatz	Erwartung
Absatzmarkt	Absatz	Markt
Absatzspanne	Absatz	Spanne
Absatzstrategie	Absatz	Strategie
Absatztaktik	Absatz	Taktik
Absatzzusage	Absatz	Zusage
Abscheulichkeit	abscheulich	keit
Abschiedsbrief	Abschied	s	Brief
Abschießer	abschießen	er
Abschießerin	Abschießer	in
Abschlag	ab	Schlag
Abschleifer	abschleifen	er
Abschleiferin	Abschleifer	in
Abschleppwagen	abschleppen	Wagen
Abschließer	abschließen	er
Abschließerin	Abschließer	in
Abschluss	ab	Schluss
Abschlussarbeit	Abschluss	Arbeit
Abschlussbericht	Abschluss	Bericht
Abschlussdeich	Abschluss	Deich
Abschlussfeier	Abschluss	Feier
Abschlussphase	Abschluss	Phase
Abschmelzung	abschmelzen	ung
Abschneider	abschneiden	er
Abschneiderin	Abschneider	in
Abschneidung	abschneiden	ung
Abschottung	abschotten	ung
Abschreckung	abschrecken	ung
Abschreckungstheorie	Abschreckung	s	Theorie
Abschreckungswaffe	Abschreckung	s	Waffe
Abschreibung	abschreiben	ung
Abschussrampe	Abschuss	Rampe
Abschweifung	abschweifen	ung
Abschwung	ab	Schwung
Abschwächung	abschwächen	ung
Abschätzung	abschätzen	ung
Abschöpfung	abschöpfen	ung
Abschöpfungsstrategie	Abschöpfung	s	Strategie
Abseiler	abseilen	er
Abseitsfalle	Abseits	Falle
Absender	absenden	er
Absenderin	Absender	in
Absenkung	absenken	ung
Absicherer	absichern	er
Absicherung	absichern	ung
Absicherungsstrategie	Absicherung	s	Strategie
Absichtserklärung	Absicht	s	Erklärung
Absiedlung	absiedeln	ung
Absinthöl	Absinth	Öl
Absolutadjektiv	absolut	Adjektiv
Absolutbetrag	absolut	Betrag
Absolutheit	absolut	heit
Absolutmessung	absolut	Messung
Absolutrechnung	absolut	Rechnung
Absolutzahlung	absolut	Zahlung
Absolventin	Absolvent	in
Abspringer	abspringen	er
Abspritzer	abspritzen	er
Abstammung	abstammen	ung
Abstand	ab	Stand
Abstellfläche	abstellen	Fläche
Abstellkammer	abstellen	Kammer
Abstellraum	abstellen	Raum
Abstieg	ab	Stieg
Abstimmung	abstimmen	ung
Abstimmungsverantwortlicher	Abstimmung	s	Verantwortlicher
Abstimmungsverhalten	Abstimmung	s	Verhalten
Abstrafung	abstrafen	ung
Abstrahlung	ab	Strahlung
Abstreichgitter	abstreichen	Gitter
Abstreitbarkeit	abstreitbar	keit
Absturz	ab	Sturz
Absucher	absuchen	er
Abtei	Abt	ei
Abteikirche	Abtei	Kirche
Abteil	ab	Teil
Abteiltür	Abteil	Tür
Abtragung	abtragen	ung
Abtreibung	abtreiben	ung
Abtreibungsbefürworter	Abtreibung	s	Befürworter
Abtreibungsgegner	Abtreibung	s	Gegner
Abtreibungsklinik	Abtreibung	s	Klinik
Abtrennung	abtrennen	ung
Abtrünnigkeit	abtrünnig	keit
Abtönung	abtönen	ung
Abtönungspartikel	Abtönung	s	Partikel
Abtötung	abtöten	ung
Abwanderer	abwandern	er
Abwanderung	abwandern	ung
Abwasseranlage	Abwasser	Anlage
Abwasserkanal	Abwasser	Kanal
Abwasserreinigung	Abwasser	Reinigung
Abwehrmechanismus	Abwehr	Mechanismus
Abwehrreaktion	Abwehr	Reaktion
Abwehrspieler	Abwehr	Spieler
Abwehrspielerin	Abwehrspieler	in
Abwehrstoff	Abwehr	Stoff
Abweichler	abweichen	ler
Abweichlerin	Abweichler	in
Abweichung	ab	weichen	ung
Abwertung	abwerten	ung
Abwicklung	abwickeln	ung
Abwägung	abwägen	ung
Abwärtstrend	abwärts	Trend
Abwürger	abwürgen	er
Abzeichen	ab	Zeichen
Abzeichner	abzeichnen	er
Abzocker	abzocken	er
Abzockergebühr	Abzocker	Gebühr
Abzockgebühr	abzocken	Gebühr
Abzugsstrategie	Abzug	s	Strategie
Abzweigdose	Abzweig	Dose
Abzweigung	abzweigen	ung
Abzählreim	abzählen	Reim
Abzäuner	abzäunen	er
Abänderer	abändern	er
Acetylgruppe	Acetyl	Gruppe
Acetylsalicylsäure	Acetyl	Salicylsäure
Acetylsäure	Acetyl	Säure
Ach-Laut	ach	Laut
Achatschnecke	Achat	Schnecke
Achenbacher	Achenbach	er
Achenbacherin	Achenbacher	in
Achenpass	Achen	Pass
Achillessehne	Achilles	Sehne
Achselhöhle	Achsel	Höhle
Achselklappe	Achsel	Klappe
Achselstück	Achsel	Stück
Achselzucken	Achsel	zucken
Achsenmacht	Achse	n	Macht
Achssturz	Achse	Sturz
Achtbarkeit	achtbar	keit
Achteck	acht	Ecke
Achtelfinale	Achtel	Finale
Achter	acht	er
Achterbahn	Achter	Bahn
Achterdeck	achter	Deck
Achtflächner	acht	Flächen	er
Achtkampf	acht	Kampf
Achtsamkeit	achtsam	keit
Achtstkeit	achtste	keit
Achttausendstel	acht	tausendstel
Achtundvierzigeck	achtundvierzig	Ecke
Achtungserfolg	Achtung	s	Erfolg
Achtzehneck	achtzehn	Ecke
Achtzigeck	achtzig	Ecke
Achtzigerjahre	achtzig	Jahre
Achtzigtausendstel	achtzig	tausendstel
Acidität	Acid	ität
Acker-Löwenmaul	Acker	Löwenmaul
Acker-Rettich	Acke	Rettich
Ackerbau	Acker	Bau
Ackerbaukunde	Ackerbau	kunde
Ackerboden	Acker	Boden
Ackerland	Acker	Land
Ackermann	Acker	Mann
Ackerschachtelhalm	Acker	Schachtelhalm
Acrylfarbe	Acryl	Farbe
Acrylglas	Acryl	Glas
Ad-hoc-Bildung	ad hoc	Bildung
Adamskostüm	Adam	Kostüm
Addiermaschine	addieren	Maschine
Adelsbezeichnung	Adel	s	Bezeichnung
Adelsgeschlecht	Adel	Geschlecht
Adelsheimer	Adelsheim	er
Adelsheimerin	Adelsheimer	in
Adelsname	Adel	s	Name
Adelung	adeln	ung
Adenauer	Adenau	er
Adenauerin	Adenauer	in
Adenosintriphosphat	Adenosin	Triphosphat
Adjektivierung	adjektivieren	ung
Adler	edel	Aar
Adlerbussard	Adler	Bussard
Adlerfarn	Adler	Farn
Adlerhorst	Adler	Horst
Adlerjunges	Adler	Junges
Adlernest	Adler	Nest
Adlwanger	Adlwang	er
Adlwangerin	Adlwanger	in
Adonisröschen	Adonis	Röschen
Adsorptionskalorimetrie	Adsorption	s	Kalorimetrie
Adventkalender	Advent	Kalender
Adventkranz	Advent	Kranz
Adventskalender	Advent	s	Kalender
Adventskranz	Advent	s	Kranz
Adventszeit	Advent	s	Zeit
Adverbialbestimmung	adverbial	Bestimmung
Adäquatheit	adäquat	heit
Aerobiologie	aero	Biologie
Aerodynamik	aero	Dynamik
Aerogel	aero	Gel
Aerophobie	aero	Phobie
Aerosolbombe	Aerosol	Bombe
Aerosolmassenspektrometrie	Aerosol	Massenspektrometrie
AfDler	AfD	ler
Affenarschloch	Affe	Arschloch
Affenbrotbaum	Affe	n	Brot	Baum
Affenente	Affe	n	Ente
Affenficker	Affen	Ficker
Affengriff	Affe	n	Griff
Affenhorde	Affe	Horde
Affenjacke	Affe	n	Jacke
Affenpinscher	Affe	n	Pinscher
Affenpocken	Affen	Pocken
Africanerin	Africaner	in
Afrikanerin	Afrikaner	in
Afterforscher	after	Forscher
Aftergelehrter	after	Gelehrter
Afterlehen	after	Lehen
Afterphilosoph	after	Philosoph
Afterphilosophie	after	Philosophie
Afterwelt	after	Welt
Afterwissenschaftler	after	Wissenschaftler
Agavendicksaft	Agave	n	dick	Saft
Agentin	Agent	in
Aggregatzustand	Aggregat	Zustand
Agnostikerin	Agnostiker	in
Agrammatismus	ἀγράμματος	ismus
Agrarbiologie	agrar	Biologie
Agrarrohstoff	Agrar	Rohstoff
Agrobiologie	agro	Biologie
Agrochemikalie	agro	Chemikalie
Agronomie	Agro	nomie
Ahndung	ahnden	ung
Ahnengleichheit	Ahnen	Gleichheit
Ahnenpass	Ahn	en	Pass
Ahnenpaß	Ahn	en	Paß
Ahnenschwund	Ahnen	Schwund
Ahnentafel	Ahn	Tafel
Ahnin	Ahne	in
Ahnung	ahnen	ung
Ahornbaum	Ahorn	Baum
Ahornblatt	Ahorn	Blatt
Ahornholz	Ahorn	Holz
Ahrdorfer	Ahrdorf	er
Ahrensburger	Ahrensburg	er
Ahrensburgerin	Ahrensburger	in
Ahrweilerin	Ahrweiler	in
Aiblinger	Aibling	er
Aiblingerin	Aiblinger	in
Aichacherin	Aichacher	in
Ais	A	is
Akademieausgabe	Akademie	Ausgabe
Akademikerin	Akademiker	in
Akklamation	akklamieren	ation
Akkordeonspieler	Akkordeon	Spieler
Akkordeonspielerin	Akkordeon	Spielerin
Akkuschrauber	Akku	Schrauber
Akrobatin	Akrobat	in
Akrolekt	akro	lekt
Akronym	akro	onym
Akrophobie	akro	phobie
Akrozyanose	akro	Zyanose
Aktenkoffer	Akte	n	Koffer
Aktenordner	Akte	Ordner
Aktenschrank	Akte	n	Schrank
Aktentasche	Akte	n	Tasche
Aktenzeichen	Akte	Zeichen
Aktienanlagefonds	Aktienanlage	Fonds
Aktienanteil	Aktie	n	Anteil
Aktienbeteiligung	Aktie	n	Beteiligung
Aktienfonds	Aktien	Fonds
Aktienindex	Aktie	n	Index
Aktienmarkt	Aktie	Markt
Aktienmehrheit	Aktie	n	Mehrheit
Aktienoption	Aktien	Option
Aktiensplit	Aktien	Split
Aktienstimmrecht	Aktie	n	Stimmrecht
Aktienvermögen	Aktie	n	Vermögen
Aktienzusammenlegung	Aktien	Zusammenlegung
Aktionsart	Aktion	s	Art
Aktionspotential	Aktion	s	Potential
Aktionstag	Aktion	s	Tag
Aktionärsstruktur	Aktionär	s	Struktur
Aktivierer	aktivieren	er
Aktivierung	aktivieren	ung
Aktivierungs- und Vermittlungsgutschein	Aktivierungsgutschein	und	Vermittlungsgutschein
Aktivierungsenergie	Aktivierung	s	Energie
Aktivierungsgutschein	Aktivierung	s	Gutschein
Aktivistin	Aktivist	in
Aktivität	aktiv	ität
Aktivkohle	aktiv	Kohle
Aktivposten	aktiv	Posten
Aktualität	aktuell	ität
Akzentuierung	akzentuieren	ung
Alarmanlage	Alarm	Anlage
Alarmglocke	Alarm	Glocke
Alarmglöckchen	Alarmglocke	chen
Alarmismus	Alarm	ismus
Alarmsignal	Alarm	Signal
Alarmstufe	Alarm	Stufe
Alarmzustand	Alarm	Zustand
Alaska-Seelachs	Alaska	Seelachs
Alaunstein	Alaun	Stein
Albaner	Albanien	er
Albanerin	Albaner	in
Albanese	Albanien	ese
Albanologie	Albano	logie
Albanophilie	Albano	philie
Albanophobie	Albano	phobie
Albdruck	Alb	Druck
Albertaner	Alberta	n	er
Albrunpass	Albrun	Pass
Albtraum	Alb	Traum
Albulapass	Albula	Pass
Aldehydgruppe	Aldehyd	Gruppe
Aleppinerin	Aleppiner	in
Alexandrinerin	Alexandriner	in
Algerierin	Algerier	in
Algologie	Alge	ologie
Alibifrau	Alibi	Frau
Alkalihydroxid	Alkali	Hydroxid
Alkalilauge	Alkali	Lauge
Alkalimetall	Alkali	Metall
Alkalimetallsalz	Alkalimetall	Salz
Alkan	alk	an
Alken	alk	en
Alkin	alk	in
Alkoholabhängigkeit	Alkohol	Abhängigkeit
Alkoholgehalt	Alkohol	Gehalt
Alkoholkonsum	Alkohol	Konsum
Alkoholkrankheit	Alkohol	Krankheit
Alkoholmissbrauch	Alkohol	Missbrauch
Alkoholspiegel	Alkohol	Spiegel
Alkoholsucht	Alkohol	Sucht
Alkoholsüchtiger	alkoholsüchtig	er
Alkoholtest	Alkohol	Test
Alkoholvergiftung	Alkohol	Vergiftung
Alkoxygruppe	Alkoxy	Gruppe
Alkylbromid	Alkyl	Bromid
Alkylgruppe	Alkyl	Gruppe
Alleineigentum	allein	Eigentum
Alleinherrschaft	allein	Herrschaft
Alleinherrscher	allein	Herrscher
Alleinschuld	allein	Schuld
Alleinstellungsmerkmal	Alleinstellung	s	Merkmal
Alleinvertretungsanspruch	allein	Vertretung	s	Anspruch
Allergiker	Allergie	iker
Allerweltshure	Allerwelts	Hure
Allerwertester	aller	wertester
Allesmitmacher	alles mitmachen	er
Allgegenwärtigkeit	allgegenwärtig	keit
Allgemeinbefinden	allgemein	Befinden
Allgemeinbildung	allgemein	Bildung
Allgemeinheit	allgemein	heit
Allgemeinsprache	allgemein	Sprache
Allgemeinzustand	allgemein	Zustand
Allgäuerin	Allgäuer	in
Allheilmittel	all	heilen	Mittel
Allheit	all	heit
Allmächtigkeit	allmächtig	keit
Allquantor	all	Quantor
Allradantrieb	alle	Räder	Antrieb
Allseitigkeit	allseitig	keit
Allsympathie	all	Sympathie
Alltag	All	Tag
Alltagsmaske	Alltag	s	Maske
Alltagsrassismus	Alltag	s	Rassismus
Allwetterreifen	all	Wetter	Reifen
Almhütte	Alm	Hütte
Alpdruck	Alp	Druck
Alpenbraunelle	Alpen	Braunelle
Alpenhauptkamm	Alpen	Hauptkamm
Alpenkrähe	Alpen	Krähe
Alpenpass	Alpen	Pass
Alpenrhein	Alpen	Rhein
Alpenscharte	Alpen	Scharte
Alpenschneehuhn	Alpen	Schneehuhn
Alpenstrandläufer	Alpen	Strandläufer
Alpental	Alpen	Tal
Alpenveilchen	Alpen	Veilchen
Alpenverein	Alpen	Verein
Alphabetisierung	alphabetisieren	ung
Alphastrahl	Alpha	Strahl
Alphateilchen	Alpha	Teilchen
Alphorn	Alp	Horn
Alsdorfer	Alsdorf	er
Alslebener	Alsleben	er
Alslebenerin	Alslebener	in
Alsterwasser	Alster	Wasser
Altaraufsatz	Altar	Aufsatz
Altarbild	Altar	Bild
Altarm	alt	Arm
Altarmenisch	alt	Armenisch
Altbayern	alt	Bayern
Altdorfer	Altdorf	er
Alteisen	alt	Eisen
Altenburger	Altenburg	er
Altenfeldener	Altenfelden	er
Altenfeldenerin	Altenfeldener	in
Altenglisch	alt	Englisch
Altenheim	Alte	Heim
Altenkirchener	Altenkirchen	er
Altenkirchenerin	Altenkirchener	in
Altenkircheners	Altenkirchen	er
Alternativhypothese	alternativ	Hypothese
Alternativmedizin	alternativ	Medizin
Altersbeschränkung	Alter	s	Beschränkung
Altersbestimmung	Alter	s	Bestimmung
Altersdemenz	Alter	s	Demenz
Altersdiskriminierung	Alter	s	Diskriminierung
Alterserscheinung	Alter	s	Erscheinung
Altersgrenze	Alter	s	Grenze
Altersgruppe	Alter	s	Gruppe
Altersheim	Alter	s	Heim
Altersmilde	Alter	s	Milde
Alterspräsident	Alter	s	Präsident
Alterspräsidentin	Alterspräsident	in
Alterszahnheilkunde	Alter	s	Zahn	Heilkunde
Altertum	Alter	tum
Altertumskunde	Altertum	s	kunde
Altertumswissenschaft	Altertum	s	Wissenschaft
Altertümelei	altertümeln	ei
Altertümler	altertümeln	er
Alterung	altern	ung
Alterungsfaktor	Alterung	s	Faktor
Altfranzösisch	alt	Französisch
Altfriesisch	alt	Friesisch
Altgeorgisch	alt	Georgisch
Altglas	alt	Glas
Altgriechisch	alt	Griechisch
Altheimerin	Altheimer	in
Althochdeutsch	alt	Hochdeutsch
Altholz	alt	Holz
Altirisch	alt	Irisch
Altisländisch	alt	Isländisch
Altjapanisch	alt	Japanisch
Altkatalanisch	alt	Katalanisch
Altkoreanisch	alt	Koreanisch
Altkunststoff	alt	Kunststoff
Altlast	alt	Last
Altlatein	alt	Latein
Altlateinisch	alt	Lateinisch
Altleininger	Altleiningen	er
Altleiningerin	Altleininger	in
Altmaterial	alt	Material
Altneubau	alt	Neubau
Altniederdeutsch	alt	Niederdeutsch
Altniederfränkisch	alt	Niederfränkisch
Altniederländisch	alt	Niederländisch
Altnorwegisch	alt	Norwegisch
Altostslawisch	alt	Ostslawisch
Altpapier	alt	Papier
Altpartei	alt	Partei
Altpersisch	alt	Persisch
Altportugiesisch	alt	Portugiesisch
Altposaune	Alt	Posaune
Altpreußisch	alt	Preußisch
Altreich	alt	Reich
Altrussisch	alt	Russisch
Altschlüssel	Alt	Schlüssel
Altschwedisch	alt	Schwedisch
Altspanisch	alt	Spanisch
Altstadt	alt	Stadt
Altstimme	Alt	Stimme
Altstoff	alt	Stoff
Altsächsisch	alt	Sächsisch
Altwarenhandel	Altware	n	Handel
Altwarenhändler	Altware	n	Händler
Altwasser	alt	Wasser
Altweibermühle	alt	Weib	er	Mühle
Altweltpapagei	Alte Welt	Papagei
Alublech	Alu	Blech
Alufolie	Alu	Folie
Aluminiumblech	Aluminium	Blech
Aluminiumbromid	Aluminium	Bromid
Aluminiumchlorid	Aluminium	Chlorid
Aluminiumdruckguss	Aluminium	Druckguss
Aluminiumfamilie	Aluminium	Familie
Aluminiumfolie	Aluminium	Folie
Aluminiumgeschirr	Aluminium	Geschirr
Aluminiumgusslegierung	Aluminium	Gusslegierung
Aluminiumherstellung	Aluminium	Herstellung
Aluminiumhydroxid	Aluminium	Hydroxid
Aluminiumindustrie	Aluminium	Industrie
Aluminiumlegierung	Aluminium	Legierung
Aluminiumleichtbau	Aluminium	Leichtbau
Aluminiummetaphosphat	Aluminium	Metaphosphat
Aluminiumnitrid	Aluminium	Nitrid
Aluminiumorthophosphat	Aluminium	Orthophosphat
Aluminiumoxid	Aluminium	Oxid
Aluminiumoxynitrid	Aluminium	Oxynitrid
Aluminiumphosphat	Aluminium	Phosphat
Aluminiumpolyphosphat	Aluminium	Polyphosphat
Aluminiumsalz	Aluminium	Salz
Aluminiumsilikat	Aluminium	Silikat
Aluminiumsulfat	Aluminium	Sulfat
Aluminiumsulfid	Aluminium	Sulfid
Aluminiumtrichlorid	Aluminium	Trichlorid
Aluminiumverhüttung	Aluminium	Verhüttung
Alzeyerin	Alzeyer	in
Alzheimer-Krankheit	Alzheimer	Krankheit
Amalgamfüllung	Amalgam	Füllung
Amateurboxer	Amateur	Boxer
Amateurfunk	Amateur	Funk
Amateurkünstler	Amateur	Künstler
Amateurkünstlerin	Amateurkünstler	in
Amateurmusiker	Amateur	Musiker
Amateurmusikerin	Amateurmusiker	in
Amateursportler	Amateur	Sportler
Ambergerin	Amberger	in
Ameisenbeutler	Ameisen	Beutler
Ameisenbär	Ameise	n	Bär
Ameisenficker	Ameisen	Ficker
Ameisenhaufen	Ameise	n	Haufen
Ameisenhügel	Ameise	n	Hügel
Ameisenigel	Ameise	n	Igel
Ameisenjungfer	Ameise	n	Jungfer
Ameisenjäger	Ameise	n	Jäger
Ameisenkönigin	Ameise	n	Königin
Ameisenlöwe	Ameise	n	Löwe
Ameisenstaat	Ameise	n	Staat
Ameisensäure	Ameise	n	Säure
Ameisenwürger	Ameise	n	Würger
Amelinghausenerin	Amelinghausener	in
Amerikafeindlichkeit	Amerika	Feindlichkeit
Amerikaner	Amerika	er
Amethysttäubling	Amethyst	Täubling
Aminogruppe	amino	Gruppe
Aminosäure	Amino	Säure
Ammenmärchen	Amme	n	Märchen
Ammensprache	Amme	n	Sprache
Ammoniaklösung	Ammoniak	Lösung
Ammoniaksynthese	Ammoniak	Synthese
Ammoniakwasser	Ammoniak	Wasser
Ammoniumcarbonat	Ammonium	Carbonat
Ammoniumchlorid	Ammonium	Chlorid
Ammoniumdichromat	Ammonium	Dichromat
Ammoniummolybdat	Ammonium	Molybdat
Ammoniummolybdophosphat	Ammonium	Molybdophosphat
Ammoniumnitrat	Ammonium	Nitrat
Ammoniumnitrit	Ammonium	Nitrit
Ammoniumpolyvanadat	Ammonium	Polyvanadat
Ammoniumsalz	Ammonium	Salz
Ammoniumsulfat	Ammonium	Sulfat
Ammoniumverbindung	Ammonium	Verbindung
Amoklauf	Amok	Lauf
Ampelfrau	Ampel	Frau
Ampelkoalition	Ampel	Koalition
Ampelmann	Ampel	Mann
Ampelmännchen	Ampel	Männchen
Amperewindung	Ampere	Windung
Amphibienfahrzeug	Amphibien	Fahrzeug
Amputiertenfußball	Amputierter	en	Fußball
Amsterdamerin	Amsterdamer	in
Amtmann	Amt	Mann
Amtsbezeichnung	Amt	s	Bezeichnung
Amtsdauergrenze	Amtsdauer	Grenze
Amtsdeutsch	Amt	s	Deutsch
Amtseid	Amt	s	Eid
Amtsenthebungsverfahren	Amtsenthebung	s	Verfahren
Amtsgericht	Amt	s	Gericht
Amtsinhaberin	Amtsinhaber	in
Amtskollegin	Amtskollege	in
Amtsniederlegung	Amt	s	Niederlegung
Amtssprache	Amt	s	Sprache
Amtsstube	Amt	s	Stube
Amtstitel	Amt	s	Titel
Amtsträger	Amt	s	Träger
Amurleopard	Amur	Leopard
Amylacetat	Amylalkohol	Acetat
Amylalkohol	Amyl	Alkohol
Anabolikum	anabol	ikum
Analogiebildung	Analogie	bildung
Analoguhr	analog	Uhr
Analphabetismus	Analphabet	ismus
Analratte	anal	Ratte
Analritter	anal	Ritter
Analysemethode	Analyse	Methode
Analysetool	Analyse	tool
Anamneseerhebung	Anamnese	Erhebung
Ananassaft	Ananas	Saft
Anarchistin	Anarchist	in
Anbeter	anbeten	er
Anbeterin	Anbeter	in
Anbetung	anbeten	ung
Anbieter	anbieten	er
Andenkondor	Anden	Kondor
Andorfer	Andorf	er
Andorranerin	Andorraner	in
Andreasberger	Andreasberg	er
Andreasbergerin	Andreasberger	in
Andächtigkeit	andächtig	keit
Aneignung	aneignen	ung
Anfachung	anfachen	ung
Anfechtung	anfechten	ung
Anforderer	anfordern	er
Anforderin	Anforderer	in
Anforderung	anfordern	ung
Anfreundung	anfreunden	ung
Anfälligkeit	anfällig	keit
Anfänger	anfangen	er
Anfängerglück	Anfänger	Glück
Anfängerin	Anfänger	in
Anführer	anführen	er
Anführerin	Anführer	in
Angabe	an	Gabe
Angeber	angeben	er
Angeberei	angeben	erei
Angebot und Nachfrage	Angebot	und	Nachfrage
Angebotsknappheit	Angebot	s	Knappheit
Angebotsüberhang	Angebot	s	Überhang
Angehörigkeit	angehörig	keit
Angelegenheit	angelegen	heit
Angelhaken	Angel	Haken
Angeliter	Angeln	iter
Angelpunkt	Angel	Punkt
Angelrute	Angel	Rute
Angelsachse	Angel	Sachse
Angelzapfen	Angel	Zapfen
Angerberger	Angerberg	er
Angerbergerin	Angerberger	in
Anglerfisch	Angler	Fisch
Anglikanerin	Anglikaner	in
Anglistik	Anglist	ik
Anglo-Friesisch	anglo	Friesisch
Angloamerikaner	Angloamerika	n	er
Angloamerikanerin	Angloamerikaner	in
Angorakaninchen	Angora	Kaninchen
Angorawolle	Angora	Wolle
Angreifer	angreifen	er
Angreiferin	Angreifer	in
Angriffsfläche	Angriff	s	Fläche
Angriffsspielerin	Angriffsspieler	in
Angsthase	Angst	Hase
Angstneurose	Angst	Neurose
Angstschweiß	Angst	Schweiß
Angststörung	Angst	Störung
Angstzustand	Angst	Zustand
Anhaftung	anhaften	ung
Anhalter	anhalten	er
Anhalterin	Anhalter	in
Anheber	anheben	er
Anhebung	anheben	ung
Anhängerkupplung	Anhänger	Kupplung
Anhänglichkeit	anhänglich	keit
Anhängsel	anhängen	sel
Anhäufung	anhäufen	ung
Anilingelb	Anilin	Gelb
Anissamen	Anis	Samen
Ankeraktionär	Anker	Aktionär
Ankerhemmung	Anker	Hemmung
Ankerkind	Anker	s	Kind
Ankerplatz	ankern	Platz
Ankersplint	Anker	Splint
Anklang	an	Klang
Ankläger	anklagen	er
Ankunftstafel	Ankunft	s	Tafel
Ankurbelung	ankurbeln	ung
Ankömmling	ankommen	ling
Ankündiger	ankündigen	er
Ankündigung	ankündigen	ung
Anlagebetrüger	Anlage	Betrüger
Anlagebetrügerin	Anlagebetrüger	in
Anlagedeckungsgrad	Anlage	Deckungsgrad
Anlagehorizont	Anlage	Horizont
Anlagenbau	Anlage	n	Bau
Anlagenverwaltung	Anlage	n	Verwaltung
Anlageparameter	Anlage	Parameter
Anlageprodukt	Anlage	Produkt
Anlagevolumen	Anlage	Volumen
Anlagezeitraum	Anlage	Zeitraum
Anlaufstelle	anlaufen	Stelle
Anlaut	an	Laut
Anlegergeld	Anleger	Geld
Anlegestelle	anlegen	e	Stelle
Anlehnung	anlehnen	ung
Anleihe	an	leihen
Anleihefonds	Anleihen	Fonds
Anleihegläubiger	Anleihe	Gläubiger
Anleihenanteil	Anleihe	n	Anteil
Anleiter	anleiten	er
Anleitung	anleiten	ung
Anlieger	anliegen	er
Anliegerin	Anlieger	in
Anmachspruch	Anmache	Spruch
Anmerkungsapparat	Anmerkung	s	Apparat
Anmutung	anmuten	ung
Annabergerin	Annaberger	in
Annalena	Anna	Lena
Annehmlichkeit	annehmlich	keit
Annullierung	annullieren	ung
Annweilerin	Annweiler	in
Annäherung	annähern	ung
Anonymisierung	anonymisieren	ung
Anpfiff	an	Pfiff
Anprangerung	anprangern	ung
Anrainer	an	Rain	er
Anreicherung	anreichern	ung
Anreiz	an	reizen
Anreizsystem	Anreiz	System
Anrufer	anrufen	er
Anruferin	Anrufer	in
Anrufung	anrufen	ung
Ansammlung	ansammeln	ung
Ansatz	an	Satz
Anschaffung	anschaffen	ung
Anschauung	anschauen	ung
Anscheißer	anscheißen	er
Anschießer	anschießen	er
Anschleicher	anschleichen	er
Anschließer	anschließen	er
Anschließerin	Anschließer	in
Anschlussfinanzierung	Anschluss	Finanzierung
Anschlusstor	Anschluss	Tor
Anschnallgurt	anschnallen	Gurt
Anschubfinanzierung	Anschub	Finanzierung
Anschuldigung	anschuldigen	ung
Anschwärzer	anschwärzen	er
Ansicht	an	Sicht
Ansichtskarte	Ansicht	s	Karte
Ansichtssache	Ansicht	s	Sache
Ansiedler	ansiedeln	er
Ansiedlung	ansiedeln	ung
Anspannung	anspannen	ung
Ansporner	anspornen	er
Anspruchsberühmer	sich eines Anspruches berühmen	er
Anstachler	anstacheln	er
Anstandsdame	Anstand	s	Dame
Anstandsrest	Anstand	s	Rest
Ansteckung	anstecken	ung
Ansteckungsausbreitung	Ansteckung	s	Ausbreitung
Ansteckungsgebiet	Ansteckung	s	Gebiet
Anstellung	anstellen	ung
Anstifter	anstiften	er
Anstiftung	anstiften	ung
Anstrichfarbe	Anstrich	Farbe
Anstrichstoff	Anstrich	Stoff
Ansturm	an	Sturm
Anständigkeit	anständig	keit
Ansucher	ansuchen	er
Anteil	an	Teil
Anteilseigner	Anteil	s	Eigner
Anteilseignerstruktur	Anteilseigner	s	Struktur
Anteilsverhältnis	Anteil	s	Verhältnis
Anteilveräußerung	Anteil	Veräußerung
Anthropologe	Anthropologie	e
Anthropomorphisierung	anthropomorphisieren	ung
Anthropozentrismus	anthropozentrisch	ismus
Anti-Antifa	anti	Antifa
Antibabypille	anti	Baby	Pille
Antibiotikaresistenz	Antibiotikum	Resistenz
Antibiotikatherapie	Antibiotikum	Therapie
Antifant	Antifa	ant
Antigen	anti	gen
Antiguanerin	Antiguaner	in
Antiheld	anti	Held
Antihistaminikum	anti	Histamin	ikum
Antik-Uhr	antik	Uhr
Antiklopfmittel	Antiklopf	Mittel
Antikörper	anti	Körper
Antimonerz	Antimon	Erz
Antimonfluorid	Antimon	Fluorid
Antimonhydrid	Antimon	Hydrid
Antimonpentafluorid	Antimon	Pentafluorid
Antimonpentaoxid	Antimon	Pentoxid
Antimonpentasulfid	Antimon	Pentasulfid
Antimonsalz	Antimon	Salz
Antimontetroxid	Antimon	Tetroxid
Antimontrioxid	Antimon	Trioxid
Antimontrisulfid	Antimon	Trisulfid
Antimonverbindung	Antimon	Verbindung
Antimonvergiftung	Antimon	Vergiftung
Antiquark	anti	Quark
Antiquitätenmesse	Antiquität	en	Messe
Antiteilchen	anti	Teilchen
Antonymie	Antonym	ie
Antragsrückgabe	Antrag	s	Rückgabe
Antragsteller	Antrag	Steller
Antragstellung	Antrag	Stellung
Antriebslosigkeit	antriebslos	igkeit
Antriebswelle	Antrieb	s	Welle
Antwerpener	Antwerpen	er
Antwerpenerin	Antwerpener	in
Anwartschaftsrecht	Anwartschaft	s	Recht
Anwendbarkeit	anwendbar	keit
Anwenderin	Anwender	in
Anwendungsentwicklung	Anwendung	s	Entwicklung
Anwendungsgebiet	Anwendung	s	Gebiet
Anwendungsmöglichkeit	Anwendung	s	Möglichkeit
Anwendungsspektrum	Anwendung	s	Spektrum
Anwerbung	anwerben	ung
Anwesenheit	anwesend	heit
Anwohner	an	wohnen	er
Anwohnerin	Anwohner	in
Anwohnerparkplatz	Anwohner	Parkplatz
Anwältin	Anwalt	in
Anwärter	anwarten	er
Anzahl	an	Zahl
Anzahlung	anzahlen	ung
Anzeigenkampagne	Anzeige	n	Kampagne
Anzeigensparte	Anzeige	n	Sparte
Anzeigetafel	anzeigen	Tafel
Anziehsachen	anziehen	Sachen
Anzug	an	Zug
Anzünder	anzünden	er
Aortenbogen	Aorten	Bogen
Aostatal	Aosta	Tal
Apartheidpolitik	Apartheid	Politik
Apartheit	apart	heit
Apfelauflauf	Apfel	Auflauf
Apfelbaum	Apfel	Baum
Apfelblüte	Apfel	Blüte
Apfelbäckchen	Apfel	Bäckchen
Apfelentkerner	Apfel	Entkerner
Apfelfrucht	Apfel	Frucht
Apfelkern	Apfel	Kern
Apfelkorn	Apfel	Korn
Apfelkuchen	Apfel	Kuchen
Apfelminze	Apfel	Minze
Apfelpfannkuchen	Apfel	Pfannkuchen
Apfelsaft	Apfel	Saft
Apfelschnecke	Apfel	Schnecke
Apfelsinchen	Apfelsine	chen
Apfelsinenbaum	Apfelsine	n	Baum
Apfelsinenplantage	Apfelsine	n	Plantage
Apfelsinensaft	Apfelsine	n	Saft
Apfelstreusel	Apfel	Streusel
Aphasiker	Aphasie	iker
Apostatin	Apostat	in
Apostelgeschichte	Apostel	Geschichte
Apostelgleichheit	apostelgleich	heit
Apostrophierung	apostrophieren	ung
Appellationsgericht	Appellation	s	Gericht
Appellfunktion	Appell	Funktion
Appenzeller	Appenzell	er
Appetitlosigkeit	appetitlos	igkeit
Applaudeur	applaudieren	eur
Applaudierer	applaudieren	er
Applausklatscher	Applaus klatschen	er
Apportierhund	apportieren	Hund
Aprikosenkonfitüre	Aprikose	n	Konfitüre
Aprikosensaft	Aprikose	n	Saft
Aprikosenstein	Aprikose	n	Stein
Aprilscherz	April	Scherz
Aquakultur	aqua	Kultur
Araberin	Araber	in
Arachidonsäure	Arachis	on	Säure
Arasittich	Ara	Sittich
Arbeiterbewegung	Arbeiter	Bewegung
Arbeiterin	Arbeiter	in
Arbeiterklasse	Arbeiter	Klasse
Arbeiterpartei	Arbeiter	Partei
Arbeitgeberin	Arbeitgeber	in
Arbeitsablauf	Arbeit	s	Ablauf
Arbeitsamkeit	arbeitsam	keit
Arbeitsamt	Arbeit	s	Amt
Arbeitsaufwand	Arbeit	s	Aufwand
Arbeitsbericht	Arbeit	s	Bericht
Arbeitsbeschaffung	Arbeit	s	Beschaffung
Arbeitsbeschaffungsmaßnahme	Arbeitsbeschaffung	s	Maßnahme
Arbeitsbuch	Arbeit	s	Buch
Arbeitsdienst	Arbeit	s	Dienst
Arbeitsdienstpflicht	Arbeitsdienst	Pflicht
Arbeitsfeld	Arbeit	s	Feld
Arbeitsgemeinschaft	Arbeit	Gemeinschaft
Arbeitsgruppe	Arbeit	s	Gruppe
Arbeitskampf	Arbeit	s	Kampf
Arbeitskraft	Arbeit	s	Kraft
Arbeitskreis	Arbeit	s	Kreis
Arbeitslager	Arbeit	s	Lager
Arbeitsleistung	Arbeit	s	Leistung
Arbeitslohn	Arbeit	s	Lohn
Arbeitslosengeld	Arbeitsloser	Geld
Arbeitslosenquote	Arbeitsloser	n	Quote
Arbeitslosigkeit	arbeitslos	igkeit
Arbeitsmann	Arbeit	s	Mann
Arbeitsministerium	Arbeit	s	Ministerium
Arbeitsmöglichkeit	Arbeit	s	Möglichkeit
Arbeitsniederlegung	Arbeit	s	Niederlegung
Arbeitspass	Arbeit	s	Pass
Arbeitspensum	Arbeit	s	Pensum
Arbeitsplatz	Arbeit	s	Platz
Arbeitsplatzabbau	Wirtschaft	s	Zyklus
Arbeitsplatzwechselverordnung	Arbeitsplatz	Wechsel	Verordnung
Arbeitsrecht	Arbeit	s	Recht
Arbeitsschutz	Arbeit	s	Schutz
Arbeitsschutzmaßnahme	Arbeit	s	Schutzmaßnahme
Arbeitsstelle	Arbeit	s	Stelle
Arbeitstag	Arbeit	s	Tag
Arbeitstisch	Arbeit	s	Tisch
Arbeitsunfähigkeit	Arbeit	s	Unfähigkeit
Arbeitsvermittler	Arbeit	s	Vermittler
Arbeitsvermittlung	Arbeit	s	Vermittlung
Arbeitsvermögen	Arbeit	s	Vermögen
Arbeitsverwaltung	Arbeit	s	Verwaltung
Arbeitsverweigerung	Arbeit	s	Verweigerung
Arbeitszeit	Arbeit	s	Zeit
Arbeitszeug	Arbeit	s	Zeug
Arbeitszimmer	Arbeit	s	Zimmer
Archimedes-Konstante	Archimedes	Konstante
Architektin	Architekt	in
Architektonik	architektonisch	ik
Architekturmuster	Architektur	Muster
Archivarin	Archivar	in
Arenberger	Arenberg	er
Arenbergerin	Arenberger	in
Argentinierin	Argentinier	in
Arglistigkeit	arglistig	keit
Arglosigkeit	arglos	igkeit
Argonfluorohydrid	Argon	Fluorohydrid
Argonverbindung	Argon	Verbindung
Argusauge	Argus	Auge
Ariadnefaden	Ariadne	Faden
Arisch	Arier	isch
Aristaglied	Arista	Glied
Aristotelismus	Aristoteles	ismus
Arkadenhof	Arkade	n	Hof
Armband	Arm	Band
Armbanduhr	Armband	Uhr
Armbinde	Arm	Binde
Armbruch	Arm	Bruch
Armbrust	Arm	Brust
Armbrustschütze	Armbrust	Schütze
Armeisen	Arm	Eisen
Armgelenk	Arm	Gelenk
Armierung	armieren	ung
Armlehne	Arm	lehnen
Armleuchter	Arm	Leuchter
Armreif	Arm	Reif
Armsessel	Arm	Sessel
Armutsgesellschaft	Armut	s	Gesellschaft
Arnoldsteiner	Arnoldstein	er
Arnoldsteinerin	Arnoldsteiner	in
Arnoldsweilerin	Arnoldsweiler	in
Arnsberger	Arnsberg	er
Arnsbergerin	Arnsberger	in
Arnsteiner	Arnstein	er
Arnsteinerin	Arnsteiner	in
Arnstädter	Arnstadt	er
Arnstädterin	Arnstädter	in
Arnulf	arn	wulf
Aromastoff	Aroma	Stoff
Arschbacke	Arsch	Backe
Arschbombe	Arsch	Bombe
Arschficker	Arsch	Ficker
Arschgeige	Arsch	Geige
Arschgeweih	Arsch	Geweih
Arschlecker	Arsch	Lecker
Arschloch	Arsch	Loch
Arschlochficker	Arschloch	Ficker
Arschrakete	Arsch	Rakete
Arschritze	Arsch	Ritze
Arsengehalt	Arsen	Gehalt
Arsenikesser	Arsenik	Esser
Arsenkies	Arsen	Kies
Arsenmineral	Arsen	Mineral
Arsenpentafluorid	Arsen	Pentafluorid
Arsensäure	Arsen	Säure
Artenreichtum	Arten	Reichtum
Artenvielfalt	Art	Vielfalt
Artenzahl	Art	en	Zahl
Artepithet	Art	Epitheton
Artgenosse	Art	Genosse
Artikelanfang	Artikel	Anfang
Artikelbeginn	Artikel	Beginn
Artikelende	Artikel	Ende
Artikelreihe	Artikel	Reihe
Artikelschluss	Artikel	Schluss
Artikelzeile	Artikel	Zeile
Artikulationsart	Artikulation	s	Art
Artikulationsort	Artikulation	s	Ort
Artikulationsstelle	Artikulation	s	Stelle
Artillerieortungsradar	Artillerie	Ortung	s	Radar
Arylhalogenid	Aryl	Halogenid
Arzneibuch	Arznei	Buch
Arzneimittel	Arznei	Mittel
Arzneimittelbehörde	Arzneimittel	Behörde
Arzneimittelgesetz	Arzneimittel	Gesetz
Arzneistoff	Arznei	Stoff
Arztbericht	Arzt	Bericht
Arztbrief	Arzt	Brief
Arzthelfer	Arzt	Helfer
Arzthelferin	Arzthelfer	in
Arztkittel	Arzt	Kittel
Arztkoffer	Arzt	Koffer
Arztserie	Arzt	Serie
Arzttermin	Arzt	Termin
As	A	es
Aschaffenburger	Aschaffenburg	er
Aschaffenburgerin	Aschaffenburger	in
Aschermittwoch	Asche	Mittwoch
Ascherslebener	Aschersleben	er
Ascherslebenerin	Ascherslebener	in
Aschewolke	Asche	Wolke
Ascospore	asco	Spore
Aserbaidschaner	Aserbaidschan	er
Aserbaidschanerin	Aserbaidschaner	in
Asexualität	a	Sexualität
Asparaginsäure	Asparagin	Säure
Asperger	Asperg	er
Asperger-Syndrom	Asperger	Syndrom
Asphaltstraße	Asphalt	Straße
Asseljäger	Assel	Jäger
Asselspinne	Assel	Spinne
Assemblersprache	Assembler	Sprache
Assistentin	Assistent	in
Assistenzsystem	Assistenz	System
Asthmatiker	asthmatisch	iker
Asthmatikerin	Asthmatiker	in
Astigmatismus	astigmatisch	ismus
Astloch	Ast	Loch
Astrobiologie	astro	Biologie
Astrogeologie	astro	Geologie
Astrologie	astro	logie
Astronautik	astronautisch	ik
Astronomin	Astronom	in
Astwerk	Ast	Werk
Asylant	Asyl	ant
Asylrecht	Asyl	Recht
Asylstadt	Asyl	Stadt
Asylverfahren	Asyl	Verfahren
Asymmetrie	a	Symmetrie
At-Zeichen	at	Zeichen
Atembeschwerde	Atem	Beschwerde
Atemfrequenz	Atem	Frequenz
Atemgas	Atem	Gas
Atemgerät	Atem	Gerät
Atemgeräusch	Atem	Geräusch
Atemhilfsmuskulatur	Atem	Hilfe	s	Muskulatur
Atemluft	Atem	Luft
Atemlähmung	Atem	Lähmung
Atemmuster	Atem	Muster
Atemnot	Atem	Not
Atemnotbeschwerden	Atemnot	Beschwerden
Atemrhythmus	Atem	Rhythmus
Atemstillstand	Atem	Stillstand
Atemweg	Atem	Weg
Atemwegserkrankung	Atemweg	s	Erkrankung
Atemwegsobstruktion	Atemweg	s	Obstruktion
Atemwegsverengung	Atemweg	s	Verengung
Atemwegsverlegung	Atemweg	s	Verlegung
Athener	Athen	er
Atlantik-Bastardschildkröte	Atlantik	Bastardschildkröte
Atlantikerin	Atlantiker	in
Atlasgebirge	Atlas	Gebirge
Atmungskette	Atmung	Kette
Atom-Jagd-U-Boot	Atom	Jagd-U-Boot
Atom-U-Boot	Atom	U-Boot
Atom-Unterseeboot	Atom	Unterseeboot
Atomabkommen	Atom	Abkommen
Atomabstand	Atom	Abstand
Atomangriff	Atom	Angriff
Atombombe	Atom	Bombe
Atombunker	Atom	Bunker
Atomenergie	Atom	Energie
Atomgewicht	Atom	Gewicht
Atomkern	Atom	Kern
Atomkraft	Atom	Kraft
Atomkrieg	Atom	Krieg
Atommasse	Atom	Masse
Atommodell	Atom	Modell
Atommüll	Atom	Müll
Atommülllager	Atommüll	Lager
Atomorbital	Atom	Orbital
Atomphysiker	Atomphysik	er
Atompilz	Atom	Pilz
Atomsprengkopf	Atom	Sprengkopf
Atomstrom	Atom	Strom
Atomtheorie	Atom	Theorie
Atomuhr	Atom	Uhr
Atomunterseeboot	Atom	Unterseeboot
Atomwaffe	Atom	Waffe
Atomwaffentest	Atomwaffe	Test
Atriumhaus	Atrium	Haus
Attentäter	Attentat	er
Attentäterin	Attentäter	in
Audiobuch	Audio	Buch
Auerbach	Aue	Bach
Auerbacher	Auerbach	er
Auerbacherin	Auerbacher	in
Auerhuhn	*urzô	*hōną
Auf der Maur	auf	der	Maur
Aufarbeitung	aufarbeiten	ung
Aufbauphase	Aufbau	Phase
Aufbauscherin	Aufbauscher	in
Aufbereitung	aufbereiten	ung
Aufbieter	aufbieten	er
Aufbietung	aufbieten	ung
Aufblasbarkeit	aufblasbar	keit
Aufblaser	aufblasen	er
Aufblendlicht	aufblenden	Licht
Aufblähung	aufblähen	ung
Aufenthaltsbestimmungsrecht	Aufenthalt	s	Bestimmung	s	Recht
Aufenthaltsdauer	Aufenthalt	s	Dauer
Aufenthaltserlaubnis	Aufenthalt	s	Erlaubnis
Aufenthaltsgenehmigung	Aufenthalt	Genehmigung
Aufenthaltsmöglichkeit	Aufenthalt	s	Möglichkeit
Aufenthaltsraum	Aufenthalt	s	Raum
Aufenthaltstitel	Aufenthalt	Titel
Aufenthaltswahrscheinlichkeit	Aufenthalt	Wahrscheinlichkeit
Auferstehung	auferstehen	ung
Auffanggurt	auffangen	Gurt
Auffangnetz	auffangen	Netz
Auffassung	auffassen	ung
Auffassungsgabe	Auffassung	s	Gabe
Aufforderer	auffordern	er
Aufforderung	auffordern	ung
Auffälligkeit	auffällig	keit
Aufführung	aufführen	ung
Aufgabenbuch	Aufgabe	n	Buch
Aufgabenverteilung	Aufgaben	Verteilung
Aufgabenübertragungsgesetz	Aufgaben	Übertragung	s	Gesetz
Aufgeblähtheit	aufgebläht	heit
Aufgedunsenheit	aufgedunsen	heit
Aufgeher	aufgehen	er
Aufheber	aufheben	er
Aufheizung	aufheizen	ung
Aufholer	aufholen	er
Aufkleber	aufkleben	er
Aufklärungsdrohne	Aufklärung	s	Drohne
Aufklärungsflugzeug	Aufklärung	s	Flugzeug
Aufkündiger	aufkündigen	er
Auflader	aufladen	er
Aufladung	aufladen	ung
Auflistung	auflisten	ung
Auflösungszeichen	Auflösung	s	Zeichen
Aufmacher	aufmachen	er
Aufmerksamkeit	aufmerksam	keit
Aufmerksamkeitsdefizit	Aufmerksamkeit	s	Defizit
Aufmerksamkeitsdefizit-Hyperaktivitätsstörung	Aufmerksamkeit	s	Defizit	Hyperaktivität	s	Störung
Aufmerksamkeitsdefizitsyndrom	Aufmerksamkeitsdefizit	Syndrom
Aufmerksamkeitsspanne	Aufmerksamkeit	s	Spanne
Aufnahmegespräch	Aufnahme	Gespräch
Aufopferung	aufopfern	ung
Aufputz	auf	Putz
Aufrechterhaltung	aufrechterhalten	ung
Aufrichtigkeit	aufrichtig	keit
Aufrührer	Aufruhr	er
Aufrührerin	Aufrührer	in
Aufrüstung	aufrüsten	ung
Aufschieberitis	Aufschieber	itis
Aufschießer	aufschießen	er
Aufschließer	aufschließen	er
Aufschließerin	Aufschließer	in
Aufschneider	aufschneiden	er
Aufschnittgabel	Aufschnitt	Gabel
Aufschnittmesser	Aufschnitt	Messer
Aufschnittplatte	Aufschnitt	Platte
Aufschrift	auf	Schrift
Aufseherin	Aufseher	in
Aufsichtsbehörde	Aufsicht	s	Behörde
Aufsichtspflicht	Aufsicht	s	Pflicht
Aufsichtsrat	Aufsicht	Rat
Aufsitzerpflanze	Aufsitzer	Pflanze
Aufspaltung	aufspalten	ung
Aufstand	auf	Stand
Aufsteiger	aufsteigen	er
Aufstellung	aufstellen	ung
Aufsucher	aufsuchen	er
Aufsässigkeit	aufsässig	keit
Auftraggeber	Auftrag	Geber
Auftragsarbeit	Auftrag	s	Arbeit
Auftragsbestätigung	Auftrag	s	Bestätigung
Auftragslage	Auftrag	s	Lage
Auftragsmord	Auftrag	s	Mord
Auftragsmörder	Auftrag	s	Mörder
Auftragsmörderin	Auftrag	s	Mörderin
Auftragsreichweite	Auftrag	s	Reichweite
Auftragsstornierung	Auftrag	s	Stornierung
Auftragsverarbeiter	Auftrag	verarbeiten	er
Auftriebskraft	Auftrieb	s	Kraft
Aufwachraum	aufwachen	Raum
Aufwartung	aufwarten	ung
Aufweichung	aufweichen	ung
Aufwertung	aufwerten	ung
Aufwärmzeit	aufwärmen	Zeit
Aufwärtstrend	aufwärts	Trend
Aufzeichner	aufzeichnen	er
Aufzeichnung	aufzeichnen	ung
Aufzeichnungsgerät	Aufzeichnung	s	Gerät
Aufzählerin	Aufzähler	in
Aufzählung	aufzählen	ung
Aufzählungszeichen	Aufzählung	s	Zeichen
Augapfel	Auge	Apfel
Augenauswischerei	Augen	auswischen	erei
Augenbelastung	Auge	n	Belastung
Augenblicksbildung	Augenblick	s	Bildung
Augenbraue	Auge	n	Braue
Augenentzündung	Auge	n	Entzündung
Augenfalter	Auge	n	Falter
Augenheilkunde	Auge	n	Heilkunde
Augeninnendruck	Augen	Innendruck
Augenklappe	Auge	n	Klappe
Augenkontakt	Auge	n	Kontakt
Augenkrebs	Auge	n	Krebs
Augenlid	Auge	Lid
Augenmaß	Auge	n	Maß
Augenmerk	Auge	merken
Augenralle	Auge	Ralle
Augenreim	Auge	n	Reim
Augenschmaus	Auge	n	Schmaus
Augenspüleinrichtung	Auge	spülen	Einrichtung
Augentrost	Auge	n	Trost
Augentyp	Auge	n	Typ
Augenweide	Auge	Weide
Augenwinkel	Auge	n	Winkel
Augenzwinkern	Auge	n	Zwinkern
Augiasstall	Augias	Stall
Augsburger	Augsburg	er
Augsburgerin	Augsburger	in
Auktionsverfahren	Auktion	s	Verfahren
Aulendorferin	Aulendorfer	in
Ausatmung	ausatmen	ung
Ausbau	aus	Bau
Ausbaudialekt	Ausbau	Dialekt
Ausbausprache	Ausbau	Sprache
Ausbeuter	ausbeuten	er
Ausbeuterei	Ausbeuter	ei
Ausbeutung	ausbeuten	ung
Ausbilder	ausbilden	er
Ausbilderin	Ausbilder	in
Ausbildung	aus	Bildung
Ausbildungsabbrecher	Ausbildung	s	Abbrecher
Ausbildungsplatz	Ausbildung	s	Platz
Ausbildungszeit	Ausbildung	s	Zeit
Ausbrecher	ausbrechen	er
Ausbrecherin	Ausbrecher	in
Ausbrecherkönig	Ausbrecher	König
Ausbreitung	ausbreiten	ung
Ausbruch	aus	Bruch
Ausbuchtung	ausbuchten	ung
Ausdehnung	ausdehnen	ung
Ausdrucksfunktion	Ausdruck	Funktion
Ausdruckspartikel	Ausdruck	s	Partikel
Ausdrucksweise	Ausdruck	Weise
Ausdrücker	ausdrücken	er
Ausdrückerin	Ausdrücker	in
Auseinandersetzung	auseinandersetzen	ung
Ausfall	aus	Fall
Ausfallereignis	Ausfall	Ereignis
Ausfallrisiko	Ausfall	Risiko
Ausfallserscheinung	Ausfall	s	Erscheinung
Ausfallstraße	Ausfall	Straße
Ausfallwahrscheinlichkeit	Ausfall	Wahrscheinlichkeit
Ausfertigung	ausfertigen	ung
Ausflucht	aus	Flucht
Ausfrager	ausfragen	er
Ausfragerin	Ausfrager	in
Ausfuhrbescheinigung	Ausfuhr	Bescheinigung
Ausfuhrschein	Ausfuhr	Schein
Ausfuhrzettel	Ausfuhr	Zettel
Ausfällung	ausfällen	ung
Ausführung	ausführen	ung
Ausführungskurs	Ausführung	s	Kurs
Ausführungsverzögerung	Ausführung	s	Verzögerung
Ausgang	aus	Gang
Ausgangslage	Ausgang	s	Lage
Ausgangsmaterial	Ausgang	s	Material
Ausgangspunkt	Ausgang	s	Punkt
Ausgangsstoff	Ausgang	s	Stoff
Ausgangstür	Ausgang	s	Tür
Ausgeher	ausgehen	er
Ausgestaltung	aus	Gestaltung
Ausgestoßene	ausgestoßen	e
Ausgleichsmandat	Ausgleich	s	Mandat
Ausgleichsspaziergang	Ausgleich	s	Spaziergang
Ausgleichssprache	Ausgleich	s	Sprache
Ausgleichszahlung	Ausgleich	s	Zahlung
Ausheber	ausheben	er
Ausheberin	Ausheber	in
Aushelfer	aushelfen	er
Aushelferin	Aushelfer	in
Aushilfe	aus	Hilfe
Aushub	aus	Hub
Aushängeschild	aushängen	Schild
Auskundschafter	auskundschaften	er
Auskunft	aus	kunft
Auskunftei	Auskunft	ei
Auskunftsrecht	Auskunft	s	Recht
Auslader	ausladen	er
Ausladung	ausladen	ung
Auslagerer	auslagern	er
Auslagerung	auslagern	ung
Auslandsdeutscher	Ausland	s	Deutscher
Auslandskaufkraft	Ausland	s	Kaufkraft
Auslassung	auslassen	ung
Auslassungszeichen	Auslassung	s	Zeichen
Auslassventil	Auslass	Ventil
Auslaufmodell	auslaufen	Modell
Auslaugung	auslaugen	ung
Auslaut	aus	Laut
Auslautgesetz	Auslaut	Gesetz
Ausleger	auslegen	er
Auslese	aus	Lese
Auslieferung	ausliefern	ung
Auslinie	Aus	Linie
Auslosung	auslosen	ung
Ausländerbehörde	Ausländer	Behörde
Ausländerin	Ausländer	in
Ausläufer	auslaufen	er
Auslöser	auslösen	er
Auslösereiz	auslösen	Reiz
Auslösung	auslösen	ung
Ausnahmefall	Ausnahme	Fall
Ausnahmesituation	Ausnahme	Situation
Ausnahmezustand	Ausnahme	Zustand
Ausnahmslosigkeit	ausnahmslos	igkeit
Ausnutzung	ausnutzen	ung
Ausparker	ausparken	er
Auspresser	auspressen	er
Auspresserin	Auspresser	in
Ausprägung	ausprägen	ung
Auspuffrohr	Auspuff	Rohr
Ausquetscher	ausquetschen	er
Ausquetscherin	Ausquetscher	in
Ausreiseerlaubnis	Ausreise	Erlaubnis
Ausreisegenehmigung	Ausreise	Genehmigung
Ausreisevisum	Ausreise	Visum
Ausrenkung	ausrenken	ung
Ausrichtung	ausrichten	ung
Ausrufewort	Ausruf	e	Wort
Ausrufezeichen	ausrufen	Zeichen
Ausrüstungsgegenstand	Ausrüstung	s	Gegenstand
Aussaat	aus	Saat
Aussagekraft	Aussage	Kraft
Aussagenlogik	Aussage	Logik
Aussageweise	Aussage	Weise
Ausschaffung	ausschaffen	ung
Ausschaffungsinitiative	Ausschaffung	s	Initiative
Ausscheider	ausscheiden	er
Ausscheidungsprodukt	Ausscheidung	s	Produkt
Ausschlag	aus	Schlag
Ausschließer	ausschließen	er
Ausschließerin	Ausschließer	in
Ausschließung	ausschließen	ung
Ausschlussdiät	Ausschluss	Diät
Ausschlusskategorie	Ausschluss	Kategorie
Ausschlusskriterium	Ausschluss	Kriterium
Ausschlussverfahren	Ausschluss	Verfahren
Ausschweifung	ausschweifen	ung
Ausschüttungsintervall	Ausschüttung	s	Intervall
Ausschüttungsquote	Ausschüttung	s	Quote
Ausschüttungsrendite	Ausschüttung	s	Rendite
Aussetzung	aussetzen	ung
Aussicht	aus	Sicht
Aussichtslosigkeit	aussichtslos	igkeit
Aussichtspunkt	Aussicht	Punkt
Aussichtsturm	Aussicht	Turm
Ausspionierung	ausspionieren	ung
Aussprachewörterbuch	Aussprache	Wörterbuch
Ausstand	aus	Stand
Ausstattung	ausstatten	ung
Ausstattungsvariante	Ausstattung	s	Variante
Aussteiger	aussteigen	er
Ausstellung	aus	stellen	ung
Ausstellungsobjekt	Ausstellung	Objekt
Ausstellungsraum	Ausstellung	s	Raum
Ausstellungsstück	Ausstellung	Stück
Aussteuer	aus	Steuer
Ausstiegstür	Ausstieg	s	Tür
Ausstrahlung	ausstrahlen	ung
Aussucher	aussuchen	er
Austauschschüler	Austausch	Schüler
Austauschschülerin	Austauschschüler	in
Austauschstudent	Austausch	Student
Austauschstudentin	Austauschstudent	in
Austeilung	austeilen	ung
Austernfischer	Auster	Fischer
Austernmesser	Austern	Messer
Austragungsort	Austragung	Ort
Australierin	Australier	in
Austreibung	austreiben	ung
Austrittsarbeit	Austritt	s	Arbeit
Austrittszahlen	Austritt	s	Zahlen
Austrocknung	austrocknen	ung
Auswanderung	auswandern	ung
Auswaschung	auswaschen	ung
Ausweglosigkeit	ausweglos	igkeit
Auswegslosigkeit	auswegslos	igkeit
Ausweichmanöver	ausweichen	Manöver
Ausweichstelle	ausweichen	Stelle
Ausweisung	ausweisen	ung
Auswringer	auswringen	er
Auswringerin	Auswringer	in
Auswärtsmannschaft	auswärts	Mannschaft
Auswärtsspiel	auswärts	Spiel
Auszahlung	auszahlen	ung
Auszeichner	auszeichnen	er
Auszeichnung	auszeichnen	ung
Auszeichnungsverleihung	Auszeichnung	s	Verleihung
Auszeit	aus	Zeit
Authentizität	authentisch	ität
Autlerin	Autler	in
Autoabgas	Auto	Abgas
Autobahn	Auto	Bahn
Autobahnauffahrt	Autobahn	Auffahrt
Autobahnausfahrt	Autobahn	Ausfahrt
Autobahnknoten	Autobahn	Knoten
Autobahnraststätte	Autobahn	Raststätte
Autobahnring	Autobahn	Ring
Autobiograf	auto	Biograf
Autobombe	Auto	Bombe
Autobus	Auto	Bus
Autofahrer	Auto	Fahrer
Autofluoreszenz	auto	s	Fluoreszenz
Autofluoreszenzbronchoskopie	Autofluoreszenz	Bronchoskopie
Autofokus	auto	Fokus
Autogrammjäger	Autogramm	Jäger
Autohaus	Auto	Haus
Autohof	Auto	Hof
Autohändler	Auto	Händler
Autoimmunerkrankung	auto	immun	Erkrankung
Autokennzeichen	Auto	Kennzeichen
Autokorso	Auto	Korso
Autokratie	auto	kratie
Automarke	Auto	Marke
Automatikuhr	Automatik	Uhr
Automatisierung	automatisieren	ung
Automatisierungstechnik	Automatisierung	s	Technik
Automobilist	Automobil	ist
Automodell	Auto	Modell
Autoomnibus	Auto	Omnibus
Autoreifen	Auto	Reifen
Autorennen	Auto	Rennen
Autorenschaft	Autoren	schaft
Autoscheibe	Auto	Scheibe
Autoschlange	Auto	Schlange
Autoschlüssel	Auto	Schlüssel
Autoscooter	Auto	Scooter
Autositzbezug	Auto	Sitzbezug
Autospenglerin	Autospengler	in
Autostraße	Auto	Straße
Autotelefon	Auto	Telefon
Autotransformator	auto	Transformator
Autotür	Auto	Tür
Autounfall	Auto	Unfall
Autoverkehr	Auto	Verkehr
Autoverkäufer	Auto	Verkäufer
Autovermietung	Auto	Vermietung
Autoversicherung	Auto	Versicherung
Außenalster	außen	Alster
Außenbeauftragter	außen	Beauftragter
Außenbereich	außen	Bereich
Außenfaktor	außen	Faktor
Außenfinanzierung	außen	Finanzierung
Außenhandelsquote	Außenhandel	s	Quote
Außenhandelsvolumen	Außenhandel	s	Volumen
Außenkaufkraft	außen	Kaufkraft
Außenwert	außen	Wert
Außergewöhnlichkeit	außergewöhnlich	keit
Außerkraftsetzung	außer Kraft setzen	ung
Avantgarde-Kunst	Avantgarde	Kunst
Avantgardekunst	Avantgarde	Kunst
Avocadosaft	Avocado	Saft
Awarin	Aware	in
Axtfabrikation	Axt	Fabrikation
Azetylgruppe	Azetyl	Gruppe
Azetylsäure	Azetyl	Säure
BACH	B	A	C	H
Babybauch	Baby	Bauch
Babyboom	Baby	Boom
Babyboomer	Babyboom	er
Babyklappe	Baby	Klappe
Babykleidung	Baby	Kleidung
Babylonier	Babylonien	er
Babylonierin	Babylonier	in
Babypuder	Baby	Puder
Babyschwimmen	Baby	Schwimmen
Babyspeck	Baby	Speck
Babywanne	Baby	Wanne
Bachbunge	Bach	Bunge
Bachchor	Bach	Chor
Bachelorgrad	Bachelor	Grad
Bachergebirge	Bacher	Gebirge
Bachforelle	Bach	Forelle
Bachkantate	Bach	Kantate
Bachminze	Bach	Minze
Bachstelze	Bach	Stelze
Backaroma	backen	Aroma
Backblech	backen	Blech
Backenhörnchen	Backen	Hörnchen
Backenknochen	Backe	n	Knochen
Backenstreich	Backe	n	Streich
Backfisch	backen	Fisch
Backfischroman	Backfisch	Roman
Backform	backen	Form
Backhaus	backen	Haus
Backhefe	backen	Hefe
Backhäuschen	Backhaus	chen
Backofen	backen	Ofen
Backpfeife	Backe	pfeifen
Backpfeifengesicht	Backpfeife	n	Gesicht
Backpflaume	backen	Pflaume
Backpulver	backen	Pulver
Backrohr	backen	Rohr
Backstein	backen	Stein
Backstube	backen	Stube
Backtriebmittel	backen	Trieb	Mittel
Backware	backen	Ware
Backwerk	backen	Werk
Bad Aiblinger	Bad Aibling	er
Bad Aiblingerin	Bad Aiblinger	in
Bad Breisiger	Bad Breisig	er
Bad Driburger	Bad Driburg	er
Bad Dürkheimer	Bad Dürkheim	er
Bad Dürrheimer	Bad Dürrheim	er
Bad Emser	Bad Ems	er
Bad Emserin	Bad Emser	in
Bad Frankenhausener	Bad Frankenhausen	er
Bad Friedrichshallerin	Bad Friedrichshaller	in
Bad Gandersheimer	Bad Gandersheim	er
Bad Gandersheimerin	Bad Gandersheimer	in
Bad Harzburger	Bad Harzburg	er
Bad Homburger	Bad Homburg	er
Bad Homburgerin	Bad Homburger	in
Bad Honnefer	Bad Honnef	er
Bad Iburger	Bad Iburg	er
Bad Karlshafenerin	Bad Karlshafener	in
Bad Kissinger	Bad Kissingen	er
Bad Kissingerin	Bad Kissinger	in
Bad Liebensteinerin	Bad Liebensteiner	in
Bad Lobensteinerin	Bad Lobensteiner	in
Bad Mergentheimerin	Bad Mergentheimer	in
Bad Nauheimer	Bad Nauheim	er
Bad Nauheimerin	Bad Nauheimer	in
Bad Reichenhallerin	Bad Reichenhaller	in
Bad Tölzer	Bad Tölz	er
Bad Tölzerin	Bad Tölzer	in
Badeanstalt	baden	Anstalt
Badeanzug	baden	Anzug
Badebekleidung	baden	Bekleidung
Badegast	baden	Gast
Badehaube	Bad	e	Haube
Badehaus	baden	Haus
Badehose	baden	Hose
Bademantel	baden	Mantel
Bademeister	baden	Meister
Badenheimerin	Badenheimer	in
Badeort	Bad	Ort
Badesachen	baden	Sachen
Badesalz	baden	Salz
Badestrand	baden	Strand
Badeteich	Baden	Teich
Badetuch	baden	Tuch
Badewanne	baden	Wanne
Badezuber	Bad	e	Zuber
Badhaus	baden	Haus
Baesweilerin	Baesweiler	in
Bafög-Empfängerin	Bafög-Empfänger	in
Bafög-Schmarotzer	Bafög	Schmarotzer
Bagatellisierung	bagatellisieren	ung
Bahaitum	Bahai	tum
Bahamaer	Bahamas	er
Bahnfahrer	Bahn	Fahrer
Bahnfahrerin	Bahnfahrer	in
Bahnfahrt	Bahn	Fahrt
Bahnhof	Bahn	Hof
Bahnhofsmission	Bahnhof	s	Mission
Bahnhofsuhr	Bahnhof	s	Uhr
Bahnlinie	Bahn	Linie
Bahnsteig	Bahn	Steig
Bahnwärter	Bahn	Wärter
Bahnübergang	Bahn	Übergang
Bahrainerin	Bahrainer	in
Baikalente	Baikal	Ente
Bakterienkunde	Bakterie	n	kunde
Bakteriologie	bakterio	logie
Bakteriämie	βακτήριον	ämie
Balanceakt	Balance	Akt
Baldachinspinne	Baldachin	Spinne
Baldrianextrakt	Baldrian	Extrakt
Baldrianwurzel	Baldrian	Wurzel
Balitiger	Bali	Tiger
Balkanhalbinsel	Balkan	Halbinsel
Balkanisierung	balkanisieren	ung
Balkansprachbund	Balkan	Sprachbund
Balkenspiralgalaxie	Balken	Spiralgalaxie
Balkonkraftwerk	Balkon	Kraftwerk
Ballaststoff	Ballast	Stoff
Ballbub	Ball	Bub
Ballerspiel	ballern	Spiel
Ballettmeister	Ballett	Meister
Balletttruppe	Ballett	Truppe
Balljunge	Ball	Junge
Ballkleid	Ball	Kleid
Ballsaal	Ball	Saal
Ballsperre	Ball	Sperre
Ballspiel	Ball	Spiel
Ballsport	Ball	Sport
Ballung	ballen	ung
Balneologie	Balneo	logie
Balsaholz	Balsa	Holz
Balsamtanne	Balsam	Tanne
Baltimoretrupial	Baltimore	Trupial
Balzarena	Balz	Arena
Bamberger	Bamberg	er
Bambergerin	Bamberger	in
Bambusameisenwürger	Bambus	Ameisenwürger
Bambuspflanze	Bambus	Pflanze
Bambuswald	Bambus	Wald
Bananenbieger	Bananen	Bieger
Bananenrepublik	Banane	n	Republik
Bandabstand	Band	Abstand
Bandbreite	Band	Breite
Bandenmitglied	Bande	n	Mitglied
Bandlaufwerk	Band	Laufwerk
Bandlücke	Band	Lücke
Bandproduktion	Band	Produktion
Bandspitze	Band	Spitze
Bandstruktur	Band	Struktur
Bandsäge	Band	Säge
Bandwurm	Band	Wurm
Bandwurmgegenmittel	Bandwurm	Gegenmittel
Bandwurmsatz	Bandwurm	Satz
Bangbüxe	bang	Büxe
Bankangestellte	Bank	Angestellte
Bankangestellter	Bank	Angestellter
Bankautomat	Bank	Automat
Bankdarlehen	Bank	Darlehen
Bankenkrise	Bank	en	Krise
Bankerl	Bank	erl
Bankgeheimnis	Bank	Geheimnis
Bankhaus	Bank	Haus
Bankkauffrau	Bank	Kauffrau
Bankkaufmann	Bank	Kaufmann
Bankkonto	Bank	Konto
Bankkunde	Bank	Kunde
Bankleitzahl	Bank	leiten	Zahl
Banknote	Bank	Note
Bankraub	Bank	Raub
Bankschalter	Bank	Schalter
Bankwesen	Bank	wesen
Banküberfall	Bank	Überfall
Bannfluch	Bann	Fluch
Bannmeile	Bann	Meile
Bannstrahl	Bann	Strahl
Barausgleichszahlung	bar	Ausgleichszahlung
Barbadier	Barbados	ier
Barbadierin	Barbadier	in
Barbarei	Barbar	ei
Barerlag	bar	Erlag
Bargeldbezugskarte	Bargeldbezug	Karte
Barhocker	Bar	Hocker
Bariumcarbonat	Barium	Carbonat
Bariumchlorid	Barium	Chlorid
Bariumoxid	Barium	Oxid
Bariumperoxid	Barium	Peroxid
Bariumsulfat	Barium	Sulfat
Bariumtitanat	Barium	Titanat
Barkasse	bar	Kasse
Barmann	Bar	Mann
Barmherzigkeit	barmherzig	keit
Barmixer	Bar	Mixer
Barmixerin	Barmixer	in
Barock-Rankett	Barock	Rankett
Barockbildhauer	Barock	Bildhauer
Barockgarten	Barock	Garten
Barockmaler	Barock	Maler
Barockmalerei	Barock	Malerei
Barockmalerin	Barock	Malerin
Barockmusik	Barock	Musik
Barockmusiker	Barock	Musiker
Barockmusikerin	Barock	Musikerin
Barockschloss	Barock	Schloss
Barockstil	Barock	Stil
Barr-Körperchen	Barr	Körperchen
Barrenstütz	Barren	stützen
Barstuhl	Bar	Stuhl
Bartenwal	Barten	Wal
Bartkauz	Bart	Kauz
Bartnelke	Bart	Nelke
Bartwisch	Bart	Wisch
Basalebene	basal	Ebene
Basaltgestein	Basalt	Gestein
Baschkirin	Baschkire	in
Baseballer	Baseball	er
Baseballerin	Baseballer	in
Baseballmannschaft	Baseball	Mannschaft
Baseballschläger	Baseball	Schläger
Baseballschlägerjahre	Baseballschläger	Jahre
Baseballspiel	Baseball	Spiel
Basecap	Base	Cap
Baselerin	Baseler	in
Basilekt	basi	lekt
Basisdaten	Basis	Daten
Basiseinheit	Basis	Einheit
Basismaterial	Basis	Material
Basisnote	Basis	Note
Basisreproduktionszahl	Basis	Reproduktionszahl
Basisvektor	Basis	Vektor
Basiswert	Basis	Wert
Basiswissen	Basis	Wissen
Baskenland	Baske	Land
Basketballmannschaft	Basketball	Mannschaft
Basler	Basel	er
Bassbox	Bass	Box
Bassgeige	Bass	Geige
Bassgitarre	Bass	Gitarre
Bassgitarrist	Bass	Gitarrist
Bassist	Bass	ist
Bassistin	Bassist	in
Bassposaune	Bass	Posaune
Bassschlüssel	Bass	Schlüssel
Bassstimme	Bass	Stimme
Basssänger	Bass	Sänger
Basstölpel	Bass Rock	Tölpel
Bastardschildkröte	Bastard	Schildkröte
Battenberger	Battenberg	er
Bauanleitung	Bau	Anleitung
Bauarbeiterdekolleté	Bauarbeiter	Dekolleté
Bauarbeiterin	Bauarbeiter	in
Bauaufsicht	Bau	Aufsicht
Baubeginn	Bau	Beginn
Bauboom	Bau	Boom
Bauchemie	Bau	Chemie
Bauchentscheidung	Bauch	Entscheidung
Bauchfell	Bauch	Fell
Bauchfellentzündung	Bauchfell	Entzündung
Bauchfleck	Bauch	Fleck
Bauchflosse	Bauch	Flosse
Bauchhöhle	Bauch	Höhle
Bauchklatscher	Bauch	Klatscher
Bauchkrampf	Bauch	Krampf
Bauchlandung	Bauch	Landung
Bauchmuskel	Bauch	Muskel
Bauchnabel	Bauch	Nabel
Bauchnabelfussel	Bauchnabel	Fussel
Bauchplatscher	Bauch	Platscher
Bauchschmerz	Bauch	Schmerz
Bauchspeck	Bauch	Speck
Bauchspeichel	Bauch	Speichel
Bauchspeicheldrüse	Bauchspeichel	Drüse
Bauchspeicheldrüsenentzündung	Bauchspeicheldrüse	n	Entzündung
Bauchspeicheldrüsenkrebs	Bauchspeicheldrüse	n	Krebs
Bauchtasche	Bauch	Tasche
Bauchweh	Bauch	Weh
Baudenkmal	Bau	Denkmal
Baueinheit	Bau	Einheit
Bauer	bauen	er
Bauernfrühstück	Bauer	Frühstück
Bauernfänger	Bauer	n	Fänger
Bauernfängerei	Bauernfänger	ei
Bauernhaus	Bauer	n	Haus
Bauernhof	Bauer	n	Hof
Bauernkrieg	Bauer	n	Krieg
Bauernmalerei	Bauer	n	Malerei
Bauernsenf	Bauer	n	Senf
Bauernsohn	Bauer	n	Sohn
Bauernsprache	Bauern	Sprache
Bauerntochter	Bauer	n	Tochter
Baufall	Bau	Fall
Bauform	Bau	Form
Baugenehmigung	Bau	Genehmigung
Baugrube	Bau	Grube
Baugruppe	Bau	Gruppe
Bauhaus	bauen	Haus
Bauholz	bauen	Holz
Bauindustrie	Bau	Industrie
Baujahr	bauen	Jahr
Baukalk	bauen	Kalk
Baukasten	Bau	Kasten
Bauklotz	bauen	Klotz
Baukunst	Bau	Kunst
Bauleiter	Bau	Leiter
Baumarkt	bauen	Markt
Baumart	Baum	Art
Baumast	Baum	Ast
Baumaterial	Bau	Material
Baumbacher	Baumbach	er
Baumbacherin	Baumbacher	in
Baumbast	Baum	Bast
Baumbestand	Baum	Bestand
Baumblüte	Baum	Blüte
Baumeister	Bau	Meister
Baumgart	Baum	Garten
Baumgarten	Baum	Garten
Baumgrenze	Baum	Grenze
Baumharz	Baum	Harz
Baumhaus	Baum	Haus
Baumhöhle	Baum	Höhle
Baumkrone	Baum	Krone
Baumkuchen	Baum	Kuchen
Baumkunde	Baum	kunde
Baumralle	Baum	Ralle
Baumriese	Baum	Riese
Baumscham	Baum	Scham
Baumschule	Baum	Schule
Baumschwamm	Baum	Schwamm
Baumstumpf	Baum	Stumpf
Baumwipfel	Baum	Wipfel
Baumwipfelpfad	Baumwipfel	Pfad
Baumwollhandschuh	Baumwolle	Handschuh
Baumwollhemd	Baumwolle	Hemd
Baumwolllaken	Baumwolle	Laken
Baumwollsamt	Baumwolle	Samt
Baumwollsocke	Baumwolle	Socke
Baumwollstoff	Baumwolle	Stoff
Bauplan	Bau	Plan
Baurohstoff	Bau	Rohstoff
Bausoldat	bauen	Soldat
Baustahl	Bau	Stahl
Baustein	bauen	Stein
Baustelle	bauen	Stelle
Baustil	Bau	Stil
Baustoff	Bau	Stoff
Bausünde	bauen	Sünde
Bauteil	Bau	Teil
Bauträger	Bau	Träger
Bautzener	Bautzen	er
Bautzenerin	Bautzener	in
Bautznerin	Bautzner	in
Bauvorschrift	Bau	Vorschrift
Bauwagen	bauen	Wagen
Bauweise	Bau	Weise
Bauwesen	Bau	wesen
Bauzeit	Bau	Zeit
Bayreutherin	Bayreuther	in
Baßbariton	Baß	Bariton
Baßflöte	Baß	Flöte
Baßsänger	Baß	Sänger
Baßtuba	Baß	Tuba
Beachtung	beachten	ung
Beamer	beamen	er
Beamtendeutsch	Beamten	Deutsch
Beamtin	beamt	in
Bearbeitbarkeit	bearbeitbar	keit
Bearbeitung	bearbeiten	ung
Bearbeitungsdauer	Bearbeitung	s	Dauer
Bearbeitungsgebühr	Bearbeitung	s	Gebühr
Beatmungsbronchoskop	Beatmung	s	Bronchoskop
Beatmungsbronchoskopie	Beatmung	s	Bronchoskopie
Beatmungsmedizin	Beatmung	s	Medizin
Beaufsichtigungspflicht	Beaufsichtigung	s	Pflicht
Beauftragung	beauftragen	ung
Beckenboden	Becken	Boden
Beckenbruch	Becken	Bruch
Bedarfsbrief	Bedarf	Brief
Bedarfsdeckungswirtschaft	Bedarf	s	Deckung	Wirtschaft
Bedarfsgegenstand	Bedarf	s	Gegenstand
Bedarfsgemeinschaft	Bedarf	s	Gemeinschaft
Bedeutsamkeit	bedeutsam	keit
Bedeutung	bedeuten	ung
Bedeutungserklärung	Bedeutung	s	Erklärung
Bedeutungserweiterung	Bedeutung	s	Erweiterung
Bedeutungsverengung	Bedeutung	s	Verengung
Bedeutungswandel	Bedeutung	s	Wandel
Bedienelement	bedienen	Element
Bedienerfehler	Bediener	Fehler
Bedienfehler	bedienen	Fehler
Bedienfeld	bedienen	Feld
Bedienoberfläche	bedienen	Oberfläche
Bedienung	bedienen	ung
Bedingungslage	Bedingung	s	Lage
Bedrohung	bedrohen	ung
Bedrängnis	bedrängen	nis
Bedrücktheit	bedrückt	heit
Bedürfnis	bedürfen	nis
Bedürftigkeit	bedürftig	keit
Beeilung	beeilen	ung
Beeinflussungsfaktor	Beeinflussung	s	Faktor
Beendigung	beendigen	ung
Beerdigung	beerdigen	ung
Beerdigungsvorbereitung	Beerdigung	s	Vorbereitung
Beerenpicker	Beere	n	Picker
Befehlsgewalt	Befehl	s	Gewalt
Befehlshaber	befehl	hab
Befehlskette	Befehl	s	Kette
Befehlswirtschaft	Befehls	Wirtschaft
Befestigungsanlage	Befestigung	s	Anlage
Befindlichkeit	befindlich	keit
Befleckung	beflecken	ung
Befrager	befragen	er
Befragerin	Befrager	in
Befragung	befragen	ung
Befremdung	befremden	ung
Befriedigung	befriedigen	ung
Befriedung	befrieden	ung
Befristung	befristen	ung
Befähigung	befähigen	ung
Beförderer	befördern	er
Beförderin	Beförderer	in
Befüllung	befüllen	ung
Befürchtung	befürchten	ung
Begattung	begatten	ung
Begebenheit	begeben	heit
Begegnung	begegnen	ung
Begegnungsstätte	Begegnung	s	Stätte
Begehung	begehen	ung
Begeisterer	begeistern	er
Begeisterung	begeistern	ung
Beglaubigung	beglaubigen	ung
Begleichung	begleichen	ung
Begleiter	begleiten	er
Begleiterin	Begleiter	in
Begleiterscheinung	begleiten	Erscheinung
Begleitfahrzeug	begleiten	Fahrzeug
Begleitsymptom	begleiten	Symptom
Begrenzung	begrenzen	ung
Begrünung	begrünen	ung
Begrüßer	begrüßen	er
Begrüßung	begrüßen	ung
Begutachtung	begutachten	ung
Begutachtungsausschuss	Begutachtung	s	Ausschuss
Begünstiger	begünstigen	er
Begünstigung	begünstigen	ung
Behaarung	behaaren	ung
Behandler	behandeln	er
Behandlungsansatz	Behandlung	s	Ansatz
Behandlungseinheit	Behandlung	s	Einheit
Behandlungsfehler	Behandlung	s	Fehler
Beharrlichkeit	beharrlich	keit
Behauptung	behaupten	ung
Behausung	behausen	ung
Beheber	beheben	er
Beherrschung	beherrschen	ung
Beherztheit	beherzt	heit
Behutsamkeit	behutsam	keit
Behälter	behalten	er
Behördenchef	Behörde	n	Chef
Behüter	behüten	er
Beiblatt	bei	Blatt
Beichte	bei	Gicht
Beichtkind	Beichte	Kind
Beichtstuhl	beichten	Stuhl
Beichtvater	Beichte	Vater
Beidhänder	beide Hände	er
Beifahrersitz	Beifahrer	Sitz
Beifallssturm	Beifall	Sturm
Beifuß	bī	bōzan
Beigabe	bei	Gabe
Beigeschmack	bei	Geschmack
Beigesellung	beigesellen	ung
Beiklang	bei	Klang
Beilagscheibe	Beilage	Scheibe
Beilegung	beilegen	ung
Beileid	bei	Leid
Beimerstetterin	Beimerstetter	in
Beiname	bei	Name
Beinbruch	Bein	Bruch
Beinhaus	Bein	Haus
Beinkleid	Bein	Kleid
Beinprothese	Bein	Prothese
Beinstellen	Bein	Stellen
Beinwert	Bein	Wert
Beirat	bei	Rat
Beisasse	bei	Sasse
Beischluss	bei	Schluss
Beispringer	beispringen	er
Beistelltisch	beistellen	Tisch
Beistrich	bei	Strich
Beiwort	bei	Wort
Beizjäger	beizen	Jäger
Beißkorb	beißen	Korb
Beißreflex	beißen	Reflex
Beißring	beißen	Ring
Bejagung	bejagen	ung
Bekanntheit	bekannt	heit
Bekanntmachung	bekannt	Machung
Bekleidungsgeschäft	Bekleidung	s	Geschäft
Beklommenheit	beklommen	heit
Bekunder	bekunden	er
Bekämpfung	bekämpfen	ung
Belader	beladen	er
Belagerer	belagern	er
Belagerung	belagern	ung
Belarussin	Belarusse	in
Belastungsfaktor	Belastung	s	Faktor
Belastungsstörung	Belastung	s	Störung
Belebung	beleben	ung
Belegexemplar	Beleg	Exemplar
Belegschaftsaktie	Belegschaft	s	Aktie
Belehrung	belehren	ung
Beleuchtung	beleuchten	ung
Beleuchtungskörper	Beleuchtung	s	Körper
Belichtung	belichten	ung
Belichtungsmesser	Belichtung	s	Messer
Belizer	Belize	er
Belizerin	Belizer	in
Belletrist	French belles-lettres	ist
Belletristik	Belletrist	ik
Belohnung	belohnen	ung
Belächler	belächeln	er
Bemerkung	bemerken	ung
Bemühung	bemühen	ung
Benachrichtigung	benachrichtigen	ung
Benediktinerabtei	Benediktiner	Abtei
Benediktinerkloster	Benediktiner	Kloster
Benediktinerorden	Benediktiner	Orden
Benennung	benennen	ung
Benetzbarkeit	benetzbar	keit
Benetzung	benetzen	ung
Bengalfuchs	Bengal	Fuchs
Bengalkatze	Bengal	Katze
Beniner	Benin	er
Beninerin	Beniner	in
Benommenheit	benommen	heit
Bensberger	Bensberg	er
Bensbergerin	Bensberger	in
Bensheimer	Bensheim	er
Bensheimerin	Bensheimer	in
Benutzbarkeit	benutzbar	keit
Benutzer	benutzen	er
Benutzerfreundlichkeit	Benutzer	Freundlichkeit
Benutzerkonto	Benutzer	Konto
Benutzername	Benutzer	Name
Benutzeroberfläche	Benutzer	Oberfläche
Benutzerpasswort	Benutzer	Passwort
Benutzerschnittstelle	Benutzer	Schnittstelle
Benutzung	benutzen	ung
Benziner	Benzin	er
Benzinkanister	Benzin	Kanister
Benzintank	Benzin	Tank
Benzinuhr	Benzin	Uhr
Benzoesäure	Benzoe	Säure
Beobachterin	Beobachter	in
Beobachtung	beobachten	ung
Beobachtungsposten	Beobachtung	s	Posten
Beobachtungsstand	Beobachtung	s	Stand
Beobachtungsstudie	Beobachtung	s	Studie
Beratung	beraten	ung
Beraubung	berauben	ung
Berauschung	berauschen	ung
Berberaffe	Berber	Affe
Berberlöwe	Berber	Löwe
Berechnung	berechnen	ung
Beredsamkeit	beredsam	keit
Beredung	bereden	ung
Bereitschaftsarzt	Bereitschaft	s	Arzt
Bereitschaftspolizei	Bereitschaft	s	Polizei
Bereitstellung	bereitstellen	ung
Bereitwilligkeit	bereitwillig	keit
Bergakademie	Berg	Akademie
Bergbraunelle	Berg	Braunelle
Bergbussard	Berg	Bussard
Bergente	Berg	Ente
Bergentrückung	Berg	Entrückung
Bergfink	Berg	Fink
Bergfrau	Berg	Frau
Bergführer	Berg	Führer
Berggeist	Berg	Geist
Bergheimerin	Bergheimer	in
Bergkarabach	Berg	Karabach
Bergkiefer	Berg	Kiefer
Bergkohlmeise	Berg	Kohle	Meise
Bergkrankheit	Berg	Krankheit
Bergkristall	Berg	Kristall
Bergland	Berg	Land
Bergleute	Berg	Leute
Bergluft	Berg	Luft
Bergmann	Berg	Mann
Bergmannsfigur	Bergmann	Figur
Bergmannssprache	Bergmann	s	Sprache
Bergminze	Berg	Minze
Bergmolch	Berg	Molch
Bergpfad	Berg	Pfad
Bergpredigt	Berg	Predigt
Bergrücken	Berg	Rücken
Bergspitze	Berg	Spitze
Bergsteiger	Bergsteigen	er
Bergsteiner	Bergstein	er
Bergsteinerin	Bergsteiner	in
Bergstraße	Berg	Straße
Bergsturz	Berg	Sturz
Bergtal	Berg	Tal
Bergtapir	Berg	Tapir
Bergthalerin	Bergthaler	in
Bergtürke	Berg	Türke
Bergung	bergen	ung
Bergweißling	Berg	Weißling
Bergwiese	Berg	Wiese
Berichterstatterin	Berichterstatter	in
Berichtiger	berichtigen	er
Berichtigerin	Berichtiger	in
Berliner	Berlin	er
Berlinkäfer	Berlin	Käfer
Bermuder	Bermuda	er
Bermuderin	Bermuder	in
Bernauer	Bernau	er
Bernauerin	Bernauer	in
Berner	Bern	er
Bernerin	Berner	in
Berninapass	Bernina	Pass
Bernsdorfer	Bernsdorf	er
Bernstein	Bär	Stein
Bernsteiner	Bernstein	er
Bernsteinerin	Bernsteiner	in
Bernsteinsäure	Bernstein	Säure
Bertmar	*berhtaz	*mēraz
Berufsausbildung	Beruf	s	Ausbildung
Berufsjäger	Beruf	s	Jäger
Berufskrankheit	Beruf	s	Krankheit
Berufspolitiker	Beruf	Politiker
Berufsschule	Beruf	s	Schule
Berufsstand	Beruf	s	Stand
Berufsunfähigkeit	Beruf	s	Unfähigkeit
Berufsverbot	Beruf	s	Verbot
Berufung	berufen	ung
Berufungsgericht	Berufung	s	Gericht
Beruhigungsmittel	Beruhigung	s	Mittel
Berylliumacetat	Beryllium	Acetat
Berylliumcarbid	Beryllium	Carbid
Berylliumchlorid	Beryllium	Chlorid
Berylliumerz	Beryllium	Erz
Berylliumfluorid	Beryllium	Fluorid
Berylliumhydrid	Beryllium	Hydrid
Berylliumhydroxid	Beryllium	Hydroxid
Berylliumkupfer	Beryllium	Kupfer
Berylliummetall	Beryllium	metall
Berylliumnitrid	Beryllium	Nitrid
Berylliumoxid	Beryllium	Oxid
Berylliumsalz	Beryllium	Salz
Berylliumsulfat	Beryllium	Sulfat
Berylliumtellurid	Beryllium	Tellurid
Berylliumverbindung	Beryllium	Verbindung
Berücksichtigung	berücksichtigen	ung
Berühmtheit	berühmt	heit
Berühmtsein	berühmt	sein
Berührung	berühren	ung
Berührungsangst	Berührung	s	Angst
Bes	B	es
Besatzerin	Besatzer	in
Beschaffenheit	beschaffen	heit
Beschaffungskriminalität	Beschaffung	s	Kriminalität
Beschaffungsstrategie	Beschaffung	s	Strategie
Bescheidenheit	bescheiden	heit
Bescheinigung	bescheinigen	ung
Bescheißer	bescheißen	er
Bescherung	bescheren	ung
Beschichtung	beschichten	ung
Beschichtungsmaterial	Beschichtung	s	Material
Beschießer	beschießen	er
Beschilderung	beschildern	ung
Beschimpfung	beschimpfen	ung
Beschleuniger	beschleunigen	er
Beschleunigungsstreifen	Beschleunigung	Streifen
Beschliesser	beschliessen	er
Beschließer	beschließen	er
Beschließerin	Beschließer	in
Beschmierer	beschmieren	er
Beschmiererin	Beschmierer	in
Beschmutzer	beschmutzen	er
Beschmutzerin	Beschmutzer	in
Beschneidung	beschneiden	ung
Beschreibung	beschreiben	ung
Beschränktheit	beschränkt	heit
Beschränkung	beschränken	ung
Beschuldigung	beschuldigen	ung
Beschwerdebrief	Beschwerde	Brief
Beschwerderecht	Beschwerde	Recht
Beschwerlichkeit	beschwerlich	keit
Beschwichtiger	beschwichtigen	er
Beschwichtigerin	Beschwichtiger	in
Beschwörung	beschwören	ung
Beschäftiger	beschäftigen	er
Beschäftigungsrückgang	Beschäftigung	s	Rückgang
Beschäftigungswachstum	Beschäftigung	s	Wachstum
Beschöniger	beschönigen	er
Beschönigung	beschönigen	ung
Besenbinder	Besen	Binder
Besenginster	Besen	Ginster
Besenschrank	Besen	Schrank
Besessenheit	besessen	heit
Besetzer	besetzen	er
Besetzerin	besetzen	in
Besetztzeichen	besetzt	Zeichen
Besetzung	besetzen	ung
Besetzungsinversion	Besetzung	s	Inversion
Besicherung	besichern	ung
Besichtigbarkeit	besichtigbar	keit
Besichtiger	besichtigen	er
Besichtigerin	Besichtiger	in
Besiedelung	besiedeln	ung
Besiedler	besiedeln	er
Besiedlung	besiedeln	ung
Besieger	besiegen	er
Besiegerin	Besieger	in
Besigheimerin	Besigheimer	in
Besitzdenken	Besitz	Denken
Besitzer	besitzen	er
Besitzerin	Besitzer	in
Besitzstand	Besitz	Stand
Besitzstandswahrung	Besitzstand	s	Wahrung
Besitzverhältnis	Besitz	Verhältnis
Besoldung	besolden	ung
Besonnenheit	besonnen	heit
Besorgnis	besorgen	nis
Besprechung	besprechen	ung
Bessarabiendeutscher	Bessarabien	Deutscher
Besserung	bessern	ung
Bestand	be	Stand
Bestandsaufnahme	Bestand	s	Aufnahme
Bestandserhaltung	Bestand	s	Erhaltung
Bestandsführung	Bestand	s	Führung
Bestandshaltung	Bestand	s	Haltung
Bestandsschutz	Bestand	s	Schutz
Bestandsverzeichnis	Bestand	Verzeichnis
Bestandteil	Bestand	Teil
Bestatter	bestatten	er
Bestatterin	Bestatter	in
Bestattungsart	Bestattung	s	Art
Bestattungswagen	Bestattung	Wagen
Bestechung	bestechen	ung
Bestechungsgeld	Bestechung	s	Geld
Besteck	be	stecken
Besteigung	besteigen	ung
Bestellung	bestellen	ung
Bestickung	besticken	ung
Bestimmung	bestimmen	ung
Bestimmungsfaktor	Bestimmung	s	Faktor
Bestimmungsgrenze	Bestimmung	s	Grenze
Bestimmungsort	Bestimmung	s	Ort
Bestimmungswort	Bestimmung	s	Wort
Bestnote	bester	Note
Bestrahlung	bestrahlen	ung
Bestsellerautor	Bestseller	Autor
Bestsellerliste	Bestseller	Liste
Bestuhlung	be	Stuhl	ung
Bestwiger	Bestwig	er
Bestwigerin	Bestwiger	in
Beständigkeit	beständig	keit
Bestätigung	bestätigen	ung
Besucherbereich	Besucher	Bereich
Besucherzimmer	Besucher	Zimmer
Besuchsmöglichkeit	Besuch	s	Möglichkeit
Besuchszeit	Besuch	s	Zeit
Beteiligungsfinanzierung	Beteiligung	s	Finanzierung
Beteiligungsgesellschaft	Beteiligung	s	Gesellschaft
Beteiligungskapital	Beteiligung	s	Kapital
Beteiligungsverhältnis	Beteiligung	s	Verhältnis
Betelpfeffer	Betel	Pfeffer
Betelverkäufer	Betel	Verkäufer
Betelverkäuferin	Betelverkäufer	in
Beteuerung	beteuern	ung
Betonklotz	Beton	Klotz
Betonkonstruktion	Beton	Konstruktion
Betonkopf	Beton	Kopf
Betonmauer	Beton	Mauer
Betonmischer	Beton	Mischer
Betonplatte	Beton	Platte
Betonsperre	Beton	Sperre
Betonstraße	Beton	Straße
Betonsturz	Beton	Sturz
Betonung	betonen	ung
Betonungszeichen	Betonung	Zeichen
Betonwüste	Beton	Wüste
Betonzusatzstoff	Beton	Zusatzstoff
Betrachtung	betrachten	ung
Betragensnote	Betragen	s	Note
Betreiberin	Betreiber	in
Betreuung	betreuen	ung
Betreuungsangebot	Betreuung	s	Angebot
Betriebleiter	Betrieb	Leiter
Betriebsamkeit	betriebsam	keit
Betriebsanleitung	Betrieb	Anleitung
Betriebsaufwand	Betrieb	s	Aufwand
Betriebsausgabe	Betrieb	s	Ausgabe
Betriebsbedingung	Betrieb	s	Bedingung
Betriebseinnahme	Betrieb	s	Einnahme
Betriebsergebnis	Betrieb	s	Ergebnis
Betriebsferien	Betrieb	s	Ferien
Betriebsfinanzierung	Betrieb	s	Finanzierung
Betriebsführung	Betrieb	s	Führung
Betriebsleiter	Betrieb	s	Leiter
Betriebsmittelverwaltung	Betrieb	Mittel	Verwaltung
Betriebsprüfung	Betrieb	s	Prüfung
Betriebsraum	Betrieb	s	Raum
Betriebsrätin	Betriebsrat	in
Betriebsvereinbarung	Betrieb	s	Vereinbarung
Betriebsversammlung	Betrieb	s	Versammlung
Betriebswirtschaft	Betrieb	s	Wirtschaft
Betroffenheit	betroffen	heit
Betrunkenheit	betrunken	heit
Betrübnis	betrübt	nis
Betrüger	betrügen	er
Betrügerei	Betrüger	ei
Betrügerin	Betrüger	in
Bettchen	Bett	chen
Bettdecke	Bett	Decke
Bettelei	betteln	ei
Bettelorden	betteln	Orden
Bettelruf	betteln	Ruf
Bettelstab	betteln	Stab
Bettendorfer	Bettendorf	er
Bettendorferin	Bettendorfer	in
Bettendorferinnen	Bettendorfer	in
Bettenhausenerin	Bettenhausener	in
Bettenstation	Bett	Station
Bettgenosse	Bett	Genosse
Bettgeschichte	Bett	Geschichte
Bettgespielin	Bett	Gespielin
Bettlaken	Bett	Laken
Bettlägerigkeit	bettlägerig	keit
Betttuch	Bett	Tuch
Bettwanze	Bett	Wanze
Bettzeug	Bett	Zeug
Bettüberwurf	Bett	Überwurf
Betätigung	betätigen	ung
Betäubungsmittel	Betäubung	Mittel
Betäubungsmittelgesetz	Betäubungsmittel	Gesetz
Betörung	betören	ung
Beuge	beugen	e
Beugewinkel	Beuge	Winkel
Beugfall	beugen	Fall
Beugung	beugen	ung
Beugungswinkel	Beugung	s	Winkel
Beulenpest	Beule	n	Pest
Beurkunder	beurkunden	er
Beurteiler	beurteilen	er
Beurteilungskomitee	Beurteilung	s	Komitee
Beutegreifer	Beute	greifen	er
Beutegut	Beute	Gut
Beutekunst	Beute	Kunst
Beutelchen	Beutel	chen
Beutelmarder	Beutel	Marder
Beutelratte	Beutel	Ratte
Beutelschneider	Beutel	schneiden	er
Beutelschneiderei	Beutelschneider	ei
Beutelteufel	Beutel	Teufel
Beuteltier	Beutel	Tier
Beutelwolf	Beutel	Wolf
Beutetier	Beute	Tier
Bevölkerung	bevölkern	ung
Bevölkerungsregister	Bevölkerung	s	Register
Bewandtnis	bewandt	nis
Beweggrund	bewegen	Grund
Bewegung 2. Juni	Bewegung	2.	Juni
Beweihräucherer	beweihräuchern	er
Beweisbarkeit	beweisbar	keit
Beweisführung	Beweis	Führung
Beweislast	Beweis	Last
Beweismittel	Beweis	Mittel
Beweispflicht	Beweis	Pflicht
Beweisvereitelung	Beweis	Vereitelung
Beweiswürdigung	Beweis	Würdigung
Bewerber	bewerben	er
Bewerberin	Bewerber	in
Bewerbung	bewerben	ung
Bewerbungsfrist	Bewerbung	s	Frist
Bewertung	bewerten	ung
Bewertungsfaktor	Bewertung	s	Faktor
Bewertungsverfahren	Bewertung	s	Verfahren
Bewilligungszeitraum	Bewilligung	s	Zeitraum
Bewirtschaftung	bewirtschaften	ung
Bewirtung	bewirten	ung
Bewohner	bewohnen	er
Bewunderung	bewundern	ung
Bewusstsein	bewusst	sein
Bewährung	bewähren	ung
Bewährungsstrafe	Bewährung	s	Strafe
Bewältigung	bewältigen	ung
Bewältigungsstrategie	Bewältigung	s	Strategie
Bewässerung	bewässern	ung
Bewölkung	bewölken	ung
Bezauberung	bezaubern	ung
Bezeichner	bezeichnen	er
Bezeichnung	bezeichnen	ung
Bezeuger	bezeugen	er
Bezeugerin	Bezeuger	in
Bezeugung	bezeugen	ung
Beziehung	beziehen	ung
Beziehungsanarchie	Beziehung	s	Anarchie
Bezirksverordnetenversammlung	Bezirk	s	Verordneten	Versammlung
Bezugssystem	Bezug	s	System
Bezugsverlust	Bezug	s	Verlust
Bezugswort	Bezug	s	Wort
Bezweifelung	bezweifeln	ung
Bibelabschnitt	Bibel	Abschnitt
Bibelapologet	Bibel	Apologet
Bibelfest	Bibel	Fest
Bibelforscher	Bibel	Forscher
Bibelforschung	Bibel	Forschung
Bibelstelle	Bibel	Stelle
Bibelvers	Bibel	Vers
Biberdamm	Biber	Damm
Biberschwanz	Biber	Schwanz
Bicarbonat	bi	Carbonat
Biegsamkeit	biegsam	keit
Biegungswinkel	Biegung	s	Winkel
Bielefelderin	Bielefelder	in
Bielerin	Bieler	in
Bienenbestand	Biene	n	Bestand
Bienenelfe	Biene	n	Elfe
Bienenharz	Biene	n	Harz
Bienenhaus	Biene	n	Haus
Bienenkorb	Biene	n	Korb
Bienenkönigin	Biene	n	Königin
Bienenschwarm	Biene	n	Schwarm
Bienenstaat	Biene	n	Staat
Bienenstachel	Biene	Stachel
Bienenstich	Biene	Stich
Bienenstock	Biene	n	Stock
Bienenwabe	Biene	n	Wabe
Bienenwachs	Biene	n	Wachs
Bienenwachskerze	Bienenwachs	Kerze
Bienenzüchter	Biene	n	Züchter
Bierbauch	Bier	Bauch
Bierchen	Bier	chen
Bierdose	Bier	Dose
Bierdusche	Bier	Dusche
Biereifer	Bier	Eifer
Bierfass	Bier	Fass
Bierflasche	Bier	Flasche
Bierfässchen	Bierfass	chen
Biergarten	Bier	Garten
Bierglas	Bier	Glas
Bierhaus	Bier	Haus
Bierhumpen	Bier	Humpen
Bierkasten	Bier	Kasten
Bierkeller	Bier	Keller
Biertisch	Bier	Tisch
Bierwurst	Bier	Wurst
Biestmilch	Biest	Milch
Bieter	bieten	er
Bifokalbrille	bifokal	Brille
Bilanzierung	bilanzieren	ung
Bildauflösung	Bild	Auflösung
Bildaufzeichnung	Bild	Aufzeichnung
Bildberichterstatter	Bild	Berichterstatter
Bildberichterstatterin	Bildberichterstatter	in
Bildberichterstattung	Bild	Berichterstattung
Bildbestandteil	Bild	Bestandteil
Bilderbuch	Bild	er	Buch
Bildergalerie	Bild	er	Galerie
Bilderrahmen	Bild	er	Rahmen
Bilderschrift	Bild	Schrift
Bildgebung	Bild	Gebung
Bildgröße	Bild	Größe
Bildhauer	Bild	Hauer
Bildhauerei	Bildhauer	ei
Bildhauerin	Bildhauer	in
Bildhauerkunst	Bildhauer	Kunst
Bildkonserve	Bild	Konserve
Bildmarke	Bild	Marke
Bildnis	Bild	nis
Bildpunkt	Bild	Punkt
Bildreporter	Bild	Reporter
Bildreporterin	Bildreporter	in
Bildschirmformat	Bildschirm	Format
Bildschirmmaske	Bildschirm	Maske
Bildsäule	Bild	Säule
Bildteppich	Bild	Teppich
Bildungselement	Bildung	s	Element
Bildungsfernsehen	Bildung	s	Fernsehen
Bildungsroman	Bildung	s	Roman
Bildungssprache	Bildung	s	Sprache
Bildungswesen	Bildung	wesen
Bildunterschrift	Bild	Unterschrift
Bildwiederholfrequenz	Bild	wiederholen	Frequenz
Bildwiederholrate	Bild	wiederholen	Rate
Bildwörterbuch	Bild	Wörterbuch
Billigheimer	billig	Heim
Billigkeit	billig	keit
Billiglohn	billig	Lohn
Billigung	billigen	ung
Bimetall	bi	Metall
Bimetallmünze	Bimetall	Münze
Bimmelbahn	bimmeln	Bahn
Bindegewebe	binden	Gewebe
Bindeglied	binden	Glied
Bindehaut	binden	Haut
Bindehautentzündung	Bindehaut	Entzündung
Bindehemmer	binden	Hemmer
Bindelaut	binden	Laut
Bindestrich	binden	Strich
Bindestrichland	Bindestrich	Land
Bindevokal	binden	Vokal
Bindewort	binden	Wort
Bindfaden	binden	Faden
Bindung	binden	ung
Bindungsangst	Bindung	s	Angst
Binnen-I	binnen	I
Binnendeutsch	binnen	Deutsch
Binnenflexion	binnen	Flexion
Binnenflüchtling	binnen	Flüchtling
Binnengrenze	binnen	Grenze
Binnenhandel	binnen	Handel
Binnenhandelsvolumen	Binnenhandel	s	Volumen
Binnenkaufkraft	binnen	Kaufkraft
Binnenland	binnen	Land
Binnenländer	Binnenland	er
Binnenländerin	Binnenländer	in
Binnennachfrage	binnen	Nachfrage
Binnenreim	binnen	Reim
Binnenschifffahrt	binnen	Schifffahrt
Binnenstaat	binnen	Staat
Binnenwert	binnen	Wert
Binnenwirtschaft	binnen	Wirtschaft
Binsenweisheit	Binse	n	Weisheit
Binärkompatibilität	binär	Kompatibilität
Bioalkohol	bio	Alkohol
Biodiversität	bio	Diversität
Bioelektrizität	bio	Elektrizität
Biogeochemie	Bio	Geochemie
Bioinformatik	bio	Informatik
Biokraftstoff	bio	Kraftstoff
Biokunststoff	bio	Kunststoff
Biolehrer	Bio	Lehrer
Biologe	bio	loge
Biologie	bio	logie
Biologielehrer	Biologie	Lehrer
Biologin	Biologe	in
Biolumineszenz	bio	Lumineszenz
Biomasse	bio	Masse
Biomaterial	bio	Material
Biomolekül	bio	Molekül
Bioorganik	bio	Organik
Biophilie	Bio	philie
Biophysiker	Biophysik	er
Biophysikerin	Biophysiker	in
Biosensor	bio	Sensor
Biosynthese	bio	Synthese
Biotechnologie	bio	Technologie
Bioterrorismus	bio	Terrorismus
Bioverfügbarkeit	bio	Verfügbarkeit
Bipyridin	bi	Pyridin
Birkenast	Birke	n	Ast
Birkenholz	Birke	n	Holz
Birkenlaub	Birke	n	Laub
Birkenrinde	Birken	Rinde
Birkenwald	Birke	n	Wald
Birkenwäldchen	Birke	n	Wäldchen
Birkhuhn	Birke	Huhn
Birnbaum	Birne	Baum
Birnensaft	Birne	n	Saft
Bisamratte	Bisam	Ratte
Bischöfin	Bischof	in
Bisexualität	bi	Sexualität
Biskuitrolle	Biskuit	Rolle
Bismarckhering	Bismarck	Hering
Bisswunde	Biss	Wunde
Bitburgerin	Bitburger	in
Bittbrief	bitten	Brief
Bitterkeit	bitter	keit
Bitterkraut	Bitter	Kraut
Bitterling	bitter	ling
Bitternis	bitter	nis
Bitterorange	bitter	Orange
Bittersalz	bitter	Salz
Bitterspat	bitter	Spat
Bittersüß	bitter	süß
Bittgebet	Bitte	Gebet
Bittsteller	Bitte	Steller
Biwaksack	Biwak	Sack
Blamage	blamieren	age
Blankenheimer	Blankenheim	er
Blankenheimerin	Blankenheimer	in
Blankoscheck	blanko	Scheck
Blankounterschrift	blanko	Unterschrift
Blankovollmacht	blanko	Vollmacht
Blasebalg	blasen	Balg
Blasenbildung	Blase	Bildung
Blasendauerkatheter	Blasen	Dauerkatheter
Blasinstrument	blasen	Instrument
Blaskapelle	blasen	Kapelle
Blasmusik	blasen	Musik
Blasmusikkapelle	Blasmusik	Kapelle
Blasonierung	blasonieren	ung
Blasrohr	Blas	Rohr
Blasslila	blass	Lila
Blattachsel	Blatt	Achsel
Blattader	Blatt	Ader
Blattgewebe	Blatt	Gewebe
Blattgrund	Blatt	Grund
Blattgrün	Blatt	Grün
Blatthühnchen	Blatt	Hühnchen
Blattkohl	Blatt	Kohl
Blattkäfer	Blatt	Käfer
Blattlaus	Blatt	Laus
Blattnerv	Blatt	Nerv
Blattoberfläche	Blatt	Oberfläche
Blattscheide	Blatt	Scheide
Blattspinat	Blatt	Spinat
Blattspreite	Blatt	Spreite
Blattzikade	Blatt	Zikade
Blaualge	blau	Alge
Blaubeere	blau	Beere
Blaubussard	blau	Bussard
Blaufelchen	blau	Felchen
Blaufichte	blau	Fichte
Blauflügelige Ödlandschrecke	blau	flügelig	Ödland	Schrecke
Blaufränkisch	blau	fränkisch
Blaufuchs	blau	Fuchs
Blaufuchsfell	Blaufuchs	Fell
Blaukehlara	blau	Kehle	Ara
Blaukehlchen	blau	Kehle
Blaukochen	blau	Kochen
Blaukohl	blau	Kohl
Blaukopfara	blau	Kopf	Ara
Blaukopfsittich	blau	Kopf	Sittich
Blaulatzara	blau	Latz	Ara
Blaulatzsittich	blau	Latz	Sittich
Blaumeise	blau	Meise
Blaumerle	blau	Merle
Blaupause	blau	Pause
Blaurackenflügel	Blauracke	n	Flügel
Blauschild	blau	Schild
Blauschimmel	blau	Schimmel
Blauschimmelkäse	Blauschimmel	Käse
Blausteinerin	Blausteiner	in
Blausäure	blau	Säure
Blausäurekapsel	Blausäure	Kapsel
Blauverschiebung	Blau	Verschiebung
Blauwal	blau	Wal
Blechblasinstrument	Blech	Blasinstrument
Blechbüchse	Blech	Büchse
Blechdach	Blech	Dach
Blechdose	Blech	Dose
Blechflöte	Blech	Flöte
Blechhütte	Blech	Hütte
Blechkasten	Blech	Kasten
Blechkuchen	Blech	Kuchen
Blechlawine	Blech	Lawine
Blechmedaille	Blech	Medaille
Blechschere	Blech	Schere
Blechschmiedin	Blechschmied	in
Blechteil	Blech	Teil
Bleiacetat	Blei	Acetat
Bleiburger	Bleiburg	er
Bleiburgerin	Bleiburger	in
Bleicarbonat	Blei	Carbonat
Bleicherei	bleichen	erei
Bleichgesicht	bleich	Gesicht
Bleichmittel	bleichen	Mittel
Bleichromat	Blei	Chromat
Bleichstoff	bleichen	Stoff
Bleierz	Blei	Erz
Bleifuß	Blei	Fuß
Bleigehalt	Blei	Gehalt
Bleigeschoss	Blei	Geschoss
Bleigewinnung	Blei	Gewinnung
Bleigießen	Blei	gießen
Bleikammerverfahren	Blei	Kammer	Verfahren
Bleikathode	Blei	Kathode
Bleilegierung	Blei	Legierung
Bleioxid	Blei	Oxid
Bleiplatte	Blei	Platte
Bleiprojektil	Blei	Projektil
Bleistift	Blei	Stift
Bleistiftanspitzer	Bleistift	Anspitzer
Bleistiftkasten	Bleistift	Kasten
Bleistiftmine	Bleistift	Mine
Bleistiftspitze	Bleistift	Spitze
Bleistiftspitzer	Bleistift	Spitzer
Bleistiftzeichnung	Bleistift	Zeichnung
Bleisulfat	Blei	Sulfat
Bleisulfid	Blei	Sulfid
Bleivergiftung	Blei	Vergiftung
Bleiweiß	Blei	Weiß
Blendarkade	blenden	Arkade
Blendwerk	blenden	Werk
Blickfang	Blick	Fang
Blickkontakt	Blick	Kontakt
Blickwinkel	Blick	Winkel
Blinddarmentzündung	Blinddarm	Entzündung
Blindheimer	Blindheim	er
Blindheimerin	Blindheimer	in
Blindheit	blind	heit
Blindkopie	blind	Kopie
Blindschach	blind	Schach
Blinker	blinken	er
Blitzeis	Blitz	Eis
Blitzkrieg	Blitz	Krieg
Blitzlampe	Blitz	Lampe
Blitzlichtgewitter	Blitzlicht	Gewitter
Blitzlichtpulver	Blitzlicht	Pulver
Blitzmeldung	Blitz	Meldung
Blitzschutz	Blitz	Schutz
Blitzschutzanlage	Blitzschutz	Anlage
Blitzsieg	Blitz	Sieg
Blockbuchstabe	Block	Buchstabe
Blockhaus	Block	Haus
Blockierung	blockieren	ung
Blockpartei	Block	Partei
Blocksatz	Block	Satz
Blockschrift	Block	Schrift
Blockwart	Block	Wart
Blockwartmentalität	Blockwart	Mentalität
Blondschopf	blond	Schopf
Bloßleger	bloßlegen	er
Bloßsteller	bloßstellen	er
Bludenzer	Bludenz	er
Blumenbinse	Blume	n	Binse
Blumenblüte	Blume	n	Blüte
Blumengeschäft	Blume	n	Geschäft
Blumenkohlohr	Blumenkohl	Ohr
Blumenkopf	Blumen	Kopf
Blumenmeer	Blumen	Meer
Blumenmuster	Blume	n	Muster
Blumenstock	Blume	n	Stock
Blumentopf	Blume	n	Topf
Blumentopferde	Blumentopf	Erde
Blumenuhr	Blume	n	Uhr
Blumenvase	Blume	n	Vase
Blumenwasser	Blumen	Wasser
Blutanklage	Blut	Anklage
Blutarmut	Blut	Armut
Blutbank	Blut	Bank
Blutbild	Blut	Bild
Blutbildung	Blut	Bildung
Blutdruckabfall	Blutdruck	Abfall
Blutdruckerhöhung	Blutdruck	Erhöhung
Blutdruckmessgerät	Blutdruck	Messgerät
Blutdruckmessung	Blutdruck	Messung
Blutdrucksenkung	Blutdruck	Senkung
Blutdrucksteuerung	Blutdruck	Steuerung
Blutdruckwert	Blutdruck	Wert
Blutegel	Blut	Egel
Blutentnahme	Blut	Entnahme
Bluter	bluten	er
Bluterkrankheit	Bluter	Krankheit
Blutfehde	Blut	Fehde
Blutfleck	Blut	Fleck
Blutgang	Blut	Gang
Blutgasanalyse	Blut	Gas	Analyse
Blutgefäß	Blut	Gefäß
Blutgeld	Blut	Geld
Blutgerinnung	Blut	Gerinnung
Blutgruppe	Blut	Gruppe
Blutgrätsche	Blut	Grätsche
Bluthund	Blut	Hund
Blutkonserve	Blut	Konserve
Blutkrankheit	Blut	Krankheit
Blutkrebs	Blut	Krebs
Blutkreislauf	Blut	Kreislauf
Blutkörperchen	Blut	Körperchen
Blutlache	Blut	Lache
Blutlacke	Blut	Lacke
Blutmangel	Blut	Mangel
Blutmond	Blut	Mond
Blutorange	Blut	Orange
Blutpirol	Blut	Pirol
Blutplasma	Blut	Plasma
Blutprobe	Blut	Probe
Blutrache	Blut	Rache
Blutrausch	Blut	Rausch
Bluträcher	Blutrache	er
Blutschande	Blut	Schande
Blutschuld	Blut	Schuld
Blutschwäre	Blut	Schwäre
Blutspende	Blut	Spende
Blutspender	Blut	Spender
Blutsturz	Blut	Sturz
Blutsverwandtschaft	Blut	s	Verwandtschaft
Bluttransfusion	Blut	Transfusion
Blutungstest	Blutung	s	Test
Blutungszeit	Blutung	s	Zeit
Blutvergießen	Blut	Vergießen
Blutvergiftung	Blut	Vergiftung
Blutwurst	Blut	Wurst
Blutzelle	Blut	Zelle
Blutzeuge	Blut	Zeuge
Blutzoll	Blut	Zoll
Blutzucker	Blut	Zucker
Blutzuckerspiegel	Blutzucker	Spiegel
Blähsucht	blähen	Sucht
Blähton	blähen	Ton
Bläschen	Blase	chen
Blättchen	Blatt	chen
Blättermagen	Blatt	Magen
Blätterteighülle	Blätterteig	Hülle
Blätterteigpastete	Blätterteig	Pastete
Blätterwald	Blatt	Wald
Bläue	blau	e
Bläuling	blau	ling
Blödmann	blöd	Mann
Blöße	bloß	e
Blümchenkaffee	Blümchen	Kaffee
Blümchensex	Blümchen	Sex
Blütenblatt	Blüte	n	Blatt
Blütenhartriegel	Blüte	n	Hartriegel
Blütenkörbchen	Blütenkorb	chen
Blütenstand	Blüte	n	Stand
Blütezeit	Blüte	Zeit
Bobingerin	Bobinger	in
Bockbier	Bock	Bier
Bockkäfer	Bock	Käfer
Bockmist	Bock	Mist
Bockshorn	Bock	Horn
Bockshornklee	Bockshorn	Klee
Bodenart	Boden	Art
Bodenbakterium	Boden	Bakterium
Bodenbearbeitung	Boden	Bearbeitung
Bodenbildung	Boden	Bildung
Bodenfarbe	Boden	Farbe
Bodenfreiheit	Boden	Freiheit
Bodenfrost	Boden	Frost
Bodengüte	Boden	Güte
Bodenheimerin	Bodenheimer	in
Bodenlebewesen	Boden	Lebewesen
Bodennebel	Boden	Nebel
Bodennullpunkt	Boden	Nullpunkt
Bodennähe	Boden	Nähe
Bodenoffensive	Boden	Offensive
Bodenplatte	Boden	Platte
Bodenrente	Boden	Rente
Bodensatz	Boden	Satz
Bodenschatz	Boden	Schatz
Bodensee-Kilch	Bodensee	Kilch
Bodenseer	Bodensee	er
Bodenseerin	Bodenseer	in
Bodenständigkeit	bodenständig	keit
Bodentruppe	Boden	Truppe
Bodenverdichtung	Boden	Verdichtung
Bodenvereisung	Boden	Vereisung
Bodenzapfen	Boden	Zapfen
Bodenübung	Boden	Übung
Bogenbündel	Bogen	Bündel
Bogenfenster	Bogen	Fenster
Bogenfries	Bogen	Fries
Bogengang	Bogen	Gang
Bogenlinie	Bogen	Linie
Bogenmaß	Bogen	Maß
Bogenschießen	Bogen	schießen
Bogenschuss	Bogen	Schuss
Bogenschütze	Bogen	Schütze
Bohnenkraut	Bohne	Kraut
Bohnenstange	Bohne	n	Stange
Bohrer	bohren	er
Bohrinsel	bohren	Insel
Bohrkern	Bohr	Kern
Bohrloch	bohren	Loch
Bohrmaschine	bohren	Maschine
Bohrung	bohren	ung
Boizenburgerin	Boizenburger	in
Bolivianerin	Bolivianer	in
Bollchen	Bolle	chen
Bollenhut	Bolle	n	Hut
Bollerwagen	bollern	Wagen
Bollinger	Bollingen	er
Bolzplatz	bolzen	Platz
Bombardement	bombardieren	ment
Bombardierung	bombardieren	ung
Bombenerfolg	Bombe	n	Erfolg
Bombenflugzeug	Bombe	Flugzeug
Bombenmantel	Bombe	n	Mantel
Bonapartemöwe	Bonaparte	Möwe
Bonner	Bonn	er
Bonnerin	Bonner	in
Boole'sch	Boole	'sch
Bootsflüchtling	Boot	s	Flüchtling
Bootshaken	Boot	s	Haken
Bootsmann	Boot	s	Mann
Boratmine	Borat	Mine
Boratom	Bor	Atom
Borcarbid	Bor	Carbid
Bordküche	Bord	Küche
Bordstein	Bord	Stein
Bordsteinschwalbe	Bordstein	Schwalbe
Borgentreicher	Borgentreich	er
Borgentreicherin	Borgentreicher	in
Borgholzhausener	Borgholzhausen	er
Borgholzhausenerin	Borgholzhausener	in
Borgruppe	Bor	Gruppe
Borhydrid	Bor	Hydrid
Borkenkäfer	Borke	Käfer
Borneo-Goldkatze	Borneo	Gold	Katze
Bornitrid	Bor	Nitrid
Borosilikatglas	Borosilikat	Glas
Borreliose	Borrelia	ose
Borsäure	Bor	Säure
Bortrichlorid	Bor	Trichlorid
Bortrioxid	Bor	Trioxid
Borverbindung	Bor	Verbindung
Borwasserstoffverbindung	Borwasserstoff	Verbindung
Bosnienkrieg	Bosnien	Krieg
Botaniker	Botanik	er
Botanikerin	Botaniker	in
Botenlohn	Bote	Lohn
Botenstoff	Bote	n	Stoff
Botschafterin	Botschafter	in
Boulevardpresse	Boulevard	Presse
Bovist	vohe	vist
Bowlingkugel	Bowling	Kugel
Boxer	boxen	er
Boxerin	Boxer	in
Boxhandschuh	Boxen	Hand	Schuh
Bozener	Bozen	er
Bozenerin	Bozener	in
Brachvogel	brach	Vogel
Brackenheimerin	Brackenheimer	in
Brailleschrift	Braille	Schrift
Branchenbuch	Branche	n	Buch
Brandanschlag	Brand	Anschlag
Brandbekämpfung	Brand	Bekämpfung
Brandbeschleuniger	Brand	Beschleuniger
Brandblase	Brand	Blase
Brandbombe	Brand	Bombe
Brandbrief	Brand	Brief
Brandeisen	Brand	Eisen
Brandenberger	Brandenberg	er
Brandenbergerin	Brandenberger	in
Brandfehler	Brand	Fehler
Brandflasche	Brand	Flasche
Brandholz	Brand	Holz
Brandmal	Brand	Mal
Brandmarkung	brandmarken	ung
Brandmauer	Brand	Mauer
Brandmunition	Brand	Munition
Brandopfer	Brand	Opfer
Brandschatz	Brand	schatz
Brandschatzung	Brandschatz	ung
Brandschopf	Brand	Schopf
Brandstifterin	Brandstifter	in
Brandstiftung	Brand	stiften	ung
Brandungswelle	Brandung	s	Welle
Brandwaffe	Brand	Waffe
Brandwunde	Brand	Wunde
Brandzeichen	Brand	Zeichen
Branntkalk	gebrannt	Kalk
Brantentaler	Brantental	er
Brasilianerin	Brasilianer	in
Bratapfel	braten	Apfel
Bratbutter	braten	Butter
Bratengabel	Braten	Gabel
Bratensoße	Braten	Soße
Brater	braten	er
Brathering	braten	Hering
Brathähnchen	braten	Hähnchen
Bratkartoffeln	braten	Kartoffeln
Bratling	braten	ling
Bratpfanne	braten	Pfanne
Bratschenschlüssel	Bratsche	Schlüssel
Brauchtum	Brauch	tum
Brauerei	Brauer	ei
Brauhaus	brauen	Haus
Brauhefe	brauen	Hefe
Braunalge	braun	Alge
Braunbleierz	braun	Bleierz
Braunbär	braun	Bär
Braunbärin	Braunbär	in
Braunelle	brūn	ella
Braunerz	braun	Erz
Braunfelser	Braunfels	er
Braunfelserin	Braunfelser	in
Braunhemd	braun	Hemd
Braunkalk	braun	Kalk
Braunkehlchen	braun	Kehle
Braunkohl	braun	Kohl
Braunkohle	braun	Kohle
Braunlagerin	Braunlager	in
Braunohrpapagei	braun	Ohr	Papagei
Braunralle	braun	Ralle
Braunsbedraerin	Braunsbedraer	in
Braunschild	braun	Schild
Braunwurz	braun	Wurz
Brausebad	Brause	Bad
Brausepulver	Brause	Pulver
Brausetablette	brausen	Tablette
Brautente	Braut	Ente
Brautgeld	Braut	Geld
Brautjungfer	Braut	Jungfer
Brautlauf	Braut	Lauf
Brautschatz	Braut	Schatz
Brautwerbung	Braut	Werbung
Brauweilerin	Brauweiler	in
Brecher	brechen	er
Brechmittel	brechen	Mittel
Brechnuss	brechen	Nuss
Brechstange	brechen	Stange
Brechung	brechen	ung
Brechweinstein	Brech	Weinstein
Brechwurzel	brechen	Wurzel
Brechzahl	brechen	Zahl
Breckerfelderin	Breckerfelder	in
Bredstedterin	Bredstedter	in
Bregenwurst	Bregen	Wurst
Bregenzer	Bregenz	er
Breitbacher	Breitbach	er
Breitbacherin	Breitbacher	in
Breitbandantibiotikum	Breitband	Antibiotikum
Breitbildschirm	breit	Bildschirm
Breite	breit	e
Breitenbacher	Breitenbach	er
Breitenbacherin	Breitenbacher	in
Breitengrad	Breite	n	Grad
Breitenkreis	Breite	n	Kreis
Breitensport	Breite	n	Sport
Breitensteiner	Breitenstein	er
Breitensteinerin	Breitensteiner	in
Breitlauch	breit	Lauch
Breitmaulnashorn	breit	Maul	Nashorn
Breitscheider	Breitscheid	er
Breitscheiderin	Breitscheider	in
Breitschnauzen-Halbmaki	breit	Schnauze	n	Halbmaki
Breitwegerich	breit	Wegerich
Bremer	Bremen	er
Bremerhavenerin	Bremerhavener	in
Bremskraft	bremsen	Kraft
Bremsscheibe	Bremse	Scheibe
Bremsspur	Bremse	Spur
Bremsstrahlung	bremsen	Strahlung
Brennball	brennen	Ball
Brennbarkeit	brennbar	keit
Brennelement	brennen	Element
Brennerei	brennen	erei
Brennerpass	Brenner	Pass
Brennholz	brennen	Holz
Brennmaterial	brennen	Material
Brennnessel	brennen	Nessel
Brennofen	brennen	Ofen
Brennschluss	brennen	Schluss
Brennschneid	Brenn	Schneid
Brennschneiden	Brenn	Schneiden
Brennsuppe	brennen	Suppe
Brennweite	brennen	Weite
Brettchen	Brett	chen
Brettspiel	Brett	Spiel
Briefbombe	Brief	Bombe
Brieffreund	Brief	Freund
Brieffreundin	Brief	Freundin
Briefgeheimnis	Brief	Geheimnis
Briefkasten	Brief	Kasten
Briefkastenfirma	Briefkasten	Firma
Briefklammer	Brief	Klammer
Briefkopf	Brief	Kopf
Briefkurs	Brief	Kurs
Briefkursnotierung	Briefkurs	notieren	ung
Briefmarke	Brief	Marke
Briefmarkensammler	Briefmarke	n	Sammler
Briefmarkensammlung	Briefmarke	Sammlung
Briefnotierung	Brief	Notierung
Briefpapier	Brief	Papier
Briefseite	Brief	Seite
Briefstreicher	Brief	streichen	er
Brieftaube	Brief	Taube
Brieftaubenzüchter	Brieftaube	n	Züchter
Brieftaubenzüchterin	Brieftaubenzüchter	in
Briefträger	Brief	Träger
Briefumschlag	Brief	Umschlag
Briefwechsel	Brief	Wechsel
Brillenbär	Brille	Bär
Brillenbügel	Brille	n	Bügel
Brillenetui	Brillen	Etui
Brillengestell	Brille	Gestell
Brillenglas	Brille	n	Glas
Brillenputztuch	Brille	n	Putztuch
Brillenrahmen	Brille	n	Rahmen
Brillenreinigungstuch	Brille	n	Reinigungstuch
Brillenschlange	Brille	n	Schlange
Brillenschötchen	Brille	n	Schötchen
Brillensteg	Brille	n	Steg
Bringschuld	bringen	Schuld
Britin	Brite	in
Brixener	Brixen	er
Brixenerin	Brixener	in
Brockengespenst	Brocken	Gespenst
Bromaromat	Brom	Aromat
Bromatom	Brom	Atom
Brombeerhecke	Brombeere	n	Hecke
Bromchlorid	Brom	Chlorid
Bromcyan	Brom	Cyan
Bromdampf	Brom	Dampf
Bromfluorid	Brom	Fluorid
Bromgewinnung	Brom	Gewinnung
Bromidion	Bromid	Ion
Bromidlösung	Bromid	Lösung
Bromidquell	Bromid	Quell
Brompentafluorid	Brom	Pentafluorid
Bromsäure	Brom	Säure
Bromtrifluorid	Brom	Trifluorid
Bromverbindung	Brom	Verbindung
Bromwasserstoff	Brom	Wasserstoff
Bromwasserstoffsäure	Bromwasserstoff	Säure
Bronchialbaum	bronchial	Baum
Bronchoskopiebefund	Bronchoskopie	Befund
Bronchoskopietechnik	Bronchoskopie	Technik
Bronchoskoprohr	Bronchoskop	Rohr
Bronchoskopspitze	Bronchoskop	Spitze
Bronzemedaille	Bronze	Medaille
Bronzezeit	Bronze	Zeit
Brotaufstrich	Brot	Aufstrich
Brotbackautomat	Brot	backen	Automat
Brotbeutel	Brot	Beutel
Brotbrechen	Brot	brechen
Brotbäcker	Brot	Bäcker
Brotbäckerin	Brotbäcker	in
Brotherr	Brot	Herr
Brothändler	Brot	Händler
Brotkasten	Brot	Kasten
Brotkörbchen	Brotkorb	chen
Brotscheibe	Brot	Scheibe
Brotschnitte	Brot	Schnitte
Brotschrift	Brot	Schrift
Brotsuppe	Brot	Suppe
Brotzeit	Brot	Zeit
Bruchbude	Bruch	Bude
Bruchfläche	Bruch	Fläche
Bruchköbelerin	Bruchköbeler	in
Bruchlinie	Bruch	Linie
Bruchpilot	Bruch	Pilot
Bruchrechnung	Bruch	Rechnung
Bruchsalerin	Bruchsaler	in
Bruchstrich	Bruch	Strich
Bruchstück	Bruch	Stück
Bruchwasserläufer	Bruch	Wasserläufer
Bruchzahl	Bruch	Zahl
Brudermord	Bruder	Mord
Brudermörder	Bruder	Mörder
Bruderschaft	Bruder	schaft
Brummbär	brummen	Bär
Brummer	brummen	er
Bruneier	Brunei	er
Brunftschrei	Brunft	Schrei
Brunnenkresse	Brunnen	Kresse
Brunnenschacht	Brunnen	Schacht
Brust schwimmen	Brust	schwimmen
Brustannahme	Brust	Annahme
Brustbehaarung	Brust	Behaarung
Brustdrüse	Brust	Drüse
Brusthaar	Brust	Haar
Brustimplantat	Brust	Implantat
Brustschwimmen	Brust	Schwimmen
Brustsegment	Brust	Segment
Bruststern	Brust	Stern
Bruststimme	Brust	Stimme
Brustvergrößerung	Brust	Vergrößerung
Brustwarze	Brust	Warze
Brustwirbelkörper	Brust	Wirbelkörper
Brutareal	Brut	Areal
Brutdauer	brüten	Dauer
Brutkasten	Brut	Kasten
Brutparasit	Brut	Parasit
Bruttogehalt	brutto	Gehalt
Bruttogewinn	brutto	Gewinn
Bruttogewinnmarge	brutto	Gewinn	Marge
Bruttolohn	brutto	Lohn
Bruttomarge	brutto	Marge
Bruttoreaktion	brutto	Reaktion
Bruttorendite	brutto	Rendite
Bruttospanne	brutto	Spanne
Bruttoumsatz	brutto	Umsatz
Bruttoverdienst	brutto	Verdienst
Bruttovermögen	brutto	Vermögen
Brutzeit	brüten	Zeit
Brutzwiebel	Brut	Zwiebel
Bräune	braun	e
Bräunlingerin	Bräunlinger	in
Bräunung	braun	ung
Bräunungsprozess	Bräunung	s	Prozess
Bröckchen	Brocken	chen
Brötchen	Brot	chen
Brötchentüte	Brötchen	Tüte
Brüchigkeit	brüchig	keit
Brückengerüst	Brücken	Gerüst
Brückenpfeiler	Brücke	n	Pfeiler
Brückentag	Brücke	n	Tag
Brüderchen	Bruder	chen
Brüderlichkeit	brüderlich	keit
Brüggener	Brüggen	er
Brügger	Brügge	er
Brühwürfel	brühen	Würfel
Brüllaffe	brüllen	Affe
Brüllwürfel	brüllen	Würfel
Brünierung	brünieren	ung
Brüskierung	brüskieren	ung
Brüsseler	Brüssel	er
Brüsselerin	Brüsseler	in
Brüsselisierung	Brüssel	isierung
Brüßler	Brüssel	er
Brüßlerin	Brüßler	in
Bubenheimerin	Bubenheimer	in
Bubenreutherin	Bubenreuther	in
Bubenspitzle	Bube	n	Spitz	le
Buchautor	Buch	Autor
Buchbinden	Buch	Binden
Buchbinder	Buch	Binder
Buchbinderei	Buchbinder	ei
Buchdrucker	Buch	drucken	er
Buchecker	Buche	Ecker
Buchenart	Buche	n	Art
Buchenast	Buche	n	Ast
Buchenholz	Buche	Holz
Buchenland	Buche	n	Land
Buchenlaub	Buche	Laub
Buchfink	Buche	Fink
Buchführung	Buch	Führung
Buchgemeinschaft	Buch	Gemeinschaft
Buchhalter	Buch halten	er
Buchhalterin	Buchhalter	in
Buchhalternase	Buchhalter	Nase
Buchhaltung	Buch	Haltung
Buchhandlung	Buch	Handlung
Buchheimerin	Buchheimer	in
Buchhändler	Buch	Händler
Buchladen	Buch	Laden
Buchlunge	Buch	Lunge
Buchmacher	Buch	Macher
Buchmacherin	Buchmacher	in
Buchmagen	Buch	Magen
Buchmalerei	Buch	Malerei
Buchmesse	Buch	Messe
Buchrücken	Buch	Rücken
Buchstabendreher	Buchstabe	n	drehen	er
Buchstabenkombination	Buchstaben	Kombination
Buchstabenkurzwort	Buchstabe	n	Kurzwort
Buchstabenlaut	Buchstabe	n	Laut
Buchstabensalat	Buchstabe	Salat
Buchstabenschrift	Buchstabe	Schrift
Buchstabenwort	Buchstabe	n	Wort
Buchstabierer	buchstabieren	er
Buchstabierung	buchstabieren	ung
Buchumschlag	Buch	Umschlag
Buchung	buchen	ung
Buchungskreis	Buchung	Kreis
Buchverkäufer	Buch	Verkäufer
Buchverkäuferin	Buchverkäufer	in
Buchvorstellung	Buch	Vorstellung
Buchweizen	Buche	Weizen
Buchweizenmehl	Buchweizen	Mehl
Buckelfliege	Buckel	Fliege
Buckelkopfbuntbarsch	Buckel	Kopf	Buntbarsch
Buckelwal	Buckel	Wal
Budapesterin	Budapester	in
Buddelschiff	Buddel	Schiff
Budenheimerin	Budenheimer	in
Budweiser	Budweis	er
Bugfigur	Bug	Figur
Buhfrau	buh	Frau
Buhmann	buh	Mann
Bulgarin	Bulgare	in
Bulgarisch	Bulgare	isch
Bulimielernen	Bulimie	Lernen
Bulimiker	Bulimie	iker
Bullenhausenerin	Bullenhausener	in
Bullenmarkt	Bulle	n	Markt
Bullenschwein	Bulle	n	Schwein
Bummelant	bummeln	ant
Bummelbahn	bummeln	Bahn
Bummerlsalat	Bummerl	Salat
Bundesagentur	Bund	s	Agentur
Bundesbank	Bund	es	Bank
Bundesbürger	Bund	es	Bürger
Bundesgenosse	Bund	es	Genosse
Bundesinnenminister	Bund	Innenminister
Bundesinnenministerium	Bund	Innenministerium
Bundeskanzler	Bund	s	Kanzler
Bundeskanzleramt	Bundeskanzler	Amt
Bundeskanzlerin	Bundeskanzler	in
Bundesleistungszentrum	Bundesleistung	s	Zentrum
Bundesminister	Bund	s	Minister
Bundesministerium	Bund	Ministerium
Bundesnachrichtendienst	Bund	Nachrichten	Dienst
Bundespräsident	Bund	es	Präsident
Bundesrecht	Bund	es	Recht
Bundesstaat	Bund	es	Staat
Bundesstraße	Bund	es	Straße
Bundestagswahlergebnis	Bundestagswahl	Ergebnis
Bundesverkehrsminister	Bund	es	Verkehrsminister
Bundesversammlung	Bund	es	Versammlung
Bundeswahlausschuss	Bund	es	Wahl	Ausschuss
Bundschuh	Bund	Schuh
Bunkerbrecher	Bunker	Brecher
Bunkerknacker	Bunker	Knacker
Bunsenbrenner	Bunsen	Brenner
Bunsenbrennerflamme	Bunsenbrenner	Flamme
Buntbarsch	bunt	Barsch
Buntgrad	bunt	Grad
Buntheit	bunt	heit
Buntheitsgrad	Buntheit	s	Grad
Buntmarder	bunt	Marder
Buntmetall	bunt	Metall
Buntschwanzpapagei	bunt	Schwanz	Papagei
Buntspecht	bunt	Specht
Buntstift	bunt	Stift
Buntstiftkasten	Buntstift	Kasten
Buntwaschmittel	bunt	Waschmittel
Burbacher	Burbach	er
Burbacherin	Burbacher	in
Burgauer	Burgau	er
Burgauerin	Burgauer	in
Burgbernheimerin	Burgbernheimer	in
Burgenländerin	Burgenländer	in
Burgfrieden	Burg	Frieden
Burggraf	Burg	Graf
Burgkunstädterin	Burgkunstädter	in
Burglengenfelderin	Burglengenfelder	in
Burgunder	Burgund	er
Burmeister	Bauer	Meister
Burscheider	Burscheid	er
Burscheiderin	Burscheider	in
Burschensprache	Burschen	Sprache
Burtscheider	Burtscheid	er
Burtscheiderin	Burtscheider	in
Buschbohne	Busch	Bohne
Buschenschank	Buschen	Schank
Buschfunk	Busch	Funk
Buschhausener	Buschhausen	er
Buschhausenerin	Buschhausener	in
Buschhauser	Buschhaus	er
Buschhauserin	Buschhauser	in
Buschmannhase	Buschmann	Hase
Buschwerk	Busch	Werk
Busenfreund	Busen	Freund
Busenhalter	Busen	Halter
Busfahrer	Bus	Fahrer
Busfahrerin	Busfahrer	in
Busfahrkarte	Bus	Fahrkarte
Busfahrt	Bus	Fahrt
Bushaltestelle	Bus	halten	Stelle
Butan	but	an
Butansäure	Butan	Säure
Buten	but	en
Butterbirne	Butter	Birne
Butterblümchen	Butterblume	chen
Butterbrot	Butter	Brot
Butterdose	Butter	Dose
Butterfass	Butter	Fass
Buttergolem	Butter	Golem
Butterkäse	Butter	Käse
Buttermilch	Butter	Milch
Butterschmalz	Butter	Schmalz
Buttersemmel	Butter	Semmel
Buttersoße	Butter	Soße
Buttersäure	Butter	Säure
Butylacetat	Butyl	Acetat
Butylalkohol	Butyl	Alkohol
Butylgruppe	Butyl	Gruppe
Butzemann	Butz	Mann
Buxtehuderin	Buxtehuder	in
Bußsakrament	Buße	Sakrament
Bäckchen	Backe	chen
Bäckerdutzend	Bäcker	Dutzend
Bäckerei	Bäcker	ei
Bäckerin	Bäcker	in
Bäckermeister	Bäcker	Meister
Bälde	bald	e
Bällchen	Ball	chen
Bändchen	Band	chen
Bärbel	Barbara	el
Bärchen	Bär	chen
Bärenfellmütze	Bärenfell	Mütze
Bärenführer	Bär	en	Führer
Bärenhaut	Bär	en	Haut
Bärenhunger	Bär	en	Hunger
Bärenjunges	Bär	en	Junges
Bärenklau	Bär	en	Klau
Bärenkopf	Bär	en	Kopf
Bärenmarkt	Bär	en	Markt
Bärenmarktrally	Bär	en	Markt	Rally
Bärensteiner	Bärenstein	er
Bärensteinerin	Bärensteiner	in
Bärenwärter	Bär	en	Wärter
Bärlauch	Bär	Lauch
Bärtchen	Bart	chen
Bärtierchen	Bär	Tierchen
Bäuerchen	Bauer	chen
Bäuerin	Bauer	in
Bäuerlein	Bauer	lein
Bäurin	Bauer	in
Böhmerland	Böhmer	Land
Böhnchen	Bohne	chen
Börsegang	Börse	Gang
Börsenaufschwung	Börse	Aufschwung
Börsengang	Börse	n	Gang
Börsenhandel	Börse	n	Handel
Börsenhändler	Börse	n	Händler
Börsenkrach	Börse	n	Krach
Börsenkurs	Börse	n	Kurs
Börsenmakler	Börse	n	Makler
Börsenmantel	Börse	n	Mantel
Börsennotierung	Börse	n	Notierung
Börsenparkett	Börse	n	Parkett
Börsenpause	Börse	n	Pause
Börsenschluss	Börse	n	Schluss
Börsenstart	Börse	n	Start
Börsenumsatz	Börse	n	Umsatz
Börsenwert	Börse	n	Wert
Börsenöffnungszeit	Börse	n	Öffnungszeit
Börsianer	Börse	ianer
Bötchen	Boot	chen
Bübin	Bube	in
Bücherbrett	Buch	er	Brett
Bücherei	Bücher	ei
Bücherregal	Bücher	Regal
Büchersammlung	Bücher	Sammlung
Bücherschrank	Bücher	Schrank
Bücherverbrennung	Buch	er	Verbrennung
Bücherverschlinger	Bücher	Verschlinger
Bücherwurm	Buch	Wurm
Büchsenfagott	Büchse	n	Fagott
Büchsenkugel	Büchse	n	Kugel
Büchsenlicht	Büchse	n	Licht
Büchsenmacher	Büchse	n	Macher
Bückling	bücken	ling
Büdchen	Bude	chen
Büdelsdorferin	Büdelsdorfer	in
Büffelfell	Büffel	Fell
Büffelfleisch	Büffel	Fleisch
Büffelherde	Büffel	Herde
Büffeljagd	Büffel	Jagd
Büffelkäse	Büffel	Käse
Bügelbrett	bügeln	Brett
Bügeleisen	Bügel	Eisen
Bügelkrone	Bügel	Krone
Bügelsäge	Bügel	Säge
Bügelverschluss	Bügel	Verschluss
Bühnenbildausstatter	Bühnenbild	Ausstatter
Bühnenreißer	Bühne	n	Reißer
Bündelung	Bündel	ung
Bündnis	Bund	nis
Bürgeramt	Bürger	Amt
Bürgergeldempfänger	Bürgergeld	Empfänger
Bürgerhaus	Bürger	Haus
Bürgerkrieg	Bürger	Krieg
Bürgermeister	Bürger	Meister
Bürgermeisterin	Bürgermeister	in
Bürgerschaft	Bürger	schaft
Bürgersinn	Bürger	Sinn
Bürgersteig	Bürger	Steig
Bürgerwehr	Bürger	Wehr
Büroangestellter	Büro	Angestellter
Büroklammer	Büro	Klammer
Bürolandschaft	Büro	Landschaft
Bürostuhl	Büro	Stuhl
Bürotür	Büro	Tür
Bürschchen	Bursche	chen
Büschelohrmaki	Büschel	Ohr	Maki
Büstenhalter	Büste	n	Halter
Bütgenbacher	Bütgenbach	er
Bütgenbacherin	Bütgenbacher	in
Bütterken	Butter	ken
C-Falter	C	Falter
CD-Radio	CD	Radio
CDUler	CDU	ler
Cadmiumbromid	Cadmium	Bromid
Cadmiumchlorid	Cadmium	Chlorid
Cadmiumcyanid	Cadmium	Cyanid
Cadmiumfluorid	Cadmium	Fluorid
Cadmiumgehalt	Cadmium	Gehalt
Cadmiumhydroxid	Cadmium	Hydroxid
Cadmiumiodid	Cadmium	Iodid
Cadmiumion	Cadmium	Ion
Cadmiumnitrat	Cadmium	Nitrat
Cadmiumoxid	Cadmium	Oxid
Cadmiumselenid	Cadmium	Selenid
Cadmiumstearat	Cadmium	Stearat
Cadmiumsulfat	Cadmium	Sulfat
Cadmiumsulfid	Cadmium	Sulfid
Cadmiumtellurid	Cadmium	Tellurid
Cadmiumverbindung	Cadmium	Verbindung
Caissonkrankheit	Caisson	Krankheit
Calayan-Ralle	Calayan	Ralle
Calciumablagerung	Calcium	Ablagerung
Calciumacetat	Calcium	Acetat
Calciumacetylid	Calcium	Acetylid
Calciumbromat	Calcium	Bromat
Calciumbromid	Calcium	Bromid
Calciumcarbid	Calcium	Carbid
Calciumcarbonat	Calcium	Carbonat
Calciumchlorid	Calcium	Chlorid
Calciumcitrat	Calcium	Citrat
Calciumfluorid	Calcium	Fluorid
Calciumgluconat	Calcium	Gluconat
Calciumhydrid	Calcium	Hydrid
Calciumhydrogencarbonat	Calcium	Hydrogencarbonat
Calciumiodid	Calcium	Iodid
Calciumkanal	Calcium	Kanal
Calciumlactat	Calcium	Lactat
Calciummangel	Calcium	Mangel
Calciumnitrat	Calcium	Nitrat
Calciumnitrid	Calcium	Nitrid
Calciumoxalat	Calcium	Oxalat
Calciumoxid	Calcium	Oxid
Calciumphosphat	Calcium	Phosphat
Calciumpropionat	Calcium	Propionat
Calciumsilicat	Calcium	Silicat
Calciumsilikat	Calcium	Silikat
Calciumsulfat	Calcium	Sulfat
Calvinismus	Calvin	ismus
Camentzerin	Camentzer	in
Camenzerin	Camenzer	in
Campingplatz	Camping	Platz
Canadier	Canada	ier
Capronalkohol	Capron	Alkohol
Caprylalkohol	Capryl	Alkohol
Carbonatgestein	Carbonat	Gestein
Carbonsäure	carbonium	Säure
Carbonsäureamid	Carbonsäure	Amid
Carbonsäuregruppe	Carbonsäure	Gruppe
Carbonylgruppe	Carbonyl	Gruppe
Carbonylkomplex	Carbonyl	Komplex
Carbonylverbindung	Carbonyl	Verbindung
Carboxygruppe	Carboxy	Gruppe
Carotinoid	Carotin	oid
Cashewnuss	Cashew	Nuss
Catcherin	Catcher	in
Cayenne-Ralle	Cayenne	Ralle
Cayennepfeffer	Cayenne	Pfeffer
Cellistin	Cellist	in
Centstück	Cent	Stück
Ces	C	es
Chalkogenidglas	Chalkogenid	Glas
Chanat	Chan	at
Chancentod	Chance	Tod
Chaostheorie	Chaos	Theorie
Charakterlosigkeit	charakterlos	keit
Charakterzug	Charakter	Zug
Charmeoffensive	Charme	Offensive
Chasarin	Chasar	in
Chauffeurin	Chauffeur	in
Chauvispruch	Chauvi	Spruch
Cheerleaderin	Cheerleader	in
Chefetage	Chef	Etage
Chefin	Chef	in
Chefkoch	Chef	Koch
Chefterrorist	Chef	Terrorist
Chefterroristin	Chef	Terroristin
Chelatbildner	Chelat	Bildner
Chelatkomplex	Chelat	Komplex
Chelatligand	Chelat	Ligand
Chemieanlage	Chemie	Anlage
Chemieinformatik	Chemie	Informatik
Chemiewaffe	Chemie	Waffe
Chemikalienschutzanzug	Chemikalie	n	Schutzanzug
Chemiker	Chemie	iker
Chemikerin	Chemiker	in
Cheminformatik	chemo	Informatik
Chemnitzer	Chemnitz	er
Chemnitzerin	Chemnitzer	in
Chemoinformatik	chemo	Informatik
Chemolumineszenz	chemo	Lumineszenz
Chemometrik	chemo	Metrik
Chemotherapeutikum	chemo	Therapeutikum
Chicagoer	Chicago	er
Chilene	Chile	ne
Chilenin	Chilene	in
Chinakohl	China	Kohl
Chinapfanne	China	Pfanne
Chinese	China	ese
Chipkarte	Chip	Karte
Chirurgenhaube	Chirurg	en	Haube
Chirurgin	Chirurg	in
Chlorbleiche	Chlor	Bleiche
Chlordioxid	Chlor	Dioxid
Chlorfluorid	Chlor	Fluorid
Chlorgas	Chlor	Gas
Chloridkanal	Chlorid	Kanal
Chlorkalk	Chlor	Kalk
Chloroxid	Chlor	Oxid
Chlorpentafluorid	Chlor	Pentafluorid
Chlorphenol	Chlor	Phenol
Chlorstrom	Chlor	Strom
Chlorsäure	Chlor	Säure
Chlortrifluorid	Chlor	Trifluorid
Chlorung	Chlor	ung
Chlorverbindung	Chlor	Verbindung
Chlorwasser	Chlor	Wasser
Cholesterinspiegel	Cholesterin	Spiegel
Chorleiter	Chor	Leiter
Chormeister	Chor	Meister
Chorsänger	Chor	Sänger
Christabend	Christ	Abend
Christbaumkerze	Christbaum	Kerze
Christbaumkugel	Christbaum	Kugel
Christbaumschmuck	Christbaum	Schmuck
Christenheit	Christen	heit
Christin	Christ	in
Christkind	Christ	Kind
Christkindlmarkt	Christkindl	Markt
Christlichkeit	christlich	keit
Christogramm	christo	gramm
Christorbeere	Christ	Dorn	Beere
Christusmonogramm	Christus	Monogramm
Chromatierung	chromatieren	ung
Chromatizität	chromatisch	ität
Chromcarbid	Chrom	Carbid
Chromdioxid	Chrom	Dioxid
Chromgelb	Chrom	Gelb
Chromgruppe	Chrom	Gruppe
Chromgrün	Chrom	Grün
Chromiodid	Chrom	Iodid
Chromnitrid	Chrom	Nitrid
Chromosomensatz	Chromosom	en	Satz
Chromosphäre	chromo	Sphäre
Chromperoxid	Chrom	Peroxid
Chromschwefelsäure	Chrom	Schwefelsäure
Chromstahl	Chrom	Stahl
Chromsäure	Chrom	Säure
Chromtrioxid	Chrom	Trioxid
Chromzange	Chrom	Zange
Chronobiologie	chrono	Biologie
Cis	C	is
Citratzyklus	Citrat	Zyklus
Citronensäure	Citrone	Säure
Clickbaiting	clickbait	ing
Cloppenburger	Cloppenburg	er
Clownfisch	Clown	Fisch
Clubmitglied	Club	Mitglied
Clusterverbindung	Cluster	Verbindung
Coachingzone	Coaching	Zone
Cobaltgruppe	Cobalt	Gruppe
Cochemerin	Cochemer	in
Cocktailbar	Cocktail	Bar
Codeblock	Code	Block
Cofaktor	co	Faktor
Collegeblock	College	Block
Comicfigur	Comic	Figur
Comicliteratur	Comic	Literatur
Comiczeichner	Comic	Zeichner
Comiczeichnerin	Comiczeichner	in
Computergehäuse	Computer	Gehäuse
Computerindustrie	Computer	Industrie
Computerlinguistik	Computer	Linguistik
Computerprogramm	Computer	Programm
Computerspiel	Computer	Spiel
Computertomographie	Computer	Tomographie
Coppenbrügger	Coppenbrügge	er
Corbacher	Corbach	er
Corona-Diktatur	Corona	Diktatur
Coronasünder	Corona	Sünder
Countdown	count	down
Countdown-Uhr	Countdown	Uhr
Coventrierung	coventrieren	ung
Coventrisierung	coventrisieren	ung
Crailsheimerin	Crailsheimer	in
Cremeschnitte	Creme	Schnitte
Creutzfeldt-Jakob-Krankheit	Creutzfeldt	Jakob	Krankheit
Crimpzange	crimpen	Zange
Cumuluswolke	Cumulus	Wolke
Curryketchup	Curry	Ketchup
Currypulver	Curry	Pulver
Currysoße	Curry	Soße
Currywurst	Curry	Wurst
Cuttermesser	Cutter	Messer
Cuvier-Ralle	Cuvier	Ralle
Cuxhavenerin	Cuxhavener	in
Cyanidion	Cyanid	Ion
Cyanidlösung	Cyanid	Lösung
Cyanogenbromid	Cyanogen	Bromid
Cycloaddition	cyclo	Addition
Cyclodextrin	cyclo	Dextrin
D-Zug-artig	D-Zug	artig
DACH-Region	D	A	CH	Region
DFB-Elf	DFB	Elf
DFB-Team	DFB	Team
Dachboden	Dach	Boden
Dachdecker	Dach	decken
Dachdeckerin	Dachdecker	in
Dachdeckung	Dach	Deckung
Dachentwässerung	Dach	Entwässerung
Dachfenster	Dach	Fenster
Dachfonds	Dach	Fonds
Dachgaube	Dach	Gaube
Dachgeschoss	Dach	Geschoss
Dachgeschosswohnung	Dachgeschoss	Wohnung
Dachgesellschaft	Dach	Gesellschaft
Dachhase	Dach	Hase
Dachlinie	Dach	Linie
Dachpfanne	Dach	Pfanne
Dachreling	Dach	Reling
Dachshund	Dachs	Hund
Dachsprache	Dach	Sprache
Dachstuhl	Dach	Stuhl
Dachswelpe	Dachs	Welpe
Dachverband	Dach	Verband
Dachverbandsvorsitzender	Dachverband	s	Vorsitzender
Dachzeile	Dach	Zeile
Dachziegel	Dach	Ziegel
Dachüberstand	Dach	Überstand
Daddelautomat	daddeln	Automat
Damaskuserlebnis	Damaskus	Erlebnis
Damastgewebe	Damast	Gewebe
Dambacher	Dambach	er
Dambacherin	Dambacher	in
Damebrett	Dame	Brett
Damenbauer	Dame	n	Bauer
Damenbesuch	Dame	n	Besuch
Damenflügel	Dame	n	Flügel
Damenuhr	Dame	n	Uhr
Dammbacher	Dammbach	er
Dammbacherin	Dammbacher	in
Dammbruch	Damm	Bruch
Dammläufer	Damm	Läufer
Dampfdruck	Dampf	Druck
Dampfdruckkochtopf	Dampfdruck	Kochtopf
Dampfer	dampfen	er
Dampferzeuger	Dampf	Erzeuger
Dampfkessel	Dampf	Kessel
Dampfkochtopf	Dampf	Kochtopf
Dampflokomotive	Dampf	Lokomotive
Dampfmaschine	Dampf	Maschine
Dampfphase	Dampf	Phase
Dampfschicht	Dampf	Schicht
Dampfschifffahrt	Dampfschiff	Fahrt
Dampfturbine	Dampf	Turbine
Danaergeschenk	Danaer	Geschenk
Dankbarkeit	dankbar	keit
Dankbarkeitsbeweis	Dankbarkeit	s	Beweis
Dankesrede	Dank	es	Rede
Dankopfer	danken	Opfer
Dansweilerin	Dansweiler	in
Darbieter	darbieten	er
Darbietung	darbieten	ung
Darlegung	darlegen	ung
Darlehensfinanzierung	Darlehen	s	Finanzierung
Darlehensgeber	Darlehen	s	Geber
Darlehensnehmer	Darlehen	s	Nehmer
Darmausgang	Darm	Ausgang
Darmbein	Darm	Bein
Darmentzündung	Darm	Entzündung
Darmerkrankung	Darm	Erkrankung
Darmflora	Darm	Flora
Darmgeräusche	Darm	Geräusch
Darmkrankheit	Darm	Krankheit
Darmkrebs	Darm	Krebs
Darmresektion	Darm	Resektion
Darmschleimhaut	Darm	Schleimhaut
Darmverschluss	Darm	Verschluss
Darmzelle	Darm	Zelle
Darsteller	darstellen	er
Darstellerin	Darsteller	in
Darstellungsfunktion	Darstellung	Funktion
Darwinfinken	Darwin	Finken
Darwinismus	Darwin	ismus
Dasein	da	sein
Datei	Daten	ei
Dateiformat	Datei	Format
Dateiname	Datei	Name
Datenautobahn	Daten	Autobahn
Datenbankmodell	Datenbank	Modell
Datenbankschlüssel	Datenbank	Schlüssel
Datenblatt	Daten	Blatt
Datenerhebung	Daten	Erhebung
Datenlager	Daten	Lager
Datennutzung	Datum	en	Nutzung
Datenreichtum	Daten	Reichtum
Datensammlung	Daten	Sammlung
Datenschutz-Grundverordnung	Datenschutz	Grund	Verordnung
Datenschutzbeauftragte	Datenschutz	beauftragen
Datenschutzbeauftragter	Datenschutz	Beauftragter
Datenschutzerklärung	Datenschutz	Erklärung
Datensicherung	Daten	Sicherung
Datenspeicher	Daten	Speicher
Datenspeicherung	Datum	en	Speicherung
Datenstream	Daten	Stream
Datenträger	Daten	Träger
Datenverarbeitung	Daten	Verarbeitung
Datenverschlüsselung	Daten	Verschlüsselung
Datenübertragung	Daten	Übertragung
Daueraufenthalt	dauern	Aufenthalt
Dauerbackware	Dauer	Backware
Dauerbeschallung	dauern	Beschallung
Dauerdialyse	Dauer	Dialyse
Dauerform	Dauer	Form
Dauerfrost	Dauer	Frost
Dauergeschwindigkeit	Dauer	Geschwindigkeit
Dauerhaftigkeit	dauerhaft	igkeit
Dauerkatheter	Dauer	Katheter
Dauerlutscher	Dauer	Lutscher
Dauermagnet	dauern	Magnet
Dauerschach	Dauer	Schach
Dauerwirkung	Dauer	Wirkung
Dauerzocker	Dauer	Zocker
Dauerzustand	Dauer	Zustand
Daumenlutscher	Daumen	Lutscher
Daumennagel	Daumen	Nagel
Daumenregel	Daumen	Regel
Davidstern	David	Stern
Deaktivierer	deaktivieren	er
Deaktivierung	de	Aktivierung
Dealerin	Dealer	in
Deamerikanisierung	deamerikanisieren	ung
Decacarbonyl	deca	Carbonyl
Decahydrat	deca	Hydrat
Decan	dec	an
Deckbett	Deck	Bett
Deckchen	Decke	chen
Deckelschale	Deckel	Schale
Deckenfarbe	Decke	Farbe
Deckenzapfen	Decke	n	Zapfen
Deckstein	decken	Stein
Defektelektron	Defekt	Elektron
Defenestration	defenestrieren	tion
Deflationsdruck	Deflation	s	Druck
Deformationsgeschoss	Deformation	s	Geschoss
Degenfisch	Degen	Fisch
Dehalogenierung	de	Halogenierung
Dehnbarkeit	dehnbar	keit
Dehnung	dehnen	ung
Dehnübung	dehnen	Übung
Dehydrierung	dehydrieren	ung
Deichbruch	Deich	Bruch
Deichschart	Deich	Schart
Deidesheimerin	Deidesheimer	in
Deindustrialisierung	de	Industrialisierung
Deistin	Deist	in
Dekagramm	deka	Gramm
Dekompressionskrankheit	Dekompression	s	Krankheit
Dekorverchromung	Dekor	Verchromung
Delbrücker	Delbrück	er
Delfinschwimmen	Delfin	Schwimmen
Delikatessgurke	Delikatesse	Gurke
Delokalisierung	de	Lokalisierung
Delphinschwimmen	Delphin	Schwimmen
Demobilisierung	demobilisieren	ung
Demokratieanhänger	Demokratie	Anhänger
Demokratin	Demokrat	in
Demonstrantin	Demonstrant	in
Demütigung	demütigen	ung
Denaturierung	denaturieren	ung
Dendrochronologie	dendro	Chronologie
Dendrologie	dendro	logie
Denkansatz	Denken	s	Ansatz
Denkart	denken	Art
Denker	denken	er
Denkfehler	denken	Fehler
Denkmal	denken	Mal
Denkmalschutz	Denkmal	Schutz
Denkmaschine	denken	Maschine
Denkmuster	denken	Muster
Denkmünze	denken	Münze
Denkzettel	denken	Zettel
Dentalfluorose	dental	Fluorose
Denunziantin	Denunziant	in
Departementsrat	Departement	s	Rat
Dephosphorylierung	de	Phosphorylierung
Depolarisation	de	Polarisation
Deppenleerzeichen	Depp	en	Leerzeichen
Deprotonierung	de	Protonierung
Deregulierung	de	Regulierung
Derichsweilerin	Derichsweiler	in
Derivatem	Derivat	em
Derivatemarkt	Derivat	Markt
Dermatologe	derma	loge
Dermatologin	Dermatologe	in
Dernauer	Dernau	er
Dernauerin	Dernauer	in
Des	D	es
Desertation	desertieren	ation
Desinfektionsmittel	Desinfektion	Mittel
Desinformation	des	Information
Desinformationskampagne	Desinformation	s	Kampagne
Desinvestition	des	Investition
Desktopwechsel	Desktop	Wechsel
Desoxidation	des	Oxidation
Desoxidationsmittel	Desoxidation	Mittel
Desoxyribonukleinsäure	desoxy	Ribonukleinsäure
Detailhandel	Detail	Handel
Detailhändler	Detail	Händler
Detektionsgrenze	Detektion	Grenze
Determinativkompositum	determinativ	Kompositum
Detmolder	Detmold	er
Detmolderin	Detmolder	in
Detonationsgeschwindigkeit	Detonation	s	Geschwindigkeit
Detritusteilchen	Detritus	Teilchen
Deutlichkeit	deutlich	keit
Deutschamerikaner	deutsch	Amerikaner
Deutschamerikanerin	Deutschamerikaner	in
Deutscher Orden	deutsch	er	Orden
Deutschfeistritzer	Deutschfeistritz	er
Deutschfeistritzerin	Deutschfeistritzer	in
Deutschkreutzer	Deutschkreutz	er
Deutschkreutzerin	Deutschkreutzer	in
Deutschkurs	Deutsch	Kurs
Deutschnofner	Deutschnofen	er
Deutschnofnerin	Deutschnofner	in
Deutschordensstaat	Deutscher Orden	Staat
Deutschschweiz	deutsch	Schweiz
Deutschschweizer	Deutschschweiz	er
Deutschtum	Deutsch	tum
Deutschösterreich	Deutsch	Österreich
Deutungshoheit	Deutung	s	Hoheit
Devisenausgabe	Devise	n	Ausgabe
Deviseneinnahme	Devise	n	Einnahme
Devisenkurs	Devise	n	Kurs
Devisenmarkt	Devise	n	Markt
Devisenspekulation	Devise	n	Spekulation
Devisenzufluss	Devise	n	Zufluss
Devitalisationsmittel	Devitalisation	s	Mittel
Dewargefäß	Dewar	Gefäß
Dezibel	dezi	Bel
Dezimalstelle	dezimal	Stelle
Diabetiker	Diabetes	iker
Diademsifaka	Diadem	Sifaka
Dialektkontinuum	Dialekt	Kontinuum
Dialogfenster	Dialog	Fenster
Dialysegerät	Dialyse	Gerät
Dialysepatient	Dialyse	Patient
Dialysepatientin	Dialysepatient	in
Dialysesitzung	Dialyse	Sitzung
Diamantbergbau	Diamant	Bergbau
Diamantenmine	Diamant	en	Mine
Diamantgitter	Diamant	Gitter
Diamantring	Diamant	Ring
Diamantringeffekt	Diamantring	Effekt
Diamantstempelzelle	Diamant	Stempel	Zelle
Diarsan	di	Arsan
Diboran	di	Boran
Dichromat	di	Chromat
Dichromatlösung	Dichromat	Lösung
Dichtband	dichten	Band
Dichte	dicht	e
Dichterin	Dichter	in
Dichtersprache	Dichter	Sprache
Dichtigkeit	dichtig	keit
Dichtkunst	dichten	Kunst
Dichtstoff	dicht	Stoff
Dickbein	dick	Bein
Dickblatt	dick	Blatt
Dickdarm	dick	Darm
Dickdarmkrebs	Dickdarm	Krebs
Dicke	dick	e
Dickenmessung	Dicke	Messung
Dickenrücklage	Dicke	Rücklage
Dickhornschaf	dick	Horn	Schaf
Dickkopf	dick	Kopf
Dickkopffalter	Dickkopf	Falter
Dickmacher	dick	machen	er
Dickmaulrüssler	dick	Maul	Rüssler
Dickschädel	dick	Schädel
Didaktiker	Didaktik	er
Dielenbrett	Diele	n	Brett
Diener	dienen	er
Dienstbarkeit	dienstbar	keit
Diensthaus	Dienst	Haus
Dienstherr	Dienst	Herr
Dienstlaptop	Dienst	Laptop
Dienstleistung	Dienst	Leistung
Dienstleistungsgesellschaft	Dienstleistung	s	Gesellschaft
Dienstleistungsgewerbe	Dienstleistung	Gewerbe
Dienstleistungssektor	Dienstleistung	Sektor
Dienstmarke	Dienst	Marke
Dienstmädchen	Dienst	Mädchen
Dienstraum	Dienst	Raum
Dienstreise	Dienst	Reise
Dienststellenleitung	Dienststelle	Leitung
Dienstvergehen	Dienst	Vergehen
Dienstwagen	Dienst	Wagen
Dietenheimerin	Dietenheimer	in
Diffamierungskampagne	Diffamierung	s	Kampagne
Differentialgleichung	Differential	Gleichung
Differenzialgetriebe	differenzial	Getriebe
Differenzialsperre	Differential	Sperre
Differenzierung	differenzieren	ung
Diffusionsgeschwindigkeit	Diffusion	s	Geschwindigkeit
Difluorid	di	Fluorid
Digitalisierung	digitalisieren	ung
Digitalkamera	digital	Kamera
Digitalradio	digital	Radio
Digitaltacho	digital	Tacho
Digitaltechnik	digital	Technik
Digitaluhr	digital	Uhr
Diglycerid	di	Glycerid
Dihydrat	di	Hydrat
Dikalium	di	Kalium
Diktatfrieden	Diktat	Frieden
Dillgurke	Dill	Gurke
Dinucleotid	di	Nucleotid
Dinukleotid	di	Nukleotid
Dioxid	di	Oxid
Diphosphat	di	Phosphat
Diphosphonat	di	Phosphonat
Diphosphorsäure	di	Phosphorsäure
Diplomingenieur	Diplom	Ingenieur
Diplomingenieurin	Diplom	Ingenieurin
Diplomurkunde	Diplom	Urkunde
Dippoldiswalder	Dippoldiswalde	er
Dippoldiswalderin	Dippoldiswalder	in
Diproton	di	Proton
Direktinvestition	direkt	Investition
Direktübertragung	direkt	Übertragung
Dirigat	dirigieren	at
Dirndlkleid	Dirndl	Kleid
Dis	D	is
Disauerstoff	di	Sauerstoff
Disauerstoffdifluorid	Disauerstoff	Difluorid
Diselenid	di	Selenid
Disibodenberg	Disibod	en	Berg
Diskettenlaufwerk	Diskette	n	Laufwerk
Diskontrechnung	Diskont	Rechnung
Diskosprecher	Disko	Sprecher
Diskriminierung	diskriminieren	ung
Diskursanalyse	Diskurs	Analyse
Diskursmarker	Diskurs	Marker
Diskurspartikel	Diskurs	Partikel
Diskussionsfaden	Diskussion	s	Faden
Diskussionsseite	Diskussion	s	Seite
Diskuswerferin	Diskuswerfer	in
Diskuswurf	Diskus	Wurf
Distanziertheit	distanziert	heit
Distelfalter	Distel	Falter
Distickstoff	di	Stickstoff
Distickstoffmonoxid	Distickstoff	Monoxid
Distickstoffoxid	Distickstoff	Oxid
Distickstoffpentoxid	Distickstoff	Pentoxid
Distickstofftetroxid	Distickstoff	Tetroxid
Distickstofftetroxyd	Distickstoff	Tetroxyd
Disulfat	di	Sulfat
Disulfid	di	Sulfid
Disulfidbrücke	Disulfid	Brücke
Disulfidbrückenbindung	Disulfid	Brücke	Bindung
Disulfit	di	Sulfit
Ditellurid	di	Tellurid
Diterpen	di	Terpen
Dividendenanspruch	Dividende	n	Anspruch
Dividendenrendite	Dividende	n	Rendite
Diwasserstoff	di	Wasserstoff
Dneprfluss	Dnepr	Fluss
Dnjeprfluss	Dnjepr	Fluss
Dodecan	dodec	an
Dodelschach	Dodel	Schach
Doktorarbeit	Doktor	Arbeit
Doktoratsebene	Doktorat	s	Ebene
Doktoratsstudium	Doktorat	s	Studium
Doktorfisch	Doktor	Fisch
Doktorin	Doktor	in
Doktorwürde	Doktor	Würde
Dolchstoßlegende	Dolchstoß	Legende
Dollarzeichen	Dollar	Zeichen
Dolmetscherin	Dolmetscher	in
Domestizierung	domestizieren	ung
Dominanz	dominieren	anz
Dominicanerin	Dominicaner	in
Dominikanermöwe	Dominikaner	Möwe
Dominikanerorden	Dominikaner	Orden
Domkirche	Dom	Kirche
Dompfaff	Dom	Pfaffe
Donaldismus	Donald	ismus
Donaudampfschiffahrtsgesellschaft	Donau	Dampf	Schiff	Fahrt	Gesellschaft
Donaudampfschifffahrtsgesellschaftskapitän	Donau	Dampf	Schifffahrt	Gesellschaft	Kapitän
Donaueschinger	Donaueschingen	er
Donaueschingerin	Donaueschinger	in
Donaulachs	Donau	Lachs
Donaumetropole	Donau	Metropole
Donauschwabe	Donau	Schwabe
Donaustadt	Donau	Stadt
Donaustädter	Donaustadt	er
Donaustädterin	Donaustädter	in
Donautal	Donau	Tal
Donauwörther	Donauwörth	er
Donauwörtherin	Donauwörther	in
Donezbecken	Donez	Becken
Donnerhall	Donner	Hall
Donnerkeil	Donner	Keil
Donnerschlag	Donner	Schlag
Donnervogel	Donner	Vogel
Donnerwetter	Donner	Wetter
Doofi	doof	i
Doppel-T-Stein	Doppel	T	Stein
Doppelagent	doppel	Agent
Doppelagentin	Doppelagent	in
Doppelbüchse	doppel	Büchse
Doppeldeutigkeit	doppeldeutig	keit
Doppelflinte	doppel	Flinte
Doppelpack	doppel	Pack
Doppelschlag	doppel	Schlag
Doppelschleifbock	Doppel/doppelt	schleifen	bock
Doppelschleifer	Doppelschleifmaschine	er
Doppelschleifmaschine	Doppel/doppelt	schleifen	Maschine
Doppelschwanz	doppel	Schwanz
Doppelspiel	Doppel	Spiel
Doppelstern	doppel	Stern
Doppelstunde	doppel	Stunde
Doppelsöldner	doppel	Söldner
Doppelzüngigkeit	doppelzüngig	keit
Dorfbewohner	Dorf	Bewohner
Dorfbild	Dorf	Bild
Dorfkind	Dorf	Kind
Dorfkirche	Dorf	Kirche
Dorfkrug	Dorf	Krug
Dorfmatratze	Dorf	Matratze
Dorfplatz	Dorf	Platz
Dorfrand	Dorf	Rand
Dorftrottel	Dorf	Trottel
Dormer-Zwergfledermaus	James Charlemagne Dormer	Zwergfledermaus
Dornbusch	Dorn	Busch
Dornenhecke	Dorn	en	Hecke
Dornenkrone	Dorne	en	Krone
Dornfelder	Dornfeld	er
Dorngesträuch	Dorn	Gesträuch
Dornginster	Dorn	Ginster
Dornröschen	Dorn	Rose	chen
Dornröschenschlaf	Dornröschen	Schlaf
Dornteufel	Dorn	Teufel
Dortmunderin	Dortmunder	in
Dosenbier	Dose	n	Bier
Dosenschildkröte	Dose	n	Schildkröte
Dosenverschluss	Dose	n	Verschluss
Dotierelement	dotieren	Element
Dottersack	Dotter	Sack
Dozierton	dozieren	Ton
Drachenblut	Drache	n	Blut
Drachenfrucht	Drache	n	Frucht
Drachentöter	Drache	n	Töter
Drahtesel	Draht	Esel
Drahtlosverbindung	drahtlos	Verbindung
Drahtseil	Draht	Seil
Drahtseilakt	Drahtseil	Akt
Drahtseilbahn	Drahtseil	Bahn
Drahtsieb	Draht	Sieb
Drahtzieher	Draht	ziehen	er
Dramaturgin	Dramaturg	in
Draufgänger	drauf	Gänger
Drechsler	drechseln	er
Dreckfressen	Dreck	Fressen
Dreckloch	Dreck	Loch
Drecksack	Dreck	Sack
Drecksarbeit	Dreck	s	Arbeit
Drecksfressen	Dreck	s	Fressen
Drecksgöre	Dreck	Göre
Drecksnutte	Dreck	Nutte
Dreharbeit	drehen	Arbeit
Drehbank	drehen	Bank
Drehbuch	drehen	Buch
Drehbuchautor	Drehbuch	Autor
Dreher	drehen	er
Drehimpuls	Dreh	Impuls
Drehjahr	drehen	Jahr
Drehkreuz	drehen	Kreuz
Drehleier	drehen	Leier
Drehmaschine	drehen	Maschine
Drehmoment	drehen	Moment
Drehorgel	drehen	Orgel
Drehort	drehen	Ort
Drehpendeluhr	Dreh	Pendeluhr
Drehpunkt	drehen	Punkt
Drehtür	drehen	Tür
Drehung	drehen	ung
Drehzahl	Dreh	Zahl
Drehzahlmesser	Drehzahl	Messer
Dreidimensionalität	dreidimensional	ität
Dreieck	drei	Ecke
Dreiecksbeziehung	Dreieck	s	Beziehung
Dreieckshandel	Dreieck	s	Handel
Dreieckspyramide	Dreieck	s	Pyramide
Dreieckszahl	Dreieck	s	Zahl
Dreieinigkeit	drei	Einigkeit
Dreier	drei	er
Dreierwette	drei	Wette
Dreifachbindung	dreifach	Bindung
Dreifaltigkeit	drīvaltec	heit
Dreifuß	drei	Fuß
Dreigestirn	drei	Gestirn
Dreigroschenoper	drei	Groschen	Oper
Dreiklang	drei	Klang
Dreiklassenwahlrecht	drei	Klassen	Wahlrecht
Dreiklauer	drei	Klaue	er
Dreilochnutte	drei	Loch	Nutte
Dreilochstute	drei	Loch	Stute
Dreiländereck	drei	Länder	Eck
Dreimorengesetz	drei	Moren	Gesetz
Dreipass	drei	Pass
Dreisatz	Drei	Satz
Dreispitz	drei	Spitz
Dreisprung	drei	Sprung
Dreissigtausendstel	dreissig	tausendstel
Dreitagebart	drei	Tage	Bart
Dreitausendstel	drei	tausendstel
Dreivierteljahr	Dreiviertel	Jahr
Dreiwertigkeit	Drei	Wertigkeit
Dreizehenmöwe	drei	Zehen	Möwe
Dreizehneck	dreizehn	Ecke
Dreizehnflächner	dreizehn	Flächen	er
Dreizentrenbindung	drei	Zentrum	Bindung
Dreißigeck	dreißig	Ecke
Dreißigtausendstel	dreißig	tausendstel
Dreschflegel	dreschen	Flegel
Dreschmaschine	dreschen	Maschine
Dresdner	Dresden	er
Dringlichkeit	dringlich	keit
Drittstaat	dritte	Staat
Drogenabhängigkeit	Drogen	Abhängigkeit
Drogenbeauftragter	Droge	n	Beauftragter
Drogenberater	Droge	n	Berater
Drogendelikt	Droge	n	Delikt
Drogenfalle	Droge	Falle
Drogenfreak	Droge	Freak
Drogensüchtiger	drogensüchtig	er
Drohbrief	drohen	Brief
Drohgebärde	drohen	Gebärde
Drohkulisse	drohen	Kulisse
Drohnenangriff	Drohne	n	Angriff
Drosselung	drosseln	ung
Druckanstieg	Druck	Anstieg
Druckausgleich	Druck	Ausgleich
Druckbehälter	Druck	Behälter
Druckbuchstabe	Druck	Buchstabe
Druckerei	drucken	erei
Druckerpresse	Drucker	Presse
Druckgießverfahren	druckgießen	Verfahren
Druckguss	Druck	Guss
Druckmesser	Druck	Messer
Druckmessung	Druck	Messung
Druckmittel	Druck	Mittel
Druckregler	Druck	Regler
Druckschrift	Druck	Schrift
Druckstelle	Druck	Stelle
Drucktype	drucken	Type
Druckwandler	Druck	Wandler
Druckwasserreaktor	Druck	Wasser	Reaktor
Druckwelle	Druck	Welle
Druckwerk	drucken	Werk
Druckwesen	Druck	Wesen
Druffi	druff	i
Drähtchen	Draht	chen
Dröhnung	dröhnen	ung
Drückeberger	drücken	Berger
Drüsengänsefuß	Drüse	n	Gänsefuß
Dschihadistin	Dschihadist	in
Dschungelpfad	Dschungel	Pfad
Dubai-Schokolade	Dubai	Schokolade
Dudelsack	dudeln	Sack
Duderstädter	Duderstadt	er
Dudweilerin	Dudweiler	in
Duftrauchbrenner	Duft	Rauch	Brenner
Duftstoff	Duft	Stoff
Dukatenscheißer	Dukat	en	Scheißer
Duktilität	duktil	ität
Dummbart	dumm	Bart
Dummchen	dumm	chen
Dummdepp	dumm	Depp
Dummheit	dumm	heit
Dummhirn	dumm	Hirn
Dummi	dumm	i
Dummkopf	dumm	Kopf
Dumpfheit	dumpf	heit
Dungkäfer	Dung	Käfer
Dunkelkammer	dunkel	Kammer
Dunkelwasserläufer	dunkel	Wasserläufer
Dunkle Materie	dunkle	Materie
Durchbrechen	durch	brechen
Durchbruch	durch	Bruch
Durchdenken	durch	denken
Durchdringen	durch	dringen
Durchfahren	durch	fahren
Durchführbarkeit	durchführbar	keit
Durchführung	durchführen	ung
Durchführungsbestimmung	Durchführung	s	Bestimmung
Durchführungsverordnung	Durchführung	s	Verordnung
Durchgangszug	Durchgang	s	Zug
Durchgängigkeit	durchgängig	keit
Durchkämmen	durch	kämmen
Durchlauferhitzer	durchlaufen	Erhitzer
Durchlässigkeit	durchlässig	keit
Durchmesser	durch	messen
Durchmischung	durch	Mischung
Durchschlag	durch	Schlag
Durchschlagspannung	Durchschlag	Spannung
Durchschlagsspannung	Durchschlag	s	Spannung
Durchschnittstemperatur	Durchschnitt	Temperatur
Durchschrift	durch	Schrift
Durchschuss	durch	Schuss
Durchsetzung	durchsetzen	ung
Durchseuchung	durchseuchen	ung
Durchsichtigkeit	durchsichtig	keit
Durchsickerung	durchsickern	ung
Durchströmbarkeit	durchströmbar	keit
Durchsuchung	durchsuchen	ung
Durchsuchungsbefehl	Durchsuchung	Befehl
Durchwahl	durch	Wahl
Durchzug	durch	Zug
Durchzugsstraße	Durchzug	s	Straße
Durchzugsverkehr	Durchzug	s	Verkehr
Durdreiklang	Dur	Dreiklang
Durstigkeit	durstig	keit
Durstlöscher	Durst	Löscher
Durtonart	Dur	Tonart
Durtonleiter	Dur	Tonleiter
Duschgel	duschen	Gel
Duschhaube	Dusche	Haube
Duschkopf	Dusche	Kopf
Duschraum	duschen	Raum
Duschvorhang	Dusche	Vorhang
Duselei	duseln	ei
Dvorak	dvůr	ák
Dworak	dvůr	ák
Dworsak	dvůr	ák
Dworschak	dvůr	ák
Dächermeer	Dächer	Meer
Dämonenjäger	Dämonen	Jäger
Dämonenjägerin	Dämonenjäger	in
Dämonisierung	dämonisieren	ung
Dämpfung	dämpfen	ung
Däumling	Daumen	ling
Déjà-vu-Erlebnis	Déjà-vu	Erlebnis
Dönerfleisch	Döner	Fleisch
Dönerfrau	Döner	Frau
Dönermann	Döner	Mann
Dörnchen	Dorn	chen
Dörptestnisch	Dörpt	Estnisch
Dörrleiche	dörren	Leiche
Döschen	Dose	chen
Dümmlichkeit	dümmlich	keit
Düngemittelindustrie	Düngemittel	Industrie
Düngung	Dung	ung
Dünkel	dunc	el
Dünnbrettbohrer	dünn	Brett	Bohrer
Dünndarm	dünn	Darm
Dünnfilmtransistor	dünn	Film	Transistor
Dünnhäutigkeit	dünnhäutig	keit
Dünnschicht	dünn	Schicht
Dünnschichtsolarzelle	Dünnschicht	Solarzelle
Dünnschichttransistor	dünn	Schicht	Transistor
Dürenerin	Dürener	in
Dürre	dürr	e
Düsenflugzeug	Düse	n	Flugzeug
Düsenjäger	Düse	n	Jäger
Düsentriebwerk	Düsen	Triebwerk
E-Mail-Adresse	E-Mail	Adresse
E-Mail-Verschlüsselung	E-Mail	Verschlüsselung
EDUler	EDU	ler
EDV-gestützt	EDV	gestützt
EU-Außenbeauftragter	EU	Außenbeauftragter
EU-weit	EU	weit
EVPler	EVP	ler
Eberbacher	Eberbach	er
Eberbacherin	Eberbacher	in
Ebersbacher	Ebersbach	er
Ebersbacherin	Ebersbacher	in
Ebersberger	Ebersberg	er
Ebersbergerin	Ebersberger	in
Ebersdorfer	Ebersdorf	er
Eberswalder	Eberswalde	er
Eberswalderin	Eberswalder	in
Echokammer	Echo	Kammer
Echolot	Echo	Lot
Echsenmensch	Echse	n	Mensch
Echtheitszertifikat	Echtheit	Zertifikat
Echtzeit	echt	Zeit
Echtzeitkurs	Echtzeit	Kurs
Eckchen	Ecke	chen
Eckdaten	Ecke	Daten
Eckigkeit	eckig	keit
Eckladen	Ecke	Laden
Eckpfeiler	Ecke	Pfeiler
Eckpunkt	Ecke	Punkt
Eckpunktepapier	Eckpunkt	Papier
Eckrohrzange	Ecke	Rohr	Zange
Eckstein	Ecke	Stein
Eckstoß	Ecke	Stoß
Ecktisch	Ecke	Tisch
Eckwert	Ecke	Wert
Ecuadorianerin	Ecuadorianer	in
Edelfrau	edel	Frau
Edelfäule	edel	Fäule
Edelgas	edel	Gas
Edelgasverbindung	Edelgas	Verbindung
Edelherr	edel	Herr
Edelmann	edel	Mann
Edelmetall	edel	Metall
Edelschild	edel	Schild
Edelstahl	edel	Stahl
Edelstein	edel	Stein
Edelsteinhändler	Edelstein	Händler
Edelsteinsammler	Edelstein	Sammler
Edeltanne	edel	Tanne
Edelweiß	edel	weiß
Editierbarkeit	editierbar	keit
Effektenmarkt	Effekten	Markt
Effizienzmaß	Effizienz	Maß
Effizienzsteigerung	Effizienz	Steigerung
Effusionsgeschwindigkeit	Effusion	s	Geschwindigkeit
Eheauflösung	Ehe	Auflösung
Ehebrecher	ehebrechen	er
Ehebrecherei	Ehebrecher	erei
Ehebruch	Ehe	Bruch
Ehefrau	Ehe	Frau
Ehefrauchen	Ehefrau	chen
Ehegatte	Ehe	Gatte
Ehegattin	Ehe	Gattin
Ehegelübde	Ehe	Gelübde
Ehemann	Ehe	Mann
Ehemännchen	Ehemann	chen
Ehemännlein	Ehemann	lein
Ehepaar	Ehe	Paar
Ehepartner	Ehe	Partner
Ehering	Ehe	Ring
Ehescheidung	Ehe	Scheidung
Eheschließung	Ehe	Schließung
Ehestand	Ehe	Stand
Ehesteuer	Ehe	Steuer
Ehevermittler	Ehe	Vermittler
Ehevermittlung	Ehe	Vermittlung
Eheweib	Ehe	Weib
Ehrbarkeit	ehrbar	keit
Ehrenamt	Ehre	n	Amt
Ehrenarier	Ehre	n	Arier
Ehrenbacher	Ehrenbach	er
Ehrenbacherin	Ehrenbacher	in
Ehrenberger	Ehrenberg	er
Ehrenbergerin	Ehrenberger	in
Ehrendivision	Ehre	Division
Ehrendoktor	Ehre	n	Doktor
Ehrenfelder	Ehrenfeld	er
Ehrenfelderin	Ehrenfelder	in
Ehrenfrau	Ehre	n	Frau
Ehrengast	Ehre	n	Gast
Ehrenkirchener	Ehrenkirchen	er
Ehrenkirchenerin	Ehrenkirchener	in
Ehrenmann	Ehre	n	Mann
Ehrenmitgliedschaft	Ehre	Mitgliedschaft
Ehrenmord	Ehre	Mord
Ehrenpreis	Ehre	n	Preis
Ehrenschutz	Ehren	Schutz
Ehrenwort	Ehre	Wort
Ehrenzeichen	Ehre	n	Zeichen
Ehrfurcht	Ehre	Furcht
Ehrlichkeit	ehrlich	keit
Ehrlosigkeit	ehrlos	ig	keit
Ehrwürdigkeit	ehrwürdig	keit
Eibenart	Eibe	n	Art
Eibenast	Eibe	n	Ast
Eibenbaum	Eibe	n	Baum
Eibenhecke	Eibe	n	Hecke
Eibenholz	Eibe	n	Holz
Eibennadel	Eibe	n	Nadel
Eibenwald	Eibe	n	Wald
Eibenzweig	Eibe	n	Zweig
Eichbaum	Eiche	Baum
Eichel	Eiche	el
Eichelhäher	Eichel	Häher
Eichenart	Eiche	n	Art
Eichenast	Eiche	n	Ast
Eichenbaum	Eiche	Baum
Eichenblatt	Eiche	n	Blatt
Eichenhain	Eiche	n	Hain
Eichenholz	Eiche	n	Holz
Eichenlaub	Eiche	n	Laub
Eichenwäldchen	Eiche	n	Wäldchen
Eichenzweig	Eiche	n	Zweig
Eichhörnchen	Eichhorn	chen
Eichhörnchenfell	Eichhörnchen	Fell
Eichkatze	Eiche	Katze
Eichstrich	eichen	Strich
Eicosapentaensäure	eicosa	penta	en	Säure
Eidbrecher	Eid	Brecher
Eidbruch	Eid	Bruch
Eidechsenfisch	Eidechse	n	Fisch
Eiderente	Eider	Ente
Eidesformel	Eid	es	Formel
Eidgenosse	Eid	Genosse
Eidgenossenschaft	Eidgenosse	n	schaft
Eidgenossin	Eidgenosse	in
Eierbecher	Eier	Becher
Eierkopf	Ei	er	Kopf
Eierkuchen	Ei	Kuchen
Eierkühlhaus	Ei	er	Kühlhaus
Eierlikör	Ei	Likör
Eierlöffel	Eier	Löffel
Eierpfannkuchen	Eier	Pfannkuchen
Eierpflaume	Ei	er	Pflaume
Eiersalat	Ei	Salat
Eierschale	Ei	Schale
Eierschwammerl	Eier	Schwammerl
Eierspeise	Eier	Speise
Eierstock	Eier	Stock
Eierstockkrebs	Eierstock	Krebs
Eieruhr	Ei	er	Uhr
Eifeler	Eifel	er
Eifelerin	Eifeler	in
Eiferer	eifern	er
Eiferertum	Eiferer	tum
Eiferin	Eiferer	in
Eiffelturm	Eiffel	Turm
Eigelb	Ei	Gelb
Eigenartigkeit	eigenartig	keit
Eigenbeschuss	eigen	Beschuss
Eigenbrötlerei	Eigenbrötler	ei
Eigenbrötlerin	Eigenbrötler	in
Eigenerfindung	eigen	Erfindung
Eigenfinanzierung	eigen	Finanzierung
Eigengrau	eigen	grau
Eigenheit	eigen	heit
Eigenhändler	eigen	Händler
Eigeninteresse	eigen	Interesse
Eigenkapital	eigen	Kapital
Eigenkapitalgeber	Eigenkapital	Geber
Eigenkapitalisierung	Eigenkapital	isierung
Eigenkapitalquote	Eigenkapital	Quote
Eigenkapitalrendite	Eigenkapital	Rendite
Eigenkapitalrentabilität	Eigenkapital	Rentabilität
Eigennutz	eigen	Nutz
Eigenperspektive	eigen	Perspektive
Eigenschaftswort	Eigenschaft	s	Wort
Eigensinn	eigen	Sinn
Eigentor	eigen	Tor
Eigentum	eigen	tum
Eigentumsdelikt	Eigentum	s	Delikt
Eigentumswohnung	Eigentum	Wohnung
Eigentümerin	Eigentümer	in
Eigentümlichkeit	eigentümlich	keit
Eigenverantwortlichkeit	eigenverantwortlich	keit
Eigenverantwortung	eigen	Verantwortung
Eigenwert	eigen	Wert
Eigenwärme	eigen	Wärme
Eigenzeit	eigen	Zeit
Eigernordwand	Eiger	Nordwand
Eihülle	Ei	Hülle
Eilmeldung	eilen	Meldung
Einantwortung	einantworten	ung
Einatmung	einatmen	ung
Einbalsamierung	einbalsamieren	ung
Einbauküche	einbauen	Küche
Einbecker	Einbeck	er
Einbeckerin	Einbecker	in
Einberufung	einberufen	ung
Einberufungsbefehl	Einberufung	Befehl
Einbettung	einbetten	ung
Einbrecher	einbrechen	er
Einbrecherin	Einbrecher	in
Einbruchdiebstahl	Einbruch	Diebstahl
Einbürgerung	einbürgern	ung
Eindampfung	eindampfen	ung
Eindeutigkeit	eindeutig	keit
Eindringling	eindringen	ling
Eindringtiefe	eindringen	Tiefe
Eindruck	ein	Druck
Eindämmung	eindämmen	ung
Eindämmungsfeld	Eindämmung	s	Feld
Eindämmungspolitik	Eindämmung	s	Politik
Einer	ein	er
Einfachbindung	einfach	Bindung
Einfachheit	einfach	heit
Einfallsreichtum	Einfall	s	Reichtum
Einfallstraße	Einfall	Straße
Einfalt	ein	falt
Einfaltspinsel	Einfalt	Pinsel
Einfamilienhaus	eine	Familie	n	Haus
Einfamilienwohnhaus	ein	Familie	n	Wohnhaus
Einfangquerschnitt	Einfang	Querschnitt
Einfangrate	Einfang	Rate
Einfarbralle	einfarbig	Ralle
Einfasser	einfassen	er
Einflussbereich	Einfluss	Bereich
Einflussfaktor	Einfluss	Faktor
Einflusslosigkeit	einflusslos	ig	keit
Einflußlosigkeit	einflußlos	igkeit
Einfriedung	einfrieden	ung
Einfuhrabhängigkeit	Einfuhr	Abhängigkeit
Einfältigkeit	einfältig	keit
Einfärberin	Einfärber	in
Einfärbung	einfärben	ung
Einführung	einführen	ung
Einführungsjahr	Einführung	Jahr
Einführungsleitfaden	Einführung	Leitfaden
Eingabe	ein	Gabe
Eingabeaufforderung	Eingabe	Aufforderung
Eingangsbereich	Eingang	s	Bereich
Eingangsplädoyer	Eingang	s	Plädoyer
Eingangstür	Eingang	s	Tür
Eingebung	eingeben	ung
Eingeschlossensein-Syndrom	eingeschlossen	sein
Eingeständnis	eingestehen	nis
Eingreiftruppe	eingreifen	Truppe
Einguss	ein	gießen
Einhaltung	einhalten	ung
Einheber	einheben	er
Einhegung	einhegen	ung
Einheit	eins	heit
Einheitensystem	Einheit	en	System
Einheitlichkeit	einheitlich	keit
Einheitskurs	Einheit	s	Kurs
Einheitskursfeststellung	Einheitskurs	Feststellung
Einheitsmusik	Einheit	s	Musik
Einheitspartei	Einheit	s	Partei
Einheitsplural	Einheit	s	Plural
Einheitswurst	Einheit	s	Wurst
Einheizmusik	einheizen	Musik
Einholer	einholen	er
Einigkeit	einig	keit
Einigung	einigen	ung
Einkalkulierer	einkalkulieren	er
Einkaufsbeutel	Einkauf	s	Beutel
Einkaufschip	Einkauf	Chip
Einkaufskörbchen	Einkaufskorb	chen
Einkaufsliste	Einkauf	Liste
Einkaufsnetz	Einkauf	s	Netz
Einkaufsspanne	Einkauf	s	Spanne
Einkaufsstrategie	Einkauf	s	Strategie
Einkaufstasche	Einkauf	s	Tasche
Einkaufstüte	Einkauf	s	Tüte
Einkaufswagenchip	Einkaufswagen	Chip
Einkellerung	einkellern	ung
Einkesselung	einkesseln	ung
Einklang	ein	Klang
Einklemmschutz	einklemmen	Schutz
Einkocher	einkochen	er
Einkommenskluft	Einkommen	s	Kluft
Einkommensschwäche	Einkommen	s	Schwäche
Einkommensverhältnisse	Einkommen	s	Verhältnisse
Einkristall	ein	Kristall
Einkäufer	einkaufen	er
Einküchenhaus	ein	Küche	n	Haus
Einlader	einladen	er
Einladung	einladen	ung
Einlagerer	einlagern	er
Einlaufkind	einlaufen	Kind
Einlautung	ein	Laut	ung
Einlegegurke	einlegen	Gurke
Einleiter	einleiten	er
Einling	ein	ling
Einlösung	einlösen	ung
Einmacher	einmachen	er
Einmachglas	einmachen	Glas
Einmaleins	ein	mal	eins
Einmalpasswort	einmal	Passwort
Einmarkstück	ein	Mark	Stück
Einmischung	einmischen	ung
Einnahmenüberschussrechnung	Einnahme	n	Überschuss	Rechnung
Einordnung	einordnen	ung
Einparker	einparken	er
Einpfennigstück	ein	Pfennig	Stück
Einrad	ein	Rad
Einraumwohnung	ein	Raum	Wohnung
Einreißer	einreißen	er
Einrichtung	einrichten	ung
Einsatzkraft	Einsatz	Kraft
Einsatzmittel	Einsatz	Mittel
Einsatzmöglichkeit	Einsatz	Möglichkeit
Einsatzort	Einsatz	Ort
Einsatztruppe	Einsatz	Truppe
Einsatzverband	Einsatz	Verband
Einschaltquote	einschalten	Quote
Einschlafphase	einschlafen	Phase
Einschlagklappe	Einschlag	Klappe
Einschließer	einschließen	er
Einschließung	einschließen	ung
Einschlusskomplex	Einschluss	Komplex
Einschlussverbindung	Einschluss	Verbindung
Einschmelzung	einschmelzen	ung
Einschreibung	einschreiben	ung
Einschrift	ein	Schrift
Einschulungsuntersuchung	Einschulung	Untersuchung
Einschussloch	Einschuss	Loch
Einschwemmkatheter	einschwemmen	Katheter
Einschätzung	einschätzen	ung
Einseitigkeit	einseitig	keit
Einser	eins	er
Einsicht	ein	Sicht
Einsilbigkeit	einsilbig	keit
Einsprachigkeit	einsprachig	keit
Einsprengsel	einsprengen	sel
Einspringer	einspringen	er
Einspruch	ein	Spruch
Einstand	ein	Stand
Einsteiger	einsteigen	er
Einstein	ein	Stein
Einstellung	einstellen	ung
Einstellungsprozess	Einstellung	s	Prozess
Einstellungsstopp	Einstellung	s	Stopp
Einstellungswelle	Einstellung	s	Welle
Einstich	ein	Stich
Einstichstelle	Einstich	Stelle
Einstiegsdroge	Einstieg	Droge
Einstufung	einstufen	ung
Einsturz	ein	Sturz
Einsturzgefahr	Einsturz	Gefahr
Einteiler	einteilen	er
Einteilung	einteilen	ung
Eintheiler	eintheilen	er
Eintreibung	eintreiben	ung
Eintretenswahrscheinlichkeit	Eintreten	s	Wahrscheinlichkeit
Eintrittswahrscheinlichkeit	Eintritt	s	Wahrscheinlichkeit
Einträchtigkeit	einträchtig	keit
Einunddreißigeck	einunddreißig	Ecke
Einundfünfzigeck	einundfünfzig	Ecke
Einundzwanzigeck	einundzwanzig	Ecke
Einverständniserklärung	Einverständnis	Erklärung
Einwanderung	einwandern	ung
Einwecker	einwecken	er
Einweckglas	einwecken	Glas
Einwegbecher	einweg	Becher
Einwegbehälter	einweg	Behälter
Einwegbesteck	einweg	Besteck
Einwegfeuerzeug	einweg	Feuerzeug
Einwegflasche	einweg	Flasche
Einweggeschirr	einweg	Geschirr
Einwegglas	einweg	Glas
Einwegmesser	einweg	Messer
Einwegpackung	einweg	Packung
Einwegpfand	einweg	Pfand
Einwegrasierer	einweg	Rasierer
Einwegspritze	einweg	Spritze
Einwegverpackung	einweg	Verpackung
Einweihung	einweihen	ung
Einweisung	einweisen	ung
Einwendung	einwenden	ung
Einwohner	ein	wohnen	er
Einwohnergemeinde	Einwohner	Gemeinde
Einwohnerin	Einwohner	in
Einwohnermeldeamt	Einwohner	Meldeamt
Einwohnerzahl	Einwohner	Zahl
Einwurf	ein	Wurf
Einzahlungsschein	Einzahlung	s	Schein
Einzelanfertigung	einzeln	Anfertigung
Einzelauge	einzeln	Auge
Einzelbild	einzeln	Bild
Einzeldosis	einzel	Dosis
Einzelexemplar	einzeln	Exemplar
Einzelfaktor	einzel	Faktor
Einzelfall	einzeln	Fall
Einzelfallbetrachtung	Einzelfall	Betrachtung
Einzelhaft	einzeln	Haft
Einzelhandel	einzeln	Handel
Einzelhändler	einzeln	Händler
Einzelsprache	einzel	Sprache
Einzelstück	einzeln	Stück
Einzelteil	einzel	Teil
Einzelunterricht	einzeln	Unterricht
Einzelzimmer	einzeln	Zimmer
Einziehspirale	einziehen	Spirale
Einzugsparty	Einzug	Party
Einzäuner	einzäunen	er
Einäscherung	einäschern	ung
Eis	E	is
Eisbahn	Eis	Bahn
Eisbearbeitungsmaschine	Eis	Bearbeitung	s	Maschine
Eisbecher	Eis	Becher
Eisberg	Eis	Berg
Eisbergsalat	Eisberg	Salat
Eisblume	Eis	Blume
Eisbohrkern	Eis	Bohr	Kern
Eisbrecher	Eis	Brecher
Eisbär	Eis	Bär
Eisbärin	Eisbär	in
Eiscafé	Eis	Café
Eischnee	Ei	Schnee
Eiscreme	Eis	Creme
Eisdiele	Eis	Diele
Eisenacher	Eisenach	er
Eisenacherin	Eisenacher	in
Eisenbacher	Eisenbach	er
Eisenbacherin	Eisenbacher	in
Eisenbahnunterführung	Eisenbahn	Unterführung
Eisenbahnüberführung	Eisenbahn	Überführung
Eisenbasislegierung	Eisen	Basis	Legierung
Eisenbergbau	Eisen	Bergbau
Eisenberger	Eisenberg	er
Eisenbergerin	Eisenberger	in
Eisenblech	Eisen	Blech
Eisencarbid	Eisen	Carbid
Eisencarbonyl	Eisen	Carbonyl
Eisendraht	Eisen	Draht
Eisenerz	Eisen	Erz
Eisenerzgrube	Eisenerz	Grube
Eisengießer	Eisen	Gießer
Eisengießerei	Eisen	Gießerei
Eisengranat	Eisen	Granat
Eisengruppe	Eisen	Gruppe
Eisenhauer	Eisen	hauen	er
Eisenhut	Eisen	Hut
Eisenhydroxid	Eisen	Hydroxid
Eisenhüttenstadt	Eisen	Hütte	n	Stadt
Eisenhüttenstädter	Eisenhüttenstadt	er
Eisenhüttenstädterin	Eisenhüttenstädter	in
Eisenion	Eisen	Ion
Eisenkies	Eisen	Kies
Eisenkraut	Eisen	Kraut
Eisenmangel	Eisen	Mangel
Eisenmangelanämie	Eisenmangel	Anämie
Eisenmeteorit	Eisen	Meteorit
Eisennagel	Eisen	Nagel
Eisenoxid	Eisen	Oxid
Eisenpentacarbonyl	Eisen	Pentacarbonyl
Eisenpräparat	Eisen	Präparat
Eisenschraube	Eisen	Schraube
Eisensilikat	Eisen	Silikat
Eisenstadt	Eisen	Stadt
Eisenstädter	Eisenstadt	er
Eisenstädterin	Eisenstädter	in
Eisensulfat	Eisen	Sulfat
Eisensulfid	Eisen	Sulfid
Eisentreppe	Eisen	Treppe
Eisenverhüttung	Eisen	Verhüttung
Eisenwaren	Eisen	Waren
Eisenwarenladen	Eisenwaren	Laden
Eisenwerkstoff	Eisen	Werkstoff
Eiserne Krone	eisern	Krone
Eiserner Vorhang	eisern	Vorhang
Eisessig	Eis	Essig
Eisheilige	Eis	Heilige
Eisheiliger	Eis	Heiliger
Eishockey	Eis	Hockey
Eishörnchen	Eis	Hörnchen
Eiskaffee	Eis	Kaffee
Eiskanal	Eis	Kanal
Eiskappe	Eis	Kappe
Eiskasten	Eis	Kasten
Eiskunstlauf	Eis	Kunst	Lauf
Eisladen	Eis	Laden
Eislaufmutti	Eislauf	Mutti
Eislaufschuh	Eislauf	Schuh
Eislebener	Eisleben	er
Eislebenerin	Eislebener	in
Eislutscher	Eis	Lutscher
Eisläufer	Eis	Läufer
Eismeer	Eis	Meer
Eismeergarnele	Eismeer	Garnele
Eisnebel	Eis	Nebel
Eispickel	Eis	Pickel
Eisprung	Ei	Sprung
Eisregen	Eis	Regen
Eisriese	Eis	Riese
Eissalon	Eis	Salon
Eisschicht	Eis	Schicht
Eisscholle	Eis	Scholle
Eisskulptur	Eis	Skulptur
Eisstocksport	Eisstock	Sport
Eisstockstiel	Eisstock	Stiel
Eisverkäufer	Eis	Verkäufer
Eiswein	Eis	Wein
Eiswürfel	Eis	Würfel
Eiszapfen	Eis	Zapfen
Eiszeit	Eis	Zeit
Eiterbeule	Eiter	Beule
Eiterfluss	Eiter	Fluss
Eiweißfällung	Eiweiß	Fällung
Eiweißstoff	Eiweiß	Stoff
Eiweißsynthese	Eiweiß	Synthese
Eizelle	Ei	Zelle
Ektoenzym	ekto	Enzym
Elastizität	elastisch	ität
Elastizitätsmodul	Elastizität	Modul
Elbenhügel	Elb	en	Hügel
Elbenland	Elb	en	Land
Elberfelder	Elberfeld	er
Elberfelderin	Elberfelder	in
Elbmetropole	Elbe	Metropole
Elbstadt	Elbe	Stadt
Elbtal	Elbe	Tal
Elbtalerin	Elbtaler	in
Elchgeweih	Elch	Geweih
Elefantenhochzeit	Elefant	en	Hochzeit
Elefantenlaus	Elefant	Laus
Elefantenrunde	Elefant	en	Runde
Elefantenrüssel	Elefant	en	Rüssel
Elefantenrüsselfisch	Elefantenrüssel	Fisch
Elefantenrüsselmuschel	Elefantenrüssel	Muschel
Elefantenrüsselnebel	Elefantenrüssel	Nebel
Elefantenrüsselschlange	Elefantenrüssel	Schlange
Elektroantrieb	elektro	Antrieb
Elektroauto	elektro	Auto
Elektrochemie	elektro	Chemie
Elektrodenpotential	Elektrode	Potential
Elektrogerät	elektro	Gerät
Elektromagnetismus	elektro	Magnetismus
Elektromobilität	elektro	Mobilität
Elektronenaffinität	Elektron	Affinität
Elektronenakzeptor	Elektron	Akzeptor
Elektronendonor	Elektron	Donor
Elektroneneinfang	Elektron	Einfang
Elektronenfehlstelle	Elektron	Fehlstelle
Elektronenmangel	Elektron	Mangel
Elektronenmikroskop	Elektron	n	Mikroskop
Elektronenmikroskopie	Elektron	en	Mikroskopie
Elektronenschale	Elektron	Schale
Elektronenvolt	Elektron	Volt
Elektronenzahl	Elektron	Zahl
Elektronenübertragung	Elektron	Übertragung
Elektronikindustrie	Elektronik	Industrie
Elektrorasierer	elektro	Rasierer
Elektrospray-Ionisations-Massenspektrometrie	Elektrospray-Ionisation	s	Massenspektrometrie
Elementaranalyse	elementar	Analyse
Elementarteilchenphysik	Elementarteilchen	Physik
Elementarzelle	elementar	Zelle
Elementbezeichnung	Element	Bezeichnung
Elementhalbleiter	Element	Halbleiter
Elementhäufigkeit	Element	Häufigkeit
Elenantilope	Elen	Antilope
Elephantenlaus	Elephant	Laus
Elfeck	elf	Ecke
Elfenbein	Elfe	Bein
Elfenbeinkugel	Elfenbein	Kugel
Elfenbeinküste	Elfenbein	Küste
Elfenbeinmöwe	Elfenbein	Möwe
Elfenblauvogel	Elfe	n	blau	Vogel
Elfenspiegel	Elfe	n	Spiegel
Elfer	elf	er
Elfflächner	elf	Flächen	er
Eliminationsdiät	Elimination	s	Diät
Eliminierung	eliminieren	ung
Ellenbogengesellschaft	Ellenbogen	Gesellschaft
Ellhofenerin	Ellhofener	in
Ellipsoid	Ellipse	oid
Ellwangerin	Ellwanger	in
Elmshorner	Elmshorn	er
Elmshornerin	Elmshorner	in
Elsdorfer	Elsdorf	er
Elsflether	Elsfleth	er
Elternabend	Eltern	Abend
Elternhaus	Eltern	haus
Elternschaft	Eltern	schaft
Elterntaxi	Eltern	Taxi
Elternteil	Eltern	Teil
Elternzeit	Eltern	Zeit
Emaillefarbe	Emaille	Farbe
Emaillierung	emaillieren	ung
Emanzipationsbewegung	Emanzipation	Bewegung
Emirat	Emir	at
Emissionsgeschäft	Emission	s	Geschäft
Emissionslinie	Emission	Linie
Emissionsmarkt	Emission	s	Markt
Emissionspreis	Emission	s	Preis
Emissionsquelle	Emission	Quelle
Emissionsübernahme	Emission	s	Übernahme
Emmenbrücke	Emmen	Brücke
Emmendingerin	Emmendinger	in
Emmental	Emme	n	Tal
Empfangsdame	Empfang	s	Dame
Empfangsgerät	Empfang	s	Gerät
Empfangsherr	Empfang	Herr
Empfehlung	empfehlen	ung
Empfindelei	empfindeln	ei
Empfindlichkeit	empfindlich	keit
Empfindsamkeit	empfindsam	keit
Empfänglichkeit	empfänglich	keit
Empfängnis	empfangen	nis
Empfängnisverhütung	Empfängnis	Verhütung
Empfängnisverhütungsmittel	Empfängnisverhütung	s	Mittel
Empirismus	empirisch	ismus
Emporheber	emporheben	er
Emser	Ems	er
Emserin	Emser	in
Emsigkeit	emsig	keit
Emsland	Ems	Land
Endbetrag	Ende	Betrag
Endboss	Ende	Boss
Endchrist	Ende	Christ
Enddarm	Ende	Darm
Ende-zu-Ende-Verschlüsselung	Ende-zu-Ende	Verschlüsselung
Endeffekt	Ende	Effekt
Endergebnis	Ende	Ergebnis
Endgeschwindigkeit	Ende	Geschwindigkeit
Endkunde	Ende	Kunde
Endlager	Ende	Lager
Endlagerung	endlagern	ung
Endlösung	Ende	Lösung
Endnote	Ende	Note
Endplatte	Ende	Platte
Endprodukt	Ende	Produkt
Endpunkt	Ende	Punkt
Endreim	Ende	Reim
Endrunde	Ende	Runde
Endsieg	Ende	Sieg
Endsilbe	Ende	Silbe
Endspiel	Ende	Spiel
Endspurt	Ende	Spurt
Endstation	Ende	Station
Endwort	Ende	Wort
Endzeit	Ende	Zeit
Endzustand	Ende	Zustand
Endzweck	Ende	Zweck
Energieaufwand	Energie	Aufwand
Energieerzeugung	Energie	Erzeugung
Energiefreisetzung	Energie	Freisetzung
Energiegetränk	Energie	Getränk
Energieministerium	Energie	Ministerium
Energieniveau	Energie	Niveau
Energiepreis	Energie	Preis
Energiepreisbremse	Energie	Preis	Bremse
Energietransfer	Energie	Transfer
Energieverbrauch	Energie	Verbrauch
Energieversorgung	Energie	Versorgung
Energiewaffe	Energie	Waffe
Energiewende	Energie	Wende
Energiewirtschaft	Energie	Wirtschaft
Energiezufuhr	Energie	Zufuhr
Engadinerin	Engadiner	in
Engelhai	Engel	Hai
Engelmacherin	Engelmacher	in
Engelstrompete	Engel	Trompete
Engelszunge	Engel	s	Zunge
Engeländerin	Engeländer	in
Englischkurs	Englisch	Kurs
Englischsprecher	Englisch	Sprecher
Engländerin	Engländer	in
Engpass	eng	Pass
Entamerikanisierung	entamerikanisieren	ung
Entbehrung	entbehren	ung
Entbindungstermin	Entbindung	s	Termin
Entchen	Ente	chen
Entdeckung	entdecken	ung
Entenbraten	Ente	Braten
Entenbrust	Ente	Brust
Entengrütze	Ente	n	Grütze
Entenhausen	Ente	n	hausen
Entenkeule	Ente	Keule
Entenküken	Ente	Küken
Entenschnute	Ente	Schnute
Ententeich	Enten	Teich
Enterhaken	entern	Haken
Entfaltung	entfalten	ung
Entfernung	entfernen	ung
Entfernungsmesser	Entfernung	s	Messer
Entfernungsverfahren	Entfernung	s	Verfahren
Entfesselung	entfesseln	ung
Entfesselungskünstler	Entfesselung	s	Künstler
Entfremdung	entfremden	ung
Entfreundung	entfreunden	ung
Entfärber	entfärben	er
Entfärberin	Entfärber	in
Entführer	entführen	er
Entführung	entführen	ung
Entgasung	ent	Gas	ung
Entgegnung	entgegnen	ung
Entgeltsystem	Entgelt	System
Enthaltsamkeit	enthaltsam	keit
Entheber	entheben	er
Enthärtung	enthärten	ung
Enthüllung	ent	hüllen	ung
Entkohlung	ent	Kohlung
Entkopplung	ent	Kopplung
Entkräftigung	entkräftigen	ung
Entlader	entladen	er
Entladungsröhre	Entladung	Röhre
Entlassung	entlassen	ung
Entlassungsproduktivität	Entlassung	s	Produktivität
Entlassungswelle	Entlassung	s	Welle
Entlastung	entlasten	ung
Entlastungsprogramm	Entlastung	Programm
Entlaubung	entlauben	ung
Entlein	Ente	lein
Entlüftung	entlüften	ung
Entmachtung	entmachten	ung
Entmannung	entmannen	ung
Entmenschlichung	entmenschlichen	ung
Entnazifizierung	ent	nazifizieren	ung
Entriegelung	entriegeln	ung
Entrundung	entrunden	ung
Entrückung	entrücken	ung
Entrümpelung	entrümpeln	ung
Entrüstung	entrüsten	ung
Entsafter	entsaften	er
Entsalzungsanlage	Entsalzung	Anlage
Entscheidbarkeit	entscheidbar	keit
Entscheider	entscheiden	er
Entscheidungsbereich	Entscheidung	Bereich
Entscheidungsfindung	Entscheidung	s	Findung
Entscheidungsgewalt	Entscheidung	s	Gewalt
Entscheidungsproblem	Entscheidung	s	Problem
Entscheidungsträger	Entscheidung	s	Träger
Entschleuniger	entschleunigen	er
Entschließer	entschließen	er
Entschuldigung	entschuldigen	ung
Entschwefelung	entschwefeln	ung
Entschädigung	entschädigen	ung
Entschädigungssumme	Entschädigung	s	Summe
Entschärfer	entschärfen	er
Entschärfung	entschärfen	ung
Entspannung	entspannen	ung
Entspannungspolitik	Entspannung	s	Politik
Entspiegelung	entspiegeln	ung
Entsprechung	entsprechen	ung
Entstalinisierung	entstalinisieren	ung
Entstehung	entstehen	ung
Entstehungsgeschichte	Entstehung	s	Geschichte
Entstehungszeit	Entstehung	Zeit
Enttarnung	enttarnen	ung
Enttäuschung	enttäuschen	ung
Entwendung	entwenden	ung
Entwerfer	entwerfen	er
Entwertung	entwerten	ung
Entwertungsentwicklung	Entwertung	s	Entwicklung
Entwicklungsbiologie	Entwicklung	s	Biologie
Entwicklungsfaktor	Entwicklung	s	Faktor
Entwicklungshilfe	Entwicklung	Hilfe
Entwicklungsphase	Entwicklung	s	Phase
Entwicklungspotenzial	Entwicklung	Potenzial
Entwicklungsretardation	Entwicklung	s	Retardation
Entwicklungsretardierung	Entwicklung	s	Retardierung
Entwicklungsumgebung	Entwicklung	s	Umgebung
Entwicklungsverlauf	Entwicklung	s	Verlauf
Entwicklungsvorsprung	Entwicklung	s	Vorsprung
Entwicklungszeit	Entwicklung	s	Zeit
Entwicklungszusammenarbeit	Entwicklung	Zusammenarbeit
Entwurzelung	entwurzeln	ung
Entwässerung	entwässern	ung
Entwürdigung	entwürdigen	ung
Entzauberung	entzaubern	ung
Entzug	ent	Zug
Entzugserscheinung	Entzug	s	Erscheinung
Entzückung	entzücken	ung
Entzündlichkeit	entzündlich	keit
Entzündung	entzünden	ung
Entzündungsaktivität	Entzündung	Aktivität
Enzianextrakt	Enzian	Extrakt
Enzianwurzel	Enzian	Wurzel
Enzym	ἐν	ζύμη
Enzyminduktor	Enzym	Induktor
Epileptikerin	Epileptiker	in
Epochenbruch	Epoche	n	Bruch
Epochenjahr	Epoche	n	Jahr
Eppelheimer	Eppelheim	er
Eppelheimerin	Eppelheimer	in
Erbacherin	Erbacher	in
Erbauung	erbauen	ung
Erbengemeinschaft	Erben	Gemeinschaft
Erbfeind	Erbe	Feind
Erbfolge	Erbe	Folge
Erbgut	Erbe	Gut
Erbin	Erbe	in
Erbitterung	erbittern	ung
Erbkrankheit	erben	Krankheit
Erbland	Erbe	Land
Erblasser	Erbe hinterlassen	er
Erblasserin	Erblasser	in
Erblichkeit	erblich	keit
Erbobergespan	Erbe	Obergespan
Erbobergespann	Erbe	Obergespann
Erbonkel	erben	Onkel
Erbpacht	Erbe	Pacht
Erbrütung	erbrüten	ung
Erbschaftssteuer	Erbschaft	s	Steuer
Erbschaftsteuer	Erbschaft	s	Steuer
Erbsenzähler	Erbsen	Zähler
Erbstück	erben	Stück
Erbsünde	erben	Sünde
Erbtante	erben	Tante
Erbvogt	erben	Vogt
Erdalkalimetallion	Erdalkalimetall	Ion
Erdaltertum	Erde	Altertum
Erdaltzeit	Erde	alt	Zeit
Erdanziehungskraft	Erde	Anziehungskraft
Erdapfel	Erde	Apfel
Erdball	Erde	Ball
Erdbeben	Erde	Beben
Erdbebenkatastrophe	Erdbeben	Katastrophe
Erdbeerbaum	Erdbeere	Baum
Erdbeerwoche	Erdbeere	Woche
Erdbewohner	Erde	Bewohner
Erdbewohnerin	Erdbewohner	in
Erdbirne	Erde	Birne
Erdboden	Erde	Boden
Erdenrund	Erde	n	Rund
Erderwärmung	Erde	Erwärmung
Erdfrühzeit	Erde	Frühzeit
Erdgasfeld	Erdgas	Feld
Erdgasquelle	Erdgas	Quelle
Erdgeschichte	Erde	Geschichte
Erdgeschoss	Erde	Geschoss
Erdhörnchen	Erde	Hörnchen
Erdingerin	Erdinger	in
Erdkabel	Erde	Kabel
Erdkern	Erde	Kern
Erdkugel	Erde	Kugel
Erdkunde	Erde	kunde
Erdkörper	Erde	Körper
Erdling	Erde	ling
Erdmagnetfeld	Erde	Magnetfeld
Erdmantel	Erde	Mantel
Erdmittelalter	Erde	Mittelalter
Erdmittelzeit	Erde	mittel	Zeit
Erdmond	Erde	Mond
Erdmännchen	Erde	Männchen
Erdnatter	Erde	Natter
Erdneuzeit	Erde	neu	Zeit
Erdnuss	Erde	Nuss
Erdnussöl	Erdnuss	Öl
Erdnüsschen	Erdnuss	chen
Erdoberfläche	Erde	Oberfläche
Erdreich	Erde	Reich
Erdrutsch	Erde	rutschen
Erdschatten	Erde	Schatten
Erdwolf	Erde	Wolf
Erdwärme	Erde	Wärme
Erdwärmekraftwerk	Erdwärme	Kraftwerk
Erdzeitalter	Erde	Zeitalter
Erdäpfelpüree	Erdäpfel	Püree
Erdäpfelsalat	Erdäpfel	Salat
Erdöl	Erde	Öl
Erdölfraktion	Erdöl	Fraktion
Erdölvorrat	Erdöl	Vorrat
Ereignis	ereignen	nis
Ereignisablauf	Ereignis	Ablauf
Ereignishorizont	Ereignis	Horizont
Erfinder	erfinden	er
Erfindergeist	Erfinder	Geist
Erfindungsgabe	Erfindung	s	Gabe
Erfolgsfaktor	Erfolg	s	Faktor
Erfolgsgeschichte	Erfolg	s	Geschichte
Erfolgsprämie	Erfolg	s	Prämie
Erfolgsrezept	Erfolg	s	Rezept
Erfolgswahrscheinlichkeit	Erfolg	s	Wahrscheinlichkeit
Erfordernis	erfordern	nis
Erforschung	erforschen	ung
Erfrischung	erfrischen	ung
Erfurterin	Erfurter	in
Erfüllung	erfüllen	ung
Ergebenheit	ergeben	heit
Ergebnis	ergeben	nis
Ergebnisabführungsvertrag	Ergebnis	Abführung	s	Vertrag
Ergebniskosmetik	Ergebnis	Kosmetik
Ergebnisverwendung	Ergebnis	Verwendung
Ergebung	ergeben	ung
Ergonomie	ergo	nomie
Ergreifung	ergreifen	ung
Ergründung	ergründen	ung
Ergänzung	ergänzen	ung
Erhabenheit	erhaben	heit
Erhaltung	erhalten	ung
Erhaltungszustand	Erhaltung	Zustand
Erheber	erheben	er
Erheblichkeit	erheblich	keit
Erhebung	erheben	ung
Erholung	erholen	ung
Erholungsphase	Erholung	s	Phase
Erhöhung	erhöhen	ung
Erika Mustermann	Erika	Mustermann
Erinnerung	erinnern	ung
Erinnerungslücke	Erinnerung	s	Lücke
Erinnerungsstück	Erinnerung	s	Stück
Erinnerungsstütze	Erinnerung	s	Stütze
Erkennbarkeit	erkennbar	keit
Erkenntlichkeit	erkenntlich	keit
Erkenntnis	erkennen	nis
Erkenntnistheorie	Erkenntnis	Theorie
Erkennung	erkennen	ung
Erklärer	erklären	er
Erklärung	erklären	ung
Erkraftung	erkraften	ung
Erkrankung	erkranken	ung
Erkunder	erkunden	er
Erkundung	erkunden	ung
Erkältung	erkälten	ung
Erlagschein	Erlag	Schein
Erlangerin	Erlanger	in
Erlassjahr	Erlass	Jahr
Erlaubnis	erlauben	nis
Erlebnis	erleben	nis
Erledigung	erledigen	ung
Erleichterung	erleichtern	ung
Erlenholz	Erle	n	Holz
Erlkönig	Erle	König
Erläuterung	erläutern	ung
Erlöser	erlösen	er
Erlösung	erlösen	ung
Ermahnung	ermahnen	ung
Ermangelung	ermangeln	ung
Ermattung	ermatten	ung
Ermessensfreiheit	Ermessen	s	Freiheit
Ermittler	ermitteln	er
Ermittlung	ermitteln	ung
Ermittlungsbehörde	Ermittlung	s	Behörde
Ermittlungsverfahren	Ermittlung	Verfahren
Ermland	Erma	land
Ermordung	ermorden	ung
Ermöglichung	ermöglichen	ung
Ermüdung	ermüden	ung
Ermüdungsfestigkeit	Ermüdung	Festigkeit
Ernennbarkeit	ernennbar	keit
Erneuerung	erneuern	ung
Ernstfall	Ernst	Fall
Ernsthaftigkeit	ernsthaft	igkeit
Erntedankfest	Erntedank	Fest
Erntehelfer	Ernte	Helfer
Erntemenge	Ernte	Menge
Erntemonat	Ernte	Monat
Erntemond	Ernte	Mond
Ernter	ernten	er
Ernährung	ernähren	ung
Ernährungsfaktor	Ernährung	s	Faktor
Ernährungspyramide	Ernährung	s	Pyramide
Ernährungssonde	Ernährung	s	Sonde
Ernährungssouveränität	Ernährung	s	Souveränität
Ernüchterung	ernüchtern	ung
Eroberung	erobern	ung
Eroberungszug	Eroberung	Zug
Erpresser	erpressen	er
Erpressungsgeld	Erpressung	Geld
Erpressungsversuch	Erpressung	Versuch
Erprobung	erproben	ung
Erreger	erregen	er
Erregung	erregen	ung
Errichtung	errichten	ung
Erringer	erringen	er
Errungenschaft	errungen	schaft
Ersatzfahrplan	Ersatz	Fahrplan
Ersatzfrau	Ersatz	Frau
Ersatzhaltestelle	Ersatz	Haltestelle
Ersatzmann	Ersatz	Mann
Ersatzreifen	Ersatz	Reifen
Ersatzspieler	Ersatz	Spieler
Ersatzstoff	Ersatz	Stoff
Ersatzteil	Ersatz	Teil
Erscheinung	erscheinen	ung
Erschießer	erschießen	er
Erschießungskommando	Erschießung	s	Kommando
Erschleicher	erschleichen	er
Erschließer	erschließen	er
Erschließerin	Erschließer	in
Erschließung	erschließen	ung
Erschöpfungszustand	Erschöpfung	Zustand
Erschütterung	erschüttern	ung
Ersetzbarkeit	ersetzbar	keit
Ersetzung	ersetzen	ung
Ersparnis	ersparen	nis
Erstarrung	erstarren	ung
Erstattung	erstatten	ung
Erstaufnahme	erst	Aufnahme
Erstdruck	erste	Druck
Erstellung	erstellen	ung
Erstgebot	erste	Gebot
Erstgeburt	erst	Geburt
Erstgebäralter	erste	Gebäralter
Ersti	erste	i
Erstickung	ersticken	ung
Erstickungsanfall	Erstickung	s	Anfall
Erstkommunion	erste	Kommunion
Erstkontakt	erst	Kontakt
Erstling	erst	ling
Erstnotierung	erst	Notierung
Erstrangigkeit	erstrangig	keit
Erstsprache	erste	Sprache
Erstspracherwerb	Erstsprache	Erwerb
Erststimme	erst	Stimme
Ersttäter	erst	Täter
Erstversorger	erstversorgen	er
Erstversorgung	erst	Versorgung
Ertragslage	Ertrag	s	Lage
Ertragswert	Ertrag	s	Wert
Ertragswertverfahren	Ertrag	s	Wert	Verfahren
Eruptivgestein	eruptiv	Gestein
Erwachsensein	erwachsen	Sein
Erwartung	erwarten	ung
Erwartungsangst	Erwartung	s	Angst
Erwartungswert	Erwartung	s	Wert
Erweckung	erwecken	ung
Erwerbsbeteiligung	Erwerb	s	Beteiligung
Erwerbsfähigkeit	erwerbsfähig	keit
Erwerbslosigkeit	erwerbslos	igkeit
Erwerbsquote	Erwerb	s	Quote
Erwägung	erwägen	ung
Erwägungsgrund	Erwägung	s	Grund
Erzabtei	erz	Abtei
Erzberger	Erzberg	er
Erzbischof	erz	Bischof
Erzbösewicht	erz	Bösewicht
Erzdiözese	erz	Diözese
Erzdruide	erz	Druide
Erzengel	erz	Engel
Erzeuger	erzeugen	er
Erzeugerin	Erzeuger	in
Erzeugnis	erzeugen	nis
Erzeugung	erzeugen	ung
Erzfeind	erz	Feind
Erzgebirgerin	Erzgebirger	in
Erzherzog	erz	Herzog
Erzherzogin	Erzherzog	in
Erzherzogshut	Erzherzog	Hut
Erzherzogshütchen	Erzherzogshut	chen
Erzherzogtum	Erzherzog	tum
Erzieher	erziehen	er
Erziehung	erziehen	ung
Erzkanzler	erz	Kanzler
Erzlager	Erz	Lager
Erzpriester	erz	Priester
Erzvorkommen	Erz	Vorkommen
Erzwingungshaft	Erzwingung	s	Haft
Erzähler	erzählen	er
Erzählerin	Erzähler	in
Erzählung	er	zählen	ung
Eröffnung	eröffnen	ung
Eröffnungsauktion	Eröffnung	s	Auktion
Eröffnungskurs	Eröffnung	s	Kurs
Erörterung	erörtern	ung
Es	E	es
Eschenholz	Esche	Holz
Eschscholtz	Esch	Scholtz
Eschweger	Eschwege	er
Eschwegerin	Eschweger	in
Eschweilerin	Eschweiler	in
Eselei	Esel	ei
Eselhaftigkeit	eselhaft	igkeit
Eselhase	Esel	Hase
Eselsohr	Esel	Ohr
Espenlaub	Espe	n	Laub
Esperantistin	Esperantist	in
Esperantologie	Esperanto	logie
Espressokanne	Espresso	Kanne
Essbesteck	essen	Besteck
Essensmarke	Essen	Marke
Esser	essen	er
Essgabel	essen	Gabel
Essiggurke	Essig	Gurke
Essigsäurechlorid	Essig	Säure	Chlorid
Essigsäureethylester	Essigsäure	Ethyl	Ester
Essmesser	essen	Messer
Essstäbchen	essen	Stäbchen
Essstörung	essen	Störung
Esswaren	Essen	Waren
Esszeug	essen	Zeug
Estergruppe	Ester	Gruppe
Estin	Este	in
Eszett	Es	Zett
Ethan	eth	an
Ethansäure	Ethan	Säure
Ethen	eth	en
Ethergruppe	Ether	Gruppe
Ethnolekt	ethno	lekt
Ethnologe	ethno	loge
Ethnologin	Ethnologe	in
Ethylalkohol	Ethyl	Alkohol
Ethylenoxid	Ethylen	Oxid
Ethylgruppe	Ethyl	Gruppe
Etikettierung	etikettieren	ung
Etschtal	Etsch	Tal
Etschtaler	Etschtal	er
Ettelbrücker	Ettelbrück	er
Ettelbrückerin	Ettelbrücker	in
Ettenheimer	Ettenheim	er
Ettenheimerin	Ettenheimer	in
Eucharistiefeier	Eucharistie	Feier
Eukalyptusbonbon	Eukalyptus	Bonbon
Eulenfalter	Eule	n	Falter
Eulenspiegelei	Eulenspiegel	ei
Eulenspiegelstreich	Eulenspiegel	Streich
Eurokrise	Euro	Krise
Europa der verschiedenen Geschwindigkeiten	Europa	der	verschieden	en	Geschwindigkeit	en
Europapokal	Europa	Pokal
Europapolitik	Europa	Politik
Europarat	Europa	Rat
Europarecht	Europa	s	Recht
Europawahl	Europa	Wahl
Europäerin	Europäer	in
Europäischer Wirtschaftsraum	europäisch	Wirtschaft	s	Raum
Eurozeichen	Euro	Zeichen
Euskirchenerin	Euskirchener	in
Eußenheimerin	Eußenheimer	in
Evangelistin	Evangelist	in
Evolutionistin	Evolutionist	in
Evolutionsbiologe	Evolution	s	Biologe
Evolutionsbiologie	Evolution	s	Biologie
Evolutionsbiologin	Evolutionsbiologe	in
Evolutionsfaktor	Evolution	s	Faktor
Evolutionstheorie	Evolution	s	Theorie
Ewigkeit	ewig	keit
Ewigkeitskosten	Ewigkeit	s	Kosten
Exaltiertheit	exaltiert	heit
Exegetin	Exeget	in
Exerzierplatz	exerzieren	Platz
Exilregierung	Exil	Regierung
Existenzangst	Existenz	Angst
Existenzminimum	Existenz	Minimum
Existenzquantor	Existenz	Quantor
Exklusivbericht	exklusiv	Bericht
Exklusivinterview	exklusiv	Interview
Exklusivmeldung	exklusiv	Meldung
Exmatrikulation	ex	Matrikulation
Exministerin	Exminister	in
Exobiologie	exo	Biologie
Exoplanet	exo	Planet
Exoskelett	exo	Skelett
Expansionskühlung	Expansion	Kühlung
Experimentalphysik	experimental	Physik
Expertenkommission	Experte	n	Kommission
Expertin	Experte	in
Explosionsgefahr	Explosion	Gefahr
Exportgut	Export	Gut
Exporthafen	Export	Hafen
Exportware	Export	Ware
Expresskaffee	Express	Kaffee
Externat	extern	at
Extinktionskoeffizient	Extinktion	Koeffizient
Extrablatt	extra	Blatt
Extraktionsverfahren	Extraktion	Verfahren
Extranet	extra	net
Extrazellularraum	extrazellulär	Raum
Extrembedingung	extrem	Bedingung
Extremsport	extrem	Sport
FDPler	FDP	ler
Fabeltier	Fabel	Tier
Fabelwesen	Fabel	Wesen
Fabrikationsfehler	Fabrikation	s	Fehler
Fabriksirene	Fabrik	Sirene
Facettenauge	Facette	n	Auge
Facharzt	Fach	Arzt
Facharztzentrum	Facharzt	Zentrum
Fachausdruck	Fach	Ausdruck
Fachbegriff	Fach	Begriff
Fachbereich	Fach	Bereich
Fachchinesisch	Fach	Chinesisch
Fachexperte	Fach	Experte
Fachgeschäft	Fach	Geschäft
Fachhochschule	Fach	Hochschule
Fachidiot	Fach	Idiot
Fachinformatiker	Fach	Informatiker
Fachjargon	Fach	Jargon
Fachkenntnis	Fach	Kenntnis
Fachmann	Fach	Mann
Fachmarkt	Fach	Markt
Fachsprache	Fach	Sprache
Fachtrottel	Fach	Trottel
Fachwerkhaus	Fachwerk	Haus
Fachwissen	Fach	Wissen
Fachwort	Fach	Wort
Fachwortlexikon	Fachwort	Lexikon
Fachärztin	Fach	Ärztin
Fadenkreuz	Faden	Kreuz
Fadenlauf	Faden	Lauf
Fadenmolch	Faden	Molch
Fadenwurm	Faden	Wurm
Fagottist	Fagott	ist
Fahnder	fahnden	er
Fahndungsliste	Fahndung	s	Liste
Fahnenflucht	Fahne	Flucht
Fahnenmast	Fahne	Mast
Fahnenstange	Fahne	Stange
Fahnenträger	Fahnen	Träger
Fahrausweis	fahren	Ausweis
Fahrbahn	fahren	Bahn
Fahrdamm	fahren	Damm
Fahrer	fahren	er
Fahrerflucht	Fahrer	Flucht
Fahrerin	Fahrer	in
Fahrersitz	Fahrer	Sitz
Fahrgast	fahren	Gast
Fahrgeld	fahren	Geld
Fahrgemeinschaft	fahren	Gemeinschaft
Fahrgestell	fahren	Gestell
Fahrkarte	fahren	Karte
Fahrkartenautomat	Fahrkarte	Automat
Fahrlässigkeit	fahrlässig	keit
Fahrplan	fahren	Plan
Fahrpreis	fahren	Preis
Fahrrad	fahren	Rad
Fahrraddieb	Fahrrad	Dieb
Fahrradfahren	Fahrrad	fahren
Fahrradfahrer	Fahrrad	Fahrer
Fahrradgeschäft	Fahrrad	Geschäft
Fahrradindustrie	Fahrrad	Industrie
Fahrradkette	Fahrrad	Kette
Fahrradparkplatz	Fahrrad	Parkplatz
Fahrradsattel	Fahrrad	Sattel
Fahrradschlauch	Fahrrad	Schlauch
Fahrradständer	Fahrrad	Ständer
Fahrradweg	Fahrrad	Weg
Fahrschule	fahren	Schule
Fahrsteig	fahren	Steig
Fahrstreifen	fahren	Streifen
Fahrstuhl	fahren	Stuhl
Fahrstuhlmannschaft	Fahrstuhl	Mannschaft
Fahrten	Fahrt	en
Fahrtwind	Fahrt	Wind
Fahrtüchtigkeit	fahrtüchtig	keit
Fahruntüchtigkeit	fahruntüchtig	keit
Fahrvergnügen	fahren	Vergnügen
Fahrwasser	fahren	Wasser
Fahrwerk	fahren	Werk
Fahrwind	fahren	Wind
Fahrzeug	fahren	Zeug
Fahrzeugbau	Fahrzeug	Bau
Fahrzeughersteller	Fahrzeug	Hersteller
Fahrzeugkatalysator	Fahrzeug	Katalysator
Fahrzeugtechnik	Fahrzeug	Technik
Faktencheck	Fakt	en	Check
Falkenberger	Falkenberg	er
Falkenbergerin	Falkenberger	in
Falkenburgerin	Falkenburger	in
Falkenhaube	Falke	n	Haube
Falkenseer	Falkensee	er
Falkenseerin	Falkenseer	in
Falkensteiner	Falkenstein	er
Falkensteinerin	Falkensteiner	in
Falknerin	Falkner	in
Fall-Kontroll-Studie	Fall	Kontrolle	Studie
Fallbeil	fallen	Beil
Fallgatter	fallen	Gatter
Fallobst	fallen	Obst
Fallreep	fallen	Reep
Fallrohr	Fall	Rohr
Fallrückzieher	Fall	Rückzieher
Fallschirm	Fall	Schirm
Fallschirmjäger	Fallschirm	Jäger
Fallstudie	Fall	Studie
Fallsucht	fallen	Sucht
Fallturm	Fall	Turm
Falltür	fallen	Tür
Falltürspinne	Falltür	Spinne
Fallzahl	Fall	Zahl
Falschaussage	falsch	Aussage
Falschfahrer	falsch	Fahrer
Falschgeld	falsch	Geld
Falschmünzer	falsch	Münzer
Falschschreibung	falsch	Schreibung
Falschspieler	falsch	Spieler
Faltenmagen	Falte	n	Magen
Falterfisch	Falter	Fisch
Faltstuhl	falten	Stuhl
Falzbein	Falz	Bein
Familienangelegenheit	Familie	n	Angelegenheit
Familienaufstellung	Familie	n	Aufstellung
Familienbande	Familie	Band
Familienhaus	Familie	n	Haus
Familienmensch	Familie	n	Mensch
Familiensport	Familie	n	Sport
Familiensprache	Familie	n	Sprache
Familienstandsänderung	Familienstand	s	Änderung
Familienstatus	Familie	Status
Familienvater	Familie	n	Vater
Familienwohnhaus	Familie	n	Wohnhaus
Fangfrage	Fang	Frage
Fangzahn	Fang	Zahn
Fantasterei	Fantast	erei
Fantasyroman	Fantasy	Roman
Farbbalance	Farbe	Balance
Farbband	Farbe	Band
Farbbeutel	Farbe	Beutel
Farbbild	Farbe	Bild
Farbenblindheit	Farbe	Blindheit
Farbenindustrie	Farbe	Industrie
Farbfernsehen	Farbe	Fernsehen
Farbgleichgewicht	Farbe	Gleichgewicht
Farbigkeit	farbig	keit
Farbintensität	Farbe	Intensität
Farbkombination	Farbe	Kombination
Farblack	Farbe	Lack
Farbmetrik	Farbe	Metrik
Farbpalette	Farbe	Palette
Farbpigment	Farbe	Pigment
Farbraum	Farbe	Raum
Farbreaktion	Farbe	Reaktion
Farbschlüssel	Farbe	Schlüssel
Farbspektrum	Farbe	Spektrum
Farbstabilisator	Farbe	Stabilisator
Farbstift	Farbe	Stift
Farbstiftkasten	Farbstift	Kasten
Farbstoff	Farbe	Stoff
Farbstärke	Farbe	Stärke
Farbton	Farbe	Ton
Farbtube	Farbe	Tube
Farbwechsel	Farbe	Wechsel
Farbänderung	Farbe	Änderung
Farmer	Farm	er
Farmersalat	Farmer	Salat
Farnkraut	Farn	Kraut
Fasanengarten	Fasan	en	Garten
Faserlaser	Faser	Laser
Fasermatte	Faser	Matte
Fassbier	Fass	Bier
Fassbinder	Fass	Binder
Fassbombe	Fass	Bombe
Fassung	fassen	ung
Fassungslosigkeit	fassungslos	igkeit
Fassungsvermögen	Fassung	s	Vermögen
Fastenbier	Fasten	Bier
Fastenzeit	Fasten	Zeit
Fastprimzahl	fast	Primzahl
Fauchschabe	fauchen	Schabe
Faulbaum	faul	Baum
Faulfliege	faul	Fliege
Faulholzmotte	faul	Holz	Motte
Faulpelz	faul	Pelz
Faultier	faul	Tier
Faustfeuerwaffe	Faust	Feuerwaffe
Fausthandschuh	Faust	Handschuh
Faustkampf	Faust	Kampf
Faustregel	Faust	Regel
Faustschlag	Faust	Schlag
Faxgerät	Fax	Gerät
Fechter	fechten	er
Fechterin	Fechter	in
Fechterschnecke	Fechter	Schnecke
Federball	Feder	Ball
Federballspiel	Federball	Spiel
Federballspieler	Federball	Spieler
Federballspielerin	Federball	Spieler
Federbett	Feder	Bett
Federbusch	Feder	Busch
Federchen	Feder	chen
Federhalter	Feder	Halter
Federhaus	Feder	Haus
Federkern	Feder	Kern
Federkiel	Feder	Kiel
Federkleid	Feder	Kleid
Federkrieg	Feder	Krieg
Federpennal	Feder	Pennal
Federspitze	Feder	Spitze
Federstrich	Feder	Strich
Federweiß	Feder	weiß
Federweißer	Feder	weiß
Federwolke	Feder	Wolke
Federzeichnung	Feder	Zeichnung
Feenwesen	Fee	n	Wesen
Fehdehandschuh	Fehde	Handschuh
Fehlanzeige	fehl	Anzeige
Fehlbetrag	fehl	Betrag
Fehlbezeichnung	fehl	Bezeichnung
Fehlbildung	fehl	Bildung
Fehldeutung	fehl	Deutung
Fehleinschätzung	fehl	Einschätzung
Fehlentscheidung	fehl	Entscheidung
Fehleranfälligkeit	fehleranfällig	keit
Fehlerfreiheit	fehlerfrei	heit
Fehlerhaftigkeit	fehlerhaft	igkeit
Fehlerlosigkeit	fehlerlos	igkeit
Fehlermeldung	Fehler	Meldung
Fehlernährung	Fehler	Nahrung
Fehlerquelle	Fehler	Quelle
Fehlersuche	Fehler	Suche
Fehlgeburt	fehl	Geburt
Fehlkommunikation	fehl	Kommunikation
Fehlleistung	fehl	Leistung
Fehlplanung	Fehl	Planung
Fehlschlag	fehl	Schlag
Fehlschluss	fehl	Schluss
Fehlstart	fehl	Start
Fehlstellung	fehlen	Stellung
Fehlurteil	fehlen	Urteil
Fehlverhalten	fehl	Verhalten
Feierabend	Feier	Abend
Feierbiest	feiern	Biest
Feierstudium	feiern	Studium
Feigenbaum	Feige	n	Baum
Feigenblatt	Feige	n	Blatt
Feigenkaktus	Feige	Kaktus
Feigenpirol	Feige	n	Pirol
Feigling	feig	ling
Feilbieter	feilbieten	er
Feilhalter	feilhalten	er
Feinbackware	fein	Backware
Feinbäcker	fein	Bäcker
Feinbäckerin	Feinbäcker	in
Feinchemikalie	fein	Chemikalie
Feindbild	Feind	Bild
Feindesliste	Feind	es	Liste
Feindschaft	Feind	schaft
Feinfühligkeit	feinfühlig	keit
Feingebäck	fein	Gebäck
Feingefühl	fein	Gefühl
Feingehaltzahl	Feingehalt	Zahl
Feinguss	fein	Guss
Feinkornbaustahl	feinkörnig	Bau	Stahl
Feinpulver	fein	Pulver
Feinschliff	fein	Schliff
Feinschmeckerlokal	Feinschmecker	Lokal
Feinsilber	fein	Silber
Feinsinn	fein	Sinn
Feinsinnigkeit	feinsinnig	keit
Feinspitz	fein	Spitz
Feinstaub	fein	Staub
Feinstofflichkeit	feinstofflich	keit
Feinstruktur	fein	Struktur
Feinstrukturkonstante	Feinstruktur	Konstante
Feinsäge	fein	Säge
Feinsänger	fein	Sänger
Feldbacher	Feldbach	er
Feldbacherin	Feldbacher	in
Feldbett	Feld	Bett
Feldforschung	Feld	Forschung
Feldgrau	Feld	Grau
Feldgrille	Feld	Grille
Feldgurke	Feld	Gurke
Feldhauptmann	Feld	Hauptmann
Feldhausener	Feldhausen	er
Feldhausenerin	Feldhausener	in
Feldhauser	Feldhaus	er
Feldhauserin	Feldhauser	in
Feldheuschrecke	Feld	Heuschrecke
Feldkircher	Feldkirch	er
Feldkircherin	Feldkircher	in
Feldlerche	Feld	Lerche
Feldlinie	Feld	Linie
Feldmarschall	Feld	Marschall
Feldmaus	Feld	Maus
Feldmesser	Feld	Messer
Feldrain	Feld	Rain
Feldrand	Feld	Rand
Feldsalat	Feld	Salat
Feldschwirl	Feld	Schwirl
Feldspat	Feld	Spat
Feldspieler	Feld	Spieler
Feldspinne	Feld	Spinne
Feldversuch	Feld	Versuch
Feldverweis	Feld	Verweis
Feldwebel	Feld	Weibel
Feldwieser	Feldwies	er
Feldzeichen	Feld	Zeichen
Feldzug	Feld	Zug
Fellachin	Fellache	in
Fellaffe	Fell	Affe
Fellhandschuh	Fell	Handschuh
Felsblock	Fels	Block
Felsboden	Fels	Boden
Felsbrocken	Fels	Brocken
Felsenpfeifer	Fels	en	Pfeifer
Felsensittich	Felsen	Sittich
Felsentaube	Felsen	Taube
Felssporn	Fels	Sporn
Felsvorsprung	Fels	Vorsprung
Felswand	Fels	Wand
Femtochemie	femto	Chemie
Femtosekunde	femto	Sekunde
Fenriswolf	Fenris	Wolf
Fensterbank	Fenster	Bank
Fensterbrett	Fenster	Brett
Fensterflügel	Fenster	Flügel
Fensterglas	Fenster	Glas
Fensterhaken	Fenster	Haken
Fensterkitt	Fenster	Kitt
Fensterladen	Fenster	Laden
Fensterladenhalter	Fensterladen	Halter
Fenstermücke	Fenster	Mücke
Fensterplatz	Fenster	Platz
Fensterrahmen	Fenster	Rahmen
Fensterscheibe	Fenster	Scheibe
Fenstersturz	Fenster	Sturz
Fenstertag	Fenster	Tag
Fenstertuch	Fenster	Tuch
Ferienhaus	Ferien	Haus
Ferienlager	Ferien	lager
Ferienort	Ferien	Ort
Feriensemester	Ferien	Semester
Ferienwohnrecht	Ferien	Wohnrecht
Ferkelkraut	Ferkel	Kraut
Fernbedienung	fern	Bedienung
Fernbeziehung	fern	Beziehung
Ferngespräch	fern	Gespräch
Fernglas	fern	Glas
Fernrohr	fern	Rohr
Fernsehapparat	fern	sehen	Apparat
Fernsehbildröhre	Fernsehbild	Röhre
Fernsehen	fern	sehen
Fernseher	fernsehen	er
Fernsehfernbedienung	Fernsehen	Fernbedienung
Fernsehgerät	Fernsehen	Gerät
Fernsehmoderatorin	Fernsehmoderator	in
Fernsehraum	Fernsehen	Raum
Fernsehredakteur	Fernsehen	Redakteur
Fernsehröhre	Fernsehen	Röhre
Fernsehschirm	Fernsehen	Schirm
Fernsehsender	fernsehen	Sender
Fernsehsendung	Fernsehen	Sendung
Fernsehserie	Fernsehen	Serie
Fernsehtaube	Fernseher	Taube
Fernsehturm	fernsehen	Turm
Fernsprechapparat	Fern	sprechen	Apparat
Fernsprechautomat	Fernsprecher	Automat
Fernsprecher	fern	Sprecher
Fernsteuerung	fern	Steuerung
Fernstudium	fern	Studium
Fernuniversität	fern	Universität
Fernunterricht	fern	Unterricht
Fernverkehr	fern	Verkehr
Fernwirkung	fern	Wirkung
Fernzug	fern	Zug
Fertigarzneimittel	fertig	Arzneimittel
Fertiggericht	fertig	Gericht
Fertighaus	fertig	Haus
Fertigkeit	fertig	keit
Fertigstellung	fertigstellen	ung
Fertigungstechnik	Fertigung	Technik
Fertigungsverfahren	Fertigung	Verfahren
Fertigware	fertig	Ware
Fertigzustand	fertig	Zustand
Fes	F	es
Fesselballon	Fessel	Ballon
Fesselspiel	fesseln	Spiel
Festanstellung	fest	Anstellung
Festbier	Fest	Bier
Feste	fest	e
Festelektrolyt	fest	Elektrolyt
Festessen	Fest	Essen
Festgehalt	fest	Gehalt
Festhalter	festhalten	er
Festhaltung	festhalten	ung
Festigung	festigen	ung
Festkörperchemie	Festkörper	Chemie
Festkörperphysik	Festkörper	Physik
Festland	fest	Land
Festmahl	Fest	Mahl
Festschmaus	Fest	Schmaus
Festschrift	Fest	Schrift
Feststellung	feststellen	ung
Feststellungsklage	Feststellung	Klage
Feststoff	fest	Stoff
Feststoffrakete	Feststoff	Rakete
Festtag	Fest	Tag
Festungshaft	Festung	s	Haft
Festzug	Fest	Zug
Festübernahme	fest	Übernahme
Fettabsaugung	Fett	Absaugung
Fettalkohol	Fett	Alkohol
Fettarsch	Fett	Arsch
Fettauge	Fett	Auge
Fettfisch	Fett	Fisch
Fettgewebe	Fett	Gewebe
Fetthärtung	Fett	Härtung
Fettigkeit	fettig	keit
Fettleber	Fett	Leber
Fettleibigkeit	fettleibig	keit
Fettmolekül	Fett	Molekül
Fettnäpfchen	Fettnapf	chen
Fettsack	Fett	Sack
Fettschwanzmaki	Fettschwanz	Maki
Fettstoffwechsel	Fett	Stoffwechsel
Fettsucht	Fett	Sucht
Fettsäure	Fett	Säure
Fettwanst	Fett	Wanst
Feuchte	feucht	e
Feuchtgebiet	feucht	Gebiet
Feuchtigkeit	feucht	igkeit
Feuchtigkeitsverlust	Feuchtigkeit	s	Verlust
Feuchtphase	feucht	Phase
Feudaladel	feudal	Adel
Feuer fangen	Feuer	fangen
Feueralarm	Feuer	Alarm
Feuerameise	Feuer	Ameise
Feueranbeterei	Feuer	Anbeterei
Feuerball	Feuer	Ball
Feuerbestattung	Feuer	Bestattung
Feuerbohne	Feuer	Bohne
Feuerfisch	Feuer	Fisch
Feuerfunke	Feuer	Funke
Feuergefecht	Feuer	Gefecht
Feuerhalle	Feuer	Halle
Feuerholz	Feuer	Holz
Feuerkäfer	Feuer	Käfer
Feuerland	Feuer	Land
Feuerleiter	Feuer	Leiter
Feuerlöscher	Feuer	löschen	er
Feuerlöschmittel	Feuer	Löschmittel
Feuermauer	Feuer	Mauer
Feuermeer	Feuer	Meer
Feuerofen	Feuer	Ofen
Feuerprobe	Feuer	Probe
Feuerring	Feuer	Ring
Feuersbrunst	Feuer	s	Brunst
Feuerschein	Feuer	Schein
Feuerschiff	Feuer	Schiff
Feuerschutz	Feuer	Schutz
Feuersglut	Feuer	s	Glut
Feuerstahl	Feuer	Stahl
Feuerstein	Feuer	Stein
Feuerstuhl	Feuer	Stuhl
Feuertaufe	Feuer	Taufe
Feuerteufel	Feuer	Teufel
Feuerturm	Feuer	Turm
Feuerwache	Feuer	Wache
Feuerwaffe	Feuer	Waffe
Feuerwanze	Feuer	Wanze
Feuerwehrfrau	Feuerwehr	Frau
Feuerwehrhaus	Feuerwehr	Haus
Feuerwehrleute	Feuerwehr	Leute
Feuerwehrmann	Feuerwehr	Mann
Feuerwehrmarmelade	Feuerwehr	Marmelade
Feuerwehrschlauch	Feuerwehr	Schlauch
Feuerwerkerei	Feuerwerk	erei
Feuerwerksartikel	Feuerwerk	s	Artikel
Feuerwerkskörper	Feuerwerk	s	Körper
Feuerwerksrakete	Feuerwerk	s	Rakete
Fiberbronchoskop	Fiber	Bronchoskop
Fiberbronchoskopie	Fiber	Bronchoskopie
Fiberglasanbieter	Fiberglas	Anbieter
Fiberglasaufbau	Fiberglas	Aufbau
Fiberglasbeschichtung	Fiberglas	Beschichtung
Fiberglasbronchoskopie	Fiberglas	Bronchoskopie
Fiberglasdraht	Fiberglas	Draht
Fiberglaselement	Fiberglas	Element
Fiberglasfeder	Fiberglas	Feder
Fiberglasfigur	Fiberglas	Figur
Fiberglasgewebe	Fiberglas	Gewebe
Fiberglashülle	Fiberglas	Hülle
Fiberglaskabel	Fiberglas	Kabel
Fiberglasmatte	Fiberglas	Matte
Fiberglasoptik	Fiberglas	Optik
Fiberglasplatte	Fiberglas	Platte
Fiberglasreplik	Fiberglas	Replik
Fiberglasring	Fiberglas	Ring
Fiberglasrumpf	Fiberglas	Rumpf
Fiberglasschaft	Fiberglas	Schaft
Fiberglasschale	Fiberglas	Schale
Fiberglasstab	Fiberglas	Stab
Fiberglasstange	Fiberglas	Stange
Fiberglasstruktur	Fiberglas	Struktur
Fiberglassystem	Fiberglas	System
Fiberglasummantelung	Fiberglas	Ummantelung
Fiberglasverkleidung	Fiberglas	Verkleidung
Fiberglaszylinder	Fiberglas	Zylinder
Fichtenast	Fichte	n	Ast
Fichtenholz	Fichte	n	Holz
Fichtennadel	Fichte	n	Nadel
Fichtenporling	Fichte	n	Porling
Fichtenrüsselkäfer	Fichte	Rüsselkäfer
Fichtenspinner	Fichte	Spinner
Fichtenzapfen	Fichte	n	Zapfen
Fichtenzweig	Fichte	n	Zweig
Fickfehler	ficken	Fehler
Fickfreund	ficken	Freund
Fidjiralle	Fidji	Ralle
Fieberblase	Fieber	Blase
Fieberkrampf	Fieber	Krampf
Fieberthermometer	Fieber	Thermometer
Fiebertraum	Fieber	Traum
Fieberwahn	Fieber	Wahn
Fiederblatt	Fieder	Blatt
Fiedler	Fiedel	er
Fierant	fiera	ant
Fiesling	fies	ling
Fietsken	Fietse	ken
Filmadaption	Film	Adaption
Filmausschnitt	Film	Ausschnitt
Filmkomödie	Film	Komödie
Filmmusik	Film	Musik
Filmregisseur	Film	Regisseur
Filmstar	Film	Star
Filmtechnik	Film	Technik
Filterblase	Filter	Blase
Filzhut	Filz	Hut
Filzlaus	Filz	Laus
Finanzamt	Finanz	Amt
Finanzanlage	Finanz	Anlage
Finanzanleger	Finanz	Anleger
Finanzexperte	Finanz	Experte
Finanzierung	finanzieren	ung
Finanzierungsrunde	Finanzierung	s	Runde
Finanzierungsvorgang	Finanzierung	Vorgang
Finanzierungszyklus	Finanzierung	s	Zyklus
Finanzlage	Finanz	Lage
Finanzmanagement	Finanz	Management
Finanzminister	Finanz	Minister
Finanzministerin	Finanzminister	in
Finanzordner	Finanz	Ordner
Finanzplanung	Finanz	Planung
Finanzspritze	Finanz	Spritze
Finanztransaktionssteuer	Finanztransaktion	s	Steuer
Finanzvermögen	Finanz	Vermögen
Finanzwissenschaftler	Finanz	Wissenschaftler
Findelkind	Findel	Kind
Finder	finden	er
Findling	Fund	ling
Findung	finden	ung
Fingerabdruck	Finger	Abdruck
Fingerbreit	Finger	breit
Fingerbreite	Finger	Breite
Fingerfertigkeit	fingerfertig	keit
Fingerhandschuh	Finger	Handschuh
Fingerhut	Finger	Hut
Fingerknöchel	Finger	Knöchel
Fingerkraut	Finger	Kraut
Fingernagel	Finger	Nagel
Fingersatz	Finger	Satz
Fingerspitze	Finger	Spitze
Fingerspitzengefühl	Fingerspitze	Gefühl
Fingertier	Finger	Tier
Fingerzeig	Finger	zeigen
Finkenvogel	Fink	en	Vogel
Finnland	Finne	Land
Finnländerin	Finnländer	in
Finsterspinne	Finster	Spinne
Firmenleitung	Firmen	Leitung
Firmenwagen	Firmen	Wagen
Firne	firn	e
Firnfeld	Firn	Feld
Firstbalken	First	Balken
Firstpfette	First	Pfette
Fis	F	is
Fischadler	Fisch	Adler
Fischbach	Fisch	Bach
Fischbacher	Fischbach	er
Fischbacherin	Fischbacher	in
Fischbecken	Fisch	Becken
Fischbestand	Fisch	Bestand
Fischbrötchen	Fisch	Brötchen
Fischereiministerium	Fischerei	Ministerium
Fischfrikadelle	Fisch	Frikadelle
Fischfrikadellenbrötchen	Fischfrikadelle	Brötchen
Fischgabel	Fisch	Gabel
Fischgeschäft	Fisch	Geschäft
Fischhaken	Fisch	Haken
Fischhändler	Fisch	Händler
Fischkatze	Fisch	Katze
Fischkutter	Fisch	Kutter
Fischladen	Fisch	Laden
Fischmesser	Fisch	Messer
Fischmilch	Fisch	Milch
Fischnetz	Fisch	Netz
Fischotter	Fisch	Otter
Fischschwarm	Fisch	Schwarm
Fischteich	Fisch	Teich
Fischtreppe	Fisch	Treppe
Fischwurst	Fisch	Wurst
Fischzucht	Fisch	Zucht
Fiskalpolitik	fiskal	Politik
Fistelstimme	Fistel	Stimme
Fitnessstudio	Fitness	Studio
Fitnessteller	Fitness	Teller
Fitnesstraining	Fitness	Training
Fitzelchen	Fitzel	chen
Fixiermittel	fixieren	Mittel
Fixiersalz	fixieren	Salz
Fixkostendegression	Fixkosten	Degression
Fixstern	fix	Stern
Flachbildfernseher	flach	Bild	Fernseher
Flachbildschirm	flach	Bildschirm
Flachdichtung	flach	Dichtung
Flachkopfkatze	flach	Kopf	Katze
Flachland	flach	Land
Flachlandtapir	Flachland	Tapir
Flachländer	Flachland	er
Flachmacher	flachmachen	er
Flachmann	flach	Mann
Flachpfeife	flach	Pfeife
Flachsfaser	Flachs	Faser
Flachzange	flach	Zange
Fladenbrot	Fladen	Brot
Flaggenfall	Flagge	n	Fall
Flaggenkunde	Flagge	n	kunde
Flaggenstange	Flagge	Stange
Flakfeuer	Flak	Feuer
Flamencotänzer	Flamenco	Tänzer
Flamencotänzerin	Flamencotänzer	in
Flammenfarbe	Flamme	Farbe
Flammenmeer	Flammen	Meer
Flammenphotometrie	Flamme	Photometrie
Flammenwerfer	Flamme	werfen	er
Flammkuchen	Flamme	Kuchen
Flammlachs	flammen	Lachs
Flaschenbier	Flasche	n	Bier
Flaschengeist	Flasche	n	Geist
Flaschenkürbis	Flasche	n	Kürbis
Flaschenschiff	Flasche	n	Schiff
Flaschenverschluss	Flasche	n	Verschluss
Flattermann	flattern	Mann
Flaumfeder	Flaum	Feder
Flaute	flau	te
Fleckchen	Fleck	chen
Fleckerlteppich	Fleckerl	Teppich
Fleckfieber	Fleck	Fieber
Fleischbank	Fleisch	Bank
Fleischbällchen	Fleisch	Bällchen
Fleischer	Fleisch	er
Fleischerei	Fleischer	ei
Fleischerin	Fleischer	in
Fleischersatz	Fleisch	Ersatz
Fleischeslust	Fleisch	es	Lust
Fleischesser	Fleisch	Esser
Fleischesserin	Fleischesser	in
Fleischextrakt	Fleisch	Extrakt
Fleischgabel	Fleisch	Gabel
Fleischhacker	Fleisch	Hacker
Fleischhauer	Fleisch	Hauer
Fleischkäse	Fleisch	Käse
Fleischlaberl	Fleisch	Laberl
Fleischmesser	Fleisch	Messer
Fleischpeitsche	Fleisch	Peitsche
Fleischsalat	Fleisch	Salat
Fleischsorte	Fleisch	Sorte
Fleischsuppe	Fleisch	Suppe
Fleischwolf	Fleisch	Wolf
Fleischwurst	Fleisch	Wurst
Flensburgerin	Flensburger	in
Flickenteppich	Flicken	Teppich
Flickwerk	flicken	Werk
Flickzeug	flicken	Zeug
Fliegenklatsche	Fliege	Klatsche
Fliegenschnäpper	Fliege	schnappen	er
Flieger	fliegen	er
Fliegerabwehrkanone	Flieger	Abwehr	Kanone
Fliegerass	Flieger	Ass
Fliegerbombe	Flieger	Bombe
Fliegerei	fliegen	erei
Fliegerstaffel	Flieger	Staffel
Fliehburg	fliehen	Burg
Fliehkraft	fliehen	Kraft
Fliesentisch	Fliese	n	Tisch
Fließgleichgewicht	fließen	Gleichgewicht
Fließlaut	fließen	Laut
Fließmittel	fließen	Mittel
Fließpressen	Fließ	Pressen
Fließtext	Fließ	Text
Flintenkugel	Flinte	n	Kugel
Flittchen	flittern	chen
Flitterblättchen	Flitter	Blättchen
Flittergold	Flitter	Gold
Flitzer	flitzen	er
Flitzkacke	flitzen	Kacke
Flockungsmittel	Flockung	Mittel
Flohkrebs	Floh	Krebs
Flohzirkus	Floh	Zirkus
Florfliege	Flor	Fliege
Florida-Weichschildkröte	Florida	Weichschildkröte
Floridaente	Florida	Ente
Florist	Flora	ist
Floßlände	Floß	Lände
Fluchtfahrer	Flucht	Fahrer
Fluchtfahrzeug	Flucht	Fahrzeug
Fluchtgefahr	Flucht	Gefahr
Fluchtgeschwindigkeit	Flucht	Geschwindigkeit
Fluchtpunkt	Flucht	Punkt
Fluchtroute	Flucht	Route
Fluchtverhalten	Flucht	Verhalten
Fluchtweg	Flucht	Weg
Flugabsagen	Flug	Absagen
Flugabwehrkanone	Flug	Abwehr	Kanone
Flugabwehrrakete	Flug	Abwehr	Rakete
Flugbahn	Flug	Bahn
Flugbegleiter	Flug	Begleiter
Flugbenzin	Flug	Benzin
Flugfläche	Flug	Fläche
Fluggeschwindigkeit	Flug	Geschwindigkeit
Fluggesellschaft	Flug	Gesellschaft
Flughafen	Flug	Hafen
Flughafenparkplatz	Flughafen	Parkplatz
Flughund	Flug	Hund
Flughöhe	Flug	Höhe
Flughörnchen	Flug	Hörnchen
Fluginsekt	Flug	Insekt
Flugkapitän	Flug	Kapitän
Flugkorridor	Flug	Korridor
Flugkörper	Flug	Körper
Fluglinie	Flug	Linie
Fluglotse	Flug	Lotse
Flugmuskel	Flug	Muskel
Flugplatz	Flug	Platz
Flugsaurier	Flug	Saurier
Flugscheibe	Flug	Scheibe
Flugschreiber	Flug	Schreiber
Flugschrift	Flug	Schrift
Flugstaub	Flug	Staub
Flugsteig	Flug	Steig
Flugtauglichkeit	flugtauglich	keit
Flugverbotszone	Flugverbot	s	Zone
Flugverkehrskontrolle	Flug	verkehrs	kontrolle
Flugzeug	Flug	Zeug
Flugzeugbau	Flugzeug	Bau
Flugzeuggeschwindigkeit	Flugzeug	Geschwindigkeit
Flugzeugmutterschiff	Flugzeug	Mutterschiff
Flugzeugreifen	Flugzeug	Reifen
Flugzeugrumpf	Flugzeug	Rumpf
Flugzeugtriebwerk	Flugzeug	Triebwerk
Flugzeugträger	Flugzeug	Träger
Fluoracetamid	Fluor	Acetamid
Fluoracetat	Fluor	Acetat
Fluorchlorkohlenwasserstoff	Fluor	Chlor	Kohlenwasserstoff
Fluorcitrat	Fluor	Citrat
Fluordesoxyglucose	Fluor	Desoxyglucose
Fluoressigsäure	Fluor	Essigsäure
Fluoreszenzbronchoskopie	Fluoreszenz	Bronchoskopie
Fluoreszenzfarbstoff	Fluoreszenz	Farbstoff
Fluorgehalt	Fluor	Gehalt
Fluoridierung	fluoridieren	ung
Fluoridion	Fluorid	Ion
Fluoridvergiftung	Fluorid	Vergiftung
Fluorierung	fluorieren	ung
Fluorierungsmittel	Fluorierung	Mittel
Fluorierungstechnik	Fluorierung	Technik
Fluorit	Fluor	it
Fluoritkristall	Fluorit	Kristall
Fluorkohlenwasserstoff	Fluor	Kohlenwasserstoff
Fluorkunststoff	Fluor	Kunststoff
Fluorradikal	Fluor	Radikal
Fluorsalz	Fluor	Salz
Fluorsauerstoffsäure	Fluor	Sauerstoffsäure
Fluorverbindung	Fluor	Verbindung
Fluorvergiftung	Fluor	Vergiftung
Fluorwasserstoffsäure	Fluorwasserstoff	Säure
Flurbeleuchtung	Flur	Beleuchtung
Flurfunk	Flur	Funk
Flussbarsch	Fluss	Barsch
Flussbett	Fluss	Bett
Flussgrund	Fluss	Grund
Flussinsel	Fluss	Insel
Flusskontrolle	Fluss	Kontrolle
Flusslauf	Fluss	Lauf
Flussmittel	Fluss	Mittel
Flussmündung	Fluss	Mündung
Flussperle	Fluss	Perle
Flusspferd	Fluss	Pferd
Flussschifffahrt	Fluss	Schifffahrt
Flusssediment	Fluss	Sediment
Flusstal	Fluss	Tal
Flussufer	Fluss	Ufer
Flusswasser	Fluss	Wasser
Flutkatastrophe	Flut	Katastrophe
Flutlicht	Flut	Licht
Fluttor	Flut	Tor
Flutwelle	Flut	Welle
Fläche	flach	e
Flächenbrand	Fläche	n	Brand
Flächenland	Fläche	n	Land
Flächenmaß	Fläche	n	Maß
Flächenstaat	Fläche	n	Staat
Flächigkeit	flächig	keit
Fläschchen	Flasche	chen
Flötenkonzert	Flöte	n	Konzert
Flötistin	Flötist	in
Flößer	flößen	er
Flüchtigkeit	flüchtig	keit
Flüchtling	Flucht	ling
Flüchtlingscamp	Flüchtling	s	Camp
Flüchtlingskrise	Flüchtling	s	Krise
Flüchtlingslager	Flüchtling	Lager
Flüchtlingspolitik	Flüchtling	s	Politik
Flüchtlingzelt	Flüchtling	Zelt
Flügelaltar	Flügel	Altar
Flügeldecke	Flügel	Decke
Flügelfenster	Flügel	Fenster
Flügelfläche	Flügel	Fläche
Flügelhorn	Flügel	Horn
Flügelmutter	Flügel	Mutter
Flügeloberseite	Flügel	Oberseite
Flügelspannweite	Flügel	Spannweite
Flügelspiegel	Flügel	Spiegel
Flüsschen	Fluss	chen
Flüssigchromatografie	flüssig	Chromatografie
Flüssigchromatographie	flüssig	Chromatographie
Flüssiggas	flüssig	Gas
Flüssiggastank	Flüssiggas	Tank
Flüssigkeit	flüssig	keit
Flüssigkeitshaushalt	Flüssigkeit	s	Haushalt
Flüssigkeitskühlung	Flüssigkeit	Kühlung
Flüssigkeitsmaß	Flüssigkeit	s	Maß
Flüssigkeitszufuhr	Flüssigkeit	Zufuhr
Flüssigkristall	flüssig	Kristall
Flüssigkristallbildschirm	Flüssigkristall	Bildschirm
Flüssigsauerstoff	flüssig	Sauerstoff
Flüssigstickstoff	flüssig	Stickstoff
Flüssigtreibstoff	flüssig	Treibstoff
Flüssigtreibstoffrakete	Flüssigtreibstoff	Rakete
Flüssigwasserstoff	flüssig	Wasserstoff
Flüssigwasserstoffspeicherung	Flüssigwasserstoff	Speicherung
Flüsterwitz	flüstern	Witz
Folgeantrag	Folge	Antrag
Folgeerkrankung	Folge	Erkrankung
Folgejahr	folgen	Jahr
Folgemonat	Folge	Monat
Folgerung	folgern	ung
Folgsamkeit	folgsam	keit
Folsäure	folium	Säure
Folterkammer	Folter	Kammer
Fondsgesellschaft	Fonds	s	Gesellschaft
Fondsmanagement	Fond	s	Management
Fonduegabel	Fondue	Gabel
Fopper	foppen	er
Forderer	fordern	er
Forderin	Forderer	in
Forderung	fordern	ung
Forellenstein	Forelle	n	Stein
Forellenteich	Forelle	n	Teich
Forenbenutzer	Forum	Benutzer
Forensik	forensis	ik
Formalisierung	formalisieren	ung
Formatgröße	Format	Größe
Formatierung	formatieren	ung
Formatvorlage	Format	Vorlage
Formbarkeit	formbar	keit
Formeleinheit	Formel	Einheit
Formenlehre	Form	en	Lehre
Formulierung	formulieren	ung
Forscher	forschen	er
Forschergeist	Forscher	Geist
Forschergruppe	Forscher	Gruppe
Forschungsanlage	Forschung	Anlage
Forschungseinrichtung	Forschung	s	Einrichtung
Forschungsgegenstand	Forschung	Gegenstand
Forschungsgemeinschaft	Forschung	s	Gemeinschaft
Forschungsgeschichte	Forschung	s	Geschichte
Forschungslabor	Forschung	Labor
Forschungsminister	Forschung	s	Minister
Forschungsministerin	Forschungsminister	in
Forschungsreaktor	Forschung	Reaktor
Forschungsstand	Forschung	s	Stand
Forschungsstipendium	Forschung	s	Stipendium
Forschungszentrum	Forschung	Zentrum
Forsthaus	Forst	Haus
Forstwesen	Forst	wesen
Fortbewegungsart	Fortbewegung	Art
Fortbildung	fortbilden	ung
Fortgeher	fortgehen	er
Fortpflanzung	fortpflanzen	ung
Fortschleifer	fortschleifen	er
Fortschritt	fort	Schritt
Fossillagerstätte	Fossil	Lagerstätte
Fotoalbum	foto	Album
Fotoapparat	foto	Apparat
Fotodiode	foto	Diode
Fotodokumentation	Foto	Dokumentation
Fotoempfänger	foto	Empfänger
Fotogenität	fotogen	ität
Fotograf	foto	graf
Fotoindustrie	Foto	Industrie
Fotokatode	foto	Katode
Fotokopie	foto	Kopie
Fotokopierer	foto	Kopierer
Fotomontage	foto	Montage
Fotosphäre	foto	Sphäre
Fotostrecke	Foto	Strecke
Fotosynthese	foto	Synthese
Fotovervielfacher	foto	Vervielfacher
Foulspiel	Foul	Spiel
Frachter	Fracht	er
Frachtschiff	Fracht	Schiff
Frachtsegler	Fracht	Segler
Frackinggas	Fracking	Gas
Fracksausen	Frack	sausen
Frackuhr	Frack	Uhr
Fragebogen	Frage	Bogen
Fragefürwort	Frage	Fürwort
Fragenkatalog	Frage	n	Katalog
Fragezeichen	fragen	Zeichen
Fragmentierung	fragmentieren	ung
Fragwürdigkeit	fragwürdig	keit
Fraktionsstärke	Fraktion	s	Stärke
Fraktionsvorsitzender	Fraktion	s	Vorsitzender
Frakturschrift	Fraktur	Schrift
Frankenberger	Frankenberg	er
Frankenbergerin	Frankenberger	in
Frankenfelder	Frankenfeld	er
Frankenfelderin	Frankenfelder	in
Frankenfelser	Frankenfels	er
Frankenfelserin	Frankenfelser	in
Frankenreich	Franke	n	Reich
Frankensteiner	Frankenstein	er
Frankensteinerin	Frankensteiner	in
Frankenthaler	Frankenthal	er
Frankenthalerin	Frankenthaler	in
Frankfurterin	Frankfurter	in
Frankierung	frankieren	ung
Frankreich	Franke	Reich
Franzensbaderin	Franzensbader	in
Franzensfesterin	Franzensfester	in
Franziskanerkloster	Franziskaner	Kloster
Franziskanerorden	Franziskaner	Orden
Franzosenfeind	Franzose	n	Feind
Franzosenkrankheit	Franzosen	Krankheit
Französin	Franzose	in
Französischsprecher	Französisch	Sprecher
Frauchen	Frau	chen
Frauenarbeit	Frau	en	Arbeit
Frauenbeauftragte	Frauen	Beauftragte
Frauenbeauftragter	Frauen	Beauftragter
Frauenemanzipation	Frau	Emanzipation
Frauenfuß	Frauen	Fuß
Frauenförderung	Frauen	Förderung
Frauenhaus	Frau	en	Haus
Frauenheilkunde	Frauen	Heilkunde
Frauenheld	Frau	en	Held
Frauenrecht	Frauen	Recht
Frauenrechtler	Frauenrecht	ler
Frauenversammlung	Frau	n	Versammlung
Frauenvertreter	Frauen	Vertreter
Frauenvertreterin	Frauen	Vertreterin
Frauenzimmer	Frau	n	Zimmer
Frauenärztin	Frauenarzt	in
Frechdachs	frech	Dachs
Frechheit	frech	heit
Fregattvogel	Fregatte	Vogel
Fregesch	Frege	sch
Freibauer	frei	Bauer
Freiberufler	frei	Beruf	ler
Freifrau	frei	Frau
Freigeber	freigeben	er
Freigebigkeit	freigebig	keit
Freigeist	frei	Geist
Freigeld	frei	Geld
Freihalter	freihalten	er
Freihandel	frei	Handel
Freihandelsabkommen	Freihandel	s	Abkommen
Freihandelszone	frei	Handel	s	Zone
Freiheitsberaubung	Freiheit	s	Beraubung
Freiheitsentzug	Freiheit	s	Entzug
Freiheitsgrad	Freiheit	s	Grad
Freiheitskampf	Freiheit	s	Kampf
Freiheitskämpfer	Freiheit	s	Kämpfer
Freiherr	frei	Herr
Freiin	Freiherr	in
Freikirche	frei	Kirche
Freiland	frei	Land
Freilandgurke	Freiland	Gurke
Freilandstraße	Freiland	Straße
Freilassung	freilassen	ung
Freileitung	frei	Leitung
Freimachung	freimachen	ung
Freimakler	frei	Makler
Freimaurer	frei	Maurer
Freimaurerei	Freimaurer	ei
Freimut	frei	Mut
Freiraum	frei	Raum
Freischaltung	freischalten	ung
Freischwanzfledermaus	frei	Schwanz	Fledermaus
Freischärler	Freischar	ler
Freisetzung	freisetzen	ung
Freisitz	frei	Sitz
Freistaat	frei	Staat
Freistaat Puerto Rico	Freistaat	Puerto Rico
Freistil	frei	Stil
Freistilringen	Freistil	Ringen
Freistilschwimmen	Freistil	Schwimmen
Freitagsgebet	Freitag	s	Gebet
Freitod	frei	Tod
Freiwirtschaft	frei	Wirt	schaft
Freizeichen	frei	Zeichen
Freizeit	frei	Zeit
Freizeitdroge	Freizeit	Droge
Freizeitgebrauch	Freizeit	Gebrauch
Freizeitpark	Freizeit	Park
Freizeitzentrum	Freizeit	Zentrum
Fremdatom	fremd	Atom
Fremdbeimengung	fremd	Beimengung
Fremdbestandteil	fremd	Bestandteil
Fremdbestimmung	frembd	Bestimmung
Fremdenhass	Fremder	Hass
Fremdfinanzierung	fremd	Finanzierung
Fremdgänger	fremd	Gänger
Fremdkapital	fremd	Kapital
Fremdkapitalgeber	Fremdkapital	Geber
Fremdkapitalisierung	Fremdkapital	isierung
Fremdkapitalquote	Fremdkapital	Quote
Fremdkapitalzins	Fremdkapital	Zins
Fremdkörper	fremd	Körper
Fremdling	fremd	ling
Fremdscham	fremd	Scham
Fremdschämpotenzial	fremdschämen	Potenzial
Fremdstoff	fremd	Stoff
Fremdwort	fremd	Wort
Fremdwährung	fremd	Währung
Fremdwörterei	Fremdwörter	erei
Frequenzbereich	Frequenz	Bereich
Freskomalerei	Fresko	Malerei
Fresse	fressen	e
Fresserei	fressen	erei
Fressfeind	fressen	Feind
Freudenabteilung	Freuden	Abteilung
Freudenhaus	Freude	en	Haus
Freudenmädchen	Freude	n	Mädchen
Freudenträne	Freude	n	Träne
Freudigkeit	freudig	keit
Freundchen	Freund	chen
Freundeskreis	Freund	es	Kreis
Freundin	Freund	in
Freundlichkeit	freundlich	keit
Freundschaft	Freund	schaft
Freundschaftsspiel	Freundschaft	Spiel
Freundschaftsvertrag	Freundschaft	s	Vertrag
Friedbert	fridu	beraht
Friedensabkommen	Friede/Frieden	Abkommen
Friedensbewegung	Friede	ns	Bewegung
Friedensbruch	Frieden	s	Bruch
Friedensforscher	Frieden	s	Forscher
Friedensforscherin	Friedensforscher	in
Friedensforschung	Frieden	s	Forschung
Friedensnobelpreis	Frieden	s	Nobelpreis
Friedensnobelpreisverleihung	Friedensnobelpreis	Verleihung
Friedenspflicht	Frieden	s	Pflicht
Friedenssicherung	Frieden	s	Sicherung
Friedenssicherungseinsatz	Friedenssicherung	s	Einsatz
Friedenstaube	Friede/Frieden	Taube
Friedensverhandlung	Frieden	s	Verhandlung
Friedensvermittlung	Frieden	s	Vermittlung
Friedensvertrag	Frieden	s	Vertrag
Friedfertigkeit	Friede	Fertigkeit
Friedmann	Fried	Mann
Friedrichsburg	Friedrich	s	burg
Friedrichshafenerin	Friedrichshafener	in
Friedrichshainer	Friedrichshain	er
Friedrichshall	Friedrich	s	Hall
Friedrichshallerin	Friedrichshaller	in
Friesland	Friese	Land
Frische	frisch	e
Frischhaltefolie	frisch	halten	Folie
Frischkäse	frisch	Käse
Frischluft	frisch	Luft
Frischwasser	frisch	Wasser
Friseur	frisieren	eur
Fristverlängerung	Frist	Verlängerung
Frohnatur	froh	Natur
Frontallappen	frontal	Lappen
Frontalzusammenstoß	frontal	Zusammenstoß
Frontantrieb	Front	Antrieb
Frontausbuchtung	Front	Ausbuchtung
Frontbogen	Front	Bogen
Frontflügel	Front	Flügel
Frontlinie	Front	Linie
Frontläufer	Front	Läufer
Frontscheibe	Front	Scheibe
Frontsänger	Front	Sänger
Frontsängerin	Frontsänger	in
Frontvorsprung	Front	Vorsprung
Fronvogt	Fron	Vogt
Froschfresser	Frosch	Fresser
Froschgoscherl	Frosch	Goscherl
Froschkönig	Frosch	König
Froschlaich	Frosch	Laich
Froschlöffel	Frosch	Löffel
Froschmann	Frosch	Mann
Froschperspektive	Frosch	Perspektive
Froschteich	Frosch	Teich
Frostbeule	Frost	Beule
Frostschutzmittel	Frostschutz	Mittel
Frosttiefe	Frost	Tiefe
Frostwinter	Frost	Winter
Frotteestoff	Frottee	Stoff
Frotzelei	frotzeln	ei
Fruchtaufstrich	Frucht	Aufstrich
Fruchtbarkeit	fruchtbar	keit
Fruchtknoten	Frucht	Knoten
Fruchtsaft	Frucht	Saft
Fruchtsalat	Frucht	Salat
Fruchtstand	Frucht	Stand
Fruchtzucker	Frucht	Zucker
Frächter	Fracht	er
Frächterei	Frächter	ei
Fränkel	Frank	el
Fräsmaschine	fräsen	Maschine
Fräulein	Frau	lein
Fröbelstern	Fröbel	Stern
Frömmelei	frömmeln	ei
Frömmler	frömmeln	er
Früchtchen	Frucht	chen
Früchtetee	Frucht	e	Tee
Frühaufsteher	früh aufstehen	er
Frühbarock	früh	Barock
Frühchen	früh	chen
Frühgeschichte	früh	Geschichte
Frühindikator	früh	Indikator
Frühjahr	früh	Jahr
Frühjahrsfeldzug	Frühjahr	s	Feldzug
Frühling	früh	ling
Frühlingsferien	Frühling	s	Ferien
Frühlingsfest	Frühling	Fest
Frühlingsfingerkraut	Frühling	s	Fingerkraut
Frühlingsluft	Frühling	s	Luft
Frühlingsrolle	Frühling	s	Rolle
Frühlingsvollmond	Frühling	Vollmond
Frühlingszeit	Frühling	s	Zeit
Frühlingszwiebel	Frühling	Zwiebel
Frühmensch	früh	Mensch
Frühmittelalter	früh	Mittelalter
Frühmittelhochdeutsch	früh	Mittelhochdeutsch
Frühnachmittag	früh	Nachmittag
Frühnebel	früh	Nebel
Frühneuenglisch	früh	Neuenglisch
Frühneuhochdeutsch	früh	Neuhochdeutsch
Frühschicht	früh	Schicht
Frühschoppen	früh	Schoppen
Frühsexualisierung	früh	Sexualisierung
Frühsommer	früh	Sommer
Frühsport	früh	Sport
Frühstück	früh	Stück
Frühstücksbrötchen	Frühstück	s	Brötchen
Frühstücksdirektor	Frühstück	s	Direktor
Frühstücksflocken	Frühstück	s	Flocken
Frühzeit	früh	Zeit
Frühzündung	früh	Zündung
Fuchsbeere	Fuchs	Beere
Fuchsberger	Fuchsberg	er
Fuchsbergerin	Fuchsberger	in
Fuchsjagd	Fuchs	Jagd
Fuchsschwalbe	Fuchs	Schwalbe
Fuchswelpe	Fuchs	Welpe
Fucking	Focko	ing
Fugen-s	Fuge	n	s
Fugenelement	Fuge	n	Element
Fugenlaut	Fuge	n	Laut
Fuhrwerk	Fuhre	Werk
Fundamentaldaten	fundamental	Daten
Fundamentalist	fundamental	ist
Fundamentalsatz	fundamental	Satz
Fundbüro	Fund	Büro
Fundi	Fundamentalist	i
Fundort	Fund	Ort
Fundstätte	Fund	Stätte
Fungibilität	fungibel	ität
Fungizid	fungi	zid
Funk	Funken	Telegraphie
Funkantenne	Funk	Antenne
Funkfernsteuerung	Funk	Fernsteuerung
Funkfeuer	Funk	Feuer
Funkgerät	Funk	Gerät
Funkloch	Funk	Loch
Funkspruch	Funk	Spruch
Funksteuerung	Funk	Steuerung
Funkstille	Funk	Stille
Funktionsabschluss	Funktion	s	Abschluss
Funktionsfähigkeit	funktionsfähig	keit
Funktionsstörung	Funktion	Störung
Funktionswort	Funktion	s	Wort
Funktionär	Funktion	är
Funkuhr	Funk	Uhr
Funkverbindung	Funk	Verbindung
Funkverkehr	Funk	Verkehr
Furchtlosigkeit	furchtlos	keit
Fusionsbrennstoff	Fusion	Brennstoff
Fusionsenergiegewinnung	Fusionsenergie	Gewinnung
Fusionsreaktion	Fusion	Reaktion
Fusionsreaktor	Fusion	Reaktor
Fusionswaffe	Fusion	Waffe
Fussballanhängerin	Fussball	Anhängerin
Futteral	Futter	al
Futterluke	Futter	Luke
Futtermittel	Futter	Mittel
Futterpflanze	Futter	Pflanze
Futterreißer	Futter	zerreißen	er
Futtersack	Futter	Sack
Futterstoff	Futter	Stoff
Futtertrog	Futter	Trog
Futterzerreißer	Futter	zerreißen	er
Futterzusatzstoff	Futterzusatz	Stoff
Fuß fassen	Fuß	fassen
Fußabdruck	Fuß	Abdruck
Fußangel	Fuß	Angel
Fußball	Fuß	Ball
Fußballanhänger	Fußball	Anhänger
Fußballen	Fuß	Ballen
Fußballer	Fußball	er
Fußballgott	Fußball	Gott
Fußballmannschaft	Fußball	Mannschaft
Fußballplatz	Fußball	Platz
Fußballspiel	Fußball	Spiel
Fußballspielerin	Fußballspieler	in
Fußballtrainer	Fußball	Trainer
Fußballweltmeisterschaftsqualifikationsspiel	Fußball	Welt	Meisterschaft	s	Qualifikation	s	Spiel
Fußballwettkampf	Fußball	Wettkampf
Fußballwettkämpfer	Fußballwettkampf	er
Fußbank	Fuß	Bank
Fußboden	Fuß	Boden
Fußbodenleiste	Fuß	Boden	Leiste
Fußfessel	Fuß	Fessel
Fußgeherin	Fußgeher	in
Fußgröße	Fuß	Größe
Fußgänger	Fuß	Gänger
Fußgängerbrücke	Fußgänger	Brücke
Fußgängerin	Fußgänger	in
Fußgängerüberführung	Fußgänger	Überführung
Fußgängerübergang	Fußgänger	Übergang
Fußkrankheit	Fuß	Krankheit
Fußlappen	Fuß	Lappen
Fußleiste	Fuß	Leiste
Fußnagel	Fuß	Nagel
Fußnote	Fuß	Note
Fußnotenapparat	Fußnote	n	Apparat
Fußnähe	Fuß	Nähe
Fußsohle	Fuß	Sohle
Fußspur	Fuß	Spur
Fußtritt	Fuß	Tritt
Fußverletzung	Fuß	Verletzung
Fußvolk	Fuß	Volk
Fußweg	Fuß	Weg
Fächer	fachen	er
Fächerschwanz	Fächer	Schwanz
Fädchen	Faden	chen
Fähigkeit	fähig	keit
Fähnchen	Fahne	chen
Fähnrich	Fahne	rich
Fährdienst	Fähre	Dienst
Fährlichkeit	fährlich	keit
Fährmann	Fähre	Mann
Fährturm	Fähre	Turm
Fällung	fällen	ung
Fällungsreaktion	Fällung	Reaktion
Fälscher	fälschen	er
Fälscherin	Fälscher	in
Fälschung	fälschen	ung
Färbemittel	färben	Mittel
Färber	färben	er
Färberdistel	Färber	Distel
Färberin	Färber	in
Färbmittel	färben	Mittel
Fässchen	Fass	chen
Fäule	faul	e
Fäulnis	Faul	nis
Fäustling	Faust	ling
Förderband	fördern	Band
Förderer	fördern	er
Förderin	Förderer	in
Förderland	fördern	Land
Fördermittelgeber	Fördermittel	Geber
Förderschule	fördern	Schule
Förderung	fördern	ung
Fügung	fügen	ung
Fühlerborste	Fühler	Borste
Fühlerkäfer	Fühler	Käfer
Fühlung	fühlen	ung
Führerhauptquartier	Führer	Hauptquartier
Führerin	Führer	in
Führerschein	Führer	Schein
Führerstandsmitfahrt	Führerstand	mit	Fahrt
Führung	führen	ung
Führungsposition	Führung	s	Position
Führungsriege	Führung	s	Riege
Führungsrolle	Führung	s	Rolle
Führungszeugnis	Führung	s	Zeugnis
Fülle	voll	e
Füller	füllen	er
Füllfederhalter	Füllen	Federhalter
Füllgas	füllend	Gas
Füllmaterial	füllen	Material
Füllsel	füllen	sel
Füllstoff	füllen	Stoff
Füllung	füllen	ung
Füllwort	füllen	Wort
Fünfcentstück	fünf	Cent	Stück
Fünfeck	fünf	Ecke
Fünfer	fünf	er
Fünffingerkraut	fünf	Fingerkraut
Fünfflächner	fünf	Flächen	er
Fünfgang-Getriebe	fünf	Gang	Getriebe
Fünfheber	fünf	Heber
Fünfhundertjahrfeier	fünfhundert	Jahr	Feier
Fünfjahresplan	fünf	Jahr	es	Plan
Fünfkampf	fünf	Kampf
Fünfklang	fünf	Klang
Fünfmarkstück	fünf	Mark	Stück
Fünfsitzer	fünf	sitzer
Fünfstromland	fünf	Strom	Land
Fünftausendstel	fünf	tausendstel
Fünfzehneck	fünfzehn	Ecke
Fünfzigcentstück	fünfzig	Cent	Stück
Fünfzigeck	fünfzig	Ecke
Fünfzigtausendstel	fünfzig	tausendstel
Fünfzylinder	fünf	Zylinder
Fürsichtigkeit	fürsichtig	keit
Fürsprache	für	Sprache
Fürsprecher	für	Sprecher
Fürsprecherin	Fürsprecher	in
Fürstabt	Fürst	Abt
Fürstenkrone	Fürst	en	Krone
Fürstenstaat	Fürst	en	Staat
Fürstentum	Fürst	en	tum
Fürstin	Fürst	in
Fürstprimas	Fürst	Primas
Fürtuch	für	Tuch
Fütterung	füttern	ung
GLPler	GLP	ler
Gabeldorsch	Gabel	Dorsch
Gabelfrühstück	Gabel	Frühstück
Gabelreiterin	Gabel	Reiterin
Gabelstapler	Gabel	Stapler
Gabelung	gabeln	ung
Gabenbereitung	Gaben	Bereitung
Gabuner	Gabun	er
Gabunerin	Gabuner	in
Gaffer	gaffen	er
Gaianer	Gaia	er
Galaxiengruppe	Galaxie	n	Gruppe
Galaxiensuperhaufen	Galaxien	Superhaufen
Galgenhumor	Galgen	Humor
Galgenmännchen	Galgen	Männchen
Galgenraten	Galgen	Raten
Galgenvogel	Galgen	Vogel
Galicier	Galicien	er
Galionsfigur	Galion	s	Figur
Gallenblase	Galle	n	Blase
Gallenblasenentzündung	Gallenblase	Entzündung
Gallenflüssigkeit	Galle	Flüssigkeit
Gallensaft	Galle	n	Saft
Gallenstein	Galle	n	Stein
Gallensäure	Galle	n	Säure
Galliumantimonid	Gallium	Antimonid
Galliumarsenid	Gallium	Arsenid
Galliumhydroxid	Gallium	Hydroxid
Galliummineral	Gallium	Mineral
Galliumnitrid	Gallium	Nitrid
Galliumphosphid	Gallium	Phosphid
Gallmücke	Galle	Mücke
Gallseife	Galle	Seife
Gallwespe	Galle	Wespe
Galvanisierung	galvanisieren	ung
Gammastrahl	Gamma	Strahl
Gammastrahlenenquelle	Gammastrahlen	Quelle
Gammastrahler	Gammastrahl	er
Gammastrahlungsdetektor	Gammastrahlung	Detektor
Gandersheimer	Gandersheim	er
Gandersheimerin	Gandersheimer	in
Gangablauf	Gang	Ablauf
Gangschaltung	Gang	Schaltung
Gangschaltungshebel	Gangschaltung	s	Hebel
Garagentor	Garage	n	Tor
Garagenverkauf	Garage	n	Verkauf
Gardemaß	Garde	Maß
Gardinenpredigt	Gardine	Predigt
Garmisch-Partenkirchenerin	Garmisch-Partenkirchener	in
Gartenbau	Garten	Bau
Gartenbohne	Garten	Bohne
Gartenhäuschen	Gartenhaus	chen
Gartenkreuzspinne	Garten	Kreuzspinne
Gartenlaube	Garten	Laube
Gartenrotschwanz	Garten	Rotschwanz
Gartentisch	Garten	Tisch
Gartenzwerg	Garten	Zwerg
Garzeit	garen	Zeit
Gasaustausch	Gas	Austausch
Gasballon	Gas	Ballon
Gasbeleuchtung	Gas	Beleuchtung
Gaschromatografie	Gas	Chromatografie
Gaschromatographie	Gas	Chromatographie
Gasentladung	Gas	Entladung
Gasentladungslampe	Gas	Entladung	Lampe
Gasentladungsröhre	Gas	Entladungsröhre
Gasflasche	Gas	Flasche
Gasform	Gas	Form
Gasgemisch	Gas	Gemisch
Gaskocher	Gas	Kocher
Gasleitung	Gas	Leitung
Gaslieferung	Gas	Lieferung
Gasmaske	Gas	Maske
Gasmolekül	Gas	Molekül
Gaspedal	Gas	Pedal
Gasphase	Gas	Phase
Gasplanet	Gas	Planet
Gaspreisbremse	Gas	Preis	Bremse
Gassi	Gasse	i
Gassigehen	Gassi	gehen
Gasstrom	Gas	Strom
Gastank	Gas	Tank
Gasterei	Gast	erei
Gastfreundlichkeit	Gast	Freundlichkeit
Gastfreundschaft	Gast	Freundschaft
Gasthaus	Gast	Haus
Gasthof	Gast	Hof
Gastlichkeit	gastlich	keit
Gastritis	γαστήρ	itis
Gastrolle	Gast	Rolle
Gastungspflicht	Gastung	s	Pflicht
Gasturbine	Gas	Turbine
Gasuhr	Gas	Uhr
Gaswolke	Gas	Wolke
Gaszentrifuge	Gas	Zentrifuge
Gaszähler	Gas	Zähler
Gattungszahlwort	Gattung	Zahlwort
Gauchheil	Gauch	Heil
Gaugraf	Gau	Graf
Gaugräfin	Gaugraf	in
Gaukelei	gaukeln	ei
Gauleiter	Gau	Leiter
Gaullismus	de Gaulle	ismus
Gaumenbogen	Gaumen	Bogen
Gaumenfreude	Gaumen	Freude
Gaumenlaut	Gaumen	Laut
Gaumenreiniger	Gaumen	Reiniger
Gaumensegel	Gaumen	Segel
Gaumensegellaut	Gaumensegel	Laut
Gaumenspalte	Gaumen	Spalte
Gaunerei	Gauner	ei
Gaunersprache	Gauner	Sprache
Gaußkurve	Gauß	Kurve
Gazastreifen	Gaza	Streifen
Gebefall	geben	Fall
Gebetsmühle	Gebet	Mühle
Gebetsruf	Gebet	s	Ruf
Gebetsteppich	Gebet	Teppich
Gebetswaschung	Gebet	s	Waschung
Gebietshoheit	Gebiet	s	Hoheit
Gebildbrot	Gebilde	Brot
Gebirgsara	Gebirge	Ara
Gebirgskette	Gebirge	s	Kette
Gebirgspass	Gebirge	s	Pass
Gebirgswels	Gebirge	Wels
Geblüt	ge	Blut
Geborgenheit	geborgen	heit
Gebrauchsfähigkeit	gebrauchsfähig	keit
Gebrauchtwagen	gebrauchen	Wagen
Gebrauchtwagenhandel	Gebrauchtwagen	Handel
Gebrauchtwagenhändler	Gebrauchtwagen	Händler
Gebrauchtware	gebraucht	Ware
Gebrauchtwarenladen	Gebrauchtwaren	Laden
Gebresten	ge	bersten
Gebrumm	ge	brummen
Gebrüll	ge	brüllen
Gebund	ge	Bund
Geburtsdatum	Geburt	s	Datum
Geburtshelfer	Geburt	s	Helfer
Geburtshelferin	Geburt	Helfer	in
Geburtshilfe	Geburt	s	Hilfe
Geburtsjahr	Geburt	s	Jahr
Geburtsname	Geburt	s	Name
Geburtsort	Geburt	s	Ort
Geburtsrecht	Geburt	s	Recht
Geburtstag	Geburt	s	Tag
Geburtstagsfeier	Geburtstag	s	Feier
Geburtstagsgeschenk	Geburtstag	s	Geschenk
Geburtstagskarte	Geburtstag	s	Karte
Geburtstagskind	Geburtstag	s	Kind
Geburtstagsparty	Geburtstag	s	Party
Gebälk	ge	Balken
Gebäralter	gebären	Alter
Gebärdensprache	Gebärde	n	Sprache
Gebärer	gebären	er
Gebärfreudigkeit	gebärfreudig	keit
Gebärmutter	gebären	Mutter
Gebärmutterhals	Gebärmutter	Hals
Gebärmutterhalskrebs	Gebärmutterhals	Krebs
Gebärmutterkrebs	Gebärmutter	Krebs
Gebärmutterschleimhaut	Gebärmutter	Schleimhaut
Gebäu	ge	Bau
Gebäudeinstallation	Gebäude	Installation
Gebühreneinzugszentrale	Gebühreneinzug	s	Zentrale
Gedankenbläschen	Gedankenblase	chen
Gedankengang	Gedanken	Gang
Gedankengut	Gedanke	n	Gut
Gedankenstrich	Gedanke	Strich
Gedankenursprung	Gedanke	n	Ursprung
Gedenkblock	gedenken	Block
Gedenkfeier	gedenken	Feier
Gedenkminute	Gedenken	Minute
Gedenkmünze	gedenken	Münze
Gedenkschrift	gedenken	Schrift
Gedenkstätte	gedenken	Stätte
Gedenktag	Gedenken	Tag
Gedächtnisloch	Gedächtnis	Loch
Gedächtnisprotokoll	Gedächtnis	Protokoll
Gedächtnisschwund	Gedächtnis	Schwund
Gefahrenfaktor	Gefahr	en	Faktor
Gefahrenhinweis	Gefahr	Hinweis
Gefahrenstufe	Gefahr	en	Stufe
Gefahrensymbol	Gefahr	en	Symbol
Gefahrgut	Gefahr	Gut
Gefahrstoff	Gefahr	Stoff
Gefahrstoffkennzeichnung	Gefahrstoff	Kennzeichnung
Gefallsucht	gefallen	Sucht
Gefangenenlager	Gefangener	Lager
Gefangenenwärter	Gefangener	Wärter
Gefangenschaft	gefangen	schaft
Gefangensein-Syndrom	gefangen	sein
Gefasel	ge	faseln
Gefecht	ge	fechten
Gefechtskopf	Gefecht	s	Kopf
Geflecktheit	gefleckt	heit
Geflügelhändler	Geflügel	Händler
Geflügelpest	Geflügel	Pest
Geflügelzucht	Geflügel	Zucht
Geflüster	ge	flüstern
Gefrierbeutel	gefrieren	Beutel
Gefrierbrand	gefrieren	Brand
Gefrierpunkt	gefrieren	Punkt
Gefrierschrank	gefrieren	Schrank
Gefriertrocknung	gefriertrocknen	ung
Gefährder	gefährden	er
Gefährdung	gefährden	ung
Gefährdungsfaktor	Gefährdung	s	Faktor
Gefährdungsfeststellung	Gefährdung	s	Feststellung
Gefährlichkeit	gefährlich	keit
Gefälligkeit	gefällig	keit
Gefängnis	gefangen	nis
Gefängnisplanet	Gefängnis	Planet
Gefängniswärter	Gefängnis	Wärter
Gefängniswärterin	Gefängnis	Wärterin
Gefängniszelle	Gefängnis	Zelle
Gefäßfunktion	Gefäß	Funktion
Gefäßpflanze	Gefäß	Pflanze
Gefäßwand	Gefäß	Wand
Gefühl	ge	fühlen
Gefühllosigkeit	gefühllos	igkeit
Gefühlsduselei	Gefühl	s	duseln	ei
Gefühlsmensch	Gefühl	s	Mensch
Gefühlsregung	Gefühl	Regung
Gefühlszustand	Gefühl	Zustand
Gegenangriff	gegen	Angriff
Gegenanzeige	gegen	Anzeige
Gegenargument	gegen	Argument
Gegenbeschuldigung	gegen	Beschuldigung
Gegenbesuch	gegen	Besuch
Gegenbeweis	gegen	Beweis
Gegend	gegen	de
Gegenfrage	gegen	Frage
Gegengeschenk	gegen	Geschenk
Gegengewicht	gegen	Gewicht
Gegengift	gegen	Gift
Gegengruß	gegen	Gruß
Gegenion	gegen	Ion
Gegenkultur	gegen	Kultur
Gegenleistung	gegen	Leistung
Gegenmaßnahme	gegen	Maßnahme
Gegenmittel	gegen	Mittel
Gegenoffensive	gegen	Offensive
Gegenpapst	gegen	Papst
Gegenpart	gegen	Part
Gegenpol	gegen	Pol
Gegenrichtung	gegen	Richtung
Gegensatz	gegen	Satz
Gegenschlag	gegen	Schlag
Gegenseitigkeit	gegenseitig	keit
Gegensinn	gegen	Sinn
Gegenspieler	gegen	Spieler
Gegenstand	gegen	Stand
Gegenstandswort	Gegenstand	s	Wort
Gegenströmung	gegen	Strömung
Gegenstück	gegen	Stück
Gegentarif	gegen	Tarif
Gegenteil	gegen	Teil
Gegenwartsbezogenheit	gegenwartsbezogen	heit
Gegenwartssprache	Gegenwart	s	Sprache
Gegenwind	gegen	Wind
Gegenwirkung	gegen	Wirkung
Gegenwort	gegen	Wort
Gegenwärtigkeit	gegenwärtig	keit
Gegenzeichner	gegenzeichnen	er
Gegenzeichnerin	Gegenzeichner	in
Gegenzeichnung	gegenzeichnen	ung
Gegenzug	gegen	Zug
Gegnerin	Gegner	in
Gegnerschaft	Gegner	schaft
Gehalt	ge	halten
Gehaltserhöhung	Gehalt	s	Erhöhung
Gehaltsliste	Gehalt	s	Liste
Gehaltsverrechner	Gehalt	Verrechner
Geheimagent	geheim	Agent
Geheimbund	geheim	Bund
Geheimcode	geheim	Code
Geheimdienst	geheim	Dienst
Geheimfavorit	geheim	Favorit
Geheimgesellschaft	geheim	Gesellschaft
Geheimnis	geheim	nis
Geheimnisverrat	Geheimnis	Verrat
Geheimrat	geheim	Rat
Geheimratsecken	Geheimrat	s	Ecken
Geheimschrift	geheim	Schrift
Geheimtipp	geheim	Tipp
Gehhilfe	gehen	Hilfe
Gehilfin	Gehilfe	in
Gehirnerschütterung	Gehirn	Erschütterung
Gehirnfunktion	Gehirn	Funktion
Gehirnschmalz	Gehirn	Schmalz
Gehirnschädigung	Gehirn	Schädigung
Gehirnstrom	Gehirn	Strom
Gehirnwäsche	Gehirn	Wäsche
Gehminute	gehen	Minute
Gehorsamkeit	gehorsam	keit
Gehorsamsverweigerung	Gehorsam	Verweigerung
Gehrock	gehen	Rock
Gehrung	gehren	ung
Gehschule	gehen	Schule
Gehsteig	gehen	Steig
Gehstock	gehen	Stock
Gehweg	gehen	Weg
Gehänge	ge	hängen
Gehäuseboden	Gehäuse	Boden
Gehäuseschnecke	Gehäuse	Schnecke
Gehölz	ge	Holz
Gehör	ge	hören
Gehöre	ge	hören
Gehörgang	Gehör	Gang
Gehörsinn	Gehör	Sinn
Geigenspieler	Geige	Spieler
Geiger	Geige	er
Geigerzähler	Geiger	Zähler
Geilenkirchenerin	Geilenkirchener	in
Geilheit	geil	heit
Geiselhaft	Geisel	Haft
Geiselnehmer	Geisel	nehmen
Geisterbahn	Geist	Bahn
Geisterfahrer	Geist	Fahrer
Geisterschiff	Geister	Schiff
Geisterspiel	Geist	er	Spiel
Geisterstadt	Geister	Stadt
Geisterstunde	Geist	Stunde
Geistesgegenwart	Geist	es	Gegenwart
Geisteshaltung	Geist	es	Haltung
Geisteswissenschaft	Geist	s	Wissenschaft
Geisteswissenschaftler	Geisteswissenschaft	ler
Geisteszustand	Geist	Zustand
Geistlichkeit	geistlich	keit
Geizhals	Geiz	Hals
Geißblatt	Geiß	Blatt
Geißbock	Geiß	Bock
Geißraute	Geiß	Raute
Gekicke	ge	kicken
Geklapper	ge	klappern
Gekreische	ge	kreischen
Gekritzel	ge	kritzeln
Gekrächze	ge	krächzen
Gelaber	ge	labern
Gelb-Kiefer	gelb	Kiefer
Gelbbleierz	gelb	Bleierz
Gelbbrustara	gelb	Brust	Ara
Gelbbugamazone	gelb	Bug	Amazone
Gelbes Meer	gelb	Meer
Gelbflügelamazone	gelb	Flügel	Amazone
Gelbfärbung	gelb	Färbung
Gelbkopfamazone	gelb	Kopf	Amazone
Gelbphase	gelb	Phase
Gelbschulteramazone	gelb	Schulter	Amazone
Gelbstoff	gelb	Stoff
Gelbton	gelb	Ton
Geld-Brief-Spanne	Geld	Brief	Spanne
Geldabfluss	Geld	Abfluss
Geldadel	Geld	Adel
Geldangelegenheit	Geld	Angelegenheit
Geldaufwertung	Geld	Aufwertung
Geldautomat	Geld	Automat
Geldautomatensprengung	Geldautomat	en	Sprengung
Geldbetrag	Geld	Betrag
Geldbeutel	Geld	Beutel
Geldentwertung	Geld	Entwertung
Gelderwerb	Geld	Erwerb
Geldgier	Geld	Gier
Geldhochzeit	Geld	Hochzeit
Geldjude	Geld	Jude
Geldkatze	Geld	Katze
Geldkurs	Geld	Kurs
Geldkursnotierung	Geldkurs	notieren	ung
Geldmacherei	Geld machen	erei
Geldmenge	Geld	Menge
Geldnotierung	Geld	Notierung
Geldsack	Geld	Sack
Geldschein	Geld	Schein
Geldscheinbündel	Geldschein	Bündel
Geldschneiderei	Geldschneider	ei
Geldschrank	Geld	Schrank
Geldseite	Geld	Seite
Geldspende	Geld	Spende
Geldstabilität	Geld	Stabilität
Geldstrafe	Geld	Strafe
Geldstück	Geld	Stück
Geldsumme	Geld	Summe
Geldumlauf	Geld	Umlauf
Geldvermögen	Geld	Vermögen
Geldwechsler	Geld	wechseln
Geldwert	Geld	Wert
Geldwertstabilität	Geldwert	s	Stabilität
Geldwäscher	Geld	Wäscher
Geldwäscherei	Geldwäscher	ei
Geldzufluss	Geld	Zufluss
Gelege	ge	legen	e
Gelegenheitsbildung	Gelegenheit	s	Bildung
Geleitschutz	Geleit	Schutz
Geleitzug	Geleit	Zug
Gelenkschmerz	Gelenk	Schmerz
Gelindigkeit	gelind	igkeit
Gelsenkirchenerin	Gelsenkirchener	in
Geltendmachung	geltend	machen	ung
Geländemarsch	Gelände	Marsch
Geländewagen	Gelände	Wagen
Geläut	ge	läuten
Gelöbnis	geloben	nis
Gemahlin	Gemahl	in
Gemeinde	gemein	de
Gemeindebackhaus	Gemeinde	Backhaus
Gemeindehaus	Gemeinde	Haus
Gemeinderätin	Gemeinderat	in
Gemeindeverwaltung	Gemeinde	Verwaltung
Gemeindezentrum	Gemeinde	Zentrum
Gemeine Fichte	gemein	Fichte
Gemeinfreiheit	gemeinfrei	heit
Gemeingut	gemein	Gut
Gemeinheit	gemein	heit
Gemeinsamkeit	gemeinsam	keit
Gemeinschaft	gemein	schaft
Gemeinschaftsaufgabe	Gemeinschaft	s	Aufgabe
Gemeinschaftsgefühl	Gemeinschaft	s	Gefühl
Gemeinschaftskunde	Gemeinschaft	s	kunde
Gemeinschaftsraum	Gemeinschaft	s	Raum
Gemeinsinn	gemein	Sinn
Gemeinsprache	gemein	Sprache
Gemeinwesenarbeit	Gemeinwesen	Arbeit
Gemeinwohl	gemein	Wohl
Gemengsel	Gemenge	sel
Gemischtware	gemischt	Ware
Gemischtwarengeschäft	Gemischtwaren	Geschäft
Gemischtwarenhandlung	Gemischtwaren	Handlung
Gemischtwarenladen	Gemischtwaren	Laden
Gemächlichkeit	gemächlich	keit
Gemälde	ge	malen	de
Gemüsebrühe	Gemüse	Brühe
Gemüsegabel	Gemüse	Gabel
Gemüsegarten	Gemüse	Garten
Gemüsegeschäft	Gemüse	Geschäft
Gemüsehandlung	Gemüse	Handlung
Gemüsehändler	Gemüse	Händler
Gemüsekonserven	Gemüse	Konserven
Gemüseladen	Gemüse	Laden
Gemüselöffel	Gemüse	Löffel
Gemüsemesser	Gemüse	Messer
Gemüseplatte	Gemüse	Platte
Gemüsesaft	Gemüse	Saft
Gemüsesauce	Gemüse	Sauce
Gemüsesorte	Gemüse	Sorte
Gemüsesosse	Gemüse	Sosse
Gemüsesoße	Gemüse	Soße
Gemüsesuppe	Gemüse	Suppe
Gemüt	ge	Mut
Gemütlichkeit	gemütlich	keit
Gemütslage	Gemüt	Lage
Genauigkeit	genau	igkeit
Genderismus	Gender	ismus
Genehmigung	genehmigen	ung
Generalbundesanwalt	General	Bundes	Anwalt
Generalität	General	ität
Generalmobilmachung	general	Mobilmachung
Generaloberst	General	Oberst
Generalprobe	general	Probe
Generalschlüssel	general	Schlüssel
Generalstaatsanwalt	General	Staatsanwalt
Generalstreik	general	Streik
Generalversammlung	general	Versammlung
Generalvikar	General	Vikar
Generationenkluft	Generationen	Kluft
Genesung	genesen	ung
Genetikerin	Genetiker	in
Genickschuss	Genick	Schuss
Geniestreich	Genie	Streich
Genießer	genießen	er
Genießerin	Genießer	in
Genitalverstümmelung	genital	Verstümmelung
Genmais	Gen	Mais
Genossenschaft	Genossen	schaft
Genotyp	geno	Typ
Gentechnik	Gen	Technik
Gentest	Gen	Test
Genugtuung	genugtun	ung
Genussmittel	Genuss	Mittel
Genüge	genug	e
Genügsamkeit	genügsam	keit
Geobiologie	geo	Biologie
Geobotanik	geo	Botanik
Geologie	geo	logie
Geophysiker	Geophysik	er
Geophysikerin	Geophysiker	in
Georgenthal	Georg	en	Thal
Georgenthaler	Georgenthal	er
Georgenthalerin	Georgenthaler	in
Georgierin	Georgier	in
Georgsmarienhütte	Georg	s	Marien	Hütte
Georgsmarienhütterin	Georgsmarienhütter	in
Geosphäre	geo	Sphäre
Gepflogenheit	gepflogen	heit
Gepolter	ge	poltern
Gepränge	ge	prangen	e
Gepäckschließfach	Gepäck	Schließfach
Gequassel	ge	quasseln
Gerberei	Gerber	ei
Gerbstoff	gerben	Stoff
Gerede	reden	Ge- -e
Gereiztheit	gereizt	heit
Gereonsweilerin	Gereonsweiler	in
Gerichtsbarkeit	Gericht	bar	keit
Gerichtsbeamtin	Gericht	s	Beamtin
Gerichtsbeschluss	Gericht	s	Beschluss
Gerichtsdokument	Gericht	s	Dokument
Gerichtsentscheidung	Gericht	s	Entscheidung
Gerichtshofes	Gerichtshof	es
Gerichtsmediziner	Gericht	s	Mediziner
Gerichtssaal	Gericht	s	Saal
Gerichtsschöffe	Gericht	s	Schöffe
Gerichtsverfahren	Gericht	s	Verfahren
Gerichtswesen	Gericht	wesen
Geringschätzung	geringschätzen	ung
Gerinnsel	gerinnen	sel
Gerinnung	gerinnen	ung
Gerinnungshemmer	Gerinnung	s	Hemmer
Gerippe	ge	Rippe
Germanentum	Germanen	tum
Germanisierung	germanisieren	ung
Germanist	germanisch	ist
Germanistik	Germanist	ik
Germaniumdioxid	Germanium	Dioxid
Germaniumerz	Germanium	Erz
Germaniumhydrid	Germanium	Hydrid
Germaniumoxid	Germanium	Oxid
Germaniumsulfid	Germanium	Sulfid
Germaniumtetrachlorid	Germanium	Tetrachlorid
Gernsbacher	Gernsbach	er
Gernsbacherin	Gernsbacher	in
Gernsheimer	Gernsheim	er
Gernsheimerin	Gernsheimer	in
Geroldsgrüner	Geroldsgrün	er
Geroldsgrünerin	Geroldsgrüner	in
Geroldshausener	Geroldshausen	er
Geroldshausenerin	Geroldshausener	in
Gerolsbacher	Gerolsbach	er
Gerolsbacherin	Gerolsbacher	in
Gerolsheimer	Gerolsheim	er
Gerolsheimerin	Gerolsheimer	in
Gerolsteiner	Gerolstein	er
Gerolsteinerin	Gerolsteiner	in
Gerolzhofener	Gerolzhofen	er
Gerolzhofenerin	Gerolzhofener	in
Gersbacher	Gersbach	er
Gersbacherin	Gersbacher	in
Gersfelder	Gersfeld	er
Gersfelderin	Gersfelder	in
Gersheimer	Gersheim	er
Gersheimerin	Gersheimer	in
Gerstenbütteler	Gerstenbüttel	er
Gerstenbüttelerin	Gerstenbütteler	in
Gerstenfeld	Gerste	n	Feld
Gerstengrütze	Gerste	n	Grütze
Gerstenkorn	Gerste	n	Korn
Gerstenmalz	Gerste	n	Malz
Gerstenmehl	Gerste	n	Mehl
Gerstensaft	Gerste	n	Saft
Gersthofener	Gersthofen	er
Gersthofenerin	Gersthofener	in
Gerstunger	Gerstungen	er
Gerstungerin	Gerstunger	in
Geruchssinn	Geruch	s	Sinn
Geruchsstoff	Geruch	Stoff
Geruchsunempfindlichkeit	geruchsunempfindlich	keit
Gerätschaft	Gerät	schaft
Geräusch	ge	rauschen
Geräuschemacher	Geräusche	Macher
Gerüchtekoch	Gerüchte	Koch
Gerüchteküche	Gerücht	e	Küche
Gerümpel	ge	rumpeln
Ges	G	es
Gesamtbild	gesamt	Bild
Gesamtdeutschland	gesamt	Deutschland
Gesamtdrehimpuls	gesamt	Drehimpuls
Gesamtergebnis	gesamt	Ergebnis
Gesamtgebiet	gesamt	Gebiet
Gesamtgröße	gesamt	Größe
Gesamtheit	gesamt	heit
Gesamtherstellung	gesamt	Herstellung
Gesamtkapital	gesamt	Kapital
Gesamtkapitalrendite	Gesamtkapital	Rendite
Gesamtkunstwerk	gesamt	Kunstwerk
Gesamtlage	gesamt	Lage
Gesamtmasse	gesamt	Masse
Gesamtpaket	gesamt	Paket
Gesamtproduktion	gesamt	Produktion
Gesamtschule	gesamt	Schule
Gesamtsieg	gesamt	Sieg
Gesamtstickstoffgehalt	gesamt	Stickstoff	Gehalt
Gesamtsystem	gesamt	System
Gesamtumsatz	gesamt	Umsatz
Gesamtverband	gesamt	Verband
Gesamtzusammenhang	gesamt	Zusammenhang
Gesandtschaft	gesandt	schaft
Gesangslehrer	Gesang	s	Lehrer
Gesangsübung	Gesang	s	Übung
Geschenkpapier	Geschenk	Papier
Geschichtenbuch	Geschichte	Buch
Geschichtsbuch	Geschichte	s	Buch
Geschichtsschreiber	Geschichte	Schreiber
Geschichtsschreibung	Geschichte	s	Schreibung
Geschichtswissenschaft	Geschichte	s	Wissenschaft
Geschicklichkeit	geschicklich	keit
Geschirrspüler	Geschirr	spülen	er
Geschirrspülmaschine	Geschirr	spülen	Maschine
Geschirrtuch	Geschirr	Tuch
Geschlechterbinarität	Geschlechter	Binarität
Geschlechterforschung	Geschlecht	er	Forschung
Geschlechtsausdruck	Geschlecht	s	Ausdruck
Geschlechtschromosom	Geschlecht	s	Chromosom
Geschlechtsgenosse	Geschlecht	s	Genosse
Geschlechtsidentität	Geschlecht	s	Identität
Geschlechtsidentitätsstörung	Geschlecht	s	Identität	s	Störung
Geschlechtsorgan	Geschlecht	s	Organ
Geschlechtsteil	Geschlecht	s	Teil
Geschlechtswort	Geschlecht	s	Wort
Geschmackshorizont	Geschmack	s	Horizont
Geschmacksrichtung	Geschmack	s	Richtung
Geschmackssinn	Geschmack	s	Sinn
Geschmacksstoff	Geschmack	Stoff
Geschmacksstörung	Geschmack	Störung
Geschmacksverstärker	Geschmack	Verstärker
Geschmeidigkeit	geschmeidig	keit
Geschnatter	ge	schnattern
Geschossart	Geschoss	Art
Geschrei	ge	schreien
Geschreie	ge	schreien
Geschwader	ge	Schwader
Geschwafel	ge	schwafeln
Geschwindigkeit	geschwind	igkeit
Geschwindigkeitsbegrenzung	Geschwindigkeit	s	Begrenzung
Geschwindigkeitsbeschränkung	Geschwindigkeit	s	Beschränkung
Geschwindigkeitsmesser	Geschwindigkeit	s	Messer
Geschwindigkeitsregelanlage	Geschwindigkeit	s	regeln	Anlage
Geschwisterkind	Geschwister	Kind
Geschwollenheit	geschwollen	heit
Geschäftigkeit	geschäftig	keit
Geschäftsablauf	Geschäft	Ablauf
Geschäftsausgabe	Geschäft	s	Ausgabe
Geschäftsbeziehung	Geschäft	s	Beziehung
Geschäftsfrau	Geschäft	s	Frau
Geschäftsführer	Geschäft	s	Führer
Geschäftsführung	Geschäft	s	Führung
Geschäftsgebaren	Geschäft	s	Gebaren
Geschäftsgeheimnis	Geschäft	s	Geheimnis
Geschäftsklima	Geschäft	s	Klima
Geschäftslage	Geschäft	s	Lage
Geschäftsleute	Geschäft	s	Leute
Geschäftsmann	Geschäft	s	Mann
Geschäftsmodell	Geschäft	s	Modell
Geschäftspartner	Geschäft	s	Partner
Geschäftspartnerin	Geschäftspartner	in
Geschäftsreise	Geschäft	s	Reise
Geschäftssinn	Geschäft	s	Sinn
Geschäftsstrategie	Geschäft	s	Strategie
Geschäftstüchtigkeit	geschäftstüchtig	keit
Geschäftswelt	Geschäft	s	Welt
Geschützturm	Geschütz	Turm
Gesellenstück	Geselle	n	Stück
Gesellschaft	Geselle	schaft
Gesellschafter	Gesellschaft	er
Gesetzbuch	Gesetz	Buch
Gesetzentwurf	Gesetz	Entwurf
Gesetzesbrecher	Gesetz	brechen	er
Gesetzeshüter	Gesetz	Hüter
Gesetzeshüterin	Gesetzeshüter	in
Gesetzessammlung	Gesetz	es	Sammlung
Gesetzeswidrigkeit	gesetzeswidrig	keit
Gesetzesübertretung	Gesetz	Übertretung
Gesetzgeber	Gesetz	Geber
Gesetzgeberin	Gesetzgeber	in
Gesetzsammlung	Gesetz	Sammlung
Gesetzwidrigkeit	gesetzwidrig	keit
Gesichtsausdruck	Gesicht	s	Ausdruck
Gesichtserker	Gesicht	s	Erker
Gesichtsfarbe	Gesicht	s	Farbe
Gesichtskreis	Gesicht	s	Kreis
Gesichtslähmung	Gesicht	s	Lähmung
Gesichtsschleier	Gesicht	Schleier
Gesichtsverletzung	Gesicht	Verletzung
Gesichtsverlust	Gesicht	s	Verlust
Gesichtszug	Gesicht	Zug
Gesims	ge	Sims
Gespann	ge	spannen
Gespanntheit	gespannt	heit
Gespenstergeschichte	Gespenster	Geschichte
Gespenstschrecke	Gespenst	Schrecke
Gespinstrohr	Gespinst	Rohr
Gesprächspause	Gespräch	s	Pause
Gesprächspunkt	Gespräch	s	Punkt
Gesprächsstoff	Gespräch	s	Stoff
Gesprächsthema	Gespräch	s	Thema
Gespür	ge	spüren
Gestalter	gestalten	er
Gestaltung	gestalten	ung
Gestaltungsdrang	Gestaltung	s	Drang
Gestaltungsfreiheit	Gestaltung	s	Freiheit
Gestaltungsfähigkeit	Gestaltung	s	Fähigkeit
Gestaltungskraft	Gestaltung	s	Kraft
Gestaltungsweise	Gestaltung	s	Weise
Gestaltungswille	Gestaltung	s	Wille
Gestatter	gestatten	er
Gestein	ge	Stein
Gesteinsformation	Gestein	s	Formation
Gesteinskunde	Gestein	s	kunde
Gesteinsprobe	Gestein	s	Probe
Gestotter	ge	stottern
Gestreite	ge	streiten	e
Gestöber	ge	stöbern
Gestöhn	ge	stöhnen
Gestühl	ge	Stühle
Gesuchsteller	Gesuch	Steller
Gesundheitsexperte	Gesundheit	s	Experte
Gesundheitsgefährdung	Gesundheit	Gefährdung
Gesundheitsminister	Gesundheit	s	Minister
Gesundheitsministerium	Gesundheit	s	Ministerium
Gesundheitspolitik	Gesundheit	s	Politik
Gesundheitsschaden	Gesundheit	Schaden
Gesundheitsschutz	Gesundheit	Schutz
Gesundheitssystem	Gesundheit	s	System
Gesundheitswesen	Gesundheit	wesen
Gesundheitszustand	Gesundheit	Zustand
Gesundung	gesunden	ung
Gesäuge	ge	säugen	e
Gesäßbacke	Gesäß	Backe
Getier	ge	Tier
Getrampel	ge	trampeln
Getreideexport	Getreide	Export
Getreideexporthafen	Getreide	Export	Hafen
Getreidekorn	Getreide	Korn
Getreidesack	Getreide	Sack
Getreidespeicher	Getreide	Speicher
Getreidetrocknung	Getreide	Trocknung
Getrete	ge	treten
Getriebegehäuse	Getriebe	Gehäuse
Getriebewelle	Getriebe	Welle
Getränkeeinzelhändler	Getränke	Einzelhändler
Getränkehändler	Getränke	Händler
Getränkekiste	Getränk	Kiste
Getränkeladen	Getränk	e	Laden
Getränkelieferant	Getränk	e	Lieferant
Getränkemarkt	Getränk	e	Markt
Gettermetall	Getter	Metall
Gettofaust	Getto	Faust
Getümmel	ge	tummeln
Gevelsberger	Gevelsberg	er
Gevelsbergerin	Gevelsberger	in
Gevelsbergers	Gevelsberg	er
Geviertstrich	Geviert	Strich
Gevögel	ge	Vogel
Gewahrsam	gewahr	sam
Gewalt	*ga	*waldą
Gewaltenteilung	Gewalten	Teilung
Gewaltentrennung	Gewalten	Trennung
Gewaltfreiheit	gewaltfrei	heit
Gewaltmonopol	Gewalt	Monopol
Gewalttäter	Gewalt	Täter
Gewalttäterin	Gewalttäter	in
Gewalttätigkeit	gewalttätig	keit
Gewaltverbrechen	Gewalt	Verbrechen
Gewand	ge	winden
Gewandhaus	Gewand	Haus
Gewandtheit	gewandt	heit
Gewebestoff	Gewebe	Stoff
Gewehr	ge	Wehr
Gewehrkolben	Gewehr	Kolben
Gewehrkugel	Gewehr	Kugel
Gewehrschuss	Gewehr	Schuss
Gewehrschütze	Gewehr	Schütze
Gewerk	ge	werken
Gewerkschaft	Gewerk	schaft
Gewerkschafter	Gewerkschaft	er
Gewerkschaftler	Gewerkschaft	ler
Gewerkschaftsfunktionär	Gewerkschaft	s	Funktionär
Gewichtsabnahme	Gewicht	s	Abnahme
Gewichtseinheit	Gewicht	s	Einheit
Gewichtsprozent	Gewicht	Prozent
Gewichtsreduktion	Gewicht	Reduktion
Gewichtsreduzierung	Gewicht	Reduzierung
Gewichtsretardierung	Gewicht	s	Retardierung
Gewichtsverlust	Gewicht	s	Verlust
Gewichtszunahme	Gewicht	s	Zunahme
Gewimmel	ge	wimmeln
Gewindestift	Gewinde	Stift
Gewinnabführung	Gewinn	Abführung
Gewinnausschüttung	Gewinn	Ausschüttung
Gewinner	gewinnen	er
Gewinnerwartung	Gewinn	Erwartung
Gewinnler	Gewinn	ler
Gewinnmarge	Gewinn	Marge
Gewinnmaximierung	Gewinn	Maximierung
Gewinnminimierung	Gewinn	Minimierung
Gewinnmitnahme	Gewinn	Mitnahme
Gewinnrealisierung	Gewinn	Realisierung
Gewinnspiel	gewinnen	Spiel
Gewinnthesaurierung	Gewinn	Thesaurierung
Gewinnverteilung	Gewinn	Verteilung
Gewinnverwendung	Gewinn	Verwendung
Gewinnverwendungsbeschluss	Gewinn	Verwendung	s	Beschluss
Gewinnvortrag	Gewinn	Vortrag
Gewinnwarnung	Gewinn	Warnung
Gewirk	ge	wirken
Gewissen	ge	wissen
Gewissenhaftigkeit	gewissenhaft	ig	keit
Gewissensbiss	Gewissen	s	Biss
Gewissenserforschung	Gewissen	s	Erforschung
Gewissensfrage	Gewissen	s	Frage
Gewissensfreiheit	Gewissen	s	Freiheit
Gewissensprüfung	Gewissen	s	Prüfung
Gewissheit	gewiss	heit
Gewitterfront	Gewitter	Front
Gewohnheit	gewohn	heit
Gewohnheitsrecht	Gewohnheit	s	Recht
Geworfenheit	geworfen	heit
Gewächshaus	Gewächs	Haus
Gewächshausgurke	Gewächshaus	Gurke
Gewährleistung	gewährleisten	ung
Gewährsmann	Gewähr	s	Mann
Gewässername	Gewässer	Name
Gewöhnung	gewöhnen	ung
Gewölk	ge	Wolke
Gewürm	ge	Wurm
Gewürzgurke	Gewürz	Gurke
Gewürzhändler	Gewürz	Händler
Gewürzkraut	Gewürz	Kraut
Gewürzmühle	Gewürz	Mühle
Gewürznelke	Gewürz	Nelke
Gewürzpflanze	Gewürz	Pflanze
Gezeit	ge	Zeit
Gezücht	ge	züchten
Ghanaer	Ghana	er
Ghanaerin	Ghanaer	in
Ghaznawide	غَزْنَوِيّ	ide
Gibraltarer	Gibraltar	er
Gießkanne	gießen	Kanne
Gießverfahren	gießen	Verfahren
Giftanschlag	Gift	Anschlag
Giftgas	Gift	Gas
Giftköder	Gift	Köder
Giftmörder	Gift	Mörder
Giftnatter	Gift	Natter
Giftpflanze	Gift	Pflanze
Giftschrank	Gift	Schrank
Giftspritze	Gift	Spritze
Giftstachel	Gift	Stachel
Giftwirkung	Gift	Wirkung
Giftzahn	Gift	Zahn
Gigapascal	giga	Pascal
Gila-Krustenechse	Gila	Krustenechse
Gilbe	gelb	e
Gilbhart	gilben	hart
Ginsterblüte	Ginster	Blüte
Gipfelhöhe	Gipfel	Höhe
Gipsverband	Gips	Verband
Girokonto	giro	Konto
Gis	G	is
Gitarrenakkord	Gitarre	n	Akkord
Gitarrenkonzert	Gitarre	n	Konzert
Gitarrenlehrer	Gitarre	n	Lehrer
Gitarrennoten	Gitarre	n	Noten
Gitarrensaite	Gitarre	n	Saite
Gitarrespielen	Gitarre	Spielen
Gitarrist	Gitarre	ist
Gitarristin	Gitarrist	in
Gitterbox	Gitter	Box
Gitterdefekt	Gitter	Defekt
Gitterenergie	Gitter	Energie
Gitterkonstante	Gitter	Konstante
Gitterparameter	Gitter	Parameter
Gitterprisma	Gitter	Prisma
Gitterstruktur	Gitter	Struktur
Gladbach	glatt	Bach
Gladbacher	Gladbach	er
Gladbacherin	Gladbacher	in
Gladbeck	glatt	beck
Gladbecker	Gladbeck	er
Gladbeckerin	Gladbecker	in
Glanzkäfer	Glanz	Käfer
Glanzzeit	Glanz	Zeit
Glasampulle	Glas	Ampulle
Glasbläser	Glas	Bläser
Glasbläserei	Glasbläser	ei
Glasdeckel	Glas	Deckel
Glaser	Glas	er
Glaserei	Glas	erei
Glaserhandwerk	Glaser	Handwerk
Glasflasche	Glas	Flasche
Glasgebäude	Glas	Gebäude
Glasgefäß	Glas	Gefäß
Glasgerät	Glas	Gerät
Glasgower	Glasgow	er
Glasharmonika	Glas	Harmonika
Glashaus	Glas	Haus
Glasherstellung	Glas	Herstellung
Glashütte	Glas	Hütte
Glashüttenerin	Glashüttener	in
Glashütterin	Glashütter	in
Glasindustrie	Glas	Industrie
Glaskolben	Glas	Kolben
Glaskugel	Glas	Kugel
Glaskörper	Glas	Körper
Glasmacher	Glas	Macher
Glaspass	Glas	Pass
Glasperle	Glas	Perle
Glasplatte	Glas	Platte
Glasröhre	Glas	Röhre
Glasscheibe	Glas	Scheibe
Glassplitter	Glas	Splitter
Glasur	glasieren	ur
Glasvase	Glas	Vase
Glaswand	Glas	Wand
Glasware	Glas	Ware
Glaswels	Glas	Wels
Glatteis	glatt	Eis
Glattrohrkanone	Glattrohr	Kanone
Glattstellung	glatt	Stellung
Glaubensartikel	Glauben	s	Artikel
Glaubensbekenntnis	Glauben	Bekenntnis
Glaubensbruder	Glaube	Bruder
Glaubenssatz	Glauben	s	Satz
Glaubensschwester	Glaube	Schwester
Glaubwürdigkeit	glaubwürdig	keit
Glazialzeit	glazial	Zeit
Gleichbehandlung	gleich	Behandlung
Gleichberechtigung	gleich	Berechtigung
Gleichförmigkeit	gleichförmig	keit
Gleichgewichtsreaktion	Gleichgewicht	Reaktion
Gleichgewichtssinn	Gleichgewicht	s	Sinn
Gleichgewichtszustand	Gleichgewicht	Zustand
Gleichgültigkeit	gleichgültig	keit
Gleichheit	gleich	heit
Gleichheitsrecht	Gleichheit	s	Recht
Gleichmaß	gleich	Maß
Gleichmut	gleich	Mut
Gleichnis	gleich	nis
Gleichrichter	gleichrichten	er
Gleichschaltung	gleichschalten	ung
Gleichspannung	gleich	Spannung
Gleichstellung	gleichstellen	ung
Gleichstellungsbeauftragte	Gleichstellung	s	Beauftragte
Gleichstellungsbeauftragter	Gleichstellung	s	Beauftragter
Gleichstrom	gleich	Strom
Gleichung	gleich	ung
Gleichzeichen	gleich	Zeichen
Gleichzeitigkeit	gleichzeitig	keit
Gleisbett	Gleis	Bett
Gleisänderung	Gleis	Änderung
Gleitbeutler	gleiten	Beutel	er
Gleitbombe	gleiten	Bombe
Gleitkommazahl	Gleitkomma	Zahl
Gleitlaut	gleiten	Laut
Gleitzahl	gleiten	Zahl
Gleitzeit	gleiten	Zeit
Gletscherfalter	Gletscher	Falter
Gletscherspalte	Gletscher	Spalte
Gliederfüßer	Glied	er	Fuß	er
Gliederreißen	Glied	Reißen
Gliederschmerz	Glied	Schmerz
Gliederungseditor	Gliederung	s	Editor
Gliedmaße	Glied	Maße
Glimmentladung	Glimmen	Entladung
Glimmlampe	Glimmen	Lampe
Gliom	γλια	om
Globalisierung	globalisieren	ung
Globalisierungsgegner	Globalisierung	s	Gegner
Globalisierungsgegnerin	Globalisierungsgegner	in
Glockenblume	Glocke	Blume
Glockenkurve	Glocke	n	Kurve
Glottisschlag	Glottis	Schlag
Gluconsäure	Glucon	Säure
Glutathionperoxidase	Glutathion	Peroxidase
Glycolipid	glyco	Lipid
Glycolsäure	Glycol	Säure
Glykogensynthasekinase	Glykogen	Synthase	Kinase
Glykolsäure	Glykol	Säure
Gläserklirren	Gläser	Klirren
Glätte	glatt	e
Glätteisen	glätten	Eisen
Glöckchen	Glocke	chen
Glöcklein	Glöck	lein
Glücklichkeit	glücklich	keit
Glücksbringer	Glück	s	Bringer
Glückseligkeit	glückselig	keit
Glücksgefühl	Glück	s	Gefühl
Glückshaut	Glück	s	Haut
Glückskeks	Glück	s	Keks
Glückskind	Glück	s	Kind
Glückskäfer	Glücks	Käfer
Glückspilz	Glücks	Pilz
Glücksrad	Glück	s	Rad
Glücksspieler	Glücksspiel	er
Glückstadt	Glück	Stadt
Glückstreffer	Glück	Treffer
Glückwunsch	Glück	Wunsch
Glühbirne	glühen	Birne
Glühbirnenwitz	Glühbirne	n	Witz
Glühfaden	glühen	Faden
Glühlampe	glühen	Lampe
Glühlampenwendel	Glühlampe	Wendel
Glühröhrchen	glühen	Röhrchen
Glühstrumpf	glühen	Strumpf
Glühwein	glühen	Wein
Glühwendel	glühen	Wendel
Glühwurm	glühen	Wurm
Glühwürmchen	glühen	Wurm	chen
Gnadenakt	Gnade	Akt
Gnadengesuch	Gnade	n	Gesuch
Gnadentod	Gnade	n	Tod
Gnoseologie	Gnosis	logie
Goldbacher	Goldbach	er
Goldbacherin	Goldbacher	in
Goldbarren	Gold	Barren
Goldbecher	Gold	Becher
Goldbergbau	Gold	Bergbau
Goldberger	Goldberg	er
Goldbergerin	Goldberger	in
Goldbergwerk	Gold	Bergwerk
Goldblech	Gold	Blech
Goldbrasse	Gold	Brasse
Goldbugpapagei	gold	Bug	Papagei
Golddistel	Gold	Distel
Golddraht	Gold	Draht
Goldene Zahl	golden	Zahl
Goldener Schnitt	golden	Schnitt
Goldesel	Gold	Esel
Goldfaden	Gold	Faden
Goldfinger	Gold	Finger
Goldfisch	Gold	Fisch
Goldgewinnung	Gold	Gewinnung
Goldgräberstimmung	Goldgräber	Stimmung
Goldhamster	golden	Hamster
Goldhochzeit	Gold	Hochzeit
Goldhähnchen	Gold	Hähnchen
Goldkopflöwenäffchen	Gold	Kopf	Löwe	n	Äffchen
Goldlack	Gold	Lack
Goldlagerstätte	Gold	Lagerstätte
Goldlegierung	Gold	Legierung
Goldmedaille	gold	Medaille
Goldmine	Gold	Mine
Goldmünze	Gold	Münze
Goldnackenara	Gold	Nacken	Ara
Goldrausch	Gold	Rausch
Goldrute	Gold	Rute
Goldschatz	Gold	Schatz
Goldscheitelsittich	Gold	Scheitel	Sittich
Goldschmiedekunst	Goldschmiede	Kunst
Goldschmiedin	Goldschmied	in
Goldschnabelralle	Gold	Schnabel	Ralle
Goldschraube	Gold	Schraube
Goldspecht	Gold	Specht
Goldstein	Gold	Stein
Goldsteiner	Goldstein	er
Goldsteinerin	Goldsteiner	in
Goldstück	Gold	Stück
Goldwäscher	Gold	Wäscher
Goldwäscherin	Goldwäscher	in
Goldzügelamazone	Gold	Zügel	Amazone
Golfklub	Golf	Klub
Golfkrieg	Golf	Krieg
Golfkriegssyndrom	Golfkrieg	Syndrom
Golfküste	Golf	Küste
Golfplatz	Golf	Platz
Golfschläger	Golf	Schläger
Golfwagen	Golf	Wagen
Gondellied	Gondel	Lied
Gonsenheimer	Gonsenheim	er
Gonsenheimerin	Gonsenheimer	in
Gonzenheimer	Gonzenheim	er
Gonzenheimerin	Gonzenheimer	in
Goropismus	Goropius	ismus
Gotifizierung	gotifizieren	ung
Gottesanbeterin	Gott	es	Anbeterin
Gottesfurcht	Gott	es	Furcht
Gottesgebärerin	Gott	Gebärerin
Gotteskrieger	Gott	es	Krieger
Gottesleugnung	Gott	es	Leugnung
Gottesliebe	Gott	es	Liebe
Gotteslästerung	Gott	Lästerung
Gottesmord	Gott	es	Mord
Gottesmutter	Gott	Mutter
Gotthardpass	Gotthard	Pass
Gottheit	Gott	heit
Gotthelf	Gott	helfen
Gottklasse	Gott	Klasse
Gottlosigkeit	gottlos	igkeit
Gottseligkeit	gottselig	keit
Grabbeigabe	Grab	Beigabe
Grabbelkiste	grabbeln	Kiste
Grabbeltisch	grabbeln	Tisch
Grabenkampf	Graben	Kampf
Grabenkrieg	Graben	Krieg
Grabeskirche	Grab	es	Kirche
Grabesritter	Grab	es	Ritter
Grabkäfer	graben	Käfer
Grabtuch	Grab	Tuch
Grabwerkzeug	graben	Werkzeug
Grachtenrundfahrt	Gracht	Rundfahrt
Grafenegger	Grafenegg	er
Grafeneggerin	Grafenegger	in
Grafenschachener	Grafenschachen	er
Grafenschachenerin	Grafenschachener	in
Grafenwerther	Grafenwerth	er
Grafenwertherin	Grafenwerther	in
Grafenwörther	Grafenwörth	er
Grafenwörtherin	Grafenwörther	in
Graffitimalerin	Graffitimaler	in
Grammatikalisierung	grammatikalisieren	ung
Grammatiker	Grammatik	er
Grammatikfehler	Grammatik	Fehler
Granatapfel	Granate	Apfel
Granatwerfer	Granate	Werfer
Grapefruitlöffel	Grapefruit	Löffel
Grapefruitsaft	Grapefruit	Saft
Graphemik	Graphem	ik
Graphentheorie	Graphen	Theorie
Graphitfluorid	Graphit	Fluorid
Graphitrohr	Graphit	Rohr
Graphitrohrofen	Graphitrohr	Ofen
Grasdach	Gras	Dach
Grashalm	Gras	Halm
Graskarpfen	Gras	Karpfen
Grasnatter	Gras	Natter
Grasschnitt	Gras	Schnitt
Grassteppe	Gras	Steppe
Graswurzel	Gras	Wurzel
Graswurzelbewegung	Graswurzel	Bewegung
Gratwanderung	Grat	Wanderung
Graubrot	grau	Brot
Graubruststrandläufer	grau	Brust	Strandläufer
Graubündnerin	Graubündner	in
Graudenzer	Graudenz	er
Graugans	grau	Gans
Graukatze	grau	Katze
Graukehlralle	grau	Kehle	Ralle
Graukäse	grau	Käse
Graumennigvogel	Grau	Mennigvogel
Graupapagei	grau	Papagei
Graupel	Graupe	el
Graureiher	grau	Reiher
Grausamkeit	grausam	keit
Grauschnäpper	grau	schnappen	er
Gravitationsfeld	Gravitation	s	Feld
Gravitationswechselwirkung	Gravitation	Wechselwirkung
Gravitationswelle	Gravitation	s	Welle
Grazer	Graz	er
Greifvogel	greifen	Vogel
Greifwerkzeug	greifen	Werkzeug
Greifzange	greifen	Zange
Greisin	Greis	in
Grenader	Grenada	er
Grenaderin	Grenader	in
Grenzfall	Grenze	Fall
Grenzfluss	Grenze	Fluss
Grenzfläche	Grenze	Fläche
Grenzpendler	Grenze	Pendler
Grenzschließung	Grenze	Schließung
Grenzschutz	Grenze	Schutz
Grenzstadt	Grenze	Stadt
Grenzstein	Grenze	Stein
Grenzwert	Grenze	Wert
Grenzübergang	Grenze	Übergang
Gretchenfrage	Gretchen	Frage
Grevenbroicherin	Grevenbroicher	in
Grevenerin	Grevener	in
Grevyzebra	Grévy	Zebra
Griebenschmalz	Griebe	n	Schmalz
Griechenland	Grieche	Land
Griesgram	gries	Gram
Griezmann	Griez	Mann
Grießbrei	Grieß	Brei
Grießkloß	Grieß	Kloß
Grießklößchensuppe	Grießklößchen	Suppe
Grießkoch	Grieß	Koch
Grießnockerlsuppe	Grießnockerl	Suppe
Griffbrett	Griff	Brett
Grimassen schneiden	Grimasse	schneiden
Grinsekatze	grinsen	Katze
Grippeimpfung	Grippe	Impfung
Grippesymptom	Grippe	Symptom
Grippevirus	Grippe	Virus
Grobheit	grob	heit
Grobkörnigkeit	grobkörnig	keit
Grobschmied	grob	Schmied
Groninger	Groningen	er
Groningerin	Groninger	in
Großaktionär	groß	Aktionär
Großartigkeit	großartig	keit
Großbauer	groß	Bauer
Großbetrieb	groß	Betrieb
Großbrand	groß	Brand
Großbuchstabe	groß	Buchstabe
Großdemonstration	groß	Demonstration
Großdeutschland	groß	Deutschland
Großdruck	groß	Druck
Großdruckbuchstabe	groß	Druckbuchstabe
Großeltern	groß	Eltern
Großfamilie	groß	Familie
Großflughafen	groß	Flughafen
Großfürst	groß	Fürst
Großfürstentum	Großfürst	en	tum
Großfürstin	Großfürst	in
Großhandel	groß	Handel
Großherzog	groß	Herzog
Großhirn	groß	Hirn
Großhirnrinde	Großhirn	Rinde
Großhändler	groß	Händler
Großhändleraufschlag	Großhändler	aufschlag
Großkatze	groß	Katze
Großkonzern	groß	Konzern
Großkopf-Ringelnatter	groß	Kopf	Ringelnatter
Großmacht	groß	Macht
Großmut	groß	Mut
Großmutter	groß	Mutter
Großmärtyrer	groß	Märtyrer
Großoffensive	groß	Offensive
Großonkel	groß	Onkel
Großpudel	groß	Pudel
Großraumbüro	Großraum	Büro
Großrechner	groß	Rechner
Großschreibung	groß	Schreibung
Großstadt	groß	Stadt
Großstädterin	Großstädter	in
Großtante	groß	Tante
Großteil	groß	Teil
Großvater	groß	Vater
Großverbraucher	groß	Verbraucher
Großvieheinheit	Großvieh	Einheit
Großwetterlage	groß	Wetterlage
Großwild	groß	Wild
Grubenhaus	Grube	n	Haus
Grubenunglück	Grube	Unglück
Grummet	grün	Mahd
Grundabsicht	grund	Absicht
Grundart	Grund	Art
Grundausstattung	Grund	Ausstattung
Grundbedeutung	grund	Bedeutung
Grundbegriff	grund	Begriff
Grundbesitz	Grund	Besitz
Grundbestandteil	Grund	Bestandteil
Grundbirne	Grund	Birne
Grundbuch	Grund	Buch
Grundfeste	Grund	Feste
Grundform	Grund	Form
Grundfrau	Grund	Frau
Grundfreiheit	Grund	Freiheit
Grundfrequenz	Grund	Frequenz
Grundgehalt	grund	Gehalt
Grundgerüst	Grund	Gerüst
Grundgesetz	grund	Gesetz
Grundgestein	Grund	Gestein
Grundherr	Grund	Herr
Grundkenntnis	Grund	Kenntnis
Grundlage	Grund	Lage
Grundlagenforschung	Grundlage	Forschung
Grundlegung	Grund	legen
Grundmaterial	Grund	Material
Grundplatte	Grund	Platte
Grundrasse	Grund	Rasse
Grundrecht	Grund	Recht
Grundrente	Grund	Rente
Grundriss	Grund	Riss
Grundsatz	grund	Satz
Grundsatzpapier	Grundsatz	Papier
Grundschema	Grund	Schema
Grundschule	grund	Schule
Grundsicherung	Grund	Sicherung
Grundsprache	Grund	Sprache
Grundstein	Grund	Stein
Grundstoff	Grund	Stoff
Grundstruktur	Grund	Struktur
Grundstück	Grund	Stück
Grundton	Grund	Ton
Grundtyp	Grund	Typ
Grundversorgung	Grund	Versorgung
Grundvoraussetzung	Grund	Voraussetzung
Grundwasser	Grund	Wasser
Grundwasserkontamination	Grundwasser	Kontamination
Grundwort	Grund	Wort
Grundzahl	Grund	Zahl
Grundzustand	Grund	Zustand
Grunzschwein	grunzen	Schwein
Gruppendenken	Gruppe	n	Denken
Gruppenführer	Gruppe	n	Führer
Gruppennachbar	Gruppe	n	Nachbar
Gruppentheorie	Gruppe	n	Theorie
Gruppenvergewaltigung	Gruppe	n	Vergewaltigung
Gruselfilm	gruseln	Film
Gruselroman	gruseln	Roman
Gräberin	Gräber	in
Gräuelpropaganda	Gräuel	Propaganda
Gräueltat	Gräuel	Tat
Grönland	grǿnn	land
Grönländer	Grönland	er
Grönländerin	Grönländer	in
Größe	groß	e
Größenersparnis	Größe	n	Ersparnis
Größenordnung	Größe	n	Ordnung
Größenvorteil	Größe	n	Vorteil
Grünalge	grün	Alge
Grünanlage	grün	Anlage
Grünbuch	grün	Buch
Gründelente	gründeln	Ente
Gründer	gründen	er
Gründervater	Gründer	Vater
Gründlichkeit	gründlich	keit
Gründung	gründen	ung
Gründungsfinanzierung	Gründung	s	Finanzierung
Gründungsgesellschafter	Gründung	s	Gesellschafter
Gründungsprivileg	Gründung	Privileg
Gründungsstatut	Gründung	s	Statut
Grüne	grün	e
Grünenberger	Grünenberg	er
Grünenbergerin	Grünenberger	in
Grünfink	grün	Fink
Grünfläche	grün	Fläche
Grünflügelara	grün	Flügel	Ara
Grünflügelsittich	grün	Flügel	Sittich
Grünfutter	grün	Futter
Grünfutterversorgung	Grünfutter	Versorgung
Grünin	Grüner	in
Grünkohl	grün	Kohl
Grünland	grün	Land
Grünlilie	grün	Lilie
Grünling	grün	ling
Grünphase	grün	Phase
Grünschenkel	grün	Schenkel
Grünschild	grün	Schild
Grünspecht	grün	Specht
Grünwangenamazone	grün	Wange	n	Amazone
Grünzeug	grün	Zeug
Grüßaugust	grüßen	August
Gsiberger	gsi	Berg	er
Guatemaltekin	Guatemalteke	in
Guckloch	gucken	Loch
Gucklochfahrer	Guckloch	Fahrer
Guerillakrieg	Guerilla	Krieg
Guineer	Guinea	er
Gulaschkanone	Gulasch	Kanone
Gulaschkommunismus	Gulasch	Kommunismus
Gummiband	Gummi	Band
Gummibaum	Gummi	Baum
Gummibär	Gummi	Bär
Gummibärchen	Gummibär	chen
Gummidichtung	Gummi	Dichtung
Gummierung	gummieren	ung
Gummihandschuh	Gummi	Handschuh
Gummiindustrie	Gummi	Industrie
Gummireifen	Gummi	Reifen
Gummiringerl	Gummi	Ringerl
Gummistiefel	Gummi	Stiefel
Gummizelle	Gummi	Zelle
Gunstgewerbe	Gunst	Gewerbe
Gunzenbacher	Gunzenbach	er
Gunzenbacherin	Gunzenbacher	in
Gunzendorfer	Gunzendorf	er
Gunzendorferin	Gunzendorfer	in
Gunzenheimer	Gunzenheim	er
Gunzenheimerin	Gunzenheimer	in
Gurkenbeet	Gurke	n	Beet
Gurkenfass	Gurke	n	Fass
Gurkenglas	Gurke	n	Glas
Gurkenkraut	Gurke	n	Kraut
Gurkensalat	Gurke	n	Salat
Gurkenscheibe	Gurke	n	Scheibe
Gusseisen	Guss	Eisen
Gusseisensäule	Gusseisen	Säule
Gusslegierung	Guss	Legierung
Gussstück	Guss	Stück
Gutachten	gut	achten
Gutedel	gut	edel
Gutenachtgeschichte	gute Nacht	Geschichte
Gutenberger	Gutenberg	er
Gutenbergerin	Gutenberger	in
Gutenbrunner	Gutenbrunn	er
Gutenbrunnerin	Gutenbrunner	in
Gutensteiner	Gutenstein	er
Gutensteinerin	Gutensteiner	in
Guter Heinrich	gut	Heinrich
Gutgläubigkeit	gutgläubig	keit
Gutmensch	gut	Mensch
Gutsherr	Gut	s	Herr
Guttäter	Guttat	er
Guyaner	Guyana	er
Guyanerin	Guyaner	in
Gänschen	Gans	chen
Gänseblümchen	Gans	Blümchen
Gänsebraten	Gans	Braten
Gänsebrust	Gans	Brust
Gänsefingerkraut	Gans	Fingerkraut
Gänsefuß	Gans	Fuß
Gänsefüßchen	Gänsefuß	chen
Gänsehaut	Gans	Haut
Gänsekeule	Gans	Keule
Gänseküken	Gans	Küken
Gänseleberpastete	Gänseleber	Pastete
Gänseleberwurst	Gänseleber	Wurst
Gänseliesel	Gans	Liesel
Gänsemast	Gänse	Mast
Gänserich	Ganser	rich
Gänsesäger	Gänse	Säger
Gänsewein	Gans	Wein
Gänslein	Gans	lein
Gänze	ganz	e
Gärling	gar	ling
Gärtner	Garten	er
Gässchen	Gasse	chen
Gästehaus	Gast	e	Haus
Gönnerschaft	Gönner	schaft
Gönnung	gönnen	ung
Gössel	Goos	el
Göteborgerin	Göteborger	in
Götterbild	Gott	er	Bild
Götterdienst	Götter	Dienst
Götterdämmerung	Götter	Dämmerung
Götterspeise	Gott	er	Speise
Göttlichkeit	göttlich	keit
Götzendiener	Götze	n	Diener
Götzendienst	Götzen	Dienst
Gültigkeit	gültig	keit
Gültigkeitsbereich	Gültigkeit	s	Bereich
Günstling	Gunst	ling
Günstlingswirtschaft	Günstling	s	Wirtschaft
Gürkchen	Gurke	chen
Gürtellinie	Gürtel	Linie
Gürtelrose	Gürtel	Rose
Gürtelschlaufe	Gürtel	Schlaufe
Gürtelschnalle	Gürtel	Schnalle
Gürteltier	Gürtel	Tier
Güte	gut	e
Güterbahnhof	Gut	er	Bahnhof
Gütergemeinschaft	Güter	Gemeinschaft
Güterverkehr	Güter	Verkehr
Güterwagen	Güter	Wagen
Güterzug	Güter	Zug
Gütigkeit	gütig	keit
Haarausfall	Haar	Ausfall
Haarband	Haar	Band
Haarbürste	Haar	Bürste
Haarfarbe	Haar	Farbe
Haargurke	Haar	Gurke
Haarkleid	Haar	Kleid
Haarknoten	Haar	Knoten
Haarmücke	Haar	Mücke
Haarnetz	Haar	Netz
Haarschnitt	Haar	Schnitt
Haarshampoo	Haar	Shampoo
Haarteil	Haar	Teil
Haartrockner	Haar	Trockner
Haarverlust	Haar	Verlust
Haarwachstum	Haar	Wachstum
Haarwaschmittel	Haar	Waschmittel
Haarwasser	Haar	Wasser
Haarwirbel	Haar	Wirbel
Haarwurzel	Haar	Wurzel
Haastadler	Haast	Adler
Habgier	haben	Gier
Habsucht	haben	Sucht
Habtachtstellung	habt	Acht	Stellung
Hackbeil	hacken	Beil
Hackbraten	Hack	Braten
Hackbrett	hacken	Brett
Hacker	hacken	er
Hackfleisch	hacken	Fleisch
Hackfleischverordnung	Hackfleisch	Verordnung
Hackler	hackeln	er
Hackordnung	hacken	Ordnung
Hackschnitzel	hacken	Schnitzel
Hafenanlage	Hafen	Anlage
Hafenbecken	Hafen	Becken
Hafenmeister	Hafen	Meister
Hafenmeisterin	Hafenmeister	in
Hafenstadt	Hafen	Stadt
Haferbrei	Hafer	Brei
Haferfeld	Hafer	Feld
Haferflocke	Hafer	Flocke
Hafergrütze	Hafer	Grütze
Haferkeks	Hafer	Keks
Haferkorn	Hafer	Korn
Hafermehl	Hafer	Mehl
Haferpflaume	Hafer	Pflaume
Hafniumverbindung	Hafnium	Verbindung
Haftbefehl	Haft	Befehl
Haftentschädigung	Haft	Entschädigung
Haftpflicht	haften	Pflicht
Haftpflichtversicherung	Haftpflicht	Versicherung
Haftrichter	Haft	Richter
Haftschale	haften	Schale
Haftungsnehmer	Haftung	s	Nehmer
Hagelschauer	Hagel	Schauer
Hagelschlag	Hagel	Schlag
Hagelwetter	Hagel	Wetter
Hagener	Hagen	er
Hahnenkamm	Hahnen	Kamm
Hahnenkampf	Hahn	en	Kampf
Hahnenschrei	Hahn	n	Schrei
Hahnentritt	Hahn	Tritt
Haifisch	Hai	Fisch
Haitianerin	Haitianer	in
Hakenkreuz	Haken	Kreuz
Hakenleiste	Haken	Leiste
Hakensaugwurm	Haken	saugen	Wurm
Hakerl	Haken	erl
Halbbildung	halb	Bildung
Halbdoppellaut	halb	Doppellaut
Halbdunkel	halb	Dunkel
Halbfinale	halb	Finale
Halbfinger-Gecko	halb	Finger	Gecko
Halbfingerhandschuh	halb	Fingerhandschuh
Halbgerade	halb	Gerade
Halbgeviertstrich	Halbgeviert	Strich
Halbgotisch	halb	Gotisch
Halbheit	halb	heit
Halbierer	halbieren	er
Halbinsel	halb	Insel
Halbjahr	halb	Jahr
Halbjude	halb	Jude
Halbkugel	halb	Kugel
Halbleiterbauelement	Halbleiter	Bauelement
Halbleitereigenschaft	Halbleiter	Eigenschaft
Halbleiterindustrie	Halbleiter	Industrie
Halbleitertechnik	Halbleiter	Technik
Halbmaki	halb	Maki
Halbmetall	halb	Metall
Halbmond	halb	Mond
Halbpension	halb	Pension
Halbsatz	halb	Satz
Halbschlaf	halb	Schlaf
Halbstufenpotential	halb	Stufe	Potential
Halbton	halb	Ton
Halbvokal	halb	Vokal
Halbwertszeit	halb	Wert	Zeit
Halbwissen	halb	Wissen
Halbzeit	halb	Zeit
Halbzeug	halb	Zeug
Halbzwetsche	halb	Zwetsche
Hallenbad	Halle	Bad
Hallenhalma	Halle	n	Halma
Hallenhaus	Halle	n	Haus
Hallenserin	Hallenser	in
Halljahr	Hall	Jahr
Hallo-Welt-Programm	hallo	Welt	Programm
Halloweenkostüm	Halloween	Kostüm
Hallraum	Hall	Raum
Hallstattzeit	Hallstatt	Zeit
Halmfliege	Halm	Fliege
Halogenatom	Halogen	Atom
Halogenglühlampe	Halogen	Glühlampe
Halogenkohlenwasserstoff	Halogen	Kohlenwasserstoff
Halogenlampe	Halogen	Lampe
Halogensauerstoffsäure	Halogen	Sauerstoffsäure
Halogenverbindung	Halogen	Verbindung
Halogenwasserstoff	Halogen	Wasserstoff
Halogenwasserstoffsäure	Halogenwasserstoff	Säure
Hals-Nasen-Ohren-Heilkunde	Hals	Nasen	Ohren	Heilkunde
Halsabschneider	Hals	Abschneider
Halsausschnitt	Hals	Ausschnitt
Halsband	Hals	Band
Halsbandaffäre	Halsband	Affäre
Halsbandschnäpper	Hals	Band	schnappen	er
Halsbandsittich	Halsband	Sittich
Halsberge	Hals	bergen
Halsbruch	Hals	Bruch
Halskette	Hals	Kette
Halskrause	Hals	Krause
Halskuss	Hals	n	Kuss
Halsregion	Hals	Region
Halsschmerz	Hals	Schmerz
Halsstarrigkeit	halsstarrig	keit
Halstuch	Hals	Tuch
Haltbarkeit	haltbar	keit
Haltebucht	halten	Bucht
Haltepunkt	Halte	Punkt
Halterung	haltern	ung
Haltestelle	halten	Stelle
Halteverbot	halten	Verbot
Haltung	halten	ung
Hamburger	Hamburg	er
Hamburger Schule	Hamburger	Schule
Hammelfleisch	Hammel	Fleisch
Hammelsprung	Hammel	Sprung
Hammergruppe	Hammer	Gruppe
Hammerhai	Hammer	Hai
Hammerwerfen	Hammer	werfen
Hammerwurf	Hammer	Wurf
Hampelmann	hampeln	Mann
Hamsterkauf	hamstern	Kauf
Hanauer	Hanau	er
Hanauerin	Hanauer	in
Handball	Hand	Ball
Handballen	Hand	Ballen
Handballspiel	Handball	Spiel
Handbreite	Hand	Breite
Handbremse	Hand	Bremse
Handbremshebel	Handbremse	Hebel
Handbuch	Hand	Buch
Handelsabkommen	Handel	s	Abkommen
Handelsbeschränkung	Handel	s	Beschränkung
Handelsbeziehung	Handel	s	Beziehung
Handelsblatt	Handel	s	Blatt
Handelsdefizit	Handel	s	Defizit
Handelsform	Handel	s	Form
Handelsgewinn	Handel	s	Gewinn
Handelsgut	Handel	s	Gut
Handelshemmnis	Handel	s	Hemmnis
Handelskammer	Handel	s	Kammer
Handelskonflikt	Handel	s	Konflikt
Handelsliquidität	Handel	s	Liquidität
Handelsmarine	Handel	s	Marine
Handelsname	Handel	s	Name
Handelspartner	Handel	s	Partner
Handelsplattform	Handel	s	Plattform
Handelsrecht	Handel	s	Recht
Handelsrechtler	Handelsrecht	ler
Handelsspanne	Handel	s	Spanne
Handelssprache	Handel	s	Sprache
Handelsstart	Handel	s	Start
Handelsstopp	Handel	Stopp
Handelstag	Handel	s	Tag
Handelsvertreter	Handel	s	Vertreter
Handelsvolumen	Handel	s	Volumen
Handelsware	Handel	s	Ware
Handelszeit	Handel	s	Zeit
Handelsüberwachungsstelle	Handel	s	Überwachung	s	Stelle
Handelware	Handel	Ware
Handfeuerwaffe	Hand	Feuerwaffe
Handfläche	Hand	Fläche
Handgelenk	Hand	Gelenk
Handgemenge	Hand	Gemenge
Handgepäck	Hand	Gepäck
Handglocke	Hand	Glocke
Handgranate	Hand	Granate
Handhaber	handhaben	er
Handkamera	Hand	Kamera
Handkuss	Hand	Kuss
Handkäse	Hand	Käse
Handlanger	Hand	langen	er
Handlauf	Hand	Lauf
Handlesen	Hand	Lesen
Handlichkeit	handlich	keit
Handlungsweise	Handlung	s	Weise
Handnagel	Hand	Nagel
Handpuppe	Hand	Puppe
Handrührgerät	Hand	Rührgerät
Handschar	Hand	Schar
Handschelle	Hand	Schelle
Handschlag	Hand	Schlag
Handschlagqualität	Handschlag	Qualität
Handschrift	Hand	Schrift
Handschuh	Hand	Schuh
Handschuhfach	Handschuh	Fach
Handseife	Hand	Seife
Handspiel	Hand	Spiel
Handstand	Hand	Stand
Handstichsäge	Hand	Stichsäge
Handstreich	Hand	Streich
Handstrich	Hand	Strich
Handstützüberschlag	Hand	stützen	Überschlag
Handsäge	Hand	Säge
Handtasche	Hand	Tasche
Handtäschchen	Handtasche	chen
Handwerk	Hand	Werk
Handwerkerin	Handwerker	in
Handwerksberuf	Handwerk	Beruf
Handwerkskunst	Handwerk	Kunst
Handwurzel	Hand	Wurzel
Handwörterbuch	Hand	Wörterbuch
Handynummer	Handy	Nummer
Handyspiel	Handy	Spiel
Hanfpalme	Hanf	palme
Hannelore	Hanne	Lore
Hanseat	Hanse	at
Hansestadt	Hanse	Stadt
Hardwarebeschleunigung	Hardware	Beschleunigung
Hardwareentwickler	Hardware	Entwickler
Hardwareentwicklerin	Hardwareentwickler	in
Harfenist	Harfe	n	ist
Harfenistin	Harfenist	in
Harfenspieler	Harfe	n	Spieler
Harmlosigkeit	harmlos	igkeit
Harnblase	Harn	Blase
Harndrang	Harn	Drang
Harninkontinenz	Harn	Inkontinenz
Harnischwels	Harnisch	Wels
Harnleiter	Harn	Leiter
Harnröhre	Harn	Röhre
Harnstoff	Harn	Stoff
Harnsäure	Harn	Säure
Harnsäurebildung	Harnsäure	Bildung
Harnvergiftung	Harn	Vergiftung
Harnverhalt	Harn	Verhalt
Harnweg	Harn	Weg
Harnwegsinfekt	Harnweg	s	Infekt
Harnzwang	Harn	Zwang
Hartheimer	Hartheim	er
Hartheimerin	Hartheimer	in
Hartholz	hart	Holz
Hartkaramelle	hart	Karamelle
Hartkäse	hart	Käse
Hartlot	hart	Lot
Hartlöten	hart	Löten
Hartmais	hart	Mais
Hartmetall	hart	Metall
Haschischöl	Haschisch	Öl
Haselhuhn	Hasel	Huhn
Haselmaus	Hasel	Maus
Haselnuss	Hasel	Nuss
Haselnussöl	Haselnuss	Öl
Haselnüsschen	Haselnuss	chen
Hasenfuß	Hase	Fuß
Hasenfüßigkeit	hasenfüßig	keit
Hasenjunges	Hase	Junges
Hasliberger	Hasliberg	er
Haslibergerin	Hasliberger	in
Hasser	hassen	er
Hasserin	Hasser	in
Hasskriminalität	Hass	Kriminalität
Haubennetzspinne	Haube	n	Netz	Spinne
Haubentaucher	Haube	Taucher
Hauchlaut	Hauch	Laut
Haudegen	hauen	Degen
Hauer	hauen	er
Haufenwolke	Haufen	Wolke
Hauhechel	Heu	Hechel
Hauptaktionär	haupt	Aktionär
Hauptanliegen	haupt	Anliegen
Hauptanteilseigner	haupt	Anteil	s	Eigner
Hauptanwendungsgebiet	Haupt	Anwendungsgebiet
Hauptartikel	haupt	Artikel
Hauptbahnhof	haupt	Bahnhof
Hauptbedeutung	haupt	Bedeutung
Hauptbestandteil	haupt	Bestandteil
Hauptbetonungszeichen	haupt	Betonungszeichen
Hauptbuch	Haupt	Buch
Hauptdarsteller	haupt	Darsteller
Hauptdeck	Haupt	Deck
Haupteigner	haupt	Eigner
Haupteingang	haupt	Eingang
Hauptfaktor	haupt	Faktor
Hauptfeld	haupt	Feld
Hauptfigur	haupt	Figur
Hauptfrau	haupt	Frau
Hauptgang	haupt	Gang
Hauptgegenstand	haupt	Gegenstand
Hauptgericht	haupt	Gericht
Hauptgesellschafter	haupt	Gesellschafter
Hauptgrund	haupt	Grund
Hauptgruppe	haupt	Gruppe
Hauptgruppenelement	Hauptgruppe	Element
Haupthaar	Haupt	Haar
Haupthimmelsrichtung	haupt	Himmelsrichtung
Hauptinhalt	Haupt	Inhalt
Hauptkomponente	haupt	Komponente
Hauptlinie	haupt	Linie
Hauptmann	haupt	Mann
Hauptplatine	haupt	Platine
Hauptproblem	haupt	Problem
Hauptproduzent	Haupt	Produzent
Hauptprozessor	haupt	Prozessor
Hauptpunkt	haupt	Punkt
Hauptquartier	haupt	Quartier
Hauptquelle	haupt	Quelle
Hauptrede	haupt	Rede
Hauptredner	haupt	Redner
Hauptrefinanzierungsinstrument	Haupt	Refinanzierung	Instrument
Hauptreihe	haupt	Reihe
Hauptreihenstern	Haupt	Reihe	Stern
Hauptschlagader	haupt	Schlagader
Hauptschriftleiter	haupt	Schriftleiter
Hauptschule	haupt	Schule
Hauptseite	Haupt	Seite
Hauptsitz	Haupt	Sitz
Hauptspeise	haupt	Speise
Hauptspiegel	haupt	Spiegel
Hauptstadt	haupt	Stadt
Hauptstraße	haupt	Straße
Hauptsturmführer	Haupt	Sturmführer
Hauptteil	haupt	Teil
Hauptthema	Haupt	Thema
Hauptton	haupt	Ton
Haupttäter	haupt	Täter
Hauptveranstaltung	Haupt	Veranstaltung
Hauptverdächtiger	haupt	Verdächtiger
Hauptversammlung	Haupt	Versammlung
Hauptvorteil	Haupt	Vorteil
Hauptwache	haupt	Wache
Hauptwurzel	haupt	Wurzel
Hauptzeuge	Haupt	Zeuge
Hauptzeugin	Hauptzeuge	in
Hauptzug	Haupt	Zug
Hauptzutat	Haupt	Zutat
Hauptärgernis	haupt	Ärgernis
Hausagentur	Haus	Agentur
Hausaltar	Haus	Altar
Hausammer	Haus	Ammer
Hausandacht	Haus	Andacht
Hausangestellte	Haus	Angestellte
Hausangestellter	Haus	Angestellter
Hausanschluss	Haus	Anschluss
Hausanzug	Haus	Anzug
Hausapotheke	Haus	Apotheke
Hausarbeit	Haus	Arbeit
Hausarme	Haus	Arme
Hausarmer	Haus	Armer
Hausarrest	Haus	Arrest
Hausarznei	Haus	Arznei
Hausarzt	Haus	Arzt
Hausaufgabe	Haus	Aufgabe
Hausautor	Haus	Autor
Hausautorin	Haus	Autorin
Hausball	Haus	Ball
Hausbank	Haus	Bank
Hausbar	Haus	Bar
Hausbau	Haus	Bau
Hausbedarf	Haus	Bedarf
Hausbedienstete	Haus	Bedienstete
Hausbediensteter	Haus	Bediensteter
Hausbeleuchtung	Haus	Beleuchtung
Hausbesetzer	Haus	Besetzer
Hausbesetzerin	Haus	Besetzerin
Hausbesetzung	Haus	Besetzung
Hausbesorger	Haus	Besorger
Hausbrand	Haus	Brand
Hauschild	Haus	Schild
Hausdach	Haus	Dach
Hausdachziegel	Hausdach	Ziegel
Hausdurchsuchung	Haus	Durchsuchung
Hauseinfahrt	Haus	Einfahrt
Hauseingang	Haus	Eingang
Hausente	Haus	Ente
Hausflur	Haus	Flur
Hausfrau	Haus	Frau
Hausfrauenperfekt	Hausfrau	en	Perfekt
Hausfreund	Haus	Freund
Hausfriede	Haus	Friede
Hausfriedensbruch	Hausfriede	ns	Bruch
Hausfront	Haus	Front
Hausgast	Haus	Gast
Hausgenosse	Haus	Genosse
Haushalter	haushalten	er
Haushaltsausschuss	Haushalt	s	Ausschuss
Haushaltsdisziplin	Haushalt	s	Disziplin
Haushaltsentwurf	Haushalt	s	Entwurf
Haushaltsjahr	Haushalt	s	Jahr
Haushaltsvoranschlag	Haushalt	s	Voranschlag
Haushaltswarengeschäft	Haushaltsware	n	Geschäft
Haushaltsänderung	Haushalt	s	Änderung
Hausherr	Haus	Herr
Haushund	Haus	Hund
Hausierer	hausieren	er
Hausinstallation	Haus	Installation
Hauskaninchen	Haus	Kaninchen
Hauskatze	Haus	Katze
Hausknecht	Haus	Knecht
Hausmann	Haus	Mann
Hausmaus	Haus	Maus
Hausmeister	Haus	Meister
Hausmusik	Haus	Musik
Hausmädchen	Haus	Mädchen
Hausordnung	Haus	Ordnung
Hausparty	Haus	Party
Hausrotschwanz	Haus	Rotschwanz
Hausschaf	Haus	Schaf
Hausschuh	Haus	Schuh
Hausschwein	Haus	Schwein
Hausspinne	Haus	Spinne
Hausstaub	Haus	Staub
Haussuche	Haus	Suche
Haustafel	Haus	Tafel
Haustier	Haus	Tier
Haustür	Haus	Tür
Haustürgriff	Haustür	Griff
Haustürschlüssel	Haustür	Schlüssel
Hausunterricht	Haus	Unterricht
Hausverbot	Haus	Verbot
Hausverstand	Haus	Verstand
Hauswand	Haus	Wand
Hauswanze	Haus	Wanze
Hausweihe	Haus	Weihe
Hauswesen	Haus	Wesen
Hauswirt	Haus	Wirt
Hausärztin	Hausarzt	in
Hausübung	Haus	Übung
Hautarzt	Haut	Arzt
Hautausschlag	Haut	Ausschlag
Hautentzündung	Haut	Entzündung
Hautfarbe	Haut	Farbe
Hautfett	Haut	Fett
Hautflügler	Haut	Flügel	er
Hautflüglerfamilie	Hautflügler	Familie
Hautkontakt	Haut	Kontakt
Hautkrankheit	Haut	Krankheit
Hautkrebs	Haut	Krebs
Hautschnitt	Haut	Schnitt
Hautschutz	Haut	Schutz
Hautwunde	Haut	Wunde
Hautärztin	Haut	Ärztin
Havana-Katze	Havana	Katze
Haßberger	Haßberge	er
Haßbergerin	Haßberger	in
Haßfurter	Haßfurt	er
Haßfurterin	Haßfurter	in
Heavisidefunktion	Heaviside	Funktion
Hebebühne	heben	Bühne
Hebelarm	Hebel	Arm
Hebopfer	heben	Opfer
Hebräerin	Hebräer	in
Hebung	heben	ung
Hechtbarbe	Hecht	Barbe
Heckantrieb	Heck	Antrieb
Heckenkirsche	Hecke	n	Kirsche
Heckenschere	Hecke	Schere
Heckenschütze	Hecke	n	Schütze
Heckklappe	Heck	Klappe
Heckscheibe	Heck	Scheibe
Heckschraube	Heck	Schraube
Heddinghausenerin	Heddinghausener	in
Hedgefonds	Hedge	Fonds
Heeresamt	Heer	Amt
Heeresgruppe	Heer	es	Gruppe
Heeresminister	Heer	es	Minister
Heerschar	Heer	Schar
Hefeextrakt	Hefe	Extrakt
Hefepilz	Hefe	Pilz
Hefeteig	Hefe	Teig
Heftchen	Heft	chen
Heftklammer	Heft	Klammer
Heftpflaster	heften	Pflaster
Hegelsch	Hegel	sch
Hehler	hehlen	er
Hehlerei	Hehler	ei
Heidekraut	Heide	Kraut
Heidelbeere	Heidel	Beere
Heidelbergerin	Heidelberger	in
Heidelerche	Heide	Lerche
Heidenangst	Heide	n	Angst
Heidengeld	Heide	n	Geld
Heidenheimerin	Heidenheimer	in
Heidenlärm	Heide	n	Lärm
Heidenreichsteiner	Heidenreichstein	er
Heidenreichsteinerin	Heidenreichsteiner	in
Heidenrespekt	Heiden	Respekt
Heidenspaß	Heiden	Spaß
Heiderauch	Heide	Rauch
Heideröslein	Heide	Röslein
Heidesheimerin	Heidesheimer	in
Heil Hitler	Heil	Hitler
Heilanstalt	Heil	Anstalt
Heiligabend	heilig	Abend
Heiligenberg	heilig	en	Berg
Heiligenberger	Heiligenberg	er
Heiligenschein	Heiliger	Schein
Heiligkeit	heilig	keit
Heiligtum	heilig	tum
Heilkraut	heilen	Kraut
Heilkunde	heilen	kunde
Heilmittel	heilen	Mittel
Heilpflanze	heilen	Pflanze
Heilsarmee	Heil	Armee
Heilsgeschichte	Heil	Geschichte
Heilung	heilen	ung
Heilungsphase	Heilung	s	Phase
Heilungsprozess	Heilung	s	Prozess
Heilwasser	Heil	Wasser
Heimatdichter	Heimat	Dichter
Heimatdichterin	Heimatdichter	in
Heimatfilm	Heimat	Film
Heimatland	Heimat	Land
Heimatort	Heimat	Ort
Heimchen	Heim	chen
Heimerdinger	Heimerdingen	er
Heimerdingerin	Heimerdinger	in
Heimertinger	Heimertingen	er
Heimertingerin	Heimertinger	in
Heimerzheimer	Heimerzheim	er
Heimerzheimerin	Heimerzheimer	in
Heimfahrt	Heim	Fahrt
Heimkind	Heim	Kind
Heimlichtuerei	heimlichtun	erei
Heimmannschaft	Heim	Mannschaft
Heimorgel	Heim	Orgel
Heimreise	Heim	Reise
Heimsheimer	Heimsheim	er
Heimsheimerin	Heimsheimer	in
Heimstatt	Heim	Statt
Heimsucher	heimsuchen	er
Heimtextilien	Heim	Textilien
Heimunterricht	Heim	Unterricht
Heimweg	heim	Weg
Heimweh	Heim	Weh
Heimwerkergerät	Heimwerker	Gerät
Heimzahler	heimzahlen	er
Heimzahlung	heimzahlen	ung
Heineken	Heine	ken
Heinsberger	Heinsberg	er
Heinsbergerin	Heinsberger	in
Heinzelmännchen	Heinzel	Männchen
Heiterkeit	heiter	keit
Heizdraht	heizen	Draht
Heizelement	heizen	Element
Heizer	heizen	er
Heizgewölbe	heizen	Gewölbe
Heizleiterlegierung	Heizleiter	Legierung
Heizlüfter	heizen	Lüfter
Heizspirale	heizen	Spirale
Heizstrahler	heizen	Strahler
Heizung	heizen	ung
Heizöl	heizen	Öl
Heißluft	heiß	Luft
Heißluftballon	heiß	Luft	Ballon
Heißluftfritteuse	Heißluft	Fritteuse
Heißwasser	heiß	Wasser
Heldenberger	Heldenberg	er
Heldendichtung	Held	en	Dichtung
Heldentat	Held	Tat
Heldentenor	Helden	Tenor
Heldrungerin	Heldrunger	in
Helgoländer	Helgoland	er
Helikopterrotor	Helikopter	Rotor
Heliumballon	Helium	Ballon
Heliumbrennen	Helium	brennen
Heliumisotop	Helium	Isotop
Heliumkern	Helium	Kern
Helldunkelmalerei	hell	dunkel	Malerei
Helle	hell	e
Hellseherei	Hellseher	ei
Helsingborgerin	Helsingborger	in
Helvetier	Helvetia	er
Hemmer	hemmen	er
Hemmschuh	hemmen	Schuh
Hemmschwelle	hemmen	Schwelle
Hemmstoff	hemmen	Stoff
Hemmung	hemmen	ung
Henkelbecher	Henkel	Becher
Henschel	Hensch	el
Heptahydrat	hepta	Hydrat
Heptamolybdat	hepta	Molybdat
Heptan	hept	an
Heptasulfid	hepta	Sulfid
Heptylalkohol	Heptyl	Alkohol
Herabsetzung	herabsetzen	ung
Herabstufung	herabstufen	ung
Herangehensweise	herangehen	Weise
Heraufsetzung	heraufsetzen	ung
Heraufstufung	heraufstufen	ung
Herausbildung	herausbilden	ung
Herausforderer	herausfordern	er
Herausheber	herausheben	er
Herausputzer	herausputzen	er
Herausreißer	herausreißen	er
Herbeiführer	herbeiführen	er
Herbeiführerin	Herbeiführer	in
Herbeirufer	herbeirufen	er
Herbeiruferin	Herbeirufer	in
Herbolzheimer	Herbolzheim	er
Herbolzheimerin	Herbolzheimer	in
Herbstanfang	Herbst	Anfang
Herbstblümchen	Herbstblume	chen
Herbstende	Herbst	Ende
Herbstfeldzug	Herbst	Feldzug
Herbstgrasmilbe	Herbst	Gras	Milbe
Herbstlaub	Herbst	Laub
Herbstluft	Herbst	Luft
Herbstmond	Herbst	Mond
Herbstnebel	Herbst	Nebel
Herbstsonne	Herbst	Sonne
Herbststurm	Herbst	Sturm
Herbstvollmond	Herbst	Vollmond
Herbstwald	Herbst	Wald
Herbstwetter	Herbst	Wetter
Herbstwind	Herbst	Wind
Herbstzeit	Herbst	Zeit
Herde	Herd	e
Herdenimmunität	Herde	n	Immunität
Herdfeuer	Herd	Feuer
Herdplatte	Herd	Platte
Herdprämie	Herd	Prämie
Herforderin	Herforder	in
Hergang	her	Gang
Heringsfischer	Hering	Fischer
Heringshai	Hering	Hai
Heringssalat	Hering	s	Salat
Heringsschwarm	Hering	n	Schwarm
Herkunft	her	kunft
Herkunftsbezeichnung	Herkunft	Bezeichnung
Herkunftsland	Herkunft	s	Land
Herkunftsort	Herkunft	s	Ort
Herleiter	herleiten	er
Hermann Meiers Baldachin	Hermann Meier	Baldachin
Hermitesch	Hermite	sch
Heroin	Heros	in
Heroinsucht	Heroin	Sucht
Herrengedeck	Herr	en	Gedeck
Herrenhaus	Herr	Haus
Herrenmensch	Herr	en	Mensch
Herrenmoral	Herr	Moral
Herrenschicht	Herren	Schicht
Herrentag	Herr	en	Tag
Herrgott	Herr	Gott
Herrgottsfrüh	Herrgott	s	Früh
Herrgottsfrühe	Herrgott	s	Frühe
Herrgottswinkel	Herrgott	s	Winkel
Herrin	Herr	in
Herrschaft	hehr	schaft
Herrschaftssprache	Herrschaft	Sprache
Herrscherpersönlichkeit	Herrscher	Persönlichkeit
Herrscherrolle	Herrscher	Rolle
Hersfelder	Hersfeld	er
Hersfelderin	Hersfelder	in
Hersteller	herstellen	er
Herstellung	herstellen	ung
Herstellungskosten	Herstellung	Kosten
Herstellungsprozess	Herstellung	Prozess
Herstellungsverfahren	Herstellung	Verfahren
Herumfahrer	herumfahren	er
Herunterstufung	herunterstufen	ung
Hervorhebung	hervorheben	ung
Hervorrufer	hervorrufen	er
Hervorruferin	Hervorrufer	in
Herzass	Herz	Ass
Herzbeutel	Herz	Beutel
Herzbeutelentzündung	Herzbeutel	Entzündung
Herzbeutelerguss	Herzbeutel	Erguss
Herzblatt	Herz	Blatt
Herzbube	Herz	Bube
Herzchen	Herz	chen
Herzdame	Herz	Dame
Herzeleid	Herz	Leid
Herzensbrecher	Herz	ens	Brecher
Herzenslust	Herz	ens	Lust
Herzfrequenz	Herz	Frequenz
Herzinfarkt	Herz	Infarkt
Herzinsuffizienz	Herz	Insuffizienz
Herzkammer	Herz	Kammer
Herzkatheter	Herz	Katheter
Herzkatheterlabor	Herzkatheter	Labor
Herzklappe	Herz	Klappe
Herzkrankheit	Herz	Krankheit
Herzmuskel	Herz	Muskel
Herzmuskelgewebe	Herzmuskel	Gewebe
Herznote	Herz	Note
Herzogenauracher	Herzogenaurach	er
Herzogenauracherin	Herzogenauracher	in
Herzogenrather	Herzogenrath	er
Herzogenratherin	Herzogenrather	in
Herzogin	Herzog	in
Herzogskrone	Herzog	s	Krone
Herzogtum	Herzog	tum
Herzrhythmus	Herz	Rhythmus
Herzrhythmusstörung	Herz	Rhythmusstörung
Herzschlag	Herz	Schlag
Herzschmerz	Herz	Schmerz
Herzschrittmacher	Herz	Schrittmacher
Herzstillstand	Herz	Stillstand
Herzstück	Herz	Stück
Herztod	Herz	Tod
Herztätigkeit	Herz	Tätigkeit
Herzversagen	Herz	Versagen
Herzweh	Herz	Weh
Herzzehn	Herz	Zehn
Herzzeitvolumen	Herz	Zeit	Volumen
Hessemann	Hesse	Mann
Heterogenität	heterogen	ität
Heteronormativität	heteronormativ	ität
Hetzkampagne	hetzen	Kampagne
Heuaufguss	Heu	Aufguss
Heuchelei	heucheln	ei
Heuchler	heucheln	er
Heuchlerin	Heuchler	in
Heuernte	Heu	Ernte
Heufieber	Heu	Fieber
Heulsuse	heulen	Suse
Heumonat	Heu	Monat
Heuschnupfen	Heu	Schnupfen
Heuschrecke	Heu	schrecken
Heuschreckenplage	Heuschrecke	n	Plage
Heuschreckenschwarm	Heuschrecke	n	Schwarm
Heuwagen	Heu	Wagen
Hexacarbonyl	hexa	Carbonyl
Hexachlorid	hexa	Chlorid
Hexadezimalzahl	hexadezimal	Zahl
Hexafluorid	hexa	Fluorid
Hexahydrat	hexa	Hydrat
Hexan	hex	an
Hexansäure	Hexan	Säure
Hexen	hex	en
Hexenbesen	Hexe	n	Besen
Hexenjagd	Hexe	n	Jagd
Hexenkessel	Hexe	n	Kessel
Hexenkunst	Hexe	n	Kunst
Hexenküche	Hexe	Küche
Hexenprozess	Hexe	Prozess
Hexensabbat	Hexe	Sabbat
Hexentreppchen	Hexe	n	Treppchen
Hexenverfolgung	Hexe	n	Verfolgung
Hexerei	Hexe	erei
Hexylalkohol	Hexyl	Alkohol
Hexylgruppe	hexa	yl	Gruppe
Hiebwaffe	Hieb	Waffe
Hierarchiestruktur	Hierarchie	Struktur
Hieroglyphenschrift	Hieroglyphe	Schrift
Hildburghausener	Hildburghausen	er
Hildburghausenerin	Hildburghausener	in
Hildegard	*hildiz	*gardaz
Hildesheimerin	Hildesheimer	in
Hilfebedürftigkeit	hilfebedürftig	keit
Hilfeschrei	Hilfe	Schrei
Hilfestellung	Hilfe	Stellung
Hilflosigkeit	hilflos	igkeit
Hilfsgut	Hilfe	s	Gut
Hilfsmittel	Hilfe	s	Mittel
Hilfssprache	Hilfe	s	Sprache
Hilfsverb	Hilfe	s	Verb
Hilfswilliger	Hilfe	s	willig
Hilfswissenschaft	Hilfe	s	Wissenschaft
Hilfswort	Hilfe	s	Wort
Hillesheimer	Hillesheim	er
Hillesheimerin	Hillesheimer	in
Himbeere	Hinde	Beere
Himmelbett	Himmel	Bett
Himmeldonnerwetter	Himmel	Donnerwetter
Himmelfahrt	Himmel	Fahrt
Himmelfahrtskommando	Himmelfahrt	s	Kommando
Himmelreich	Himmel	Reich
Himmelsachse	Himmel	Achse
Himmelsbläue	Himmel	Bläue
Himmelskunde	Himmel	s	kunde
Himmelslicht	Himmel	Licht
Himmelsreich	Himmel	s	Reich
Himmelsschreiben	Himmel	Schreiben
Himmelsschreiber	Himmelsschreiben	er
Himmelsschreiberin	Himmelsschreiber	in
Himmelsschrift	Himmel	Schrift
Himmelsstamm	Himmel	s	Stamm
Himmelstänzer	Himmel	s	Tänzer
Himmelstürmer	Himmel	Stürmer
Himmelszeichen	Himmel	s	Zeichen
Himmelvater	Himmel	Vater
Hinderungsgrund	Hinderung	s	Grund
Hinkelstein	Hinkel	Stein
Hinlänglichkeit	hinlänglich	keit
Hinreißer	hinreißen	er
Hinspiel	hin	Spiel
Hintanstellung	hintanstellen	ung
Hinterbein	hinter	Bein
Hinterbänkler	Hinterbank	ler
Hinterbänklerin	Hinterbänkler	in
Hinterdeck	hinter	Deck
Hinterende	hinter	Ende
Hinterfotzigkeit	hinterfotzig	keit
Hintergaumen	hinter	Gaumen
Hintergedanke	hinter	Gedanke
Hinterhand	hinter	Hand
Hinterhaus	hinter	Haus
Hinterhof	hinter	Hof
Hinterindien	hinter	Indien
Hinterkammer	hinter	Kammer
Hinterkante	hinter	Kante
Hinterkopf	hinter	Kopf
Hinterlader	hinter	Lader
Hinterland	hinter	Land
Hinterlassenschaft	hinterlassen	schaft
Hinterlegung	hinterlegen	ung
Hinterleib	hinter	Leib
Hinterlist	hinter	List
Hinterlistigkeit	hinterlistig	keit
Hintermann	hinter	Mann
Hinternvoll	Hintern	voll
Hinterpommern	hinter	Pommern
Hinterrad	hinter	Rad
Hinterreifen	hinter	Reifen
Hintersass	hinter	Sasse
Hinterstube	hinter	Stube
Hintertür	hinter	Tür
Hintertürchen	Hintertür	chen
Hinterzimmer	hinter	Zimmer
Hinterzimmerabsprache	Hinterzimmer	Absprache
Hinweg	hin	Weg
Hinzufügung	hinzufügen	ung
Hiobsbotschaft	Hiob	s	Botschaft
Hirnaktivität	Hirn	Aktivität
Hirnblutung	Hirn	Blutung
Hirngespinst	Hirn	Gespinst
Hirni	Hirn	i
Hirnkoralle	Hirn	Koralle
Hirnschale	Hirn	Schale
Hirnschmalz	Hirn	Schmalz
Hirnschädel	Hirn	Schädel
Hirntod	Hirn	Tod
Hirnwurm	Hirn	Wurm
Hirnzelle	Hirn	Zelle
Hirschauer	Hirschau	er
Hirschauerin	Hirschauer	in
Hirschbacher	Hirschbach	er
Hirschbacherin	Hirschbacher	in
Hirschberger	Hirschberg	er
Hirschbergerin	Hirschberger	in
Hirschfeldener	Hirschfelden	er
Hirschfeldenerin	Hirschfeldener	in
Hirschfelder	Hirschfeld	er
Hirschfelderin	Hirschfelder	in
Hirschfliege	Hirsch	Fliege
Hirschgeweih	Hirsch	Geweih
Hirschhorner	Hirschhorn	er
Hirschhornerin	Hirschhorner	in
Hirschhornsalz	Hirschhorn	Salz
Hirschkopf	Hirsch	Kopf
Hirschkuh	Hirsch	Kuh
Hirschkäfer	Hirsch	Käfer
Hirtenhund	Hirte	Hund
Hirtensalat	Hirte	n	Salat
Hirtentäschel	Hirte	n	Täschel
Hirtin	Hirte	in
His	H	is
Historikerin	Historiker	in
Hitlerfaschismus	Hitler	Faschismus
Hitlergruß	Hitler	Gruß
Hitlerjugend	Hitler	Jugend
Hitlerphobie	Hitler	phobie
Hitlersense	Hitler	Sense
Hitlersäge	Hitler	Säge
Hitliste	Hit	Liste
Hitzebeständigkeit	Hitze	Beständigkeit
Hitzeentwicklung	Hitze	Entwicklung
Hitzeindex	Hitze	Index
Hitzewallung	Hitze	Wallung
Hitzewelle	Hitze	Welle
Hitzkopf	Hitze	Kopf
Hitzschlag	Hitze	Schlag
Hobbykeller	Hobby	Keller
Hobbykünstler	Hobby	Künstler
Hobbykünstlerin	Hobbykünstler	in
Hobbymusiker	Hobby	Musiker
Hobelbank	Hobel	bank
Hobelkäse	hobeln	Käse
Hochachtung	hoch	Achtung
Hochadel	hoch	Adel
Hochalemannisch	hoch	Alemannisch
Hochaltar	hoch	Altar
Hochbau	hoch	Bau
Hochchinesisch	hoch	Chinesisch
Hochdeutsch	hoch	Deutsch
Hochdruck	hoch	Druck
Hochdruckgebiet	Hochdruck	Gebiet
Hochdruckpumpe	Hochdruck	Pumpe
Hochdruckreiniger	Hochdruck	Reiniger
Hochebene	hoch	Ebene
Hochfläche	hoch	Fläche
Hochformat	hoch	Format
Hochfrequenz	hoch	Frequenz
Hochfrequenzkinematographie	Hochfrequenz	Kinematographie
Hochgebirge	hoch	Gebirge
Hochgefühl	hoch	Gefühl
Hochgeschwindigkeitszug	hoch	Geschwindigkeit	s	Zug
Hochglanzbroschüre	Hochglanz	Broschüre
Hochglanzfoto	Hochglanz	Foto
Hochglanzmagazin	Hochglanz	Magazin
Hochglanzpapier	Hochglanz	Papier
Hochglanzprospekt	Hochglanz	Prospekt
Hochhaus	hoch	Haus
Hochheim	hoch	Heim
Hochkultur	hoch	Kultur
Hochleistung	hoch	Leistung
Hochleistungsflüssigkeitschromatographie	Hochleistung	s	Flüssigkeit	s	Chromatographie
Hochleistungskunststoff	Hochleistung	s	Kunststoff
Hochmeister	hoch	Meister
Hochmittelalter	hoch	Mittelalter
Hochmoor	hoch	Moor
Hochmut	hoch	Mut
Hochnebel	hoch	Nebel
Hochofen	hoch	Ofen
Hochofenprozess	Hochofen	Prozess
Hochrad	hoch	Rad
Hochrechnung	hochrechnen	ung
Hochrhein	hoch	Rhein
Hochschild	hoch	Schild
Hochschule	hoch	Schule
Hochschullehrer	Hochschule	Lehrer
Hochschullehrerin	Hochschullehrer	in
Hochschulzugangsberechtigung	Hochschule	Zugangsberechtigung
Hochsitz	hoch	Sitz
Hochsommer	hoch	Sommer
Hochspannungsleitung	Hochspannung	Leitung
Hochspringer	hochspringen	er
Hochspringerin	Hochspringer	in
Hochsprung	hoch	Sprung
Hochstapelei	hochstapeln	ei
Hochstufung	hochstufen	ung
Hochstuhl	hoch	Stuhl
Hochtechnologie	hoch	Technologie
Hochtemperaturkunststoff	hoch	Temperatur	Kunststoff
Hochtemperaturmodifikation	hoch	Temperatur	Modifikation
Hochtemperaturreaktor	hoch	Temperatur	Reaktor
Hochtemperatursupraleiter	hoch	Temperatur	Supraleiter
Hochvakuum	hoch	Vakuum
Hochverrat	hoch	Verrat
Hochwasser	hoch	Wasser
Hochweg	hoch	Weg
Hochwild	hoch	Wild
Hochwürden	hoch	Würden
Hochzeit	hoch	Zeit
Hochzeitsreise	Hochzeit	s	Reise
Hochzeitstag	Hochzeit	Tag
Hochzeitstorte	Hochzeit	Torte
Hochära	hoch	Ära
Hocker	hocken	er
Hodenkrebs	Hoden	Krebs
Hodensack	Hoden	Sack
Hof halten	Hof	halten
Hofburg	Hof	Burg
Hofdame	Hof	Dame
Hofeingang	Hof	Eingang
Hoferin	Hofer	in
Hoffenheimerin	Hoffenheimer	in
Hoffnung	hoffen	ung
Hoffnungsfunke	Hoffnung	s	Funke
Hoffnungslosigkeit	hoffnungslos	igkeit
Hoffnungsschimmer	Hoffnung	s	Schimmer
Hoffnungsstrahl	Hoffnung	s	Strahl
Hoffnungsverlust	Hoffnung	s	Verlust
Hoffnungszeichen	Hoffnung	s	Zeichen
Hofheimer	Hofheim	er
Hofheimerin	Hofheimer	in
Hofjude	Hof	Jude
Hofkammer	Hof	Kammer
Hofkapelle	Hof	Kapelle
Hofkirche	Hof	Kirche
Hofkirchlein	Hofkirche	lein
Hofknecht	Hof	Knecht
Hoflieferant	Hof	Lieferant
Hofmaler	Hof	Maler
Hofrat	Hof	Rat
Hofschule	Hof	Schule
Hofstaat	Hof	Staat
Hoftag	Hof	Tag
Hoftier	Hof	Tier
Hoheit	Hoch	heit
Hoheitsgebiet	Hoheit	s	Gebiet
Hoheitsgewalt	Hoheit	s	Gewalt
Hoheitszeichen	Hoheit	s	Zeichen
Hohenberger	Hohenberg	er
Hohenbergerin	Hohenberger	in
Hohensteiner	Hohenstein	er
Hohensteinerin	Hohensteiner	in
Hohenzollernprinz	Hohenzollern	Prinz
Hohlkreuz	hohl	Kreuz
Hohlkugel	hohl	Kugel
Hohlkörper	hohl	Körper
Hohlleiter	hohl	Leiter
Hohlmaß	hohl	Maß
Hohlorgan	hohl	Organ
Hohlraumresonator	Hohlraum	Resonator
Hohlspitzgeschoss	hohl	Spitze	Geschoss
Hohlspitzpatrone	hohl	Spitze	Patrone
Hohltaube	hohl	Taube
Hohltier	hohl	Tier
Hohlweg	hohl	Weg
Hohlzylinder	hohl	Zylinder
Holdinggesellschaft	Holding	Gesellschaft
Hollandfahrrad	Holland	Fahrrad
Hollandrad	Holland	Rad
Holocaustreligion	Holocaust	Religion
Holocaustverharmlosung	Holocaust	Verharmlosung
Holunderblüte	Holunder	Blüte
Holunderbusch	Holunder	Busch
Holzbesteck	Holz	Besteck
Holzblasinstrument	Holz	Blasinstrument
Holzbock	Holz	Bock
Holzbrett	Holz	Brett
Holzdeckel	Holz	Deckel
Holzdübel	Holz	Dübel
Holzfass	Holz	Fass
Holzfäller	Holz	fällen	er
Holzfässchen	Holzfass	chen
Holzgabel	Holz	Gabel
Holzgebäude	Holz	Gebäude
Holzgerüst	Holz	Gerüst
Holzhackschnitzel	Holz	Hackschnitzel
Holzhauer	Holz	Hauer
Holzhaus	Holz	Haus
Holzhausener	Holzhausen	er
Holzhausenerin	Holzhausener	in
Holzhäuschen	Holzhaus	chen
Holzkirche	Holz	Kirche
Holzkirchlein	Holzkirch	lein
Holzkitt	Holz	Kitt
Holzklotz	Holz	Klotz
Holzkohle	Holz	Kohle
Holzlöffel	Holz	Löffel
Holzlöffelchen	Holzlöffel	chen
Holzmesser	Holz	Messer
Holznagel	Holz	Nagel
Holzplatte	Holz	Platte
Holzplatz	Holz	Platz
Holzquirl	Holz	Quirl
Holzscheit	Holz	Scheit
Holzschnitt	Holz	Schnitt
Holzschnitzel	Holz	Schnitzel
Holzschraube	Holz	Schraube
Holzschutz	Holz	Schutz
Holzschutzmittel	Holzschutz	Mittel
Holzstück	Holz	Stück
Holztaube	Holz	Taube
Holztisch	Holz	Tisch
Holztreppe	Holz	Treppe
Holzwolle	Holz	Wolle
Holzwurm	Holz	Wurm
Hombacher	Hombach	er
Hombacherin	Hombacher	in
Hombergerin	Homberger	in
Homburger	Homburg	er
Homburgerin	Homburger	in
Homocystein	homo	Cystein
Homodimer	homo	Dimer
Homoehe	Homo	Ehe
Homogenisierung	homogenisieren	ung
Homogenität	homogen	ität
Homohasser	Homo	Hasser
Homonym	homo	onym
Homophobie	homo	phobie
Homosexualität	homo	Sexualität
Homosphäre	homo	Sphäre
Homöopathie	homöo	pathie
Honigbeere	Honig	Beere
Honigbiene	Honig	Biene
Honigdachs	Honig	Dachs
Honigjäger	Honig	Jäger
Honigkuchen	Honig	Kuchen
Honigkuchenpferd	Honigkuchen	Pferd
Honigmelone	Honig	Melone
Honigmond	Honig	Mond
Honigtopf	Honig	Topf
Honigwein	Honig	Wein
Hooliganismus	Hooligan	ismus
Hopfenkaltschale	Hopfen	Kaltschale
Hormonhaushalt	Hormon	Haushalt
Hormonspiegel	Hormon	Spiegel
Hornblende	Horn	Blende
Hornfels	Horn	Fels
Hornissennest	Hornisse	n	Nest
Hornissenschwebfliege	Hornisse	n	Schwebfliege
Hornmilbe	Horn	Milbe
Hornmoos	Horn	Moos
Hornochse	Horn	Ochse
Hornstein	Horn	Stein
Horrorfilm	Horror	Film
Hosenbandorden	Hosenband	Orden
Hosenboden	Hose	Boden	n
Hosensack	Hose	Sack
Hosenschlitz	Hosen	Schlitz
Hosenträger	Hose	n	Träger
Hospitalisierung	hospitalisieren	ung
Hospitation	hospitieren	ation
Hotelgast	Hotel	Gast
Hotelpage	Hotel	Page
Hotelzimmer	Hotel	Zimmer
Hottentottenente	Hottentotten	Ente
Hubener	Huben	er
Hubraum	Hub	Raum
Hubschrauber	Hub	Schraube	er
Hubschraubereinsatz	Hubschrauber	Einsatz
Hubschrauberpilot	Hubschrauber	Pilot
Hubschrauberträger	Hubschrauber	Träger
Hubwagen	Hub	Wagen
Hufeisen	Huf	Eisen
Huflattich	Huf	Lattich
Hufnagel	Huf	Nagel
Hufschlag	Huf	Schlag
Hufschmiedin	Hufschmied	in
Humanmedizin	human	Medizin
Hummelchen	Hummel	chen
Hundeausstellung	Hund	e	Ausstellung
Hundebesitzer	Hund	e	Besitzer
Hundebiss	Hunde	Biss
Hundeblick	Hund	Blick
Hundefotze	Hund	e	Fotze
Hundefresser	Hund	e	Fresser
Hundeführer	Hund	Führer
Hundehalter	Hund	Halter
Hundehütte	Hund	Hütte
Hundejahr	Hund	e	Jahr
Hundekacke	Hund	e	Kacke
Hundekot	Hund	e	Kot
Hundeleben	hunde	Leben
Hundepfeife	Hund	e	Pfeife
Hundepflaume	Hund	e	Pflaume
Hundepfote	Hund	e	Pfote
Hunderasse	Hund	e	Rasse
Hunderotte	Hund	Rotte
Hundertjahrfeier	hundert	Jahr	Feier
Hundertmillionstel	Hundert	Millionstel
Hundertschaft	hundert	schaft
Hundeschau	Hund	e	Schau
Hundescheiße	Hund	e	Scheiße
Hundeschnauze	Hund	e	Schnauze
Hundeschule	Hund	e	Schule
Hundesohn	Hund	Sohn
Hundewetter	Hund	e	Wetter
Hundezunge	Hund	e	Zunge
Hundezwinger	Hund	e	Zwinger
Hunds-Braunwurz	Hund	s	Braunwurz
Hundsfott	Hund	s
Hundsfotze	Hund	s	Fotze
Hundshai	Hund	s	Hai
Hundskamille	Hund	s	Kamille
Hundspetersilie	Hund	s	Petersilie
Hundspflaume	Hund	s	Pflaume
Hundsrose	Hund	s	Rose
Hundstage	Hund	Tag
Hundstrümmerl	Hund	s	Trümmerl
Hungerhaken	Hunger	Haken
Hungerharke	Hunger	Harke
Hungerleider	Hunger	Leider
Hungersnot	Hunger	Not
Hungerstreik	Hunger	Streik
Hungertod	Hunger	Tod
Hungertuch	Hunger	Tuch
Hunsrückerin	Hunsrücker	in
Hurenbock	Hure	en	Bock
Hurenhaus	Hure	en	Haus
Hurensohn	Hure	n	Sohn
Hurentochter	Hure	n	Tochter
Hurerei	huren	erei
Hurrapatriotismus	hurra	Patriotismus
Hurrikanzentrum	Hurrikan	Zentrum
Hurriterin	Hurriter	in
Hustenanfall	Husten	Anfall
Hustenkrampf	Husten	Krampf
Hustensaft	Husten	Saft
Huster	husten	er
Hutmacher	Hut	Macher
Hutmacherin	Hutmacher	in
Hutschpferd	hutschen	Pferd
Hutterer	Hutter	er
Hybridauto	hybrid	Auto
Hybridbildung	hybrid	Bildung
Hydrauliköl	Hydraulik	Öl
Hydridion	Hydrid	Ion
Hydrierkatalysator	hydrieren	Katalysator
Hydrochemie	hydro	Chemie
Hydrogencarbonat	Hydrogen	Carbonat
Hydroperoxyl-Radikal	hydro	Peroxyl-Radikal
Hydroperoxylradikal	hydro	Peroxylradikal
Hydrosphäre	hydro	Sphäre
Hydroxidion	Hydroxid	Ion
Hydroxygruppe	hydroxy	Gruppe
Hydroxyl-Radikal	hydroxyl	Radikal
Hydroxylgruppe	Hydroxyl	Gruppe
Hydroxylradikal	hydroxyl	Radikal
Hyperaktivität	hyperaktiv	ität
Hyperfeinstruktur	hyperfein	Struktur
Hyperglykämie	hyper	γλυκύς	ämie
Hyperkaliämie	hyper	Kaliämie
Hyperkalzämie	hyper	Kalzämie
Hypernatriämie	hyper	Natriämie
Hyperoxid	hyper	Oxid
Hyperschallrakete	Hyperschall	Rakete
Hyperwürfel	hyper	Würfel
Hypochlorit	hypo	Chlorit
Hypoglykämie	hypo	γλυκύς	ämie
Hypokaliämie	hypo	Kaliämie
Hypokalzämie	hypo	Kalzämie
Hyponatriämie	hypo	Natriämie
Hyponitrit	hypo	Nitrit
Hyponym	hypo	onym
Hypophosphit	hypo	Phosphit
Hypothalamus	hypo	Thalamus
Hypothekenbank	Hypothek	en	Bank
Hypothekendarlehen	Hypothek	en	Darlehen
Hypovitaminose	hypo	Vitamin	ose
Hyänin	Hyäne	in
Häcksel	hacken	sel
Häcksler	häckseln	er
Häferl	Häfen	erl
Häftling	Haft	ling
Hähnchen	Hahn	chen
Hähnchenkeule	Hähnchen	Keule
Häkchen	Haken	chen
Hälfte	halb	te
Hälmchen	Halm	chen
Hämmchen	Hamme	chen
Hämmerchen	Hammer	chen
Hämoglobingehalt	Hämoglobin	Gehalt
Händedruck	Hände	Druck
Händeschütteln	Hände	Schütteln
Händewaschen	Hand	waschen
Händlein	Hand	lein
Hänfling	Hanf	ling
Hängegleiter	hängen	Gleiter
Hängematte	hängen	Matte
Hänschen	Hans	chen
Hänselei	hänseln	ei
Härchen	Haar	chen
Härtbarkeit	härtbar	keit
Härtewert	Härte	Wert
Härtigkeit	härtig	keit
Häschen	Hase	chen
Häschenwitz	Häschen	Witz
Häubchen	Haube	chen
Häufchen	Haufen	chen
Häufigkeit	häufig	keit
Häuptelsalat	Häuptel	Salat
Häuschen	Haus	chen
Häuserblock	Häuser	Block
Häusermeer	Häuser	Meer
Häutchen	Haut	chen
Häutung	häuten	ung
Höchstalemannisch	höchst	Alemannisch
Höchstbietender	höchst	bietend
Höchstgeschwindigkeit	höchst	Geschwindigkeit
Höchstgrenze	höchst	Grenze
Höchstkurs	höchst	Kurs
Höchstmenge	höchst	Menge
Höchststand	höchst	Stand
Höckerschwan	Höcker	Schwan
Höfchen	Hof	chen
Höflichkeit	höflich	keit
Höfling	Hof	ling
Höhe	hoch	e
Höhenangst	Höhe	n	Angst
Höhenballon	Höhe	n	Ballon
Höhenkrankheit	Höhe	n	Krankheit
Höhenlinie	Höhe	n	Linie
Höhenrauch	Höhe	n	Rauch
Höhenruder	Höhe	n	Ruder
Höhenstufe	Höhe	n	Stufe
Höhenunterschied	Höhe	n	Unterschied
Höhenweg	Höhe	n	Weg
Höhepunkt	Höhe	Punkt
Höhle	hohl	e
Höhlenbewohnerin	Höhlenbewohner	in
Höhlenforscher	Höhle	n	Forscher
Höhlenkunde	Höhle	n	kunde
Höhlenlöwe	Höhle	n	Löwe
Höhlensittich	Höhle	n	Sittich
Höllenfahrt	Hölle	n	Fahrt
Höllenfeuer	Hölle	n	Feuer
Höllenlärm	Hölle	n	Lärm
Höllenspaß	Hölle	n	Spaß
Hölzchen	Holz	chen
Hörbeispiel	hören	Beispiel
Hörbuch	hören	Buch
Hörensagen	hören	sagen
Hörfunk	hören	Funk
Hörigkeit	hörig	keit
Hörnchen	Horn	chen
Hörsaal	hören	Saal
Hörschnecke	hören	Schnecke
Hörspiel	hören	Spiel
Hörverstehen	hören	Verstehen
Hörverständnis	hören	Verständnis
Hörweite	hören	weite
Höschen	Hose	chen
Hüftbein	Hüfte	Bein
Hüftbild	Hüfte	Bild
Hüftgelenksprothese	Hüftgelenk	Prothese
Hüftgold	Hüfte	Gold
Hüftknochen	Hüfte	Knochen
Hügelgebiet	Hügel	Gebiet
Hügelgrab	Hügel	Grab
Hügelkuppe	Hügel	Kuppe
Hügellandschaft	Hügel	Landschaft
Hühnchen	Huhn	chen
Hühnerbraten	Hühner	Braten
Hühnerbrust	Huhn	er	Brust
Hühnerdieb	Hühn	Dieb
Hühnerei	Huhn	Ei
Hühnerfleisch	Hühner	Fleisch
Hühnergott	Huhn	Gott
Hühnermist	Hühner	Mist
Hühnerreis	Huhn	Reis
Hühnersuppe	Hühner	Suppe
Hühnervogel	Hühner	Vogel
Hühnerzucht	Hühner	Zucht
Hühnerzüchter	Hühner	Züchter
Hüllblatt	Hülle	n	Blatt
Hüllenelektron	Hülle	Elektron
Hündchen	Hund	chen
Hündchenstellung	Hündchen	Stellung
Hündin	Hund	in
Hüpfburg	hüpfen	Burg
Hüpfer	hüpfen	er
Hüpfseil	hüpfen	Seil
Hürtgenwalder	Hürtgenwald	er
Hütchen	Hut	chen
Hütehund	hüten	Hund
Hüterin	Hüter	in
Hüttenkäse	Hütte	n	Käse
Hüttenrauch	Hütte	n	Rauch
Hüttenwerk	Hütte	n	Werk
Hüttenwesen	Hütte	n	Wesen
I-Pünktchen	I-Punkt	chen
Ibererin	Iberer	in
Ich-Laut	ich	Laut
Ichbezogenheit	ichbezogen	heit
Idealfall	ideal	Fall
Ideenschrift	Idee	n	Schrift
Ideenwettbewerb	Idee	n	Wettbewerb
Identitätsnachweis	Identität	Nachweis
Idiolatrie	idio	Latrie
Igelfisch	Igel	Fisch
Igelkolben	Igel	Kolben
Igelrochen	Igel	Rochen
Illyrerin	Illyrer	in
Ilshofenerin	Ilshofener	in
Image-Problem	Image	Problem
Imbissbude	Imbiss	Bude
Imbissstand	Imbiss	Stand
Imbissstube	Imbiss	Stube
Immergrün	immer	grün
Immertreu	immer	treu
Immobilienanlage	Immobilie	n	Anlage
Immobilienfonds	Immobilie	n	Fonds
Immobilienmakler	Immobilie	n	Makler
Immobilienvermittlung	Immobilie	n	Vermittlung
Immobilienvermögen	Immobilie	n	Vermögen
Immunabwehr	immun	Abwehr
Immunität	immun	ität
Immunreaktion	immun	Reaktion
Immunschwäche	immun	Schwäche
Immunsuppression	immun	suppression
Immunsystem	immun	System
Impedanzwandler	Impedanz	Wandler
Impfer	impfen	er
Impfkristall	impfen	Kristall
Impfling	impfen	ling
Impfneid	impfen	Neid
Impfstoff	impfen	Stoff
Implementierung	implementieren	ung
Importabhängigkeit	import	Abhängigkeit
Importeur	importieren	eur
Importquote	import	Quote
Importzoll	Import	Zoll
In-vitro-Bewertung	in-vitro	Bewertung
In-vitro-Bindung	in-vitro	Bindung
In-vitro-Blutungstest	in-vitro	Blutungstest
In-vitro-Blutungszeit	in-vitro	Blutungszeit
In-vitro-Charakterisierung	in-vitro	Charakterisierung
In-vitro-Darstellung	in-vitro	Darstellung
Inaktivierer	inaktivieren	er
Inaktivierung	inaktivieren	ung
Inbegriff	in	Begriff
Inbetriebnahme	in	Betrieb	Nahme
Inbrunst	in	Brunst
Indefinitpronomen	indefinit	Pronomen
Inderin	Inder	in
Indexfonds	Index	Fonds
Indianerin	Indianer	in
Indianerstamm	Indianer	Stamm
Indiumantimonid	Indium	Antimonid
Indiumatom	Indium	Atom
Indiumchlorid	Indium	Chlorid
Indiumhalogenid	Indium	Halogenid
Indiumion	Indium	Ion
Indiummetall	Indium	Metall
Indiumnitrat	Indium	Nitrat
Indiumnitrid	Indium	Nitrid
Indiumoxid	Indium	Oxid
Indiumphosphat	Indium	Phosphat
Indiumphosphid	Indium	Phosphid
Indiumverbindung	Indium	Verbindung
Individualisierung	individualisieren	ung
Indizienbeweis	Indizien	Beweis
Indizierung	indizieren	ung
Indoeuropäer	indo	Europäer
Indogermanisch	indo	Germanisch
Indoiranisch	indo	Iranisch
Indonesierin	Indonesier	in
Induktivität	induktiv	ität
Industriegebiet	Industrie	Gebiet
Industriegesellschaft	Industrie	Gesellschaft
Industrieland	Industrie	Land
Industrienation	Industrie	Nation
Industriestaat	Industrie	Staat
Industriezweig	Industrie	Zweig
Induzierbarkeit	induzierbar	keit
Inertgas	inert	Gas
Inertgasatmosphäre	Inertgas	Atmosphäre
Inertgasschweißen	Inertgas	Schweißen
Infanterist	Infanterie	ist
Infektionsausbreitung	Infektion	s	Ausbreitung
Infektionsgeschehen	Infektion	s	Geschehen
Infektionsrate	Infektion	s	Rate
Infektionszahl	Infektion	s	Zahl
Infektiosität	infektiös	ität
Infiziertenzahl	Infizierte	n	Zahl
Inflationsausgleich	Inflation	Ausgleich
Inflationsdruck	Inflation	s	Druck
Inflationsrate	Inflation	Rate
Inflationsrechner	Inflation	Rechner
Informatik	Information	ik
Informatiker	Informatik	er
Informationsbroschüre	Information	s	Broschüre
Informationsdienst	Information	Dienst
Informationsgesellschaft	Information	s	Gesellschaft
Informationsprospekt	Information	s	Prospekt
Informationssektor	Information	Sektor
Informationssystem	Information	s	System
Informationstechnologie	Information	s	Technologie
Informationstheorie	Information	Theorie
Infoscreen	Info	screen
Infragestellung	infrage stellen	ung
Infrarotbereich	Infrarot	Bereich
Infrarotkamera	Infrarot	Kamera
Infrarotlicht	Infrarot	Licht
Infrarotspektroskopie	Infrarot	Spektroskopie
Infrarotspektrum	Infrarot	Spektrum
Infrarotstrahlung	Infrarot	Strahlung
Infrarotteleskop	Infrarot	Teleskop
Ingelheimerin	Ingelheimer	in
Ingenieurin	Ingenieur	in
Ingenieurschule	Ingenieur	Schule
Ingenieurwissenschaft	Ingenieur	Wissenschaft
Ingrimm	in	Grimm
Ingwerartige	ingwerartig	e
Ingwerwurzel	Ingwer	Wurzel
Inhaber	innehaben	er
Inhaltsangabe	Inhalt	s	Angabe
Inhaltsstoff	Inhalt	Stoff
Initialisierung	initialisieren	ung
Initiierung	initiieren	ung
Injektionslösung	Injektion	Lösung
Inkreisradius	Inkreis	Radius
Inland	in	Land
Inlandskaufkraft	Inland	s	Kaufkraft
Inlaut	in	Laut
Inländer	Inland	er
Inländerin	Inländer	in
Innenhof	innen	Hof
Innenministerin	Innenminister	in
Innenraum	innen	Raum
Innensechskantschraube	innen	Sechskant	Schraube
Innereien	inner	ei
Innerlichkeit	innerlich	keit
Innovationskraft	Innovation	s	Kraft
Innovationszwang	Innovation	s	Zwang
Inschrift	in	Schrift
Insektenflügel	Insekt	en	Flügel
Insektenpheromon	Insekt	en	Pheromon
Insektensammlung	Insekt	en	Sammlung
Insektizid	Insekt	zid
Inselaffe	Insel	Affe
Inselberg	Insel	Berg
Inselbewohnerin	Inselbewohner	in
Inselbogen	Insel	Bogen
Inselgruppe	Insel	Gruppe
Inselkette	Insel	Kette
Inselstaat	Insel	Staat
Insensibilität	insensibel	ität
Inserierer	inserieren	er
Insiderwitz	Insider	Witz
Insolvenzdatei	Insolvenz	Datei
Insolvenzgefahr	Insolvenz	Gefahr
Insolvenzverfahren	Insolvenz	Verfahren
Inspektorin	Inspektor	in
Instabilität	instabil	ität
Installateurin	Installateur	in
Instanzenzug	Instanzen	Zug
Instinktverhalten	Instinkt	Verhalten
Instrumentalisierung	instrumentalisieren	ung
Inszenierung	inszenieren	ung
Integralzeichen	Integral	Zeichen
Integritätsbereich	Integrität	s	Bereich
Intelligenzquotient	Intelligenz	Quotient
Intensivierung	intensivieren	ung
Intensivmedizin	intensiv	Medizin
Intensivstation	intensiv	Station
Intensivtäter	intensiv	Täter
Intensivtäterin	Intensivtäter	in
Interdisziplinarität	interdisziplinär	ität
Interessengebiet	Interessen	Gebiet
Interessenkonflikt	Interesse	n	Konflikt
Interessenpolitik	Interessen	Politik
Interessenvertretung	Interessen	Vertretung
Interhalogen	inter	Halogen
Interhalogenverbindung	Interhalogen	Verbindung
Interkontinentalrakete	interkontinental	Rakete
Internetangebot	Internet	Angebot
Internetanschluss	Internet	Anschluss
Internetapotheke	Internet	Apotheke
Internetpräsenz	Internet	Präsenz
Internetseite	Internet	Seite
Internist	intern	ist
Intersubjektivität	intersubjektiv	ität
Interventionsstudie	Intervention	s	Studie
Interviewpublikum	Interview	Publikum
Intranet	intra	net
Intrusivgestein	intrusiv	Gestein
Inversionstemperatur	Inversion	Temperatur
Investitionsklima	Investition	s	Klima
Investitionsoffensive	Investition	s	Offensive
Investitionsrunde	Investition	s	Runde
Investitionsstau	Investition	s	Stau
Investmentaktiengesellschaft	Investment	Aktie	n	Gesellschaft
Investmentfirma	Investment	Firma
Investmentfonds	Investment	Fonds
Investmentgesellschaft	Investment	Gesellschaft
Inwohner	in	wohnen	er
Inzucht	in	Zucht
Iodatom	Iod	Atom
Iodbromid	Iod	Bromid
Iodchlorid	Iod	Chlorid
Iodpentafluorid	Iod	Pentafluorid
Iodstickstoff	Iod	Stickstoff
Iodthyronin	Iod	Thyronin
Iodtribromid	Iod	Tribromid
Iodtrichlorid	Iod	Trichlorid
Iodwasserstoff	Iod	Wasserstoff
Ionenaustausch	Ion	Austausch
Ionenaustauschchromatographie	Ionenaustausch	Chromatographie
Ionenchromatografie	Ion	Chromatografie
Ionenchromatographie	Ion	Chromatographie
Ionenkanal	Ion	Kanal
Ionenquelle	Ion	Quelle
Ionenradius	Ion	Radius
Iraker	Irak	er
Irakerin	Iraker	in
Irin	Ire	in
Irregularisierung	irregulär	isierung
Irrenarzt	Irrer	Arzt
Irrenhaus	Irrer	Haus
Irrfahrt	irren	Fahrt
Irrglaube	irren	Glaube
Irrlehre	irren	Lehre
Irrlicht	irren	Licht
Irrsal	irren	sal
Irrsinn	Irre	Sinn
Irrsinnigkeit	irrsinnig	keit
Irrtum	irren	tum
Irrtumswahrscheinlichkeit	Irrtum	s	Wahrscheinlichkeit
Irrung	irren	ung
Irrweg	irren	Weg
Ischämie	ἰσχάνω	ämie
Islamisierung	islamisieren	ung
Islamismus	Islam	ismus
Islamistin	Islamist	in
Islamologin	Islamologe	in
Islamwissenschaft	Islam	Wissenschaft
Island	íss	land
Isländer	Island	er
Isländerin	Isländer	in
Isobarenregel	Isobare	Regel
Isolierband	isolieren	Band
Isoliermatte	isolieren	Matte
Isolierstoff	isolieren	Stoff
Isomerieübergang	Isomer	Übergang
Isomerisierung	isomerisieren	ung
Isotopenanreicherung	Isotop	Anreicherung
Isotopenaustausch	Isotop	Austausch
Isotopeneffekt	Isotopen	Effekt
Isotopengemisch	Isotop	Gemisch
Isotopenmarkierung	Isotopen	Markierung
Isotopenverhältnis	Isotop	Verhältnis
Isotopenverteilung	Isotop	Verteilung
Isotopenzusammensetzung	Isotopen	Zusammensetzung
Israeli	Israel	i
Israelit	Israel	it
Istzustand	ist	Zustand
Italiener	Italien	er
Italiänerin	Italiäner	in
Jagd-U-Boot	Jagd	U-Boot
Jagdbeute	Jagd	Beute
Jagdbomber	Jagd	Bomber
Jagdflieger	Jagd	Flieger
Jagdgeschwader	Jagd	Geschwader
Jagdgewehr	Jagd	Gewehr
Jagdgrund	Jagd	Grund
Jagdhorn	Jagd	Horn
Jagdleopard	Jagd	Leopard
Jagdpanzer	Jagd	Panzer
Jagdstrategie	Jagd	Strategie
Jagdwild	Jagd	Wild
Jagdzeit	Jagd	Zeit
Jagertee	Jäger	Tee
Jahrbuch	Jahr	Buch
Jahresamt	Jahr	es	Amt
Jahresendrally	Jahr	es	Ende	Rally
Jahresfehlbetrag	Jahr	es	Fehlbetrag
Jahrespacht	Jahr	es	Pacht
Jahresrhythmus	Jahr	s	Rhythmus
Jahresrückblick	Jahr	s	Rückblick
Jahresversammlung	Jahr	es	Versammlung
Jahrhundert	Jahr	hundert
Jahrhundertende	Jahrhundert	Ende
Jahrhundertmitte	Jahrhundert	Mitte
Jahrhundertwende	Jahrhundert	Wende
Jahrtausend	Jahr	Tausend
Jahrtausendwende	Jahrtausend	Wende
Jahrzehnt	Jahr	zehn
Jamaikanerin	Jamaikaner	in
Jammergeschrei	Jammer	Geschrei
Jammerlappen	jammern	Lappen
Jammertal	jammern	Tal
Janitschariat	Janitschar	at
Janusgesicht	Janus	Gesicht
Januskopf	Janus	Kopf
Japan-Saibling	Japan	Saibling
Japaner	Japan	er
Japanese	Japan	ese
Japankäfer	Japan	Käfer
Jasminblüte	Jasmin	Blüte
Jausenbrot	Jause	n	Brot
Java-Nashorn	Java	Nashorn
Java-Tiger	Java	Tiger
Jediismus	Jedi	ismus
Jelängerjelieber	je	länger	je	lieber
Jemenitin	Jemenit	in
Jenseits	jene	Seite	s
Jerusalemkreuz	Jerusalem	Kreuz
Jesuitenorden	Jesuit	en	Orden
Jetztmensch	jetzt	Mensch
Joachimsthaler	Sankt	Joachims	Thal
Joachimsthalerin	Joachimsthaler	in
Jobanfrage	Job	Anfrage
Jobanwärter	Job	Anwärter
Jobaussicht	Job	Aussicht
Jobvermittler	Job	Vermittler
Jobvermittlung	Job	Vermittlung
Jochbein	Joch	Bein
Jogginganzug	Jogging	Anzug
Jogginghose	Jogging	Hose
Joghurtbecher	Joghurt	Becher
Johannesevangelium	Johannes	Evangelium
Johannisbrotbaum	Johannis	Brot	Baum
Johanniskäfer	Johannis	Käfer
Jongleurin	Jongleur	in
Jordanier	Jordanien	er
Jordanierin	Jordanier	in
Josefskraut	Josef	s	Kraut
Journalistin	Journalist	in
Jubeljahr	jubeln	Jahr
Juckpulver	jucken	Pulver
Judaskuss	Judas	Kuss
Judaslohn	Judas	Lohn
Judendeutsch	Jude	n	Deutsch
Judenevakuierung	Jude	n	Evakuierung
Judenfrage	Jude	n	Frage
Judengasse	Jude	n	Gasse
Judengenosse	Jude	n	Genosse
Judenhaus	Jude	n	Haus
Judenhetze	Jude	Hetze
Judenknecht	Jude	n	Knecht
Judenrat	Juden	Rat
Judensau	Jude	n	Sau
Judenschaft	Juden	schaft
Judenschule	Jude	n	Schule
Judenspanisch	Juden	Spanisch
Judenstern	Jude	n	Stern
Judentum	Jude	n	tum
Judicke	jüd	icke
Jugendabteilung	Jugend	Abteilung
Jugendalter	Jugend	Alter
Jugendamt	Jugend	Amt
Jugendarbeitslosigkeit	Jugend	Arbeitslosigkeit
Jugendbewegung	Jugend	Bewegung
Jugendbrigade	Jugend	Brigade
Jugendfreund	Jugend	Freund
Jugendgästehaus	Jugend	Gästehaus
Jugendsprache	Jugend	Sprache
Jugendstil	Jugend	Stil
Jugendverderber	Jugend	Verderber
Jugendverderberin	Jugendverderber	in
Jugendverführer	Jugend	Verführer
Jugendverführerin	Jugendverführer	in
Jugendzentrum	Jugend	Zentrum
Julimonarchie	Juli	Monarchie
Jungfernfahrt	Jungfer	n	Fahrt
Jungfernflug	Jungfer	n	Flug
Jungfernhäutchen	Jungfer	Häutchen
Jungfernkranz	Jungfer	Kranz
Jungfrau	jung	Frau
Jungfrauengeburt	Jungfrau	en	Geburt
Jungfrauschaft	Jungfrau	schaft
Junggesellenabschied	Junggeselle	Abschied
Junggesellin	Junggeselle	in
Junggesellinnenabschied	Junggesellin	Abschied
Junggrammatiker	jung	Grammatiker
Jungholzer	Jungholz	er
Jungholzerin	Jungholzer	in
Jungmann	jung	Mann
Jungunternehmen	jung	Unternehmen
Jupitermond	Jupiter	Mond
Juristendeutsch	Jurist	en	Deutsch
Juristin	Jurist	in
Justizausschuss	Justiz	Ausschuss
Justizministerium	Justiz	Ministerium
Justizposse	Justiz	Posse
Justizvollzugsanstalt	Justiz	Vollzug	s	Anstalt
Jutetasche	Jute	Tasche
Juwelier	Juwel	ier
Juwelierarbeit	Juwelier	Arbeit
Juwelierkunst	Juwelier	Kunst
Juwelierskunst	Juwelier	s	Kunst
Jäger	jagen	er
Jägerei	jagen	erei
Jägerin	Jäger	in
Jägerlatein	Jäger	Latein
Jägermeister	Jäger	Meister
Jägerschnitzel	Jäger	Schnitzel
Jägersprache	Jäger	Sprache
Jährchen	Jahr	chen
Jämmerlichkeit	jämmerlich	keit
Jüngerin	Jünger	in
Jütin	Jüte	in
KBC-Waffen	KBC	Waffen
Kabelbaum	Kabel	Baum
Kabelmesser	Kabel	Messer
Kabelsalat	Kabel	Salat
Kabelschneider	Kabel	Schneider
Kabinettskrieg	Kabinett	s	Krieg
Kabinettsrat	Kabinett	Rat
Kachelofen	Kachel	Ofen
Kackvogel	kacken	Vogel
Kackwurst	kacken	Wurst
Kadavergehorsam	Kadaver	Gehorsam
Kadmierung	kadmieren	ung
Kaffeebecher	Kaffee	Becher
Kaffeebohne	Kaffee	Bohne
Kaffeefilter	Kaffee	Filter
Kaffeegrund	Kaffee	Grund
Kaffeehaus	Kaffee	Haus
Kaffeekanne	Kaffee	Kanne
Kaffeekasse	Kaffee	Kasse
Kaffeeklatsch	Kaffee	Klatsch
Kaffeekränzchen	Kaffee	Kränzchen
Kaffeelöffel	Kaffee	Löffel
Kaffeemaschine	Kaffee	Maschine
Kaffeemühle	Kaffee	Mühle
Kaffeepause	Kaffee	Pause
Kaffeesatz	Kaffee	Satz
Kaffeesatzlesen	Kaffeesatz	Lesen
Kaffeestube	Kaffee	Stube
Kaffeetafel	Kaffee	Tafel
Kaffeetasse	Kaffee	Tasse
Kaffeeweißer	Kaffee	Weißer
Kahlkopf	kahl	Kopf
Kahlkopfwürger	kahl	Kopf	Würger
Kahnläufer	Kahn	Läufer
Kainit	καινός	it
Kairoer	Kairo	er
Kaiseramazone	Kaiser	Amazone
Kaiserbrötchen	Kaiser	Brötchen
Kaisergranat	Kaiser	Granat
Kaiserhaus	Kaiser	Haus
Kaiserin	Kaiser	in
Kaiserkrone	Kaiser	Krone
Kaiserpfalz	Kaiser	Pfalz
Kaiserpinguin	Kaiser	Pinguin
Kaiserreich	Kaiser	Reich
Kaisersemmel	Kaiser	Semmel
Kaiserslauterner	Kaiserslautern	er
Kaiserslauternerin	Kaiserslauterner	in
Kaiserswerther	Kaiserswerth	er
Kaiserswertherin	Kaiserswerther	in
Kaisertum	Kaiser	tum
Kaiserwetter	Kaiser	Wetter
Kaiserzeit	Kaiser	Zeit
Kakaobaum	Kakao	Baum
Kakaobohne	Kakao	Bohne
Kakaobutter	Kakao	Butter
Kakaomasse	Kakao	Masse
Kakaopulver	Kakao	Pulver
Kaktusfeige	Kaktus	Feige
Kalbfleisch	Kalb	Fleisch
Kalbin	Kalbe	in
Kalbsbraten	Kalb	Braten
Kalbsfilet	Kalb	s	Filet
Kalbskotelett	Kalb	s	Kotelett
Kalbsleber	Kalb	Leber
Kalbsleberwurst	Kalbsleber	Wurst
Kalbsleder	Kalb	s	Leder
Kalenderblatt	Kalender	Blatt
Kalendermonat	Kalender	Monat
Kalendertag	Kalender	Tag
Kalenderwoche	Kalender	Woche
Kalibergbau	Kali	Bergbau
Kalifornienkondor	Kalifornien	Kondor
Kalisalz	Kali	Salz
Kaliumaluminiumsulfat	Kalium	Aluminium	Sulfat
Kaliumamalgam	Kalium	Amalgam
Kaliumbromat	Kalium	Bromat
Kaliumbromid	Kalium	Bromid
Kaliumcarbonat	Kalium	Carbonat
Kaliumchlorat	Kalium	Chlorat
Kaliumchlorid	Kalium	Chlorid
Kaliumchromat	Kalium	Chromat
Kaliumcitrat	Kalium	Citrat
Kaliumcyanid	Kalium	Cyanid
Kaliumdichromat	Kalium	Dichromat
Kaliumfluorid	Kalium	Fluorid
Kaliumhexachloroplatinat	Kalium	Hexachloroplatinat
Kaliumhexacyanoferrat	Kalium	Hexacyanoferrat
Kaliumhydrid	Kalium	Hydrid
Kaliumhydrogencarbonat	Kalium	Hydrogencarbonat
Kaliumhydrogentartrat	Kalium	hydrogentartrat
Kaliumhydroxid	Kalium	Hydroxid
Kaliumhyperoxid	Kalium	Hyperoxid
Kaliumiodat	Kalium	Iodat
Kaliumiodid	Kalium	Iodid
Kaliummangel	Kalium	Mangel
Kaliumniobat	Kalium	Niobat
Kaliumnitrat	Kalium	Nitrat
Kaliumoxid	Kalium	Oxid
Kaliumperchlorat	Kalium	Perchlorat
Kaliumpermanganat	Kalium	Permanganat
Kaliumpermanganatlösung	Kaliumpermanganat	Lösung
Kaliumperoxid	Kalium	Peroxid
Kaliumphosphat	Kalium	Phosphat
Kaliumpyrosulfit	Kalium	Pyrosulfit
Kaliumsalz	Kalium	Salz
Kaliumsilicat	Kalium	Silicat
Kaliumstannat	Kalium	Stannat
Kaliumsulfat	Kalium	Sulfat
Kaliumthiocyanat	Kalium	Thiocyanat
Kaliumverbindung	Kalium	Verbindung
Kalkausfällung	Kalk	Ausfällung
Kalkstein	Kalk	Stein
Kalkulierer	kalkulieren	er
Kalkung	Kalk	ung
Kalmuswurzel	Kalmus	Wurzel
Kalte Kriegs-Logik	Kalter Krieg	s	Logik
Kalte-Kriegs-Logik	Kalter Krieg	s	Logik
Kaltenbacherin	Kaltenbacher	in
Kaltenbergerin	Kaltenberger	in
Kaltentalerin	Kaltentaler	in
Kaltfront	kalt	Front
Kaltphase	kalt	Phase
Kaltschale	kalt	Schale
Kaltumformen	kalt	Umformen
Kaltumformung	kalt	Umformung
Kaltverfestigung	kalt	Verfestigung
Kambodschanerin	Kambodschaner	in
Kamenzer	Kamenz	er
Kamenzerin	Kamenzer	in
Kameradschaft	Kamerad	schaft
Kameramodell	Kamera	Modell
Kameraperspektive	Kamera	Perspektive
Kameruner	Kamerun	er
Kamillenblüte	Kamille	n	Blüte
Kamillentee	Kamille	n	Tee
Kaminaufsatz	Kamin	Aufsatz
Kaminholz	Kamin	Holz
Kaminkehrer	Kamin	Kehrer
Kammerdiener	Kammer	Diener
Kammerflimmern	Kammer	Flimmern
Kammerjäger	Kammer	Jäger
Kammermädchen	Kammer	Mädchen
Kammeroper	Kammer	Oper
Kammerspiel	Kammer	Spiel
Kammerton	Kammer	Ton
Kammqualle	Kamm	Qualle
Kampfausrüstung	Kampf	Ausrüstung
Kampfbegriff	Kampf	Begriff
Kampfdrohne	Kampf	Drohne
Kampffahrzeug	Kampf	Fahrzeug
Kampfflieger	Kampf	Flieger
Kampfflugzeug	Kampf	Flugzeug
Kampfgeist	Kampf	Geist
Kampfgenosse	Kampf	Genosse
Kampfgeschwader	Kampf	Geschwader
Kampfhubschrauber	Kampf	Hubschrauber
Kampfhund	Kampf	Hund
Kampfjet	Kampf	Jet
Kampfkunst	Kampf	Kunst
Kampfläufer	Kampf	laufen	er
Kampfmittel	Kampf	Mittel
Kampfpanzer	Kampf	Panzer
Kampfpilot	Kampf	Pilot
Kampfspiel	Kampf	Spiel
Kampfsport	Kampf	Sport
Kampfverband	Kampf	Verband
Kanadier	Kanada	ier
Kanadierin	Kanadier	in
Kanaldeckel	Kanal	Deckel
Kanalratte	Kanal	Ratte
Kanalreinigung	Kanal	Reinigung
Kanarienvogel	Kanarische Inseln	Vogel
Kaninchen	Kanin	chen
Kaninchendraht	Kaninchen	Draht
Kaninchendrahtzaun	Kaninchen	Drahtzaun
Kaninchenjagd	Kaninchen	Jagd
Kaninchenkauz	Kaninchen	Kauz
Kaninchenplage	Kaninchen	Plage
Kaninchenstall	Kaninchen	Stall
Kannkind	kann	Kind
Kanonenboot	Kanone	n	Boot
Kanonenfutter	Kanone	Futter
Kanonenjagdpanzer	Kanonen	Jagdpanzer
Kanonenkugel	Kanone	n	Kugel
Kanonenwagen	Kanone	n	Wagen
Kantenlänge	Kante	Länge
Kantenschutz	Kante	n	Schutz
Kantineur	Kantine	eur
Kantonsregierung	Kanton	s	Regierung
Kanufahrer	Kanu	Fahrer
Kanzerogenität	kanzerogen	ität
Kanzleischrift	Kanzlei	Schrift
Kanzleisprache	Kanzlei	Sprache
Kanzlerbonus	Kanzler	Bonus
Kanzlerin	Kanzler	in
Kanzlist	Kanzlei	ist
Kapazitätsausweitung	Kapazität	s	Ausweitung
Kapente	Kap	Ente
Kaperbrief	kapern	Brief
Kapitalabfluss	Kapital	Abfluss
Kapitalanlage	Kapital	Anlage
Kapitalanlagegesellschaft	Kapitalanlage	Gesellschaft
Kapitalbeschaffung	Kapital	Beschaffung
Kapitalbeteiligung	Kapital	Beteiligung
Kapitalbindung	Kapital	Bindung
Kapitalentsperrung	Kapital	Entsperrung
Kapitalfestlegung	Kapital	Festlegung
Kapitalfreisetzung	Kapital	Freisetzung
Kapitalgeber	Kapital	Geber
Kapitalisierung	Kapital	isierung
Kapitalisierungszins	Kapitalisierung	s	Zins
Kapitalmaßnahme	Kapital	Maßnahme
Kapitalstruktur	Kapital	Struktur
Kapitalumschlag	Kapital	Umschlag
Kapitalumschlagshäufigkeit	Kapital	Umschlag	s	Häufigkeit
Kapitalverbrechen	kapital	Verbrechen
Kapitalverkehr	Kapital	Verkehr
Kapitalverkehrskontrolle	Kapitalverkehr	s	Kontrolle
Kapitalversicherung	Kapital	Versicherung
Kapitalverwaltung	Kapital	Verwaltung
Kapitalverwaltungsgesellschaft	Kapital	Verwaltung	s	Gesellschaft
Kapitalverwässerung	Kapital	Verwässerung
Kapitalzufluss	Kapital	Zufluss
Kapitelhaus	Kapitel	Haus
Kapitulantentum	Kapitulant	tum
Kapitälchen	Kapitale	chen
Kapitänskajüte	Kapitäns	Kajüte
Kaplöwe	Kap	Löwe
Kappapagei	Kap	Papagei
Kappengibbon	Kappe	Gibbon
Kaprunerin	Kapruner	in
Kapuziner	Kapuze	iner
Kapuzinerkloster	Kapuziner	Kloster
Kapuzinerkresse	Kapuziner	Kresse
Karabinerhaken	Karabiner	Haken
Karabinerverschluss	Karabiner	Verschluss
Karabinerverschluß	Karabiner	Verschluß
Karawanenstraße	Karawane	n	Straße
Karawanserei	Karawane	s	erei
Karbolsäure	Karbol	Säure
Karbonsäure	carbonium	Säure
Kardinalfisch	Kardinal	Fisch
Kardinaltugend	kardinal	Tugend
Kardinalzahl	kardinal	Zahl
Kardiogramm	kardio	gramm
Kardiologe	kardio	loge
Kardiologin	Kardiologe	in
Karelisch	Karelien	isch
Karerin	Karer	in
Karikaturistin	Karikaturist	in
Karl-Marx-Stadt	Karl	Marx	Stadt
Karl-Marx-Städter	Karl-Marx-Stadt	er
Karl-Marx-Städterin	Karl-Marx-Städter	in
Karlchen	Karl	chen
Karlsbaderin	Karlsbader	in
Karlshafenerin	Karlshafener	in
Karlsruherin	Karlsruher	in
Karlstädter	Karlstadt	er
Karlstädterin	Karlstädter	in
Karmingimpel	Karmin	Gimpel
Karoass	Karo	Ass
Karobube	Karo	Bube
Karodame	Karo	Dame
Karolinasittich	Karolina	Sittich
Karosseriebauunternehmen	Karosseriebau	Unternehmen
Karottensaft	Karotte	n	Saft
Karottensalat	Karotte	n	Salat
Karpaltunnel	karpal	Tunnel
Karpaltunnelsyndrom	Karpaltunnel	Syndrom
Karpfenartige	karpfenartig	e
Karpfenteich	Karpfen	Teich
Karriereende	Karriere	Ende
Karriereleiter	Karriere	Leiter
Kartei	Karte	ei
Karteikarte	Kartei	Karte
Karteikasten	Kartei	Kasten
Karteileiche	Kartei	Leiche
Karteninhaber	Karte	n	Inhaber
Kartenspieler	Karte	Spieler
Karthagerin	Karthager	in
Kartoffelacker	Kartoffel	Acker
Kartoffelbrei	Kartoffel	Brei
Kartoffelchip	Kartoffel	Chip
Kartoffeldeutscher	Kartoffel	Deutscher
Kartoffelfresser	Kartoffel	Fresser
Kartoffelpuffer	Kartoffel	Puffer
Kartoffelpüree	Kartoffel	Püree
Kartoffelsack	Kartoffel	Sack
Kartoffelsalat	Kartoffel	Salat
Kartoffelschale	Kartoffel	Schale
Kartoffelschäler	Kartoffel	Schäler
Kartoffelstampfer	Kartoffel	Stampfer
Kartoffelstock	Kartoffel	Stock
Kartoffelsuppe	Kartoffel	Suppe
Kartoffelteig	Kartoffel	Teig
Kartöffelchen	Kartoffel	chen
Kartönchen	Karton	chen
Karyokinese	karyo	Kinese
Karyotyp	karyo	Typ
Kasachin	Kasache	in
Kasperltheater	Kasperl	Theater
Kassamarkt	Kassa	Markt
Kassandraruf	Kassandra	Ruf
Kasselerin	Kasseler	in
Kassenpatient	Kasse	n	Patient
Kassenpatientin	Kassenpatient	in
Kassenschlager	Kasse	n	Schlager
Kassenwart	Kasse	n	Wart
Kassettenrekorder	Kassette	n	Rekorder
Kastanienbaum	Kastanie	n	Baum
Kastanienente	Kastanie	Ente
Kastanienholz	Kastanie	Holz
Kasteiung	kasteien	ung
Kastenwagen	Kasten	Wagen
Kastrationskomplex	Kastration	s	Komplex
Katalysatoraktivität	Katalysator	Aktivität
Katalysemechanismus	Katalyse	Mechanismus
Katapultpost	Katapult	Post
Katastralgemeinde	Kataster	Gemeinde
Katastrophenmedizin	Katastrophe	n	Medizin
Katerstimmung	Kater	Stimmung
Katharinenpflaume	Katharina	n	Pflaume
Kathedersozialismus	Katheder	Sozialismus
Kathodenreaktion	Kathode	Reaktion
Kathodenstrahlröhre	Kathodenstrahl	Röhre
Kationenaustausch	Kation	Austausch
Katrienkjebloom	Katrienkje	Bloom
Katzenbuckel	Katze	n	Buckel
Katzencafé	Katzen	Café
Katzenfreund	Katzen	Freund
Katzenhai	Katze	n	Hai
Katzenhalter	Katze	Halter
Katzenjunges	Katze	Junges
Katzenklappe	Katze	Klappe
Katzenklo	Katze	Klo
Katzenlächeln	Katze	n	Lächeln
Katzenminze	Katze	Minze
Katzenrasse	Katze	Rasse
Katzenstreu	Katze	n	Streu
Katzentrockenfutter	Katze	n	Trockenfutter
Katzentrockennahrung	Katze	n	Trockennahrung
Katzentür	Katze	Tür
Katzenwelpe	Katze	Welpe
Kaufhalle	Kauf	Halle
Kaufhaus	kaufen	Haus
Kaufkraft	kaufen	Kraft
Kaufkraftausgleich	Kauf	Kraft	Ausgleich
Kaufkraftgewinn	Kauf	Kraft	Gewinn
Kaufkraftindex	Kaufkraft	s	Index
Kaufkraftparität	Kauf	Kraft	Parität
Kaufkraftverlust	Kauf	Kraft	Verlust
Kaufleute	kaufen	Leute
Kaufmanns-Und	Kaufmann	und
Kaufoption	Kauf	Option
Kaufpreis	Kauf	Preis
Kaufpreissammlung	Kauf	Preis	Sammlung
Kaufreue	Kauf	Reue
Kaufsorder	Kauf	s	Order
Kaufsucht	kaufen	Sucht
Kaugummi	kauen	Gummi
Kaugummiautomat	Kaugummi	n	Automat
Kautschukindustrie	Kautschuk	Industrie
Kavaliersdelikt	Kavalier	s	Delikt
Kavaliersschmerzen	Kavalier	Schmerzen
Kaventsmann	Kavent	s	Mann
Kaviarlöffel	Kaviar	Löffel
Kebsweib	Kebse	Weib
Keckheit	keck	heit
Kegelbahn	Kegel	Bahn
Kegelstumpf	Kegel	Stumpf
Kegelverein	kegeln	Verein
Kehlkopf	Kehle	Kopf
Kehllaut	Kehle	Laut
Kehrblech	kehren	Blech
Kehrdruck	Kehr	Druck
Kehrer	kehren	er
Kehricht	kehren	ich	t
Kehrleiste	kehren	Leiste
Kehrmaschine	kehren	Maschine
Kehrreim	kehren	Reim
Kehrtwendung	kehren	Wendung
Kehrwert	kehren	Wert
Keilinschrift	Keil	Inschrift
Keilschrift	Keil	Schrift
Keilstein	Keil	Stein
Keimblatt	Keim	Blatt
Keimdrüse	Keim	Drüse
Keimling	Keim	ling
Keimung	keimen	ung
Keimzeit	keimen	Zeit
Keksdose	Keks	Dose
Keksteig	Keks	Teig
Kelchblatt	Kelch	Blatt
Kellerassel	Keller	Assel
Kellerbier	Keller	Bier
Kellergeschoss	Keller	Geschoss
Kellerkind	Keller	Kind
Kellerwirtschaft	Keller	Wirtschaft
Kellinghausenerin	Kellinghausener	in
Keltenkreuz	Kelten	Kreuz
Keltentum	Kelten	tum
Keltibererin	Keltiberer	in
Kemalismus	Kemal	ismus
Kenia-Koalition	Kenia	Koalition
Kenianerin	Kenianer	in
Kennenlernphase	kennenlernen	Phase
Kenner	kennen	er
Kennleuchte	kennen	Leuchte
Kennmal	kennen	Mal
Kennwort	kennen	Wort
Kennzahl	kennen	Zahl
Kennzeichen	kennen	Zeichen
Kennzeichner	kennzeichnen	er
Kennzeichnung	kennzeichnen	ung
Keramikfigur	Keramik	Figur
Keramikglasur	Keramik	Glasur
Keramikvase	Keramik	Vase
Kerbholz	Kerbe	Holz
Kerbtier	Kerbe	Tier
Kerkerstrafe	Kerker	Strafe
Kerlchen	Kerl	chen
Kernaussage	Kern	Aussage
Kernbaustein	Kern	Baustein
Kernbeißer	Kern	Beißer
Kernbotschaft	Kern	Botschaft
Kernbrennstoff	Kern	Brennstoff
Kernenergie	Kern	Energie
Kerneuropa	Kern	Europa
Kernfamilie	Kern	Familie
Kernfusionsanlage	Kernfusion	Anlage
Kerngebiet	Kern	Gebiet
Kerngehäuse	Kern	Gehäuse
Kernikterus	Kern	Ikterus
Kernkraft	Kern	Kraft
Kernkraftwerk	Kern	Kraftwerk
Kernmasse	Kern	Masse
Kernmaterial	Kern	Material
Kernphysik	Kern	Physik
Kernphysiker	Kernphysik	er
Kernpunkt	Kern	Punkt
Kernreaktion	Kern	Reaktion
Kernreaktor	Kern	Reaktor
Kernreaktorunfall	Kernreaktor	Unfall
Kernresonanz	Kern	Resonanz
Kernresonanzspektroskopie	Kernresonanz	Spektroskopie
Kernschmelze	Kern	Schmelze
Kernschussweite	Kern	Schussweite
Kernseife	Kern	Seife
Kernspaltung	Kern	Spaltung
Kernspinresonanz	Kern	Spin	Resonanz
Kernspintomographie	Kernspin	Tomographie
Kernstück	Kern	Stück
Kerntechnik	Kern	Technik
Kernthema	Kern	Thema
Kernverschmelzung	Kern	Verschmelzung
Kernwaffe	Kern	Waffe
Kernwaffentechnik	Kernwaffe	n	Technik
Kernwaffentest	Kernwaffe	Test
Kernwaffenversuch	Kernwaffe	Versuch
Kernöl	Kern	Öl
Kerpenerin	Kerpener	in
Kerzenfisch	Kerze	n	Fisch
Kerzenflamme	Kerze	n	Flamme
Kerzenhalter	Kerzen	Halter
Kerzenlicht	Kerze	n	Licht
Kerzenständer	Kerze	Ständer
Kerzenzieher	Kerzen ziehen	er
Kerzenzieherei	Kerzen ziehen	erei
Kerzenzieherin	Kerzenzieher	in
Kerzlein	Kerze	lein
Kesselhaus	Kessel	Haus
Kesselschlacht	Kessel	Schlacht
Kesselstein	Kessel	Stein
Kesselwagen	Kessel	Wagen
Ketogruppe	Keto	Gruppe
Kettfaden	ketten	Faden
Keuchhusten	keuchen	Husten
Keulenschlag	Keule	n	Schlag
Keuschheit	keusch	heit
Keuschheitsgürtel	Keuschheit	s	Gürtel
Kevinismus	Kevin	ismus
Keyboarder	Keyboard	er
Kieferbruch	Kiefer	Bruch
Kiefergelenk	Kiefer	Gelenk
Kiefergelenkserkrankung	Kiefergelenk	Erkrankung
Kiefernart	Kiefer	n	Art
Kiefernast	Kiefer	n	Ast
Kiefernbaum	Kiefer	n	Baum
Kiefernholz	Kiefer	n	Holz
Kiefernnadel	Kiefer	n	Nadel
Kiefernwald	Kiefer	n	Wald
Kiefernzapfen	Kiefer	n	Zapfen
Kiefernzweig	Kiefer	n	Zweig
Kielbrust	Kiel	Brust
Kielerin	Kieler	in
Kielnagelgalago	Kiel	Nagel	Galago
Kielwasser	Kiel	Wasser
Kienspan	Kien	Span
Kieselerde	Kiesel	Erde
Kieselstein	Kiesel	Stein
Kieselsäure	Kiesel	Säure
Kiffer	kiffen	er
Kifferin	Kiffer	in
Killer	killen	er
Killerin	Killer	in
Killerspiel	Killer	Spiel
Killinger	Killingen	er
Kiloelektronenvolt	kilo	Elektronenvolt
Kilogramm	kilo	Gramm
Kilojoule	kilo	Joule
Kilometer	kilo	Meter
Kilometergeld	Kilometer	Geld
Kilometerstand	Kilometer	Stand
Kilometerstein	Kilometer	Stein
Kilometerzähler	Kilometer	Zähler
Kiloparsec	kilo	Parsec
Kilovolt	kilo	Ampere
Kindbett	Kind	Bett
Kindchen	Kind	chen
Kinderarzt	Kind	er	Arzt
Kinderbetreuung	Kind	er	Betreuung
Kinderbuch	Kind	er	Buch
Kinderbuchautor	Kinderbuch	Autor
Kinderehe	Kind	er	Ehe
Kindergarten	Kind	er	Garten
Kinderheilkunde	Kind	er	Heilkunde
Kinderkrankheit	Kind	er	Krankheit
Kinderlähmung	Kind	er	Lähmung
Kindermesser	Kind	er	Messer
Kindermund	Kind	er	Mund
Kindermörder	Kind	er	Mörder
Kinderpunsch	Kinder	punch
Kinderrecht	Kinder	Recht
Kinderschwester	Kind	er	Schwester
Kinderschänder	Kind	er	Schänder
Kinderspiel	Kind	er	Spiel
Kinderspital	Kind	er	Spital
Kindersprache	Kind	er	Sprache
Kindersterblichkeit	Kind	er	Sterblichkeit
Kinderstube	Kind	er	Stube
Kindertagesstätte	Kind	er	Tagesstätte
Kindertransport	Kinder	Transport
Kinderwunsch	Kind	er	Wunsch
Kinderwurst	Kind	er	Wurst
Kinderärztin	Kinderarzt	in
Kindesmörder	Kind	es	Mörder
Kindesnot	Kind	es	Not
Kindeswohl	Kind	es	Wohl
Kindheitserinnerung	Kindheit	s	Erinnerung
Kindlein	Kind	lein
Kindsmörder	Kind	s	Mörder
Kindstod	Kind	s	Tod
Kinnbacke	Kinn	Backe
Kinnbart	Kinn	Bart
Kinnlade	Kinn	Lade
Kinobesucher	Kino	Besucher
Kinofassung	Kino	Fassung
Kinofilm	Kino	Film
Kinosaal	Kino	Saal
Kipphebelschalter	Kipphebel	Schalter
Kipppunkt	kippen	Punkt
Kirchenasyl	Kirche	Asyl
Kirchenaustritt	Kirche	n	Austritt
Kirchenbank	Kirche	n	Bank
Kirchenbann	Kirche	n	Bann
Kirchenbuch	Kirche	n	Buch
Kirchenfürst	Kirche	n	Fürst
Kirchengebäude	Kirche	n	Gebäude
Kirchengemeinde	Kirche	Gemeinde
Kirchengestühl	Kirche	n	Gestühl
Kirchenglocke	Kirche	n	Glocke
Kirchenglöckchen	Kirchenglocke	chen
Kirchenglöcklein	Kirchenglocke	lein
Kirchenlatein	Kirche	Latein
Kirchenmusiker	Kirchenmusik	er
Kirchenpolitik	Kirche	Politik
Kirchenprovinz	Kirche	Provinz
Kirchenstaat	Kirche	n	Staat
Kirchensteuer	Kirche	Steuer
Kirchenturm	Kirche	n	Turm
Kirchentür	Kirche	n	Tür
Kirchenuhr	Kirche	n	Uhr
Kirchgänger	Kirche	Gänger
Kirchhof	Kirche	Hof
Kirchner	Kirche	er
Kirchturm	Kirche	Turm
Kirchturmpolitik	Kirchturm	Politik
Kirchturmuhr	Kirchturm	Uhr
Kirchweihe	Kirche	Weihe
Kirschauflauf	Kirsche	Auflauf
Kirschbaumer	Kirschbaum	er
Kirschbaumerin	Kirschbaumer	in
Kirschblüte	Kirsche	Blüte
Kirschblütenfest	Kirschblüte	n	Fest
Kirschgarten	Kirsche	Garten
Kirschkern	Kirsche	Kern
Kirschkuchen	Kirsche	Kuchen
Kirschpflaume	Kirsche	Pflaume
Kirschtomate	Kirsch	Tomate
Kirschwasser	Kirsche	Wasser
Kissenschlacht	Kissen	Schlacht
Kissinger	Kissingen	er
Kissingerin	Kissinger	in
Kittelschürze	Kittel	Schürze
Kitzbüheler	Kitzbühel	er
Kitzbühelerin	Kitzbüheler	in
Kitzinger	Kitzingen	er
Kitzingerin	Kitzinger	in
Kitzler	kitzeln	er
Klagefall	Klage	Fall
Klagelied	Klage	Lied
Klageschrift	Klage	Schrift
Klageweib	klagen	Weib
Klagssache	Klage	s	Sache
Klammeraffe	klammern	Affe
Klangbild	Klang	Bild
Klangfarbe	klang	farbe
Klanglehre	Klang	Lehre
Klangtiefe	Klang	Tiefe
Klappbrücke	klappen	Brücke
Klappenstern	Klappe	n	Stern
Klapperschlange	Klapper	Schlange
Klappertopf	klappern	Topf
Klappmesser	Klapp	Messer
Klappmütze	klappen	Mütze
Klappspaten	klappen	Spaten
Klappstuhl	klappen	Stuhl
Klarheit	klar	heit
Klarinettistin	Klarinettist	in
Klarname	klar	Name
Klarstellung	klarstellen	ung
Klartext	Klar	Text
Klartraum	klar	Traum
Klassenarbeit	Klasse	Arbeit
Klassenbuch	Klasse	n	Buch
Klassenbucheintrag	Klassenbuch	Eintrag
Klassenerhalt	Klasse	n	Erhalt
Klassenkamerad	Klasse	n	Kamerad
Klassenkameradin	Klassenkamerad	in
Klassenkampf	Klasse	Kampf
Klassenlehrer	Klasse	Lehrer
Klassenpfad	Klasse	n	Pfad
Klassentreffen	Klasse	n	Treffen
Klassifizierung	klassifizieren	ung
Klassismus	Klasse	ismus
Klatschbase	klatschen	Base
Klaubholz	klauben	Holz
Klavierbauer	Klavier	Bauer
Klavierbegleitung	Klavier	Begleitung
Klavierkonzert	Klavier	Konzert
Klavierlehrer	Klavier	Lehrer
Klavierlehrerin	Klavier	Lehrerin
Klaviernoten	Klavier	Noten
Klavierschüler	Klavier	Schüler
Klavierspiel	Klavier	Spiel
Klavierspieler	Klavier	Spieler
Klavierstunde	Klavier	Stunde
Klaviertastatur	Klavier	Tastatur
Klebeband	kleben	Band
Klebefilm	kleben	Film
Kleberand	kleben	Rand
Klebereiweiß	Kleber	Eiweiß
Klebestreifen	kleben	streifen
Klebstoff	kleben	Stoff
Kleeblatt	Klee	Blatt
Kleeblattschädel	Kleeblatt	Schädel
Kleiderbügel	Kleider	Bügel
Kleiderbürste	Kleid	er	Bürste
Kleidergeschäft	Kleid	er	Geschäft
Kleidergröße	Kleid	er	Größe
Kleiderhaken	Kleider	Haken
Kleidermaßband	Kleid	er	Maßband
Kleidermotte	Kleider	Motte
Kleiderschrank	Kleider	Schrank
Kleiderstoff	Kleid	Stoff
Kleiderständer	Kleider	Ständer
Kleienpilzflechte	Kleie	Pilzflechte
Kleinanzeige	klein	Anzeige
Kleinasien	klein	Asien
Kleinbauer	klein	Bauer
Kleinbürger	klein	Bürger
Kleinbürgerin	Kleinbürger	in
Kleinfleckkatze	klein	Fleck	Katze
Kleingeist	klein	Geist
Kleingeld	klein	Geld
Kleinkrieg	klein	Krieg
Kleinkriminalität	klein	Kriminalität
Kleinlibelle	klein	Libelle
Kleinlichkeit	kleinlich	keit
Kleinmut	klein	Mut
Kleinpartei	klein	Partei
Kleinpferd	klein	Pferd
Kleinplanet	klein	Planet
Kleinpudel	klein	Pudel
Kleinschreibung	klein	Schreibung
Kleinstaat	klein	Staat
Kleinstaaterei	Kleinstaat	erei
Kleinstpartei	kleinst	Partei
Kleintier	klein	Tier
Kleinwagen	klein	Wagen
Klemmbinder	klemmen	Binder
Klemmbrett	klemmen	Brett
Kletterbaum	klettern	Baum
Klettergarten	klettern	Garten
Klettverschluss	Klette	Verschluss
Klicklaut	Klick	Laut
Klickzahl	klicken	Zahl
Klimaerwärmung	Klima	Erwärmung
Klimaforschung	Klima	Forschung
Klimahysterie	Klima	Hysterie
Klimakanzlerin	Klima	Kanzlerin
Klimaleugner	Klima	Leugner
Klimaneutralität	Klima	Neutralität
Klimaveränderung	Klima	Veränderung
Klimawandel	Klima	Wandel
Klimmzug	klimmen	Zug
Klingenthaler	Klingenthal	er
Klingenthalerin	Klingenthaler	in
Klippdachs	Klippe	Dachs
Klippenmöwe	Klippe	n	Möwe
Klirrfaktor	klirren	Faktor
Klitoriseichel	Klitoris	Eichel
Kloakentier	Kloake	n	Tier
Klobesen	Klo	Besen
Klobrille	Klo	Brille
Klobürste	Klo	Bürste
Klodeckel	Klo	deckel
Klomuschel	Klo	Muschel
Klopapierrolle	Klopapier	Rolle
Kloschüssel	Klo	Schüssel
Klosterbibliothek	Kloster	Bibliothek
Klosterbrauerei	Kloster	Brauerei
Klosterkirche	Kloster	Kirche
Klostermauer	Kloster	Mauer
Kloßbrühe	Kloß	Brühe
Klubchef	Klub	Chef
Klugscheißer	klug	Scheißer
Klumpenrisiko	Klumpen	Risiko
Klumpfuß	Klumpen	Fuß
Kläranlage	klären	Anlage
Klärung	klären	ung
Klärwerk	klären	Werk
Klöppelspitze	klöppeln	Spitze
Klümpchen	Klumpen	chen
Knabenficker	Knabe	Ficker
Knabenschändung	Knabe	n	Schändung
Knackarsch	knacken	Arsch
Knacker	knacken	er
Knacklaut	knacken	Laut
Knallbonbon	knallen	Bonbon
Knallfolie	knallen	Folie
Knallfrosch	Knall	Frosch
Knallgasprobe	Knallgas	Probe
Knallkopf	Knall	Kopf
Knalltüte	Knall	Tüte
Knappschaft	Knappe	schaft
Knappschaftskrankenhaus	Knappschaft	s	Krankenhaus
Knastbruder	Knast	Bruder
Knauserei	knausern	ei
Knautschzone	knautschen	Zone
Knebelvertrag	knebeln	Vertrag
Knechtschaft	Knecht	schaft
Kneipenhocker	Kneipe	n	Hocker
Kneipensterben	Kneipe	sterben
Kneipier	Kneipe	ier
Knetlegierung	kneten	Legierung
Knickbus	knicken	Bus
Knicker	knicken	er
Knicks	knicken	s
Kniebank	knien	Bank
Kniegelenk	Knie	Gelenk
Kniekehle	Knie	Kehle
Kniescheibe	Knie	Scheibe
Knobelspiel	knobeln	Spiel
Knoblauchbrot	Knoblauch	Brot
Knoblauchbutter	Knoblauch	Butter
Knoblauchkröte	Knoblauch	Kröte
Knoblauchpresse	Knoblauch	Presse
Knoblauchzehe	Knoblauch	Zehe
Knochenarbeit	Knochen	Arbeit
Knochenbau	Knochen	Bau
Knochenbildung	Knochen	Bildung
Knochenbruch	Knochen	Bruch
Knochenbrüchigkeit	Knochen	Brüchigkeit
Knochendichte	Knochen	Dichte
Knochenfisch	Knochen	Fisch
Knochengerüst	Knochen	Gerüst
Knochengewebe	Knochen	Gewebe
Knochenhand	Knochen	Hand
Knochenjob	Knochen	Job
Knochenkrebs	Knochen	Krebs
Knochenmark	Knochen	Mark
Knochenmasse	Knochen	Masse
Knochenmetastase	Knochen	Metastase
Knochenmühle	Knochen	Mühle
Knochenstruktur	Knochen	Struktur
Knochenstudium	Knochen	Studium
Knochensäge	Knochen	Säge
Knochensäger	Knochen	Säger
Knochentumor	Knochen	Tumor
Knochenwachstum	Knochen	Wachstum
Knopfdruck	Knopf	Druck
Knopfzelle	Knopf	Zelle
Knorpelfisch	Knorpel	Fisch
Knorpeltang	Knorpel	Tang
Knotenameise	Knoten	Ameise
Knotendichte	Knoten	Dichte
Knotenpunkt	Knoten	Punkt
Knotenschrift	Knoten	Schrift
Knurrhahn	knurren	Hahn
Knusperhäuschen	knuspern	Häuschen
Knutschfleck	knutschen	Fleck
Knäblein	Knabe	lein
Knäckebrot	knacken	Brot
Knäkente	Knäk	Ente
Knöllchen	Knolle	chen
Knöllchenbakterium	Knöllchen	Bakterium
Knübbelchen	Knubbel	chen
Knüller	knüllen	er
Knüppeldamm	Knüppel	Damm
Knüstchen	Knust	chen
Koalitionsregierung	Koalition	s	Regierung
Koalitionsvertrag	Koalition	s	Vertrag
Koblenzer	Koblenz	er
Koblenzerin	Koblenzer	in
Koboldmaki	Kobold	Maki
Kochbanane	Koch	Banane
Kocherei	kochen	erei
Kochfeld	kochen	Feld
Kochhaube	kochen	Haube
Kochkiste	kochen	Kiste
Kochmesser	Koch	Messer
Kochmütze	kochen	Mütze
Kochnische	kochen	Nische
Kochplatte	kochen	Platte
Kochsalz	kochen	Salz
Kochsalzlösung	Kochsalz	Lösung
Kochtopf	kochen	Topf
Kochzeit	kochen	Zeit
Kofaktor	ko	Faktor
Koffeinabsturz	Koffein	Absturz
Kofferradio	Koffer	Radio
Kofferraum	Koffer	Raum
Kofferraumdeckel	Kofferraum	Deckel
Kofferwort	Koffer	Wort
Kohleabbau	Kohle	Abbau
Kohlebergbau	Kohle	Bergbau
Kohlebergwerk	Kohle	Bergwerk
Kohlebürste	Kohle	Bürste
Kohlechemie	Kohle	Chemie
Kohlefaser	Kohle	Faser
Kohlemine	Kohle	Mine
Kohlendioxid	Kohle	n	Dioxid
Kohlendioxidlaser	Kohlendioxid	Laser
Kohlenhydrathaushalt	Kohlenhydrat	Haushalt
Kohlenhydratsynthese	Kohlenhydrat	Synthese
Kohlenmonoxid	Kohle	n	Monoxid
Kohlenpott	Kohle	n	Pott
Kohlenstoff	Kohle	n	Stoff
Kohlenstoffatom	Kohlenstoff	Atom
Kohlenstoffchemie	Kohlenstoff	Chemie
Kohlenstoffdioxid	Kohlenstoff	Dioxid
Kohlenstoffdiselenid	Kohlenstoff	Diselenid
Kohlenstoffdisulfid	Kohlenstoff	Disulfid
Kohlenstofffaser	Kohlenstoff	Faser
Kohlenstoffgehalt	Kohlenstoff	Gehalt
Kohlenstoffgruppe	Kohlenstoff	Gruppe
Kohlenstoffkreislauf	Kohlenstoff	Kreislauf
Kohlenstoffmonoxid	Kohlenstoff	Monoxid
Kohlenstoffnanoröhre	Kohlenstoff	Nanoröhre
Kohlenstoffnanoschaum	Kohlenstoff	Nanoschaum
Kohlenstoffverbindung	Kohlenstoff	Verbindung
Kohlenstoffzyklus	Kohlenstoff	Zyklus
Kohlensäure	Kohle	n	Säure
Kohlenwasserstoff	Kohlenstoff	Wasserstoff
Kohlenwasserstoffrest	Kohlenwasserstoff	Rest
Kohlevorkommen	Kohle	Vorkommen
Kohlkopf	Kohl	Kopf
Kohlmeise	Kohle	Meise
Kohlrolle	Kohl	Rolle
Kohlrübe	Kohl	Rübe
Kohlsuppe	Kohl	Suppe
Kohlweißling	Kohl	Weißling
Kokosnuss	Kokos	Nuss
Kokosnussöl	Kokosnuss	Öl
Kokospalme	Kokos	Palme
Kokosöl	Kokos	Öl
Kokser	Koks	er
Koksnase	Koks	Nase
Kolbenente	Kolben	Ente
Kolbenfresser	Kolben	Fresser
Kollateralschaden	kollateral	Schaden
Kollektivierung	kollektivieren	ung
Kollektivschuld	kollektiv	Schuld
Kolloidchemie	Kolloid	Chemie
Kolonialmacht	kolonial	Macht
Kolonisierung	kolonisieren	ung
Koloratursopranstimme	Koloratur	Sopranstimme
Kolumbianerin	Kolumbianer	in
Kolumbienralle	Kolumbien	Ralle
Kolumnentitel	Kolumne	n	Titel
Kolumnist	Kolumne	ist
Kolumnistin	Kolumnist	in
Komafressen	Koma	Fressen
Komasaufen	Koma	Saufen
Kombinationsfeldchen	Kombinationsfeld	chen
Kombinationszange	Kombination	Zange
Kombinatorik	kombinatorisch	ik
Kometenschweif	Komet	Schweif
Komfortzone	Komfort	Zone
Komiker	komisch	iker
Kommandozeile	Kommando	Zeile
Kommenturei	Kommentur	ei
Kommissbrot	Kommiss	Brot
Kommissionierer	kommissionieren	er
Kommissionshändler	Kommission	s	Händler
Kommunalverwaltung	kommunal	Verwaltung
Kommune 1	Kommune	1
Kommunikationsanlage	Kommunikation	Anlage
Kommunistin	Kommunist	in
Komodowaran	Komodo	Waran
Kompetenz-Kompetenz	Kompetenz	Kompetenz
Komplettierung	komplettieren	ung
Komplexauge	Komplex / komplex	Auge
Komplexbildung	Komplex	Bildung
Komplexbildungsreaktion	Komplexbildung	Reaktion
Komplexierung	komplexieren	ung
Komplexverbindung	Komplex	Verbindung
Komponist	komponieren	ist
Kompositionsglied	Komposition	s	Glied
Komturei	Komtur	ei
Kondensationskeim	Kondensation	Keim
Kondensatorbelag	Kondensator	Belag
Kondensmilch	kondens	Milch
Kondensstreifen	kondens	Streifen
Konditorei	Konditor	ei
Konfektburg	Konfekt	Burg
Konferenzzimmer	Konferenz	Zimmer
Konfliktherd	Konflikt	Herd
Konfrontationskurs	Konfrontation	s	Kurs
Kongo-Fluss	Kongo	Fluss
Kongobecken	Kongo	Becken
Kongofluss	Kongo	Fluss
Kongopapagei	Kongo	Papagei
Konjunkturabschwung	Konjunktur	Abschwung
Konjunkturaufschwung	Konjunktur	Aufschwung
Konjunkturpolitik	Konjunktur	s	Politik
Konjunkturrückgang	Konjunktur	Rückgang
Konjunkturzyklus	konjunktur	s	Zyklus
Konradsreutherin	Konradsreuther	in
Konservativismus	konservativ	ismus
Konservenbüchse	Konserve	n	Büchse
Konservendose	Konserve	n	Dose
Konservierung	konservieren	ung
Konservierungsmittel	Konservierung	Mittel
Konsonantenschwächung	Konsonant	en	Schwächung
Konsonantenstamm	Konsonant	Stamm
Konspirationstheoretiker	Konspiration	s	Theoretiker
Konstruierer	konstruieren	er
Konstruktionswerkstoff	Konstruktion	Werkstoff
Konsulin	Konsul	in
Konsumentenschutz	Konsumenten	Schutz
Konsumentin	Konsument	in
Konsumgesellschaft	Konsum	Gesellschaft
Konsumgut	Konsum	Gut
Konsumklima	Konsum	Klima
Konsumzurückhaltung	Konsum	Zurückhaltung
Kontaktdruck	Kontakt	Druck
Kontaktfeder	Kontakt	Feder
Kontaktierung	kontaktieren	ung
Kontaktverfahren	Kontakt	Verfahren
Kontaktvermittlung	Kontakt	Vermittlung
Konterbier	Konter	Bier
Konterrevolution	konter	Revolution
Kontersekt	Konter	Sekt
Kontinentalwestgermanisch	kontinental	Westgermanisch
Kontingenztabelle	Kontingenz	Tabelle
Kontoauszug	Konto	Auszug
Kontodeckung	Konto	Deckung
Kontor	compter	oir
Kontraindikation	kontra	Indikation
Kontraktionsfähigkeit	Kontraktion	Fähigkeit
Kontrasterhöhung	Kontrast	Erhöhung
Kontrastmittel	Kontrast	Mittel
Kontrollbox	Kontrolle	Box
Kontrollbronchoskopie	Kontrolle	Bronchoskopie
Kontrolleur	kontrollieren	eur
Kontrollfreak	Kontrolle	Freak
Kontrollgruppe	Kontrolle	Gruppe
Kontrollkästchen	Kontrolle	Kästchen
Kontrollor	kontrollieren	or
Kontrollpunkt	Kontrolle	Punkt
Kontrollraum	Kontrolle	Raum
Kontrollstab	Kontrolle	Stab
Kontrollstelle	Kontrolle	Stelle
Kontrolluhr	Kontrolle	Uhr
Kontrollverlust	Kontrolle	Verlust
Kontrollwahn	Kontrolle	Wahn
Kontrollzwang	Kontrolle	Zwang
Konurbation	kon	urbs	ation
Konvektionsströmung	Konvektion	Strömung
Konversationsmaxime	Konversation	s	Maxime
Konvertierung	konvertieren	ung
Konzentrationslager	Konzentration	s	Lager
Konzentrationsmangel	Konzentration	Mangel
Konzentrierung	konzentrieren	ung
Konzernumsatz	Konzern	Umsatz
Konzertflügel	Konzert	Flügel
Konzertgitarre	Konzert	Gitarre
Konzerthaus	Konzert	Haus
Konzertmeister	Konzert	Meister
Konzertsaal	Konzert	Saal
Konzessivsatz	konzessiv	Satz
Konzipierer	konzipieren	er
Koordinatenachse	Koordinaten	Achse
Koordinatensystem	Koordinate	n	System
Koordinationsstörung	Koordination	Störung
Koordinationszahl	Koordination	Zahl
Kopenhagener	Kopenhagen	er
Kopfbahnhof	Kopf	Bahnhof
Kopfball	Kopf	Ball
Kopfballungeheuer	Kopfball	Ungeheuer
Kopfbewegung	Kopf	Bewegung
Kopfbruststück	Kopf	Brust	Stück
Kopfentscheidung	Kopf	Entscheidung
Kopfform	Kopf	Form
Kopfgeld	Kopf	Geld
Kopfgeldjäger	Kopfgeld	Jäger
Kopfgrind	Kopf	Grind
Kopfhaut	Kopf	Haut
Kopfhörer	Kopf	Hörer
Kopfkino	Kopf	Kino
Kopfkissen	Kopf	Kissen
Kopflaus	Kopf	Laus
Kopflosigkeit	kopflos	igkeit
Kopfnote	Kopf	Note
Kopfpolster	Kopf	Polster
Kopfputz	Kopf	Putz
Kopfsalat	Kopf	Salat
Kopfschild	Kopf	Schild
Kopfschmerz	Kopf	Schmerz
Kopfschütteln	Kopf	Schütteln
Kopfstand	Kopf	Stand
Kopfsteinpflaster	Kopfstein	Pflaster
Kopfsteinpflasterstraße	Kopfsteinpflaster	Straße
Kopfsteinstraße	Kopfstein	Straße
Kopfstimme	Kopf	Stimme
Kopfstütze	Kopf	Stütze
Kopfverletzung	Kopf	Verletzung
Kopfwort	Kopf	Wort
Kopfzerbrechen	Kopf	Zerbrechen
Kopierer	kopieren	er
Koppelfenster	koppeln	Fenster
Koppelprodukt	Koppel	Produkt
Kopplung	koppeln	ung
Kopulativkompositum	kopulativ	Kompositum
Korallenfisch	Koralle	n	Fisch
Korallenotter	Koralle	n	Otter
Koranismus	Koran	ismus
Koranschule	Koran	Schule
Koransure	Koran	Sure
Korbacher	Korbach	er
Korbacherin	Korbacher	in
Korbblüte	Korb	Blüte
Korbblütler	Korbblüte	ler
Korbflechterin	Korbflechter	in
Korbmacher	Korb	Macher
Korbmacherin	Korbmacher	in
Korbware	Korb	Ware
Koreakrieg	Korea	Krieg
Korkenzieher	Korken	Zieher
Kornblume	Korn	Blume
Korngröße	Korn	Größe
Kornkammer	Korn	Kammer
Kornkreis	Korn	Kreis
Kornnatter	Korn	Natter
Kornrade	Korn	Rade
Kornwestheimerin	Kornwestheimer	in
Korrektheit	korrekt	heit
Korrekturfahne	Korrektur	Fahne
Korrekturleser	Korrektur	Leser
Korrespondent	korrespondieren	ent
Korrosionsbeständigkeit	Korrosion	Beständigkeit
Korrosionsschutz	Korrosion	Schutz
Korschenbroicherin	Korschenbroicher	in
Koseform	kosen	Form
Kosename	kosen	Name
Kosewort	kosen	Wort
Kosmetiker	Kosmetik	er
Kosmetikerin	Kosmetiker	in
Kosmetikindustrie	Kosmetik	Industrie
Kosmobiologie	Kosmos	Biologie
Kostbarkeit	kostbar	keit
Kostenfaktor	kosten	Faktor
Kostenfolge	Kosten	Folge
Kostenträger	Kosten	Träger
Kostenvoranschlag	Kosten	Voranschlag
Kotstecher	Kot	Stecher
Kotzefresser	Kotze	Fresser
Krabbenbrot	Krabbe	Brot
Krabbenspinne	Krabbe	n	Spinne
Kradschütze	Krad	Schütze
Kraftakt	Kraft	Akt
Kraftarm	Kraft	Arm
Kraftausdruck	Kraft	Ausdruck
Kraftfahrzeug	Kraft	Fahrzeug
Kraftfahrzeug-Haftpflichtversicherung	Kraftfahrzeug	Haftpflichtversicherung
Kraftfahrzeugbesitzer	Kraftfahrzeug	Besitzer
Kraftfahrzeugkennzeichen	Kraftfahrzeug	Kennzeichen
Kraftfahrzeugzulassung	Kraftfahrzeug	Zulassung
Kraftfeld	Kraft	Feld
Kraftrad	Kraft	Rad
Kraftraum	Kraft	Raum
Kraftstofftank	Kraftstoff	Tank
Krafttank	Kraft	Tank
Kraftvergeudung	Kraft	Vergeudung
Kraftwagen	Kraft	Wagen
Kraftwerk	Kraft	Werk
Kraftwort	Kraft	Wort
Kragenechse	Kragen	Echse
Kragenente	Kragen	Ente
Kragenspiegel	Kragen	Spiegel
Krakauer	Krakau	er
Krampfanfall	Krampf	Anfall
Kranbeere	Kran	Beere
Kranichzug	Kranich	Zug
Krankenbericht	Kranker	en	Bericht
Krankenbett	Kranker	Bett
Krankengeschichte	Kranker	en	Geschichte
Krankenhaus	Kranker	en	Haus
Krankenhausapotheker	Krankenhaus	Apotheker
Krankenkassenbeitrag	Krankenkasse	n	Beitrag
Krankensalbung	Kranker	en	Salbung
Krankenschein	Kranker	Schein
Krankenschwester	Kranker	Schwester
Krankenstand	Kranker	Stand
Krankenversicherung	Kranker	Versicherung
Krankenwagen	Kranker	Wagen
Krankenwärter	Kranker	Wärter
Krankenwärterin	Krankenwärter	in
Krankheitsausbreitung	Krankheit	s	Ausbreitung
Krankheitsbild	Krankheit	s	Bild
Krankheitseinsicht	Krankheit	Einsicht
Krankheitserreger	Krankheit	s	Erreger
Krankheitsfaktor	Krankheit	s	Faktor
Krankheitsfall	Krankheit	Fall
Krankheitsverlauf	Krankheit	s	Verlauf
Krappenfassung	Krappe	n	Fassung
Kratzdistel	kratzen	Distel
Kratzer	kratzen	er
Kratzwunde	kratzen	Wunde
Krausbeere	kraus	Beere
Krautkopf	Kraut	Kopf
Krautwickel	Kraut	Wickel
Kreationistin	Kreationist	in
Kreativität	kreativ	ität
Krebsart	Krebs	Art
Krebsarzt	Krebs	Arzt
Krebsdiagnostik	Krebs	Diagnostik
Krebsentstehung	Krebs	Entstehung
Krebserkrankung	Krebs	Erkrankung
Krebsforschung	Krebs	Forschung
Krebsforschungszentrum	Krebs	Forschung	Zentrum
Krebsmedizin	Krebs	Medizin
Krebsnebel	Krebs	Nebel
Krebstherapie	Krebs	Therapie
Kreditausfall	Kredit	Ausfall
Kreditausfallswap	Kredit	Ausfall	Swap
Kreditfinanzierung	Kredit	Finanzierung
Kreditgeber	Kredit	Geber
Kredithai	Kredit	Hai
Kreditinstitut	Kredit	Institut
Kreditkartennummer	Kreditkarte	Nummer
Kreditnehmer	Kredit	Nehmer
Kreditrisiko	Kredit	Risiko
Krefelderin	Krefelder	in
Kreidezeit	Kreide	Zeit
Kreisabschnitt	Kreis	Abschnitt
Kreisbahn	Kreis	Bahn
Kreisbogen	Kreis	Bogen
Kreischen	Kreis	chen
Kreisdurchmesser	Kreis	Durchmesser
Kreisel	Kreis	el
Kreiselegge	Kreisel	Egge
Kreiselkompass	Kreisel	Kompass
Kreiselpumpe	Kreisel	Pumpe
Kreisfläche	Kreis	Fläche
Kreisgraben	Kreis	Graben
Kreisgrabenanlage	Kreisgraben	Anlage
Kreiskonstante	Kreis	Konstante
Kreislauf	Kreis	Lauf
Kreislauferkrankung	Kreislauf	Erkrankung
Kreislaufstillstand	Kreislauf	Stillstand
Kreislaufstörung	Kreislauf	Störung
Kreislaufzusammenbruch	Kreislauf	Zusammenbruch
Kreisläufer	Kreis	Läufer
Kreissegment	Kreis	Segment
Kreissehne	Kreis	Sehne
Kreissektor	Kreis	Sektor
Kreisspieler	Kreis	Spieler
Kreisstadt	Kreis	Stadt
Kreissäge	Kreis	Säge
Kreiswehrersatzamt	Kreis	Wehrersatzamt
Kreiswinkel	Kreis	Winkel
Kreiszahl	Kreis	Zahl
Kreuzass	Kreuz	Ass
Kreuzbein	Kreuz	Bein
Kreuzbube	Kreuz	Bube
Kreuzdame	Kreuz	Dame
Kreuzer	Kreuz	er
Kreuzfahrer	Kreuz	Fahrer
Kreuzfahrt	kreuzen	Fahrt
Kreuzfahrtschiff	Kreuzfahrt	Schiff
Kreuzgang	Kreuz	Gang
Kreuzgewölbe	Kreuz	Gewölbe
Kreuzgratgewölbe	Kreuz	Grat	Gewölbe
Kreuzkümmel	Kreuz	Kümmel
Kreuzprobe	Kreuz	Probe
Kreuzrippengewölbe	Kreuz	Rippe	Gewölbe
Kreuzritter	Kreuz	Ritter
Kreuzschlitzschraube	Kreuz	Schlitz	Schraube
Kreuzschlitzschraubendreher	Kreuz	Schlitz	Schraubendreher
Kreuzschlitzschraubenzieher	Kreuz	Schlitz	Schraubenzieher
Kreuzschlüssel	Kreuz	Schlüssel
Kreuzspinne	Kreuz	Spinne
Kreuztalerin	Kreuztaler	in
Kreuzworträtsel	Kreuz	Worträtsel
Kreuzzeichen	Kreuz	Zeichen
Krickente	Krick	Ente
Kriebelmücke	Kriebel	Mücke
Kriecher	kriechen	er
Kriechtier	kriechen	Tier
Kriechtunnel	kriechen	Tunnel
Kriechverhalten	Kriech	Verhalten
Krieg der Sterne	Krieg	der	Sterne
Krieger	Krieg	er
Kriegerin	Krieger	in
Kriegführung	Krieg	Führung
Kriegsausbruch	Krieg	s	Ausbruch
Kriegsbeginn	Krieg	s	Beginn
Kriegsbemalung	Krieg	s	Bemalung
Kriegsberichterstatter	Krieg	s	Berichterstatter
Kriegsberichterstattung	Krieg	s	Berichterstattung
Kriegsdenkmünze	Krieg	Denkmünze
Kriegsdienstgegner	Kriegsdienst	s	Gegner
Kriegsdienstgegnerin	Kriegsdienstgegner	in
Kriegsdienstverweigerer	Krieg	s	Dienst	Verweigerer
Kriegsdienstverweigerung	Kriegsdienst	Verweigerung
Kriegsende	Krieg	s	Ende
Kriegsfilm	Krieg	Film
Kriegsführung	Krieg	s	Führung
Kriegsgefahr	Krieg	s	Gefahr
Kriegsgefangenenlager	Kriegsgefangener	Lager
Kriegsgefangener	Krieg	s	Gefangener
Kriegsgeheul	Krieg	s	Geheul
Kriegsgeschrei	Krieg	s	Geschrei
Kriegsgewinnler	Krieg	s	Gewinnler
Kriegsgott	Krieg	s	Gott
Kriegsknecht	Kriegs	Knecht
Kriegskorrespondent	Krieg	s	Korrespondent
Kriegskorrespondentin	Kriegskorrespondent	in
Kriegskunst	Krieg	s	Kunst
Kriegsmacht	Krieg	s	Macht
Kriegsmarine	Krieg	Marine
Kriegsminister	Krieg	s	Minister
Kriegsministerin	Kriegsminister	in
Kriegsministerium	Krieg	s	Ministerium
Kriegsnebel	Krieg	s	Nebel
Kriegsopfer	Krieg	s	Opfer
Kriegspartei	Krieg	s	Partei
Kriegsrecht	Krieg	s	Recht
Kriegsschar	Krieg	s	Schar
Kriegsschauplatz	Krieg	s	Schauplatz
Kriegsschiff	Krieg	s	Schiff
Kriegsschuld	Krieg	s	Schuld
Kriegsspiel	Krieg	s	Spiel
Kriegstuba	Krieg	s	Tuba
Kriegstüchtigkeit	kriegstüchtig	keit
Kriegsverbrechen	Krieg	Verbrechen
Kriegsverbrecher	Krieg	s	Verbrecher
Kriegsversehrter	Krieg	s	Versehrter
Kriegszeit	Krieg	Zeit
Kriegszitterer	Krieg	s	Zitterer
Kriegszustand	Krieg	Zustand
Kriminalamt	kriminal	Amt
Kriminalfall	kriminal	Fall
Kriminalgeschichte	kriminal	Geschichte
Kriminalist	kriminal	ist
Kriminalistik	Kriminalist	ik
Kriminalpolizei	kriminal	Polizei
Kriminalreißer	kriminal	Reißer
Kriminalroman	kriminal	Roman
Kriminologie	kriminell	logie
Krimiserie	Krimi	Serie
Krippenspiel	Krippe	n	Spiel
Krisengipfel	Krise	n	Gipfel
Krisenmanagement	Krise	n	Management
Kristallbecher	Kristall	Becher
Kristallebene	Kristall	Ebene
Kristallfehlstelle	Kristall	Fehlstelle
Kristallfeld	Kristall	Feld
Kristallfeldtheorie	Kristall	Feld	Theorie
Kristallfläche	Kristall	Fläche
Kristallform	Kristall	Form
Kristallgefüge	Kristall	Gefüge
Kristallgitterstruktur	Kristall	Gitter	Struktur
Kristallglas	Kristall	Glas
Kristallisierung	kristallisieren	ung
Kristallkugel	Kristall	Kugel
Kristallnacht	Kristall	Nacht
Kristallnadel	Kristall	Nadel
Kristallstruktur	Kristall	Struktur
Kristallsystem	Kristall	System
Kristallvase	Kristall	Vase
Kriställchen	Kristall	chen
Kritikpunkt	Kritik	Punkt
Krokodilsträne	Krokodil	s	Träne
Kronacher	Kronach	er
Kronacherin	Kronacher	in
Kronblatt	Krone	Blatt
Kronkorken	Krone	Korken
Kronprinz	Krone	Prinz
Kronprinzessin	Kron	Prinzessin
Kronrat	Krone	Rat
Kronstadt	Krone	Stadt
Kronstädter	Kronstadt	er
Kronstädterin	Kronstädter	in
Krontaube	Krone	Taube
Kronwicke	Krone	Wicke
Kronzeuge	Krone	Zeuge
Kropftaube	Kropf	Taube
Krummhorn	krumm	Horn
Krummlauf	krumm	Lauf
Krustenechse	Kruste	n	Echse
Krustentier	Kruste	n	Tier
Kryorekanalisation	kryo	Rekanalisation
Kryotechnik	kryo	Technik
Kryptondifluorid	Krypton	Difluorid
Kryptonion	Krypton	Ion
Kryptonisotop	Krypton	Isotop
Kryptontetrafluorid	Krypton	Tetrafluorid
Kryptonverbindung	Krypton	Verbindung
Kräftespiel	Kräfte	Spiel
Krähenfraß	Krähe	n	Fraß
Krähennest	Krähe	n	Nest
Krämer	Kram	er
Kränzchen	Kranz	chen
Kräuterbeet	Kräuter	Beet
Kräuterbutter	Kraut	Butter
Kräutergarten	Kraut	Garten
Kräuterheilkunde	Kraut	er	Heilkunde
Kräuterkäse	Kraut	er	Käse
Kräutersoße	Kräuter	Soße
Krönung	krönen	ung
Krückstock	Krücke	Stock
Krügel	Krug	el
Krümelchen	Krümel	chen
Krümmung	krümmen	ung
Kubanerin	Kubaner	in
Kubaralle	Kuba	Ralle
Kubikwurzel	kubik	Wurzel
Kuchenbesteck	Kuchen	Besteck
Kuchenblech	Kuchen	Blech
Kuchengabel	Kuchen	Gabel
Kuchenlöffel	Kuchen	Löffel
Kuchenmesser	Kuchen	Messer
Kuchenstück	Kuchen	Stück
Kuchenteig	Kuchen	Teig
Kuckucksei	Kuckuck	s	Ei
Kuckuckskind	Kuckuck	s	Kind
Kufsteiner	Kufstein	er
Kufsteinerin	Kufsteiner	in
Kugelblitz	Kugel	Blitz
Kugelbombe	Kugel	Bombe
Kugelfisch	Kugel	Fisch
Kugelgelenk	Kugel	Gelenk
Kugelhaufenreaktor	Kugel	Haufen	Reaktor
Kugelkopf	Kugel	Kopf
Kugeloberfläche	Kugel	Oberfläche
Kugelpackung	Kugel	Packung
Kugelschnecke	Kugel	Schnecke
Kugelschreiber	Kugel	Schreiber
Kugelspinne	Kugel	Spinne
Kugelstoßen	Kugel	stoßen
Kugelzieher	Kugel	ziehen	er
Kuhbläke	Kuh	Bläke
Kuhdorf	Kuh	Dorf
Kuhfladen	Kuh	Fladen
Kuhhaut	Kuh	Haut
Kuhhirte	Kuh	Hirte
Kuhmist	Kuh	Mist
Kuhnasenrochen	Kuh	Nase	n	Rochen
Kuhreiher	Kuh	Reiher
Kuhscheiße	Kuh	Scheiße
Kuhschelle	Kuh	Schelle
Kuhstall	Kuh	Stall
Kuhwiese	Kuh	Wiese
Kukuruzkolben	Kukuruz	Kolben
Kullerauge	Kuller	Auge
Kultgegenstand	Kult	Gegenstand
Kultivierung	kultivieren	ung
Kulturbolschewismus	Kultur	Bolschewismus
Kulturbund	Kultur	Bund
Kulturdenkmal	Kultur	Denkmal
Kulturerbe	Kultur	Erbe
Kulturgeschichte	Kultur	Geschichte
Kulturgrenze	Kultur	Grenze
Kulturgut	Kultur	Gut
Kulturhauptstadt	Kultur	Hauptstadt
Kulturimperialismus	Kultur	Imperialismus
Kulturkreis	Kultur	Kreis
Kulturland	Kultur	Land
Kulturmuslim	Kultur	Muslim
Kulturmuslimin	Kultur	Muslimin
Kulturnation	Kultur	Nation
Kulturpflanze	Kultur	Pflanze
Kulturraum	Kultur	Raum
Kulturretardierung	Kultur	Retardierung
Kultursprache	Kultur	Sprache
Kulturstätte	Kultur	Stätte
Kulturvolk	Kultur	Volk
Kulturwissenschaft	Kultur	Wissenschaft
Kulturwissenschaftler	Kulturwissenschaft	ler
Kulturwort	Kultur	Wort
Kumanin	Kumane	in
Kummer	*kom	*bereti
Kummerspeck	Kummer	Speck
Kundendienst	Kunde	Dienst
Kundenportal	Kunde	n	Portal
Kundenservice	Kunde	Service
Kundenstamm	Kunde	n	Stamm
Kundgebungsteilnehmerin	Kundgebungsteilnehmer	in
Kundmachung	kundmachen	ung
Kunstakademie	Kunst	Akademie
Kunstauge	Kunst	Auge
Kunstdünger	Kunst	Dünger
Kunstfehler	Kunst	Fehler
Kunstfertigkeit	Kunst	Fertigkeit
Kunstflieger	Kunst	Flieger
Kunstflug	Kunst	Flug
Kunstfreiheit	Kunst	Freiheit
Kunstgegenstand	Kunst	Gegenstand
Kunstgeschichte	Kunst	Geschichte
Kunsthalle	Kunst	Halle
Kunsthandwerk	Kunst	Handwerk
Kunsthandwerkerin	Kunsthandwerker	in
Kunstharz	Kunst	Harz
Kunstlied	Kunst	Lied
Kunstmaler	Kunst	Maler
Kunstmalerin	Kunst	Malerin
Kunstpause	Kunst	Pause
Kunstsammler	Kunst	Sammler
Kunstschnee	Kunst	Schnee
Kunstseide	Kunst	Seide
Kunstsprache	Kunst	Sprache
Kunststoff-Folie	Kunststoff	Folie
Kunststoffabdeckung	Kunststoff	Abdeckung
Kunststoffabdichtung	Kunststoff	Abdichtung
Kunststoffabfall	Kunststoff	Abfall
Kunststoffabteilung	Kunststoff	Abteilung
Kunststoffadditiv	Kunststoff	Additiv
Kunststoffanalytik	Kunststoff	Analytik
Kunststoffanlage	Kunststoff	Anlage
Kunststoffanlagenbau	Kunststoff	Anlagenbau
Kunststoffanteil	Kunststoff	Anteil
Kunststoffartikel	Kunststoff	Artikel
Kunststoffaufbereitung	Kunststoff	Aufbereitung
Kunststoffausführung	Kunststoff	Ausführung
Kunststoffbecher	Kunststoff	Becher
Kunststoffbesteck	Kunststoff	Besteck
Kunststoffbeutel	Kunststoff	Beutel
Kunststoffboden	Kunststoff	Boden
Kunststoffdecke	Kunststoff	Decke
Kunststoffeimer	Kunststoff	Eimer
Kunststoffflasche	Kunststoff	Flasche
Kunststofffolie	Kunststoff	Folie
Kunststoffgeschirr	Kunststoff	Geschirr
Kunststoffhaken	Kunststoff	Haken
Kunststoffmappe	Kunststoff	Mappe
Kunststoffmesser	Kunststoff	Messer
Kunststoffrohr	Kunststoff	Rohr
Kunststoffschraube	Kunststoff	Schraube
Kunststoffspritzguss	Kunststoff	Spritzguss
Kunststoffstuhl	Kunststoff	Stuhl
Kunststofftasche	Kunststoff	Tasche
Kunststoffteller	Kunststoff	Teller
Kunststofftüte	Kunststoff	Tüte
Kunststoffvase	Kunststoff	Vase
Kunststoffverpackung	Kunststoff	Verpackung
Kunststoffüberzug	Kunststoff	Überzug
Kunststück	Kunst	Stück
Kunstwort	Kunst	Wort
Kupferacetat	Kupfer	Acetat
Kupferbergbau	Kupfer	Bergbau
Kupferbergwerk	Kupfer	Bergwerk
Kupfercarbonat	Kupfer	Carbonat
Kupferdraht	Kupfer	Draht
Kupfererz	Kupfer	Erz
Kupferglanz	Kupfer	Glanz
Kupfergruppe	Kupfer	Gruppe
Kupferhandel	Kupfer	Handel
Kupferherstellung	Kupfer	Herstellung
Kupferhydroxid	Kupfer	Hydroxid
Kupferkessel	Kupfer	Kessel
Kupferlegierung	Kupfer	Legierung
Kupfermine	Kupfer	Mine
Kupfermineral	Kupfer	Mineral
Kupfermünze	Kupfer	Münze
Kupfernickel	Kupfer	Nickel
Kupferoxid	Kupfer	Oxid
Kupferphosphid	Kupfer	Phosphid
Kupferprojektil	Kupfer	Projektil
Kupferschiefer	Kupfer	Schiefer
Kupferschmiedin	Kupferschmied	in
Kupferschraube	Kupfer	Schraube
Kupferstich	Kupfer	Stich
Kupfersulfat	Kupfer	Sulfat
Kupferverhüttung	Kupfer	Verhüttung
Kupfervitriol	Kupfer	Vitriol
Kupferzeit	Kupfer	Zeit
Kuppelei	kuppeln	ei
Kuppenheimer	Kuppenheim	er
Kuppenheimerin	Kuppenheimer	in
Kupplerei	Kuppler	ei
Kupplungsbelag	Kupplung	Belag
Kurantmünze	Kurant	Münze
Kurbad	Kur	Bad
Kurbrandenburg	Kur	Brandenburg
Kurdin	Kurde	in
Kurfürst	Kur	Fürst
Kurfürstendamm	Kurfürst	en	Damm
Kurköln	Kur	Köln
Kurmainz	Kur	Mainz
Kurpfalz	Kur	Pfalz
Kurpfuscher	Kur	Pfuscher
Kurs-Gewinn-Verhältnis	Kurs	Gewinn	Verhältnis
Kursaal	Kur	Saal
Kursanstieg	Kurs	Anstieg
Kursbuch	Kurs	Buch
Kurschatten	Kur	Schatten
Kurseinbruch	Kurs	Einbruch
Kurserholung	Kurs	Erholung
Kursfeststellung	Kurs	Feststellung
Kurshistorie	Kurs	Historie
Kursivbuchstabe	kursiv	Buchstabe
Kursmakler	Kurs	Makler
Kursnotierung	Kurs	Notierung
Kursrally	Kurs	Rally
Kursrutsch	Kurs	Rutsch
Kursrückgang	Kurs	Rückgang
Kursschiff	Kurs	Schiff
Kursschwankung	Kurs	Schwankung
Kursspanne	Kurs	Spanne
Kurssprung	Kurs	Sprung
Kursstabilisierung	Kurs	Stabilisierung
Kurssturz	Kurs	Sturz
Kurswechsel	Kurs	Wechsel
Kurszuwachs	Kurs	Zuwachs
Kurtaxe	Kur	Taxe
Kurtenbach	Kurten	Bach
Kurtrier	Kur	Trier
Kurvendiskussion	Kurve	n	Diskussion
Kurvenmaximum	Kurve	Maximum
Kurvenminimum	Kurve	Minimum
Kurzarbeit	kurz	Arbeit
Kurzatmigkeit	kurzatmig	keit
Kurzaufenthalt	kurz	Aufenthalt
Kurzflügler	kurz	Flügel	er
Kurzhantel	kurz	Hantel
Kurzkopfgleitbeutler	kurz	Kopf	Gleitbeutler
Kurzmitteilung	kurz	Mitteilung
Kurznachricht	kurz	Nachricht
Kurzschließer	kurzschließen	er
Kurzschluss	kurz	Schluss
Kurzschrift	kurz	Schrift
Kurzschwanz-Ameisenwürger	kurz	Schwanz	Ameisenwürger
Kurzsichtigkeit	kurzsichtig	keit
Kurzstrecke	kurz	Strecke
Kurzstreckenlauf	Kurzstrecke	n	Lauf
Kurzstreckenrakete	Kurzstrecke	n	Rakete
Kurzurlaub	kurz	Urlaub
Kurzvokal	kurz	Vokal
Kurzwaffe	kurz	Waffe
Kurzwahlprogramm	kurz	Wahlprogramm
Kurzwarengeschäft	Kurzware	n	Geschäft
Kurzwarenhändler	Kurzware	n	Händler
Kurzwarenladen	Kurzware	n	Laden
Kurzwelle	kurz	Welle
Kurzwort	kurz	Wort
Kurzzeichen	kurz	Zeichen
Kurzzeitgedächtnis	kurz	Zeit	Gedächtnis
Kurzzug	kurz	Zug
Kuscheldecke	kuscheln	Decke
Kuscheljustiz	kuscheln	Justiz
Kuschelkurs	kuscheln	Kurs
Kuschelnote	kuscheln	Note
Kuschelsex	kuscheln	Sex
Kuscheltier	kuscheln	Tier
Kutscher	Kutsche	er
Kuwaiterin	Kuwaiter	in
Käbelchen	Kabel	chen
Käferschnecke	Käfer	Schnecke
Käfighaltung	Käfig	Haltung
Käfigläufer	Käfig	Läufer
Kälbermast	Kälber	Mast
Kälbermastskandal	Kälber	Mast	Skandal
Kälte	kalt	e
Kältemittel	Kälte	Mittel
Kälteschauer	Kälte	Schauer
Kältesonde	Kälte	Sonde
Kämmerer	Kammer	er
Kämpferin	Kämpfer	in
Kännchen	Kanne	chen
Käseaufschnitt	Käse	Aufschnitt
Käseblatt	Käse	Blatt
Käsebrot	Käse	Brot
Käsegabel	Käse	Gabel
Käsegeschmack	Käse	Geschmack
Käseglocke	Käse	Glocke
Käsehobel	Käse	Hobel
Käseigel	Käse	Igel
Käsekästchen	Käse	Kästchen
Käseladen	Käse	Laden
Käsemacher	Käse	machen
Käsemacherin	Käsemacher	in
Käsemesser	Käse	Messer
Käsemilbe	Käse	Milbe
Käseplatte	Käse	Platte
Käserei	Käse	erei
Käsereibe	Käse	Reibe
Käsescheibe	Käse	Scheibe
Käsespätzle	Käse	Spätzle
Käskopp	Käse	Kopp
Kätzchen	Katze	chen
Käufer	kaufen	er
Käuferin	Käufer	in
Käufermarkt	Käufer	n	Markt
Köcherfliege	Köcher	Fliege
Köhlerglaube	Köhler	Glaube
Kölner	Köln	er
Kölnischwasser	kölnisch	Wasser
Kölschkranz	Kölsch	Kranz
Kölschrock	kölsch	Rock
Königgrätz	König	*gordьcь
Königinmord	Königin	Mord
Königinpastete	Königin	Pastete
Königreich	König	Reich
Königs Wusterhausener	Königs Wusterhausen	er
Königs Wusterhausenerin	Königs Wusterhausener	in
Königsbauer	König	s	Bauer
Königsberg	König	Berg
Königsberger	Königsberg	er
Königsbergerin	Königsberger	in
Königsbrücker	Königsbrück	er
Königsdorfer	Königsdorf	er
Königsfamilie	König	s	Familie
Königsflügel	König	s	Flügel
Königsgeier	König	s	Geier
Königsgelb	König	s	Gelb
Königsgemahlin	König	s	Gemahlin
Königskerze	König	s	Kerze
Königskobra	König	Kobra
Königskrone	König	s	Krone
Königslachs	König	s	Lachs
Königsmord	König	s	Mord
Königspfalz	König	s	Pfalz
Königssohn	König	s	Sohn
Königsteiner	Königstein	er
Königsteinerin	Königsteiner	in
Königstiger	König	Tiger
Königstochter	König	s	Tochter
Königswahl	König	s	Wahl
Königswartha	König	Warte
Königswasserlösung	Königswasser	Lösung
Königswinter	König	s
Königtum	König	tum
Köpfchen	Kopf	chen
Körbchen	Korb	chen
Körbchengröße	Körbchen	Größe
Körndlbrot	Körndl	Brot
Körnigkeit	körnig	keit
Körperbau	Körper	Bau
Körperfett	Körper	Fett
Körperflüssigkeit	Körper	Flüssigkeit
Körperfunktion	Körper	Funktion
Körpergeruch	Körper	Geruch
Körpergewicht	Körper	Gewicht
Körpergröße	Körper	Größe
Körperhaltung	Körper	Haltung
Körperhälfte	Körper	Hälfte
Körperlichkeit	körperlich	keit
Körpermaß	Körper	Maß
Körpersprache	Körper	Sprache
Körperteil	Körper	Teil
Körpertemperatur	Körper	Temperatur
Körperverfassung	Körper	Verfassung
Körperverletzung	Körper	Verletzung
Körperzelle	Körper	Zelle
Körperöffnung	Körper	Öffnung
Körperübung	Körper	Übung
Küchenbrett	Küche	Brett
Küchenchef	Küche	n	Chef
Küchengerät	Küche	Gerät
Küchenkasten	Küche	Kasten
Küchenlatein	Küche	n	Latein
Küchenlöffel	Küche	n	Löffel
Küchenmaschine	Küche	Maschine
Küchenmesser	Küchen	Messer
Küchenmöbel	Küchen	Möbel
Küchenreibe	Küche	Reibe
Küchenrolle	Küche	Rolle
Küchenschabe	Küche	Schabe
Küchenschrank	Küche	Schrank
Küchenzeile	Küche	Zeile
Küchlein	Kuchen	lein
Kügelchen	Kugel	chen
Kügelein	Kugel	lein
Küglein	Kugel	lein
Kühlbox	kühlen	Box
Kühle	kühl	e
Kühler	kühlen	er
Kühlerfigur	Kühler	Figur
Kühlflüssigkeit	kühl	Flüssigkeit
Kühlgut	kühl	Gut
Kühlhaus	kühlen	Haus
Kühlmittel	kühl	Mittel
Kühlregal	kühl	Regal
Kühlschmiermittel	kühl	Schmiermittel
Kühlschmierstoff	kühlen	Schmierstoff
Kühlschrank	kühl	Schrank
Kühltruhe	kühlen	Truhe
Kühlturm	kühl	Turm
Kühlwasser	kühlen	Wasser
Kühnheit	kühn	heit
Kükenvermuser	Küken	Vermuser
Kümmelblättchen	Kümmel	Blättchen
Kümmeltürke	Kümmel	Türke
Kündiger	kündigen	er
Kündigungsfrist	Kündigung	s	Frist
Kündigungsschutz	Kündigung	s	Schutz
Kündigungswelle	Beschäftigung	s	Wachstum
Künstler	Kunst	ler
Künstlerfarbe	Künstler	Farbe
Künstlerin	Künstler	in
Künstlername	Künstler	Name
Künstlichkeit	künstlich	keit
Kürbiskern	Kürbis	Kern
Kürbiskernöl	Kürbis	Kernöl
Kürbissuppe	Kürbis	Suppe
Kürschner	Kürschen	er
Kürschnerin	Kürschner	in
Kürze	kurz	e
Kürzung	kürzen	ung
Küsschen	Kuss	chen
Küsserei	Kuss	erei
Küstenbereich	Küste	n	Bereich
Küstengewässer	Küste	n	Gewässer
Küstenlinie	Küste	n	Linie
Küstennebel	Küste	Nebel
Küstenregion	Küste	n	Region
Küstenwache	Küste	n	Wache
L-förmig	L	förmig
Labkraut	Lab	Kraut
Labmagen	Lab	Magen
Laborarzt	Labor	Arzt
Labordiagnostik	Labor	Diagnostik
Laborergebnis	Labor	Ergebnis
Laborgerät	Labor	Gerät
Laborinstrument	Labor	Instrument
Laborkittel	Labor	Kittel
Labormaßstab	Labor	Maßstab
Labradorente	Labrador	Ente
Labsal	laben	sal
Lachanfall	lachen	Anfall
Lachbarkeit	lachbar	keit
Lacher	lachen	er
Lachgas	lachen	Gas
Lachkrampf	lachen	Krampf
Lachlosigkeit	lachlos	igkeit
Lachmöwe	lachen	Möwe
Lachnummer	lachen	Nummer
Lachsforelle	Lachs	Forelle
Lachshai	Lachs	Hai
Lachstreppe	Lachs	Treppe
Lackaffe	Lack	Affe
Lackierung	lackieren	ung
Lackleder	Lack	Leder
Lackmustest	Lackmus	Test
Lackporling	Lack	Porling
Lackschicht	Lack	Schicht
Lackstock	Lack	Stock
Ladegerät	laden	Gerät
Ladenbesitzer	Laden	Besitzer
Ladendieb	Laden	Dieb
Ladendiebstahl	Laden	Diebstahl
Ladenkasse	Laden	Kasse
Ladentür	Laden	Tür
Ladevorgang	laden	Vorgang
Ladezeit	laden	Zeit
Ladungsausgleich	Ladung	Ausgleich
Ladungsdichte	Ladung	Dichte
Ladungsverteilung	Ladung	Verteilung
Ladyschaft	Lady	schaft
Lagebeschreibung	Lage	Beschreibung
Lageenergie	Lage	Energie
Lagenschwimmen	Lagen	Schwimmen
Lageplan	Lage	Plan
Lagerbarkeit	lagerbar	keit
Lagerfeuer	Lager	Feuer
Lagergefäß	Lager	Gefäß
Lagergeld	Lager	Geld
Lagerhalde	Lager	Halde
Lagerhaus	lagern	Haus
Lagerist	Lager	ist
Lagermöglichkeit	Lager	Möglichkeit
Lagerplatz	Lager	Platz
Lagerraum	Lager	Raum
Lagerregal	Lager	Regal
Lagerstein	Lager	Stein
Lagerstätte	Lager	Stätte
Lagertank	Lager	Tank
Lagerung	lagern	ung
Lagerwerkstoff	Lager	Werkstoff
Lagewechsel	Lage	Wechsel
Lagewort	Lage	Wort
Lageänderung	Lage	Änderung
Laibchen	Laib	chen
Laienabt	Laie	n	Abt
Laisholm	Lais	Holm
Lallname	lallen	Name
Lambdapunkt	Lambda	Punkt
Lambdasonde	Lambda	Sonde
Laminatboden	Laminat	Boden
Laminatfußboden	Laminat	Fußboden
Lammbraten	Lamm	Braten
Lammfell	Lamm	Fell
Lammfellhandschuh	Lammfell	Handschuh
Lammfilet	Lamm	Filet
Lammfleisch	Lamm	Fleisch
Lampenflora	Lampe	Flora
Lampenschirm	Lampe	n	Schirm
Lampionblume	Lampion	Blume
Landarzt	Land	Arzt
Landarztgattin	Landarzt	Gattin
Landauerin	Landauer	in
Landbau	Land	Bau
Landbewohner	Land	Bewohner
Landecker	Landeck	er
Landekopf	Lande	Kopf
Landepiste	landen	e	Piste
Landeplatz	landen	Platz
Landesgleichstellungsgesetz	Land	es	Gleichstellung	s	Gesetz
Landesgrenze	Land	es	Grenze
Landeshauptfrau	Land	es	Hauptfrau
Landeshauptstadt	Land	es	Hauptstadt
Landesherr	Land	es	Herr
Landeshoheit	Land	es	Hoheit
Landesinneres	Land	es	Inneres
Landeskirche	Land	es	Kirche
Landeskriminalamt	Land	s	Kriminalamt
Landesministerium	Land	s	Ministerium
Landespolizei	Land	es	Polizei
Landesrecht	Land	es	Recht
Landessprache	Land	es	Sprache
Landesteg	Land	e	Steg
Landesvater	Land	s	Vater
Landesverrat	Land	s	Verrat
Landesverräter	Landesverrat	er
Landesverräterin	Landesverräter	in
Landesverteidigung	Land	Verteidigung
Landfriede	Land	Friede
Landfriedensbruch	Land	Frieden	s	Bruch
Landgasthof	Land	Gasthof
Landgericht	Land	Gericht
Landgewinnung	Land	Gewinnung
Landgraf	Land	Graf
Landgurke	Land	Gurke
Landgut	Land	Gut
Landhaus	Land	Haus
Landjugend	Land	Jugend
Landjäger	Land	Jäger
Landkreis	Land	Kreis
Landkreuzer	Land	Kreuzer
Landluft	Land	Luft
Landmann	Land	Mann
Landmaschine	Land	Maschine
Landmine	Land	Mine
Landpfleger	Land	Pfleger
Landrat	Land	Rat
Landratsamt	Landrat	s	Amt
Landratte	Land	Ratte
Landsberg	Land	s	Berg
Landsberger	Landsberg	er
Landsbergerin	Landsberger	in
Landschaftsgenetik	Landschaft	s	Genetik
Landschaftsschutzgebiet	Landschaft	s	Schutzgebiet
Landschaftsverband	Landschaft	s	Verband
Landschildkröte	Land	Schildkröte
Landschnecke	Land	Schnecke
Landsee	Land	See
Landshuter	Landshut	er
Landsknecht	Land	Knecht
Landsmann	Land	Mann
Landsmannschaft	Landsmann	schaft
Landstraße	Land	Straße
Landstreicher	Land	Streicher
Landstreicherei	Landstreicher	ei
Landstreicherin	Landstreicher	in
Landstreitkraft	Land	Streitkraft
Landstrich	Land	Strich
Landsturm	Land	Sturm
Landtagsgebäude	Landtag	s	Gebäude
Landungsfahrzeug	Landung	s	Fahrzeug
Landweg	Land	Weg
Landwirbeltier	Land	Wirbeltier
Landwirt	Land	Wirt
Landwirtin	Landwirt	in
Landwirtschaft	Land	Wirtschaft
Langatmigkeit	langatmig	keit
Langbeinfliege	lang	Bein	Fliege
Langenberger	Langenberg	er
Langenfelder	Langenfeld	er
Langenhagener	Langenhagen	er
Langeweile	lang	Weile
Langfinger	lang	Finger
Langflügelpapagei	lang	Flügel	Papagei
Langfühlerschrecke	lang	Fühler	Schrecke
Langhantel	lang	Hantel
Langkäfer	lang	Käfer
Langlieger	lang	liegen	er
Langmütigkeit	langmütig	keit
Langohr	lang	Ohr
Langsamkeit	langsam	keit
Langschwanz-Ameisenwürger	lang	Schwanz	Ameisenwürger
Langschwanzkatze	lang	Schwanz	Katze
Langschwanzpinguin	lang	Schwanz	Pinguin
Langschwein	lang	Schwein
Langschwert	lang	Schwert
Langstreckenläufer	Langstrecke	Läufer
Langstreckenrakete	Langstrecke	n	Rakete
Langvokal	lang	Vokal
Langwaffe	lang	Waffe
Langweiler	langweilen	er
Langzeichen	lang	Zeichen
Langzeitarbeitslosigkeit	Lang	Zeit	Arbeitslosigkeit
Langzeitgedächtnis	lang	Zeit	Gedächtnis
Langzeitstudie	Langzeit	Studie
Langzeittherapie	Lang	Zeit	Therapie
Lanthanoidenkontraktion	Lanthanoid	en	Kontraktion
Lanzberg	Lanz	Berg
Lanzenberg	Lanze	n	Berg
Lanzenbergerin	Lanzenberger	in
Lanzendorferin	Lanzendorfer	in
Lanzenkirchenerin	Lanzenkirchener	in
Lanzenspitze	Lanze	Spitze
Lanzettfenster	Lanzette	Fenster
Lappenente	Lappen	Ente
Lapplandmeise	Lappland	Meise
Larvenroller	Larve	n	Roller
Larvenstadium	Larve	n	Stadium
Laserdiode	Laser	Diode
Laserkühlung	Laser	Kühlung
Lasertechnik	Laser	Technik
Lastarm	Last	Arm
Laster	lasten	er
Lastpferd	Last	Pferd
Lastschrift	Last	Schrift
Lasttier	Last	Tier
Lastwagen	Last	Wagen
Lateinamerika	Latein	Amerika
Lateinamerikaner	Lateinamerika	n	er
Lateinamerikanerin	Lateinamerikaner	in
Lateiner	Latein	er
Laternenfisch	Laterne	n	Fisch
Laternenpfahl	Laterne	n	Pfahl
Latexallergie	Latex	Allergie
Latexrock	Latex	Rock
Latinisierung	latinisieren	ung
Lattenzaun	Latte	n	Zaun
Latzhose	Latz	Hose
Latènezeit	La Tène	Zeit
Laubacher	Laubach	er
Laubacherin	Laubacher	in
Laubbaum	Laub	Baum
Laubblatt	Laub	Blatt
Laubbläser	Laub	blasen
Laubengang	Laube	n	Gang
Laubenheimerin	Laubenheimer	in
Laubenvogel	Laube	Vogel
Laubfrosch	Laub	Frosch
Laubgehölz	Laub	Gehölz
Laubholz	Laub	Holz
Laubhütte	Laub	Hütte
Laubhüttenfest	Laubhütte	Fest
Laubsturm	Laub	Sturm
Laubsänger	Laub	Sänger
Laubwald	Laub	Wald
Lauchheimer	Lauchheim	er
Lauchheimerin	Lauchheimer	in
Lauchmotte	Lauch	Motte
Lauenburg	Löwe	Burg
Lauenburger	Lauenburg	er
Lauenburgerin	Lauenburger	in
Laufbahn	Lauf	Bahn
Laufband	laufen	Band
Lauffeuer	laufen	Feuer
Laufkäfer	Lauf	Käfer
Laufschuh	laufen	Schuh
Laufuhr	Lauf	Uhr
Laufvogel	laufen	Vogel
Laufwerk	laufen	Werk
Laufzettel	laufen	Zettel
Laupheimerin	Laupheimer	in
Lausbub	Laus	Bub
Lauscher	lauschen	er
Lauscherin	Lauscher	in
Lausei	Laus	Ei
Lauterbacher	Lauterbach	er
Lauterbacherin	Lauterbacher	in
Lauterburger	Lauterburg	er
Lauterburgerin	Lauterburger	in
Lautgesetz	Laut	Gesetz
Lautlehre	Laut	Lehre
Lautmalerei	Laut	Malerei
Lautreihe	Laut	Reihe
Lautschrift	Laut	Schrift
Lautsprache	Laut	Sprache
Lautsprecher	laut	Sprecher
Lautstand	Laut	Stand
Lautstärke	laut	Stärke
Lautstärkeanzeige	Lautstärke	Anzeige
Lautstärkeregler	Lautstärke	Regler
Lautung	lauten	ung
Lautverschiebung	Laut	Verschiebung
Lautwandel	Laut	Wandel
Lavafluss	Lava	Fluss
Lavanttal	Lavant	Tal
Lavendelwasser	Lavendel	Wasser
Lawinenrucksack	Lawine	n	Rucksack
Lawinenschutzmauer	Lawinenschutz	Mauer
Laysanente	Laysan	Ente
Lead-Sängerin	Lead-Sänger	in
Leadgitarre	lead	Gitarre
Leadgitarrist	lead	Gitarrist
Leadgitarristin	Leadgitarrist	in
Leadsänger	Lead	Sänger
Leadsängerin	Leadsänger	in
Lebemann	leben	Mann
Lebendgewicht	lebend	Gewicht
Lebensalter	Leben	Alter
Lebensbedingung	Leben	s	Bedingung
Lebensende	Leben	s	Ende
Lebensfaden	Leben	Faden
Lebensform	Leben	Form
Lebensgemeinschaft	Leben	s	Gemeinschaft
Lebensgrundlage	Leben	Grundlage
Lebensgröße	Leben	s	Größe
Lebensinhalt	Leben	s	Inhalt
Lebenskraft	Leben	s	Kraft
Lebenslüge	Leben	s	Lüge
Lebensmensch	Leben	s	Mensch
Lebensmittel	Leben	s	Mittel
Lebensmittelallergie	Lebensmittel	Allergie
Lebensmittelchemie	Lebensmittel	Chemie
Lebensmitteleinzelhandel	Lebensmittel	Einzelhandel
Lebensmittelergänzung	Lebensmittel	Ergänzung
Lebensmittelfarbe	Lebensmittel	Farbe
Lebensmittelfarbstoff	Lebensmittel	Farbstoff
Lebensmittelgeschäft	Lebensmittel	Geschäft
Lebensmittelgroßhandel	Lebensmittel	Großhandel
Lebensmittelhandlung	Lebensmittel	Handlung
Lebensmittelhändler	Lebensmittel	Händler
Lebensmittelindustrie	Lebensmittel	Industrie
Lebensmittelladen	Lebensmittel	Laden
Lebensmittelsicherheit	Lebensmittel	Sicherheit
Lebensmittelskandal	Lebensmittel	Skandal
Lebensmitteltechnik	Lebensmittel	Technik
Lebensmittelvergiftung	Lebensmittel	Vergiftung
Lebensmittelzusatzstoff	Lebensmittel	Zusatzstoff
Lebensqualität	Leben	s	Qualität
Lebensstil	Leben	Stil
Lebenstraum	Leben	s	Traum
Lebensumstand	Leben	s	Umstand
Lebenswandel	Leben	s	Wandel
Lebenswasser	Leben	s	Wasser
Lebensweg	Leben	s	Weg
Lebensweise	Leben	s	Weise
Lebenswelt	Leben	Welt
Lebenswerk	Leben	s	Werk
Lebenszeichen	Leben	s	Zeichen
Leberdegeneration	Leber	Degeneration
Leberegel	Leber	Egel
Leberfilia	Leber	Filia
Leberfleck	Leber	Fleck
Leberkrankheit	Leber	Krankheit
Leberkäse	Leber	Käse
Leberkässemmel	Leberkäs	Semmel
Lebermoos	Leber	Moos
Leberschaden	Leber	Schaden
Leberschädigung	Leber	Schädigung
Lebertran	Leber	Tran
Lebervergrößerung	Leber	Vergrößerung
Leberzirrhose	Leber	Zirrhose
Lebkuchenfrau	Lebkuchen	Frau
Lebkuchenhaus	Lebkuchen	Haus
Lebkuchenherz	Lebkuchen	Herz
Lebkuchenmann	Lebkuchen	Mann
Lebtag	leben	Tag
Leckerbissen	lecker	Bissen
Leckrate	Leck	Rate
Leckstelle	Leck	Stelle
Ledergürtel	Leder	Gürtel
Lederhandschuh	Leder	Handschuh
Lederhose	Leder	Hose
Lederkoffer	Leder	Koffer
Lederlaufkäfer	Leder	Laufkäfer
Ledermantel	Leder	Mantel
Lederschlaufe	Leder	Schlaufe
Lederstiefel	Leder	Stiefel
Leere	leer	e
Leergewicht	leer	Gewicht
Leergut	leer	Gut
Leergutautomat	Leergut	Automat
Leerstelle	leer	Stelle
Leertaste	leer	Taste
Leerverkauf	leer	Verkauf
Leerwort	leer	Wort
Leerzeichen	leer	Zeichen
Leerzeile	leer	Zeile
Legalisierung	legalisieren	ung
Legebatterie	legen	Batterie
Legendenbildung	Legende	n	Bildung
Legierungsbestandteil	Legierung	Bestandteil
Legierungselement	Legierung	Element
Legierungsmetall	Legierung	Metall
Legierungszusatz	Legierung	Zusatz
Legionär	Legion	är
Lehengericht	Lehen	Gericht
Lehenherr	Lehen	Herr
Lehenseid	Lehen	s	Eid
Lehensgericht	Lehen	s	Gericht
Lehensherr	Lehen	s	Herr
Lehmziegel	Lehm	Ziegel
Lehnbedeutung	lehnen	Bedeutung
Lehnseid	Lehen	s	Eid
Lehnsgericht	Lehen	s	Gericht
Lehnsherr	Lehen	s	Herr
Lehnsmann	Lehen	s	Mann
Lehnstuhl	lehnen	Stuhl
Lehnswesen	Lehen	s	Wesen
Lehnwort	lehnen	Wort
Lehnübersetzung	lehnen	Übersetzung
Lehramt	lehren	Amt
Lehramtsreferendarin	Lehramtsreferendar	in
Lehrbuch	lehren	Buch
Lehrer	lehren	er
Lehrerin	Lehrer	in
Lehrerpult	Lehrer	Pult
Lehrgang	lehren	Gang
Lehrgegenstand	lehren	Gegenstand
Lehrkraft	lehren	Kraft
Lehrkörper	lehren	Körper
Lehrling	lehren	ling
Lehrmaterial	Lehre	Material
Lehrplan	lehren	Plan
Lehrsatz	lehren	Satz
Lehrstelle	lehren	Stelle
Lehrstück	lehren	Stück
Lehrwerk	lehren	Werk
Lehrzeit	Lehre	Zeit
Leibarzt	Leib	Arzt
Leibeigenschaft	leibeigen	schaft
Leibesfrucht	Leib	es	Frucht
Leibesfülle	Leib	es	Fülle
Leibesvisitation	Leib	es	Visitation
Leibgericht	Leib	Gericht
Leibhaftigkeit	leibhaftig	keit
Leibrock	Leib	Rock
Leibschmerz	Leib	Schmerz
Leibwächter	Leib	Wächter
Leichenbeschau	Leiche	n	Beschau
Leichenficker	Leiche	n	Ficker
Leichenfledderer	Leiche	n	fleddern	er
Leichenhalle	Leiche	n	Halle
Leichenhaus	Leiche	n	Haus
Leichenschau	Leiche	n	Schau
Leichenschänder	Leiche	Schänder
Leichenschändung	Leiche	n	Schändung
Leichenstein	Leiche	n	Stein
Leichentuberkel	Leiche	Tuberkel
Leichentuch	Leiche	n	Tuch
Leichenverbrennung	Leiche	Verbrennung
Leichenöffnung	Leiche	n	Öffnung
Leichlingerin	Leichlinger	in
Leichtathletik	leicht	Athletik
Leichtbau	leicht	Bau
Leichtfuß	leicht	Fuß
Leichtheit	leicht	heit
Leichtigkeit	leicht	igkeit
Leichtlegierung	leicht	Legierung
Leichtmetall	leicht	Metall
Leichtmetallfelge	Leichtmetall	Felge
Leidener	Leiden	er
Leidenschaft	Leiden	schaft
Leider	leiden	er
Leidwesen	Leid	Wesen
Leierfisch	Leier	Fisch
Leierkasten	Leier	Kasten
Leierschwanz	Leier	Schwanz
Leiharbeit	leihen	Arbeit
Leiharbeiter	leihen	Arbeiter
Leiharbeiterin	Leiharbeiter	in
Leihfrist	leihen	Frist
Leihgabe	leihen	Gabe
Leihgebühr	leihen	Gebühr
Leihhaus	leihen	Haus
Leihkapital	leihen	Kapital
Leihmutter	leihen	Mutter
Leimkraut	Leim	Kraut
Leimschleuderspinne	Leim	schleudern	Spinne
Leimzeichen	Leiche	Zeichen
Leinenhemd	Leinen	Hemd
Leinenhose	Leinen	Hose
Leinenlaken	Leinen	Laken
Leiningerin	Leininger	in
Leinsamen	Lein	Samen
Leinsamenöl	Leinsamen	Öl
Leintuch	Lein	Tuch
Leistenbruch	Leiste	n	Bruch
Leistung	leisten	ung
Leistungsanreiz	Leistung	s	Anreiz
Leistungsbeurteilung	Leistung	s	Beurteilung
Leistungsbonus	Leistung	s	Bonus
Leistungsfaktor	Leistung	s	Faktor
Leistungsfähigkeit	leistungsfähig	keit
Leistungsgewährung	Leistung	s	Gewährung
Leistungsnachweis	Leistung	s	Nachweis
Leistungsort	Leistung	s	Ort
Leistungsschutzrecht	Leistung	Schutz	Recht
Leistungssport	Leistung	s	Sport
Leistungssportler	Leistung	Sportler
Leistungssteigerung	Leistung	Steigerung
Leistungstransistor	Leistung	Transistor
Leistungsunterbrechung	Leistung	s	Unterbrechung
Leistungsverzug	Leistung	s	Verzug
Leitartikel	leiten	Artikel
Leitbündel	leiten	Bündel
Leiter	leiten	er
Leiterbahn	Leiter	Bahn
Leiterin	Leiter	in
Leiterplatte	Leiter	Platte
Leiterplattenbeschichtung	Leiterplatte	Beschichtung
Leiterrahmen	Leiter	Rahmen
Leiterwagen	Leiter	Wagen
Leitfaden	leiten	Faden
Leitfähigkeit	leitfähig	keit
Leitkegel	leiten	Kegel
Leitkultur	leiten	Kultur
Leitpfosten	leiten	Pfosten
Leitstern	leiten	Stern
Leitung	leiten	ung
Leitwährung	leiten	Währung
Leitzahl	leiten	Zahl
Leitzins	leiten	Zins
Lektin	lēctus	in
Lemmagruppe	Lemma	Gruppe
Lemmaliste	Lemma	Liste
Lendenschurz	Lende	n	Schurz
Lendenwirbelkörper	Lende	n	Wirbelkörper
Lenierung	lenire	ung
Leninismus	Lenin	ismus
Leninist	Lenin	ist
Lenisierung	lenisieren	ung
Lenker	lenken	er
Lenkflugkörper	lenken	Flugkörper
Lenkrad	lenken	Rad
Lenkstange	lenken	Stange
Lenkung	lenken	ung
Lenkungsausschuss	Lenkung	s	Ausschuss
Lenkwaffe	lenken	Waffe
Lenkwaffenkreuzer	Lenkwaffe	Kreuzer
Lenkwaffenzerstörer	Lenkwaffe	n	Zerstörer
Leopardenhai	Leopard	Hai
Leopardin	Leopard	in
Lepidopterologin	Lepidopterologe	in
Leprakolonie	Lepra	Kolonie
Lerchensporn	Lerche	n	Sporn
Lernatmosphäre	lernen	Atmosphäre
Lerner	lernen	er
Lernerlebnis	lernen	Erlebnis
Lernkarte	lernen	Karte
Lernkartei	lernen	Kartei
Lernpfad	lernen	Pfad
Lernroutine	lernen	Routine
Lernschwierigkeit	lernen	Schwierigkeit
Lerntherapie	lernen	Therapie
Lernumgebung	lernen	Umgebung
Lernwerkzeug	lernen	Werkzeug
Lernzeit	lernen	Zeit
Lesart	lesen	Art
Lesbarkeit	lesbar	keit
Lese-Rechtschreib-Schwäche	lesen	rechtschreiben	Schwäche
Lesebeispiel	lesen	Beispiel
Lesebuch	Lesen	Buch
Lesefähigkeit	lesen	Fähigkeit
Lesekopf	lesen	Kopf
Leser	lesen	er
Leseratte	lesen	Ratte
Leserbrief	Leser	Brief
Leserbriefspalte	Leserbrief	Spalte
Leserin	Leser	in
Leserschaft	Leser	schaft
Lesestoff	lesen	Stoff
Leseverständnis	lesen	Verständnis
Lesewut	lesen	Wut
Lesezeichen	lesen	Zeichen
Lesezeit	lesen	Zeit
Letalität	letal	ität
Lettisch	Lette	isch
Lettland	Lette	Land
Leuchterscheinung	Leuchte	Erscheinung
Leuchtfarbe	leuchten	Farbe
Leuchtgas	leuchten	Gas
Leuchtkäfer	leuchten	Käfer
Leuchtmittel	leuchten	Mittel
Leuchtmunition	leuchten	Munition
Leuchtprobe	Leuchte	Probe
Leuchtpunktvisier	leuchten	Punkt	Visier
Leuchtröhre	Leuchte	Röhre
Leuchtspurmunition	Leuchtspur	Munition
Leuchtstoff	leuchten	Stoff
Leuchtstofflampe	Leuchtstoff	Lampe
Leuchtturm	leuchten	Turm
Leuchtturmprojekt	Leuchtturm	Projekt
Leuchtturmwärter	Leuchtturm	Wärter
Leugner	leugnen	er
Leugnung	leugnen	ung
Leukozytose	leuko	Zytose
Leukämie	λευκός	ämie
Leumundszeugnis	Leumund	Zeugnis
Leutseligkeit	leutselig	keit
Lewisformel	Lewis	Formel
Libanesin	Libanese	in
Libellenflügel	Libelle	Flügel
Liberalisierung	liberalisieren	ung
Libyerin	Libyer	in
Lichtausbeute	Licht	Ausbeute
Lichtbelästigung	Licht	Belästigung
Lichtbild	Licht	Bild
Lichtbogen	Licht	Bogen
Lichtbogenofen	Lichtbogen	Ofen
Lichtbrechung	Licht	Brechung
Lichtecho	Licht	Echo
Lichteinwirkung	Licht	Einwirkung
Lichtenbergerin	Lichtenberger	in
Lichtenfelser	Lichtenfels	er
Lichtenfelserin	Lichtenfelser	in
Lichtensteinerin	Lichtensteiner	in
Lichtfarbe	Licht	Farbe
Lichtgeschwindigkeit	Licht	Geschwindigkeit
Lichtjahr	Licht	Jahr
Lichtmangel	Licht	Mangel
Lichtmenge	Licht	Menge
Lichtmessgerät	Licht	Messgerät
Lichtmikroskop	Licht	Mikroskop
Lichtmikroskopie	Licht	Mikroskopie
Lichtquelle	Licht	Quelle
Lichtschacht	Licht	Schacht
Lichtschalter	Licht	Schalter
Lichtschein	Licht	Schein
Lichtschwert	Licht	Schwert
Lichtsinnesorgan	Licht	Sinnesorgan
Lichtspektrum	Licht	Spektrum
Lichtstabilität	Licht	Stabilität
Lichtstrahl	Licht	Strahl
Lichttechnik	Licht	Technik
Lichtverschmutzung	Licht	Verschmutzung
Lichtverunreinigung	Licht	Verunreinigung
Lichtwelle	Licht	Welle
Lichtwellenleiter	Licht	Wellenleiter
Lidschatten	Lid	Schatten
Liebchen	Liebe	chen
Liebenauer	Liebenau	er
Liebenauerin	Liebenauer	in
Liebenfelser	Liebenfels	er
Liebenfelserin	Liebenfelser	in
Liebensteinerin	Liebensteiner	in
Liebenswürdigkeit	liebenswürdig	keit
Liebenwalder	Liebenwalde	er
Liebenwalderin	Liebenwalder	in
Liebesbeziehung	Liebe	Beziehung
Liebesfilm	lieben	Film
Liebesgedicht	Liebe	Gedicht
Liebesgras	Liebe	s	Gras
Liebeskugel	Liebe	s	Kugel
Liebesnest	Liebe	s	Nest
Liebesroman	Liebe	s	Roman
Liebestod	Liebe	s	Tod
Liebesverhältnis	Liebe	s	Verhältnis
Liebeswerben	Liebe	werben
Liebfrauenmilch	lieb	Frau	Milch
Liebhaberei	Liebhaber	ei
Liebhaberin	Liebhaber	in
Liebling	Liebe	ling
Lieblingsessen	Liebling	s	Essen
Lieblingsfach	Liebling	s	Fach
Lieblingsfächer	Liebling	s	Fächer
Lieblingsgericht	Liebling	s	Gericht
Lieblingsgetränk	Liebling	s	Getränk
Lieblingsjünger	Liebling	Jünger
Lieblingsspeise	Liebling	s	Speise
Lieblingssport	Liebling	s	Sport
Lieblingstrinken	Liebling	s	Trinken
Liebreiz	Liebe	Reiz
Liechtensteinerin	Liechtensteiner	in
Liedchen	Lied	chen
Liedermacher	Lied	er	Macher
Liedermacherin	Liedermacher	in
Liedgut	Lied	Gut
Liedtext	Lied	Text
Lieferant	liefern	ant
Lieferengpass	liefern	Engpass
Lieferkettenstörung	Lieferkette	n	Störung
Lieferschein	liefern	Schein
Lieferservice	liefern	Service
Lieferung	liefern	ung
Lieferzeit	liefern	Zeit
Liegenschaft	liegen	schaft
Liegeplatz	liegen	Platz
Liegerad	liegen	Rad
Liegestütz	liegen	Stütz
Lieselotte	Liese	Lotte
Ligandenaustausch	Liganden	Austausch
Ligandenfeldtheorie	Ligand	Feld	Theorie
Lilienfelder	Lilienfeld	er
Lilienfelderin	Lilienfelder	in
Limbacher	Limbach	er
Limbacherin	Limbacher	in
Limberger	Limberg	er
Limburger	Limburg	er
Limburgerin	Limburger	in
Lindauer	Lindau	er
Lindauerin	Lindauer	in
Lindenbaum	Linde	n	Baum
Lindenblüte	Linde	n	Blüte
Lindenblütentee	Lindenblüte	n	Tee
Linderung	lindern	ung
Linguistik	Linguist	ik
Linienspektrum	Linie	Spektrum
Linksgang	links	Gang
Linksruck	links	Ruck
Linksschwenk	links	Schwenk
Linksverkehr	links	Verkehr
Lipidmembrane	Lipid	Membrane
Lippenbekenntnis	Lippe	n	Bekenntnis
Lippenblüte	Lippe	n	Blüte
Lippenblütler	Lippenblüte	ler
Lippenlaut	Lippe	n	Laut
Lippenlesen	Lippe	n	Lesen
Lippenleser	Lippe	n	Leser
Lippenpflegestift	Lippe	Pflege	Stift
Lippenstift	Lippe	Stift
Lippfisch	Lippe	Fisch
Liquiditätsengpass	Liquidität	s	Engpass
Liquiditätsereignis	Liquidität	s	Ereignis
Liquiditätsfalle	Liquidität	Falle
Liquiditätsgrad	Liquidität	s	Grad
Liquiditätsplanung	Liquidität	s	Planung
Liquiditätssteuerung	Liquidität	s	Steuerung
Listigkeit	listig	keit
Literaturkritik	Literatur	Kritik
Literaturkritiker	Literatur	Kritiker
Literatursprache	Literatur	Sprache
Literaturwissenschaft	Literatur	Wissenschaft
Literaturwissenschaftler	Literatur	Wissenschaftler
Litfaßsäule	Litfaß	Säule
Lithiumacetat	Lithium	Acetat
Lithiumaluminiumhydrid	Lithium	Aluminium	Hydrid
Lithiumamalgam	Lithium	Amalgam
Lithiumamid	Lithium	Amid
Lithiumazetat	Lithium	Azetat
Lithiumbatterie	Lithium	Batterie
Lithiumborhydrid	Lithium	Borhydrid
Lithiumbromid	Lithium	Bromid
Lithiumcarbonat	Lithium	Carbonat
Lithiumchlorid	Lithium	Chlorid
Lithiumcitrat	Lithium	Citrat
Lithiumdeuterid	Lithium	Deuterid
Lithiumfluorid	Lithium	Fluorid
Lithiumhexafluorophosphat	Lithium	Hexafluorophosphat
Lithiumhydroxid	Lithium	Hydroxid
Lithiumiodid	Lithium	Iodid
Lithiumion	Lithium	Ion
Lithiumisotop	Lithium	Isotop
Lithiumlegierung	Lithium	Legierung
Lithiummetaborat	Lithium	Metaborat
Lithiummetall	Lithium	Metall
Lithiummine	Lithium	Mine
Lithiummineral	Lithium	Mineral
Lithiumniobat	Lithium	Niobat
Lithiumnitrat	Lithium	Nitrat
Lithiumnitrid	Lithium	Nitrid
Lithiumorganyle	Lithium	Organyle
Lithiumoxid	Lithium	Oxid
Lithiumperchlorat	Lithium	Perchlorat
Lithiumperoxid	Lithium	Peroxid
Lithiumphosphat	Lithium	Phosphat
Lithiumsalz	Lithium	Salz
Lithiumstearat	Lithium	Stearat
Lithiumsulfat	Lithium	Sulfat
Lithiumtetraborat	Lithium	Tetraborat
Lithiumtherapie	Lithium	Therapie
Lithiumtitanat	Lithium	Titanat
Lithiumtritid	Lithium	Tritid
Lithiumverbindung	Lithium	Verbindung
Lobbyismus	Lobby	ismus
Lobensteinerin	Lobensteiner	in
Lobgesang	Lob	Gesang
Lobhudelei	lobhudeln	erei
Lobopfer	loben	Opfer
Lobpreis	Lob	preis
Lobrede	Lob	Rede
Lochfraßkorrosion	Loch	fressen	Korrosion
Lochkarte	Loch	Karte
Lochschwager	Loch	Schwager
Lochstreifen	Loch	Streifen
Lochsäge	Loch	Säge
Lochzange	Loch	Zange
Lockerung	lockern	ung
Lockmittel	locken	Mittel
Lockruf	locken	Ruf
Lockvogel	locken	Vogel
Lockwort	locken	Wort
Logbuch	Log	Buch
Lohn-Preis-Spirale	Lohn	Preis	Spirale
Lohngefälle	Lohn	Gefälle
Lohnnebenkosten	Lohn	Nebenkosten
Lohnniveau	Lohn	Niveau
Lohnsklaverei	Lohn	Sklaverei
Lohnstruktur	Lohn	Struktur
Loiblpass	Loibl	Pass
Lokalelement	Lokal	Element
Lokalitätseigenschaft	Lokalität	s	Eigenschaft
Lokalrunde	Lokal	Runde
Lokalteil	lokal	Teil
Lokführer	Lok	Führer
Lokführerin	Lok	Führerin
Lokomotivführer	Lokomotive	Führer
Lokomotivführerin	Lokomotive	Führerin
Londoner	London	er
Lorbeerblatt	Lorbeer	Blatt
Lorbeerkranz	Lorbeer	Kranz
Lordschaft	Lord	schaft
Loseblattsammlung	lose	Blatt	Sammlung
Losung	Los	ung
Lottospiel	Lotto	Spiel
Lotung	loten	ung
Luchsspinne	Luchs	Spinne
Lucianerin	Lucianer	in
Luckenbacher	Luckenbach	er
Luckenbacherin	Luckenbacher	in
Luckenwalder	Luckenwalde	er
Luckenwalderin	Luckenwalder	in
Ludolfzahl	Ludolf	Zahl
Ludwigshafenerin	Ludwigshafener	in
Luftabschluss	Luft	Abschluss
Luftabwehr	Luft	Abwehr
Luftabwehrrakete	Luftabwehr	Rakete
Luftangriff	Luft	Angriff
Luftaufklärung	Luft	Aufklärung
Luftballon	Luft	Ballon
Luftblase	Luft	Blase
Luftbläschen	Luftblase	chen
Luftbrücke	Luft	Brücke
Luftdruck	Luft	Druck
Luftentfeuchter	Luft	Entfeuchter
Luftfahrt	Luft	Fahrt
Luftfahrtindustrie	Luftfahrt	Industrie
Luftfahrzeug	Luft	Fahrzeug
Luftfahrzeugkennzeichen	Luftfahrzeug	Kennzeichen
Luftfeuchte	Luft	Feuchte
Luftfeuchtigkeit	Luft	Feuchtigkeit
Luftgewehr	Luft	Gewehr
Luftgitarre	Luft	Gitarre
Luftgüte	Luft	Güte
Lufthauch	Luft	Hauch
Luftherrschaft	Luft	Herrschaft
Lufthülle	Luft	Hülle
Luftkissenbahn	Luft	Kissen	Bahn
Luftkissenboot	Luft	Kissen	Boot
Luftkissenfahrzeug	Luftkissen	Fahrzeug
Luftkrieg	Luft	Krieg
Luftkuss	Luft	Kuss
Luftlinie	Luft	Linie
Luftmatratze	Luft	Matratze
Luftmine	Luft	Mine
Luftperspektive	Luft	Perspektive
Luftpolsterfolie	Luftpolster	Folie
Luftpumpe	Luft	Pumpe
Luftqualität	Luft	Qualität
Luftsauerstoff	Luft	Sauerstoff
Luftschacht	Luft	Schacht
Luftschiff	Luft	Schiff
Luftschlag	Luft	Schlag
Luftschlange	Luft	Schlange
Luftschloss	Luft	Schloss
Luftschutzbunker	Luftschutz	Bunker
Luftschutzsirene	Luftschutz	Sirene
Luftspiegelung	Luft	Spiegelung
Luftstickstoff	Luft	Stickstoff
Luftströmung	Luft	Strömung
Lufttemperatur	Luft	Temperatur
Luftverflüssigung	Luft	Verflüssigung
Luftverschmutzung	Luft	Verschmutzung
Luftverunreinigung	Luft	Verunreinigung
Luftwaffe	Luft	Waffe
Luftweg	Luft	Weg
Luftwurzel	Luft	Wurzel
Luftzerlegung	Luft	Zerlegung
Luftzerlegungsanlage	Luft	Zerlegung	Anlage
Luftzufuhr	Luft	Zufuhr
Luftzug	Luft	Zug
Luftzutritt	Luft	Zutritt
Luftüberlegenheit	Luft	Überlegenheit
Lukasevangelium	Lukas	Evangelium
Lumpenhändler	Lumpen	Händler
Lumpensammler	Lumpen	Sammler
Lungenbläschen	Lungen	Bläschen
Lungenerkrankung	Lungen	Erkrankung
Lungenfisch	Lunge	n	Fisch
Lungengewebe	Lungen	Gewebe
Lungenkrebs	Lunge	Krebs
Lungenproblem	Lunge	Problem
Lungenschaden	Lungen	Schaden
Lungenödem	Lungen	Ödem
Luntenspieß	Lunte	Spieß
Lusitanerin	Lusitaner	in
Lustbarkeit	lustbar	keit
Lustgarten	Lust	Garten
Lustgreis	Lust	Greis
Lustigkeit	lustig	keit
Lustknabe	Lust	Knabe
Lustmörder	Lust	Mörder
Lustspiel	Lust	Spiel
Lustwäldchen	Lust	Wald	chen
Lutheraner	Luther	aner
Lutherbibel	Luther	Bibel
Luthertum	Luther	tum
Lutscher	lutschen	er
Lutschtablette	lutschen	Tablette
Luxusgut	Luxus	Gut
Luxusproblem	Luxus	Problem
Luxusrestaurant	Luxus	Restaurant
Luxussteuer	Luxus	Steuer
Luxuswagen	Luxus	Wagen
Luxuswohnung	Luxus	Wohnung
Luxuszug	Luxus	Zug
Luzernerin	Luzerner	in
Lymphbahn	Lymphe	Bahn
Lymphgefäß	Lymphe	Gefäß
Lymphsystem	Lymphe	System
Lyoner	Lyon	er
Lysergsäure-diethylamid	Lysergsäure	Diethylamid
Lächerlichkeit	lächerlich	keit
Lähmung	lähmen	ung
Lähmungserscheinung	Lähmung	Erscheinung
Lämmchen	Lamm	chen
Lämmerschwanz	Lamm	er	Schwanz
Ländchen	Land	chen
Länderei	Land	erei
Länge	lang	e
Längengrad	Länge	n	Grad
Längenkreis	Länge	n	Kreis
Längenmaß	Länge	n	Maß
Längsreihe	längs	Reihe
Längsschnitt	längs	Schnitt
Längsschnittuntersuchung	Längsschnitt	Untersuchung
Längsstreifen	längs	Streifen
Läppchen	Lappen	chen
Läpplein	Lappen	lein
Lärchenart	Lärche	n	Art
Lässigkeit	lässig	keit
Lätzchen	Latz	chen
Läufer	laufen	er
Läuferbauer	Läufer	Bauer
Läuferin	Läufer	in
Läuseei	Läuse	Ei
Löcherleitung	Loch	Leitung
Löffelbiskuit	Löffel	Biskuit
Löffelchen	Löffel	chen
Löffelente	Löffel	Ente
Löffellein	Löffel	lein
Löffelliste	Löffel	Liste
Löffelstellung	Löffel	Stellung
Löffler	Löffel	er
Löschblatt	löschen	Blatt
Löschmittel	löschen	Mittel
Löschpapier	löschen	Papier
Löschung	löschen	ung
Lösegeld	lösen	Geld
Lösegeldzahlung	Lösegeld	Zahlung
Löskaffee	lösen	Kaffee
Löslichkeit	löslich	keit
Löslichkeitsprodukt	Löslichkeit	Produkt
Lösungsentwurf	Lösung	Entwurf
Lösungsmenge	Lösung	s	menge
Lösungsmittel	Lösung	s	Mittel
Lötung	löten	ung
Lötzinn	löten	Zinn
Löwchen	Löwe	chen
Löwenanteil	Löwe	n	Anteil
Löwenberger	Löwenberg	er
Löwenbergerin	Löwenberger	in
Löwenburger	Löwenburg	er
Löwenburgerin	Löwenburger	in
Löwenfuß	Löwe	n	Fuß
Löwenkopf	Löwe	n	Kopf
Löwenkopfkaninchen	Löwe	Kopf	Kaninchen
Löwenmaul	Löwe	n	Maul
Löwenmähne	Löwe	n	Mähne
Löwensteiner	Löwenstein	er
Löwensteinerin	Löwensteiner	in
Löwenzahn	Löwe	n	Zahn
Löwenäffchen	Löwe	n	Äffchen
Löwin	Löwe	in
Lübeckerin	Lübecker	in
Lückenfüller	Lücke	n	Füller
Lückentext	Lücke	Text
Lüdenscheider	Lüdenscheid	er
Lüdenscheiderin	Lüdenscheider	in
Lüfter	Luft	er
Lüfterflügel	Lüfter	Flügel
Lügendetektor	Lüge	n	Detektor
Lügengeschichte	Lüge	Geschichte
Lügenjournalismus	Lüge	n	Journalismus
Lümmeltüte	Lümmel	Tüte
Lüneburger	Lüneburg	er
Lüneburgerin	Lüneburger	in
Lüsterklemme	Lüster	Klemme
Maastrichterin	Maastrichter	in
Machart	machen	Art
Machbarkeit	machbar	keit
Machtanspruch	Macht	Anspruch
Machtausübung	Macht	Ausübung
Machtdemonstration	Macht	Demonstration
Machtergreifung	Macht	Ergreifung
Machtfaktor	Macht	Faktor
Machtgier	Macht	Gier
Machthaberin	Machthaber	in
Machtkampf	Macht	Kampf
Machtkämpfchen	Machtkampf	chen
Machtlosigkeit	machtlos	ig	keit
Machtposition	Macht	Position
Machtstruktur	Macht	Struktur
Machtwechsel	Macht	Wechsel
Machtwort	Macht	Wort
Machtübergabe	Macht	Übergabe
Machtübernahme	Macht	Übernahme
Madagaskarfrosch	Madagaskar	Frosch
Madenhacker	Made	Hacker
Madenschraube	Made	n	Schraube
Madenwurm	Made	n	Wurm
Madrider	Madrid	er
Magdeburger	Magdeburg	er
Magdeburgerin	Magdeburger	in
Magenbeschwerde	Magen	Beschwerde
Magenentzündung	Magen	Entzündung
Magengrube	Magen	Grube
Mageninhalt	Magen	Inhalt
Magenkrankheit	Magen	Krankheit
Magenkrebs	Magen	Krebs
Magensaft	Magen	Saft
Magenschleimhaut	Magen	Schleimhaut
Magenschleimhautentzündung	Magenschleimhaut	Entzündung
Magenschmerz	Magen	Schmerz
Magensenkung	Magen	Senkung
Magensonde	Magen	Sonde
Magensäure	Magen	Säure
Magenweh	Magen	Weh
Magermilch	mager	Milch
Magersucht	mager	Sucht
Magierin	Magier	in
Magnesiumbromid	Magnesium	Bromid
Magnesiumcarbid	Magnesium	Carbid
Magnesiumcarbonat	Magnesium	Carbonat
Magnesiumchlorid	Magnesium	Chlorid
Magnesiumcitrat	Magnesium	Citrat
Magnesiumdiborid	Magnesium	Borid
Magnesiumfluorid	Magnesium	Fluorid
Magnesiumhydrid	Magnesium	Hydrid
Magnesiumhydroxid	Magnesium	Hydroxid
Magnesiumiodid	Magnesium	Iodid
Magnesiumion	Magnesium	Ion
Magnesiumlegierung	Magnesium	Legierung
Magnesiummangel	Magnesium	Mangel
Magnesiummineral	Magnesium	Mineral
Magnesiumnitrat	Magnesium	Nitrat
Magnesiumnitrid	Magnesium	Nitrid
Magnesiumoxid	Magnesium	Oxid
Magnesiumperchlorat	Magnesium	Perchlorat
Magnesiumperoxid	Magnesium	Peroxid
Magnesiumphosphat	Magnesium	Phosphat
Magnesiumpulver	Magnesium	Pulver
Magnesiumsalz	Magnesium	Salz
Magnesiumstearat	Magnesium	Stearat
Magnesiumsulfat	Magnesium	Sulfat
Magnesiumsulfid	Magnesium	Sulfid
Magnesiumverbindung	Magnesium	Verbindung
Magnetband	Magnet	Band
Magnetbandgerät	Magnetband	Gerät
Magneteisenerz	Magnet	Eisenerz
Magneteisenstein	Magnet	Eisenstein
Magnetfeld	Magnet	Feld
Magnetisierung	magnetisieren	ung
Magnetkies	Magnet	Kies
Magnetochemie	magneto	Chemie
Magnetresonanzspektroskopie	Magnet	Resonanz	Spektroskopie
Magnetschwebebahn	Magnet	Schwebebahn
Magnetstein	Magnet	Stein
Mahlstrom	mahlen	Strom
Mahnmal	mahnen	Mal
Mahnung	mahnen	ung
Mahnwache	mahnen	Wache
Mahnwesen	mahnen	Wesen
Maibaum	Mai	Baum
Maibock	Mai	Bock
Maiglöckchen	Mai	Glöckchen
Maikäfer	Mai	Käfer
Mailänderin	Mailänder	in
Mainzer	Mainz	er
Mainzerin	Mainzer	in
Mairenke	Mai	Renke
Maisbeulenbrand	Mais	Beulenbrand
Maisfladen	Mais	Fladen
Maisgrieß	Mais	Grieß
Maiskolben	Mais	Kolben
Maisstärke	Mais	Stärke
Majestätsbeleidigung	Majestät	s	Beleidigung
Majorin	Major	in
Majuskelschrift	Majuskel	Schrift
Maklergebühr	Makler	Gebühr
Makrelenhai	Makrele	n	Hai
Makromolekül	makro	Molekül
Makronährstoff	makro	Nährstoff
Malakofftorte	Malakoff	Torte
Malariaerreger	Malaria	Erreger
Malariasymptom	Malaria	Symptom
Malaysierin	Malaysier	in
Malbuch	malen	Buch
Malerband	Maler	Band
Malerbetrieb	Maler	Betrieb
Malerei	Maler	ei
Malerfarbe	Maler	Farbe
Malerin	Maler	in
Malerkitt	Maler	Kitt
Malervlies	Maler	Vlies
Malocher	malochen	er
Malojapass	Maloja	Pass
Malonsäureanhydrid	Malonsäure	Anhydrid
Malteserkreuz	Malteser	Kreuz
Malteserorden	Malteser	Orden
Malware	malen	Ware
Mami	Mama	i
Mandelauge	Mandel	Auge
Mandelbaum	Mandel	Baum
Mandelblüte	Mandel	Blüte
Mandelbrot	Mandel	Brot
Mandelkern	Mandel	Kern
Mandelöl	Mandel	Öl
Manderscheider	Manderscheid	er
Manderscheiderin	Manderscheider	in
Mangancarbonat	Mangan	Carbonat
Mangandioxid	Mangan	Dioxid
Manganerz	Mangan	Erz
Mangangruppe	Mangan	Gruppe
Manganhalogenid	Mangan	Halogenid
Manganhydroxide	Mangan	Hydroxide
Manganknolle	Mangan	Knolle
Mangannitrid	Mangan	Nitrid
Manganoxid	Mangan	Oxid
Mangansilikat	Mangan	Silikat
Mangansulfat	Mangan	Sulfat
Mangantetrafluorid	Mangan	Tetrafluorid
Mangelerkrankung	Mangel	Erkrankung
Mangelernährung	Mangel	Ernährung
Mangelerscheinung	Mangel	Erscheinung
Mangelhaftigkeit	mangelhaft	ig	keit
Mangelsymptom	Mangel	Symptom
Mangelversorgung	Mangel	Versorgung
Mangelware	mangeln	Ware
Mangelwirtschaft	Mangel	Wirtschaft
Mangelzustand	Mangel	Zustand
Mangrovenwald	Mangrove	Wald
Mangroveralle	Mangrove	Ralle
Manieriertheit	manieriert	heit
Manila	may	nila
Manipulierbarkeit	manipulierbar	keit
Manipulierer	manipulieren	er
Manipuliererin	Manipulierer	in
Manipulierung	manipulieren	ung
Manndecker	Mann	decken	er
Manndeckung	Mann	Deckung
Mannheimerin	Mannheimer	in
Mannigfaltigkeit	mannigfaltig	keit
Mannsbild	Mann	s	Bild
Mannschaft	Mann	schaft
Mannschaftsaufstellung	Mannschaft	s	Aufstellung
Mannschaftsraum	Mannschaft	Raum
Mannschaftsriege	Mannschaft	Riege
Mannsperson	Mann	s	Person
Mannsschild	Mann	s	Schild
Mannsvolk	Mann	s	Volk
Mannweib	Mann	Weib
Manschettenknopf	Manschette	n	Knopf
Mantarochen	manta	Rochen
Mantelaffe	Mantel	Affe
Mantelgesellschaft	Mantel	Gesellschaft
Manövrierfähigkeit	manövrierfähig	keit
Mao-Anzug	Mao	Anzug
Mao-Bibel	Mao	Bibel
Margellchen	Margell	chen
Margenoptimierung	Marge	n	Optimierung
Mariaweilerin	Mariaweiler	in
Marienbaderin	Marienbader	in
Marienbergerin	Marienberger	in
Mariendistel	Marien	Distel
Marienfelderin	Marienfelder	in
Marienkäfer	Marien- ), a bound morpheme derived from Maria	Käfer
Marienthal	Marien	Thal
Marienthalerin	Marienthaler	in
Marineinfanterist	Marineinfanterie	ist
Marionettentheater	Marionette	n	Theater
Marjellchen	Marjell	chen
Markenzeichen	Marke	n	Zeichen
Marketingsektor	Marketing	Sektor
Marketingstrategie	Marketing	Strategie
Markgräfin	Markgraf	in
Markierung	markieren	ung
Markierungsschnittstelle	Markierung	s	Schnittstelle
Markneukirchenerin	Markneukirchener	in
Markstein	Mark	Stein
Marktabkühlung	Markt	Abkühlung
Marktabschwung	Markt	Abschwung
Marktanalyse	Markt	Analyse
Marktaufschwung	Markt	Aufschwung
Marktausweitung	Markt	Ausweitung
Marktbarriere	Markt	Barriere
Marktbelebung	Markt	Belebung
Marktberuhigung	Markt	Beruhigung
Marktbewegung	Markt	Bewegung
Marktbürger	Markt	Bürger
Marktbürgerschaft	Marktbürger	schaft
Marktdynamik	Markt	Dynamik
Markteintritt	Markt	Eintritt
Markteintrittsbarriere	Markteintritt	s	Barriere
Marktentwicklung	Markt	Entwicklung
Markterschließung	Markt	Erschließung
Markteröffnung	Markt	Eröffnung
Marktfragmentierung	Markt	Fragmentierung
Marktgemeinde	Markt	Gemeinde
Marktgleichgewicht	Markt	Gleichgewicht
Marktkonsolidierung	Markt	Konsolidierung
Marktkorrektur	Markt	Korrektur
Marktliquidität	Markt	Liquidität
Marktmacht	Markt	Macht
Marktmanipulation	Markt	Manipulation
Marktnische	Markt	Nische
Marktplatz	Markt	Platz
Marktpositionierung	Markt	Positionierung
Marktpotenzial	Markt	Potenzial
Marktreife	Markt	Reife
Markträumung	Markt	Räumung
Markträumungspreis	Markt	Räumung	s	Preis
Marktschrumpfung	Markt	Schrumpfung
Marktsegmentierung	Markt	Segmentierung
Marktstagnation	Markt	Stagnation
Marktstillstand	Markt	Stillstand
Marktstruktur	Markt	Struktur
Marktsättigung	Markt	Sättigung
Markttiefe	Markt	Tiefe
Marktungleichgewicht	Markt	Ungleichgewicht
Marktvolumen	Markt	Volumen
Marktwachstum	Markt	Wachstum
Marktwert	Markt	Wert
Marktwirtschaft	Markt	Wirtschaft
Marktzugang	Markt	Zugang
Marktöffnung	Markt	Öffnung
Marktüberhitzung	Markt	Überhitzung
Markusevangelium	Markus	Evangelium
Marmeladebrot	Marmelade	Brot
Marmeladenbrot	Marmelade	n	Brot
Marmorkatze	Marmor	Katze
Marmorkrebs	Marmor	Krebs
Marmorkuchen	Marmor	Kuchen
Marmorsäule	Marmor	Säule
Marmortisch	Marmor	Tisch
Marokkanerin	Marokkaner	in
Marschallstab	Marschall	Stab
Marschflugkörper	Marsch	Flugkörper
Marschgeräusch	Marsch	Geräusch
Marschmusik	Marsch	Musik
Marschtriebwerk	Marsch	Triebwerk
Martinstag	Martin	Tag
Marxismus	Marx	ismus
Marxismus-Leninismus	Marxismus	Leninismus
Marzipankartoffel	Marzipan	Kartoffel
Maschendraht	Masche	n	Draht
Maschendrahtzaun	Masche	Drahtzaun
Maschinenbau	Maschine	n	Bau
Maschinenfabrik	Maschine	n	Fabrik
Maschinengewehr	Maschine	n	Gewehr
Maschinenmusik	Maschine	n	Musik
Maschinenraum	Maschine	n	Raum
Maschinensprache	Maschine	n	Sprache
Maserung	masern	ung
Maskenball	Maske	n	Ball
Maskenpflicht	Maske	n	Pflicht
Maskenverweigerer	Maske	n	Verweigerer
Maskenzwang	Maske	Zwang
Massage	massieren	age
Massenandrang	Masse	n	Andrang
Massenanteil	Masse	Anteil
Massenbewegung	Masse	n	Bewegung
Massendifferenz	Masse	Differenz
Massenerhaltung	Massen	Erhaltung
Massenerhaltungssatz	Massenerhaltung	s	Satz
Massenfertigung	Masse	n	Fertigung
Massenhysterie	Masse	n	Hysterie
Massenkarambolage	Masse	Karambolage
Massenkommunikation	Masse	Kommunikation
Massenmarketing	Masse	n	Marketing
Massenmedium	Masse	Medium
Massenproduktion	Masse	n	Produktion
Massenprozent	Masse	Prozent
Massenspektrometer	Masse	Spektrometer
Massenspektrometrie	Masse	n	Spektrometrie
Massentierhaltung	Masse	n	Tierhaltung
Massentourismus	Masse	n	Tourismus
Massentötung	Massen	Tötung
Massenunterschied	Masse	Unterschied
Massenvergiftung	Mass	Vergiftung
Massenzahl	Masse	Zahl
Massenzwangsimpfung	Masse	n	Zwangsimpfung
Masseprozent	Masse	Prozent
Masseur	massieren	eur
Masseurin	Masseur	in
Masskrug	Mass	Krug
Masskrugstemmen	Masskrug	stemmen
Mastbaum	Mast	Baum
Mastdarm	Mast	Darm
Mastdarmakrobat	Mastdarm	Akrobat
Mastsau	Mast	Sau
Mastvieh	mästen	Vieh
Mastzelle	Mast	Zelle
Materialermüdung	Material	Ermüdung
Materialklasse	Material	Klasse
Matratzenfüllung	Matratze	n	Füllung
Matronenblume	Matrone	n	Blume
Matschbirne	Matsch	Birne
Mattglas	matt	Glas
Matthäusevangelium	Matthäus	Evangelium
Mattigkeit	matt	igkeit
Maturand	Matura	and
Maturandin	Maturand	in
Maturant	Matura	ant
Mauerbau	Mauer	Bau
Mauerblümchen	Mauer	Blümchen
Mauerfall	Mauer	Fall
Mauerlattich	Mauer	Lattich
Mauernische	Mauer	Nische
Mauerpfeffer	Mauer	Pfeffer
Mauerspecht	Mauer	Specht
Mauervorsprung	Mauer	Vorsprung
Maulaffe	Maul	Affe
Maulbeerbaum	Maulbeere	Baum
Maulesel	Muli	Esel
Maulficker	Maul	Ficker
Maulgeige	Maul	Geige
Maulheld	Maul	Held
Maulhure	Maul	Hure
Maulkorb	Maul	Korb
Maulkorberlass	Maulkorb	Erlass
Maulschelle	Maul	Schelle
Maultasche	Maul	Tasche
Maultier	Maul	Tier
Maultrommel	Maul	Trommel
Maulwurfhügel	Maulwurf	Hügel
Maulwurfsgrille	Maulwurf	s	Grille
Maurerdekolleté	Maurer	Dekolleté
Maurermarmelade	Maurer	Marmelade
Mauritius-Ralle	Mauritius	Ralle
Mauscheldeutsch	mauscheln	Deutsch
Mauseloch	Maus	Loch
Mausklick	Maus	Klick
Mausmaki	Maus	Maki
Mausohr	Maus	Ohr
Mausschwanzfledermaus	Maus	Schwanz	Fledermaus
Max Mustermann	Max	Mustermann
Maximalpigmentierter	maximal	pigmentiert
Maximierung	maximieren	ung
Mayakultur	Maya	Kultur
Mayener	Mayen	er
Mayenerin	Mayener	in
Mayschosser	Mayschoss	er
Mayschosserin	Mayschosser	in
Mayschoßer	Mayschoß	er
Mayschoßerin	Mayschoßer	in
Maßband	Maß	Band
Maßgabe	Maß	Gabe
Maßgeblichkeit	maßgeblich	keit
Maßhalter	maßhalten	er
Maßkolben	Maß	Kolben
Maßkrug	Maß	Krug
Maßkrugstemmen	Maßkrug	stemmen
Maßnahmen ergreifen	Maßnahme	n	ergreifen
Maßregel	Maß	Regel
Maßschuh	Maß	Schuh
Maßstab	Maß	Stab
Maßsystem	Maß	System
Mechanikerin	Mechaniker	in
Mecklenburgerin	Mecklenburger	in
Medaillenspiegel	Medaille	Spiegel
Medebacher	Medebach	er
Medebacherin	Medebacher	in
Mediatorin	Mediator	in
Medienbericht	Medium	Bericht
Medienexperte	Medien	Experte
Medienexpertin	Medien	Expertin
Mediengeschichte	Medien	Geschichte
Medienhistoriker	Medien	Historiker
Medienhistorikerin	Medienhistoriker	in
Medienhype	Medien	Hype
Medienkampagne	Medien	Kampagne
Medienrecht	Medium	Recht
Medienrechtler	Medienrecht	ler
Medienwirtschaft	Medien	Wirtschaft
Medienwissenschaft	Medien	Wissenschaft
Medienwissenschaftler	Medien	Wissenschaftler
Medienwissenschaftlerin	Medien	Wissenschaftlerin
Medikalisierung	medikalisieren	ung
Mediziner	Medizin	er
Medizinerin	Mediziner	in
Medizinprodukt	Medizin	Produkt
Medizinstudent	Medizin	Student
Medizinstudium	Medizin	Studium
Medizintechnik	Medizin	Technik
Mediävist	medium aevum	ist
Mediävistik	Mediävist	ik
Meerbusen	Meer	Busen
Meereis	Meer	Eis
Meerenge	Meer	Enge
Meeresbiologie	Meer	es	Biologie
Meeresgrund	Meer	es	Grund
Meereshorizont	Meer	es	Horizont
Meereskunde	Meer	es	kunde
Meeresluft	Meer	es	Luft
Meeresoberfläche	Meer	es	Oberfläche
Meeresorganismus	Meer	Organismus
Meeresschicht	Meer	Schicht
Meeresschwamm	Meer	Schwamm
Meeressediment	Meer	Sediment
Meeresstrand	Meer	es	Strand
Meeresstraße	Meer	es	Straße
Meeresvogel	Meer	Vogel
Meerforelle	Meer	Forelle
Meerjungfrau	Meer	Jungfrau
Meerkatze	Meer	Katze
Meerrettichsoße	Meerrettich	Soße
Meerrettichsuppe	Meerrettich	Suppe
Meerschaum	Meer	Schaum
Meerschwein	Meer	Schwein
Meerwasser	Meer	Wasser
Meerwasserentsalzungsanlage	Meerwasser	Entsalzungsanlage
Meerwassersaline	Meerwasser	Saline
Mehlsack	Mehl	Sack
Mehlschwalbe	Mehl	Schwalbe
Mehlschwitze	Mehl	Schwitze
Mehlspeise	Mehl	Speise
Mehlsuppe	Mehl	Suppe
Mehraufwand	mehr	Aufwand
Mehrdeutigkeit	mehrdeutig	keit
Mehrdimensionalität	mehrdimensional	ität
Mehreinnahme	mehr	Einnahme
Mehrfachbindung	mehrfach	Bindung
Mehrfachraketenwerfer	mehrfach	Raketenwerfer
Mehrfachrasierer	mehrfach	Rasierer
Mehrfachsteckdose	mehrfach	Steckdose
Mehrfachvererbung	mehrfach	Vererbung
Mehrfamilienhaus	mehrere	Familie	n	Haus
Mehrfamilienwohnhaus	mehrere	Familie	n	Wohnhaus
Mehrheit	mehr	heit
Mehrheitsaktionär	Mehrheit	s	Aktionär
Mehrheitsanteilseigner	Mehrheit	s	Anteil	s	Eigner
Mehrheitsbeteiligung	Mehrheit	s	Beteiligung
Mehrheitseigner	Mehrheit	s	Eigner
Mehrheitsgesellschafter	Mehrheit	s	Gesellschafter
Mehrheitsverhältnis	Mehrheit	s	Verhältnis
Mehrheitsverhältnisse	Mehrheit	s	Verhältnisse
Mehrkanalvertrieb	mehr	Kanal	Vertrieb
Mehrkomponentenreaktion	mehrkomponentig	Reaktion
Mehrkosten	mehr	Kosten
Mehrling	mehr	ling
Mehrnährstoffdünger	Mehrnährstoff	Dünger
Mehrpreis	mehr	Preis
Mehrspartenhauseinführung	mehr	Sparte	n	Hauseinführung
Mehrsprachigkeit	mehrsprachig	keit
Mehrstimmigkeit	mehrstimmig	keit
Mehrwegbehälter	mehrweg	Behälter
Mehrwegbesteck	mehrweg	Besteck
Mehrwegfeuerzeug	mehrweg	Feuerzeug
Mehrwegflasche	mehrweg	Flasche
Mehrweggeschirr	mehrweg	Geschirr
Mehrwegglas	mehrweg	Glas
Mehrwegpackung	mehrweg	Packung
Mehrwegpfand	mehrweg	Pfand
Mehrwegrasierer	mehrweg	Rasierer
Mehrwegspritze	mehrweg	Spritze
Mehrwegverpackung	mehrweg	Verpackung
Mehrwert	Mehr	wert
Mehrwertsteuer	Mehrwert	Steuer
Mehrzeller	mehr	Zelle	r
Mehrzentrenbindung	mehr	Zentrum	Bindung
Mehrzweckkampfflugzeug	mehrzweck	Kampfflugzeug
Meilensäule	Meile	n	Säule
Meiningerin	Meininger	in
Meinungsbild	Meinung	Bild
Meinungsfreiheit	Meinung	Freiheit
Meinungskorridor	Meinung	s	Korridor
Meinungsumfrage	Meinung	s	Umfrage
Meinungsverschiedenheit	Meinung	Verschiedenheit
Meinungsverstärker	Meinung	s	Verstärker
Meisenknödel	Meise	n	Knödel
Meistausführungsbereich	Meistausführung	s	Bereich
Meistausführungsprinzip	meist	Ausführung	s	Prinzip
Meisterdieb	Meister	Dieb
Meisterschaft	Meister	schaft
Meisterstück	Meister	Stück
Meisterwerk	Meister	Werk
Mekongdelta	Mekong	Delta
Melanom	μέλας	om
Meldebehörde	melden	Behörde
Meldestelle	melden	Stelle
Meldorfer	Meldorf	er
Meldung	melden	ung
Melkkuh	melken	Kuh
Melkmaschine	melken	Maschine
Mellitsäureanhydrid	Mellitsäure	Anhydrid
Memlebener	Memleben	er
Memlebenerin	Memlebener	in
Mendelssohn	מאַן	־ל
Menge	manch	e
Mengenangabe	Menge	n	Angabe
Mengenelement	Mengen	Element
Mengenrabatt	Menge	Rabatt
Mengentext	Menge	Text
Mengentheorie	Menge	Theorie
Mengenverhältnis	Menge	Verhältnis
Mengsel	mengen	sel
Menschelei	menscheln	ei
Menschenfeind	Mensch	en	Feind
Menschenfleisch	Mensch	en	Fleisch
Menschenfreund	Menschen	Freund
Menschenfuß	Mensch	Fuß
Menschengedenken	Mensch	en	Gedenken
Menschengeschlecht	Mensch	en	Geschlecht
Menschenhand	Mensch	Hand
Menschenhandel	Mensch	en	Handel
Menschenhass	Mensch	en	Hass
Menschenhändler	Mensch	en	Händler
Menschenkind	Mensch	en	Kind
Menschenmasse	Mensch	en	Masse
Menschenopfer	Menschen	Opfer
Menschenrasse	Mensch	Rasse
Menschenrecht	Mensch	Recht
Menschenscheu	Mensch	Scheu
Menschentraube	Mensch	en	Traube
Menschenverstand	Mensch	en	Verstand
Menschenversuch	Mensch	en	Versuch
Menschenweisheit	Mensch	en	Weisheit
Menschenwelt	Mensch	en	Welt
Menschheit	Mensch	heit
Menschheitsgeschichte	Menschheit	Geschichte
Menschlichkeit	menschlich	keit
Mentalitätsgeschichte	Mentalität	s	Geschichte
Menükarte	Menü	Karte
Meraner	Meran	er
Mercedes-Benz	Mercedes	Benz
Mergentheimerin	Mergentheimer	in
Merkmal	merken	Mal
Merkspruch	merken	Spruch
Merkwürdigkeit	merkwürdig	keit
Merseburger	Merseburg	er
Merseburgerin	Merseburger	in
Mesmerismus	Mesmer	ismus
Mesoarchaikum	meso	Archaikum
Mesolekt	meso	lekt
Mesologie	meso	logie
Mesoproterozoikum	meso	Proterozoikum
Messbarkeit	messbar	keit
Messbuch	Messe	Buch
Messdiener	dienen	er
Messdienerin	Messdiener	in
Messer- und Scherenschleifer	Messer- und Scheren schleifen	er
Messerfisch	Messer	Fisch
Messerfuß	Messer	Fuß
Messergebnis	messen	Ergebnis
Messerstecherei	Messer	Stecherei
Messerwerfer	Messer	Werfer
Messinstrument	messen	Instrument
Messkolben	messen	Kolben
Messlatte	messen	Latte
Messopfer	Messe	Opfer
Messschieber	messen	Schieber
Messstation	messen	Station
Messuhr	messen	Uhr
Messwandler	messen	Wandler
Messwerk	messen	Werk
Metaanalyse	meta	Analyse
Metaborat	meta	Borat
Metadaten	meta	Daten
Metakieselsäure	meta	Kieselsäure
Metallanteil	Metall	Anteil
Metallatom	Metall	Atom
Metallbesteck	Metall	Besteck
Metalldeckel	Metall	Deckel
Metaller	Metall	er
Metallfass	Metall	Fass
Metallgabel	Metall	Gabel
Metallgeschmack	Metall	Geschmack
Metallgewinnung	Metall	Gewinnung
Metallgitter	Metall	Gitter
Metallhandel	Metall	Handel
Metallion	Metall	Ion
Metalllegierung	Metall	Legierung
Metalllöffel	Metall	Löffel
Metallmesser	Metall	Messer
Metalloberfläche	Metall	Oberfläche
Metalloxid	Metall	Oxid
Metallplatte	Metall	Platte
Metallpulver	Metall	Pulver
Metallquirl	Metall	Quirl
Metallrohr	Metall	Rohr
Metallröhrchen	Metallrohr	chen
Metallsalz	Metall	Salz
Metallschicht	Metall	Schicht
Metallschraube	Metall	Schraube
Metallschraubverschluss	Metall	Schraubverschluss
Metallschutzgasschweißen	Metall	Schutz	Gas	Schweißen
Metallselenid	Metall	Selenid
Metallspiegel	Metall	Spiegel
Metallstaub	Metall	Staub
Metallstück	Metall	Stück
Metallteil	Metall	Teil
Metallurgietechnik	Metallurgie	Technik
Metallverarbeitung	Metall	Verarbeitung
Metallverbindung	Metall	Verbindung
Metallwert	Metall	Wert
Metaphosphat	meta	Phosphat
Metaphysiker	Metaphysik	er
Metastudie	meta	Studie
Metavanadat	meta	Vanadat
Meteoreisen	Meteor	Eisen
Meteorologin	Meteorologe	in
Methan	meth	an
Methanhydrat	Methan	Hydrat
Methansäure	Methan	Säure
Methylalkohol	Methyl	Alkohol
Methylbromid	Methyl	Bromid
Methylenchlorid	Methylen	Chlorid
Methylgruppe	Methyl	Gruppe
Methyllithium	Methyl	Lithium
Mettbrötchen	Mett	Brötchen
Mettingerin	Mettinger	in
Mettwurst	Mett	Wurst
Metzgerin	Metzger	in
Metzingerin	Metzinger	in
Meuchelmord	meucheln	Mord
Meuchelmörder	meucheln	Mörder
Meuchelpuffer	meucheln	puffen	er
Mexikanerin	Mexikaner	in
Mexikoente	Mexiko	Ente
Meßkircher	Meßkirch	er
Meßkircherin	Meßkircher	in
Michiganwaldsänger	Michigan	Waldsänger
Miesepeter	mies	Peter
Mietlager	mieten	Lager
Mietling	mieten	ling
Mietnomade	Miete	Nomade
Mietrendite	Miete	Rendite
Mietshaus	Miete	s	Haus
Mietskaserne	Miete	s	Kaserne
Mietsoldat	Miete	Soldat
Mietvertrag	Miete	Vertrag
Mietwagen	mieten	Wagen
Mietwohnung	Miete	Wohnung
Miezekatze	Mieze	Katze
Migrationsforschung	Migration	s	Forschung
Migrationshintergrund	Migration	s	Hintergrund
Migrationspolitik	Migration	s	Politik
Mikrobiologie	mikro	Biologie
Mikroelektronik	mikro	Elektronik
Mikrofaser	mikro	Faser
Mikrogramm	mikro	Gramm
Mikrokristall	mikro	Kristall
Mikrometer	mikro	Meter
Mikromol	mikro	Mol
Mikronation	mikro	Nation
Mikronesier	Mikronesien	er
Mikronesierin	Mikronesier	in
Mikronährstoff	mikro	Nährstoff
Mikroplastik	mikro	Plastik
Mikroskop	mikro	skop
Mikroskopie	mikro	skopie
Mikrostruktur	mikro	Struktur
Mikrowellenfilter	Mikrowelle	Filter
Mikrowellenherd	Mikrowelle	Herd
Milbenkäse	Milbe	n	Käse
Milchbar	Milch	Bar
Milchbart	Milch	Bart
Milchbauer	Milch	Bauer
Milchbruder	Milch	Bruder
Milchbäuerin	Milchbauer	in
Milchdieb	Milch	Dieb
Milchdrüse	Milch	Drüse
Milchfieber	Milch	Fieber
Milchfisch	Milch	Fisch
Milchflasche	Milch	Flasche
Milchglas	Milch	Glas
Milchkaffee	Milch	Kaffee
Milchkuh	Milch	Kuh
Milchmann	Milch	Mann
Milchmixgetränk	Milch	mixen	Getränk
Milchprodukt	Milch	Produkt
Milchpulver	Milch	Pulver
Milchquarz	Milch	Quarz
Milchreis	Milch	Reis
Milchschlange	Milch	Schlange
Milchschokolade	Milch	Schokolade
Milchschwester	Milch	Schwester
Milchstorch	Milch	Storch
Milchstraße	Milch	Straße
Milchsäure	Milch	Säure
Milchsäurebakterie	Milchsäure	Bakterie
Milchsäurebakterium	Milchsäure	Bakterium
Milchtüte	Milch	Tüte
Milchvieh	Milch	Vieh
Milchzucker	Milch	Zucker
Milde	mild	e
Milderung	mildern	ung
Mildtätigkeit	mildtätig	keit
Militärakademie	Militär	Akademie
Militärangehöriger	Militär	Angehöriger
Militärbündnis	Militär	Bündnis
Militärdoktrin	Militär	Doktrin
Militärexperte	Militär	Experte
Militärfahrzeug	Militär	Fahrzeug
Militärflugplatz	Militär	Flugplatz
Militärgeschichte	Militär	Geschichte
Militäroperation	Militär	Operation
Militärputsch	Militär	Putsch
Militärzensur	Militär	Zensur
Milliampere	milli	Ampere
Milliardenmarkt	Milliarden	Markt
Milligramm	milli	Gramm
Millikelvin	milli	Kelvin
Millimeterpapier	Millimeter	Papier
Millionenstadt	Million	en	Stadt
Millionärin	Millionär	in
Milzbrand	Milz	Brand
Minarettverbot	Minarett	Verbot
Mindelheimer	Mindelheim	er
Mindelheimerin	Mindelheimer	in
Minderheitsaktionär	Minderheit	s	Aktionär
Minderheitsanteilseigner	Minderheit	s	Anteil	s	Eigner
Minderheitsbeteiligung	Minderheit	s	Beteiligung
Minderheitseigner	Minderheit	s	Eigner
Minderheitsgesellschafter	Minderheit	s	Gesellschafter
Minderwertigkeitskomplex	Minderwertigkeit	s	Komplex
Minderzahl	minder	Zahl
Mindestabnahme	mindest	Abnahme
Mindestabstand	mindest	Abstand
Mindestalter	mindest	Alter
Mindestanforderung	mindest	Anforderung
Mindestanzahl	mindest	Anzahl
Mindestaufwand	mindest	Aufwand
Mindestbetrag	mindest	Betrag
Mindestgrenze	mindest	Grenze
Mindestgröße	mindest	Größe
Mindesthöhe	mindest	Höhe
Mindestkenntnis	mindest	Kenntnis
Mindestlohn	mindest	Lohn
Mindestmaß	mindest	Maß
Mindestmenge	mindest	Menge
Mindestpreis	mindest	Preis
Mindestsatz	mindest	Satz
Mindestspeicherfrist	mindest	Speicherfrist
Mindeststandard	mindest	Standard
Mindeststrafe	mindest	Strafe
Mindestvoraussetzung	mindest	Voraussetzung
Mindestwert	mindest	Wert
Mindestzahl	mindest	Zahl
Mindestzeit	mindest	Zeit
Minenministerium	Mine	Ministerium
Minenräumboot	Mine	n	räumen	Boot
Minenräumer	Mine	n	Räumer
Minenräumpanzer	Mine	n	räumen	Panzer
Minensuchhund	Mine	n	Suchhund
Minenwerfer	Mine	n	Werfer
Mineralanalyse	Mineral	Analyse
Mineralklasse	Mineral	Klasse
Mineralkonzentrat	Mineral	Konzentrat
Mineralname	Mineral	Name
Mineralogie	Mineral	logie
Mineralstoff	Mineral	Stoff
Mineralstoffwechsel	Mineral	Stoffwechsel
Mineralsystematik	Mineral	Systematik
Mineralsäure	Mineral	Säure
Mineralwasser	Mineral	Wasser
Miniatureffekt	Miniatur	Effekt
Miniaturporträt	Miniatur	Porträt
Minibildchen	mini	Bild	chen
Minikleid	mini	Kleid
Minimalpaar	minimal	Paar
Minimierung	minimieren	ung
Minipli	mini	pli
Minischwein	mini	Schwein
Ministerin	Minister	in
Ministerpräsident	Minister	Präsident
Ministerpräsidentenkandidatin	Ministerpräsidentenkandidat	in
Ministerpräsidentin	Ministerpräsident	in
Minnelied	Minne	Lied
Minuskelschrift	Minuskel	Schrift
Minuspunkt	minus	Punkt
Minuszeichen	Minus	Zeichen
Minutentakt	Minute	n	Takt
Mirakelfrucht	Mirakel	Frucht
Mischehe	mischen	Ehe
Mischkristall	misch	Kristall
Mischkunststoff	mischen	Kunststoff
Mischoxid	misch	Oxid
Mischsprache	mischen	Sprache
Mischvolk	mischen	Volk
Mischwald	mischen	Wald
Missachtung	missachten	ung
Missbildung	miss	Bildung
Missbilligung	missbilligen	ung
Missdeutung	missdeuten	ung
Missernte	miss	Ernte
Missetäter	Missetat	er
Missetäterin	Missetäter	in
Missfaltung	miss	Faltung
Missgeburt	miss	Geburt
Missgunst	miss	Gunst
Misshandlung	misshandeln	ung
Missionarsstellung	Missionar	Stellung
Missionierung	missionieren	ung
Missklang	miss	Klang
Missklassifikation	miss	Klassifikation
Misskommunikation	miss	Kommunikation
Misslichkeit	misslich	keit
Missliebigkeit	missliebig	keit
Missmut	miss	Mut
Missstand	miss	Stand
Misstrauensantrag	Misstrauen	s	Antrag
Misstrauensvotum	Misstrauen	s	Votum
Missvergnügen	miss	Vergnügen
Missverhältnis	miss	Verhältnis
Missverständnis	miss	Verständnis
Misswirtschaft	miss	Wirtschaft
Misteldrossel	Mistel	Drossel
Mistelfresser	Mistel	Fresser
Mistgabel	Mist	Gabel
Misthaufen	Mist	Haufen
Mistkerl	Mist	Kerl
Mistkäfer	Mist	Käfer
Miststück	Mist	Stück
Mistwetter	Mist	Wetter
Mitarbeiter	mit	Arbeiter
Mitarbeiterin	Mitarbeiter	in
Mitbewohner	mit	Bewohner
Mitbringsel	mitbringen	sel
Mitbruder	mit	Bruder
Mitbürgerin	Mitbürger	in
Mitesser	mitessen	er
Mitgefühl	mit	Gefühl
Mitgesellschafter	mit	Gesellschafter
Mitglied	mit	Glied
Mitgliederliste	Mitglied	er	Liste
Mitgliedorganisation	Mitglied	Organisation
Mitgliedstaat	Mitglied	Staat
Mitgründer	mit	Gründer
Mithilfe	mit	Hilfe
Mithäftling	mit	Häftling
Mitknecht	mit	Knecht
Mitläufer	mit	Läufer
Mitmensch	mit	Mensch
Mitochondrienmatrix	Mitochondrium	Matrix
Mitschrift	mit	Schrift
Mitschuld	mit	Schuld
Mitschüler	mit	Schüler
Mitspracherecht	Mitsprache	Recht
Mittagessen	Mittag	Essen
Mittagsgebet	Mittag	s	Gebet
Mittagskreis	Mittag	s	Kreis
Mittagsland	Mittag	s	Land
Mittagspause	Mittag	s	Pause
Mittagsschlaf	Mittag	s	Schlaf
Mittagsschläfchen	Mittagsschlaf	chen
Mittagszeit	Mittag	s	Zeit
Mitteilung	mitteilen	ung
Mittelaltermarkt	Mittelalter	Markt
Mittelamerika	mittel	Amerika
Mittelamerikaner	Mittelamerika	n	er
Mittelamerikanerin	Mittelamerikaner	in
Mittelasien	mittel	Asien
Mittelbauer	Mittel	Bauer
Mittelbindung	Mittel	Bindung
Mitteldeutschland	mittel	Deutschland
Mittelenglisch	mittel	Englisch
Mitteleuropa	mittel	Europa
Mittelfeld	mittel	Feld
Mittelfeldspieler	Mittelfeld	Spieler
Mittelfeldspielerin	Mittelfeldspieler	in
Mittelfinger	mittel	Finger
Mittelfranzösisch	mittel	Französisch
Mittelgebirge	mittel	Gebirge
Mittelhand	mittel	Hand
Mittelhirn	mittel	Hirn
Mittelirisch	mittel	Irisch
Mittelklasse	mittel	Klasse
Mittelkonsole	mittel	Konsole
Mittellatein	mittel	Latein
Mittellauf	mittel	Lauf
Mittellinie	mittel	Linie
Mittelmeer	mittel	Meer
Mittelmeerland	Mittelmeer	Land
Mittelmeerraum	Mittelmeer	Raum
Mittelniederdeutsch	mittel	Niederdeutsch
Mittelniederländisch	mittel	Niederländisch
Mittelnorwegisch	mittel	Norwegisch
Mittelohr	mittel	Ohr
Mittelpersisch	mittel	Persisch
Mittelpunktswinkel	Mittelpunkt	s	Winkel
Mittelrhein	mittel	Rhein
Mittelschicht	mittel	Schicht
Mittelschmerz	Mittel	Schmerz
Mittelschule	mittel	Schule
Mittelspiel	mittel	Spiel
Mittelstand	mittel	Stand
Mittelstreckenrakete	Mittelstrecken	Rakete
Mittelweg	mittel	Weg
Mittelwert	Mittel	Wert
Mitternachtsblau	Mitternacht	s	Blau
Mittler	mitteln	er
Mittsommer	mitt	Sommer
Mittwinter	mitt	Winter
Mittwoch	Mitte	Woche
Mittäter	mit	Täter
Mittäterschaft	Mittäter	schaft
Mitvergangenheit	mit	Vergangenheit
Mitwelt	mit	Welt
Mitwirkungspflicht	Mitwirkung	s	Pflicht
Mitwisser	mitwissen	er
Mitwisserin	Mitwisser	in
Mitwisserschaft	Mitwisser	schaft
Mitwissersein	Mitwisser	Sein
Mobilfunk	mobil	Funk
Mobilfunknetz	Mobilfunk	Netz
Mobilheim	mobil	Heim
Mobiliar	Mobilien	ar
Mobilisierung	mobilisieren	ung
Mobilmachung	mobilmachen	ung
Mobiltelefon	mobil	Telefon
Modallogik	modal	Logik
Modegewürz	Mode	Gewürz
Modekrankheit	Mode	Krankheit
Modellorganismus	Modell	Organismus
Modellsatz	Modell	Satz
Modepuppe	Mode	Puppe
Moderne	modern	e
Modernisierung	modernisieren	ung
Modernismus	modern	ismus
Modeschmuck	Mode	Schmuck
Modeschmuckring	Modeschmuck	Ring
Modesünde	Mode	Sünde
Mohnblume	Mohn	Blume
Mohnbrötchen	Mohn	Brötchen
Mohnkapsel	Mohn	Kapsel
Mohnkuchen	Mohn	Kuchen
Mohnnudel	Mohn	Nudel
Mohrenland	Mohr	en	Land
Mohrrübe	Mohre	Rübe
Mohshärte	Mohs	Härte
Molekularbiologie	molekular	Biologie
Molekulardynamik	molekular	Dynamik
Molekulargenetik	molekular	Genetik
Molekularsieb	molekular	Sieb
Molekularstrahlepitaxie	molekular	Strahl	Epitaxie
Molekülorbital	Molekül	Orbital
Molekülorbitaltheorie	Molekülorbital	Theorie
Molekülstruktur	Molekül	Struktur
Molkerei	Molke	erei
Molkereibetrieb	Molkerei	Betrieb
Molldreiklang	Moll	Dreiklang
Mollebaum	Molle	Baum
Molltonart	Moll	Tonart
Molltonleiter	Moll	Tonleiter
Molotowcocktail	Molotow	Cocktail
Molvolumen	Mol	Volumen
Molybdation	Molybdat	Ion
Molybdänbergbau	Molybdän	Bergbau
Molybdänblau	Molybdän	Blau
Molybdändioxid	Molybdän	Dioxid
Molybdändisulfid	Molybdän	Disulfid
Molybdänerz	Molybdän	Erz
Molybdänhexacarbonyl	Molybdän	Hexacarbonyl
Molybdänmangel	Molybdän	Mangel
Molybdäntrioxid	Molybdän	Trioxid
Monarchfalter	Monarch	Falter
Monatsbinde	Monat	Binde
Monatsblutung	Monat	s	Blutung
Monatsende	Monat	s	Ende
Monatsregel	Monat	s	Regel
Monazitsand	Monazit	Sand
Mondbeben	Mond	Beben
Mondbein	Mond	Bein
Mondfinsternis	Mond	Finsternis
Mondfisch	Mond	Fisch
Mondgesicht	Mond	Gesicht
Mondgestein	Mond	Gestein
Mondjahr	Mond	Jahr
Mondlandschaft	Mond	Landschaft
Mondlicht	Mond	Licht
Mondmonat	Mond	Monat
Mondschein	Mond	Schein
Mondseer	Mondsee	er
Mondseerin	Mondseer	in
Mondsichel	Mond	Sichel
Mondstein	Mond	Stein
Mondsucht	Mond	Sucht
Mongolei	Mongole	ei
Monoarsan	mono	Arsan
Monobraue	mono	Braue
Monoglycerid	mono	Glycerid
Mononucleotid	mono	Nucleotid
Monooxygenase	mono	Oxygenase
Monopolist	Monopol	ist
Monopolstellung	Monopol	Stellung
Monoxid	mono	Oxid
Monsunzeit	Monsun	Zeit
Monteur	montieren	eur
Monumentalbau	monumental	Bau
Moorauge	Moor	Auge
Moorbeere	Moor	Beere
Moorente	Moor	Ente
Moorhuhn	Moor	Huhn
Moorleiche	Moor	Leiche
Moorrauch	Moor	Rauch
Moorschneehuhn	Moor	Schneehuhn
Moosachat	Moos	Achat
Moosbacherin	Moosbacher	in
Moosdorferin	Moosdorfer	in
Mopsfledermaus	Mops	Fledermaus
Moralismus	Moral	ismus
Moralphilosophie	Moral	Philosophie
Mordanschlag	Mord	Anschlag
Mordbeginn	Mord	Beginn
Morddezernat	Mord	Dezernat
Mordermittlung	Mord	Ermittlung
Mordgift	Mord	Gift
Mordkommission	Mord	Kommission
Mordlust	Mord	Lust
Mordshunger	mords	Hunger
Mordsspaß	mords	Spaß
Mordwaffe	Mord	Waffe
Mordwanze	Mord	Wanze
Morgendämmerung	Morgen	Dämmerung
Morgenessen	Morgen	Essen
Morgengabe	Morgen	Gabe
Morgengebet	Morgen	Gebet
Morgengrauen	Morgen	grauen
Morgenkaffee	Morgen	Kaffee
Morgenland	Morgen	Land
Morgenlatte	Morgen	Latte
Morgenluft	Morgen	Luft
Morgennebel	Morgen	Nebel
Morgenrock	Morgen	Rock
Morgenrot	Morgen	Rot
Morgenröte	Morgen	Röte
Morgensonne	Morgen	Sonne
Morgenstern	Morgen	Stern
Morgenstimmung	Morgen	Stimmung
Mormonentum	Mormone	n	tum
Mortalität	mortal	ität
Mosambikanerin	Mosambikaner	in
Mosbacher	Mosbach	er
Mosbacherin	Mosbacher	in
Moschuskraut	Moschus	Kraut
Moselschleife	Mosel	Schleife
Moseltal	Mosel	Tal
Moskauer	Moskau	er
Moslemin	Moslem	in
Motivation	motivieren	ation
Motorblock	Motor	Block
Motorfuchsschwanz	Motor	Fuchsschwanz
Motorhaube	Motor	Haube
Motorrad	Motor	Rad
Motorradfahrer	Motorrad	Fahrer
Motorroller	Motor	Roller
Motorsport	Motor	Sport
Motorsäge	Motor	Säge
Mottenkugel	Motte	n	Kugel
Mottenschildlaus	Motte	n	Schildlaus
Mouillierung	mouillieren	ung
Mozartkugel	Mozart	Kugel
Muckibude	Mucki	Bude
Mullebaum	Mulle	Baum
Multifunktionsuhr	multi	Funktion	Uhr
Multimilliardär	multi	Milliardär
Multimillionär	multi	Millionär
Multiplikationstabelle	Multiplikation	s	Tabelle
Multiplikationstafel	Multiplikation	s	Tafel
Multipliziertafel	multiplizieren	Tafel
Mund-Nasen-Maske	Mund	Nase	n	Maske
Mund-Nasen-Schutz	Mund	Nase	n	Schutz
Mund-zu-Mund-Beatmung	Mund	zu	Mund	Beatmung
Mundgeruch	Mund	Geruch
Mundharmonika	Mund	Harmonika
Mundhöhle	Mund	Höhle
Mundpropaganda	Mund	Propaganda
Mundraub	Mund	Raub
Mundschenk	Mund	Schenk
Mundschleimhaut	Mund	Schleimhaut
Mundschutz	Mund	Schutz
Mundstück	Mund	Stück
Mundteil	Mund	Teil
Mundvorrat	Mund	Vorrat
Mundwasser	Mund	Wasser
Mundwerkzeug	Mund	Werkzeug
Mundöffnung	Mund	Öffnung
Munitionsdepot	Munition	s	Depot
Murmeltier	murmeln	Tier
Muschifurz	Muschi	Furz
Muschilecken	Muschi	lecken
Musikant	Musik	ant
Musikantenwagen	Musikanten	Wagen
Musikchen	Musik	chen
Musiker	Musik	er
Musikgeschäft	Musik	Geschäft
Musikgruppe	Musik	Gruppe
Musikinstrument	Musik	Instrument
Musikinstrumentenhersteller	Musikinstrument	en	Hersteller
Musiklehrer	Musik	Lehrer
Musikpavillon	Musik	Pavillon
Musikschule	Musik	Schule
Musikständer	Musik	Ständer
Muskatblüte	Muskat	Blüte
Muskatgeschmack	Muskat	Geschmack
Muskatnussbaum	Muskatnuss	Baum
Muskeldystrophie	Muskel	Dystrophie
Muskelkater	Muskel	Kater
Muskelkrampf	Muskel	Krampf
Muskelmasse	Muskel	Masse
Muskelschwäche	Muskel	Schwäche
Muskelspannung	Muskel	Spannung
Muskelzelle	Muskel	Zelle
Muslimin	Muslim	in
Musskind	muss	Kind
Mustererkennung	Muster	Erkennung
Mustermann	Muster	Mann
Musterung	mustern	ung
Mutlosigkeit	mutlos	igkeit
Mutmaßung	mutmaßen	ung
Mutprobe	Mut	Probe
Muttergestein	Mutter	Gestein
Muttergöttin	Mutter	Göttin
Mutterkuchen	Mutter	Kuchen
Mutterland	Mutter	Land
Mutterlauge	Mutter	Lauge
Mutterleib	Mutter	Leib
Muttermal	Mutter	Mal
Muttermilch	Mutter	Milch
Muttermund	Mutter	Mund
Mutterschaf	Mutter	Schaf
Mutterschaft	Mutter	schaft
Mutterschwester	Mutter	Schwester
Muttersprache	Mutter	Sprache
Muttersprachler	Muttersprache	ler
Muttersprachlerin	Muttersprachler	in
Muttertag	Mutter	Tag
Mutti	Mutter	i
Mutwille	Mut	Wille
Mutwilligkeit	mutwillig	keit
Myalgie	μῦς	algie
Mykologe	myko	loge
Mykologie	myko	logie
Myodystrophie	myo	Dystrophie
Myoglobinurie	Myoglobin	urie
Myopathie	myo	pathie
Mysterienspiel	Mysterien	Spiel
Mädchenfänger	Mädchen	Fänger
Mädchenname	Mädchen	Name
Mägdchen	Magd	chen
Mägdlein	Magd	lein
Mähmaschine	mähen	Maschine
Mähnenhirsch	Mähne	Hirsch
Mähnenhund	Mähne	Hund
Mähnenratte	Mähne	Ratte
Mähnenwolf	Mähne	Wolf
Mährin	Mähre	in
Männchen	Mann	chen
Männeken	Mann	ken
Männerbund	Mann	Bund
Männerchor	Männer	Chor
Männerfreundschaft	Männer	Freundschaft
Männerfuß	Männer	Fuß
Männergrippe	Männer	Grippe
Männerhasser	Männer	Hasser
Männerstimme	Männer	Stimme
Männertitte	Männer	Titte
Männin	Mann	in
Männlein	Mann	lein
Männlichkeit	männlich	keit
Mäppchen	Mappe	chen
Märchenbuch	Märchen	Buch
Märchenprinz	Märchen	Prinz
Märchenwald	Märchen	Wald
Märchenwäldchen	Märchen	n	Wäldchen
Märker	Mark	er
Märlein	Mär	lein
Märtyrertum	Märtyrer	tum
Märzdorf	März	Dorf
Märzrevolution	März	Revolution
Mätzchen	Matz	chen
Mäusebussard	Maus	Bussard
Mäusekino	Maus	Kino
Mäusenest	Mäuse	Nest
Mäuseplage	Mäuse	Plage
Mäuserich	Maus	rich
Mäßigung	mäßigen	ung
Möbelbauer	Möbel	Bauer
Möbelstoff	Möbel	Stoff
Möbelstück	Möbel	Stück
Möbiusband	Möbius	Band
Mödlareutherin	Mödlareuther	in
Möglichkeitsform	Möglichkeit	s	Form
Möhrensaft	Möhre	n	Saft
Möhrensalat	Möhre	n	Salat
Mönchen-Gladbacherin	Mönchen-Gladbacher	in
Mönchengladbacher	Mönchengladbach	er
Mönchengladbacherin	Mönchengladbacher	in
Mönchsgeier	Mönch	Geier
Mönchssittich	Mönch	s	Sittich
Mönchweilerin	Mönchweiler	in
Mördergrube	Mörder	Grube
Mörsergranate	Mörser	Granate
Mörserkeule	Mörser	Keule
Mückenplage	Mücke	n	Plage
Mückenschwarm	Mücke	n	Schwarm
Müdigkeit	müde	igkeit
Mühldorfer	Mühldorf	er
Mühldorferin	Mühldorfer	in
Mühlenbacher	Mühlenbach	er
Mühlenbacherin	Mühlenbacher	in
Mühlenrader	Mühlenrade	er
Mühlenraderin	Mühlenrader	in
Mühlhausener	Mühlhausen	er
Mühlhausenerin	Mühlhausener	in
Mühlstein	Mühle	Stein
Mühlsteinkrause	Mühlstein	Krause
Mühsamkeit	mühsam	keit
Mühseligkeit	mühselig	keit
Mülhausenerin	Mülhausener	in
Mülheimerin	Mülheimer	in
Müllabladeplatz	Müll	Abladeplatz
Müllbehälter	Müll	Behälter
Müllbeutel	Müll	Beutel
Mülldeponie	Müll	Deponie
Mülleimer	Müll	Eimer
Müllerchen	Müller	chen
Müllerin	Müller	in
Müllerlein	Müller	lein
Müllfrau	Müll	Frau
Müllhalde	Müll	Halde
Müllhaufen	Müll	Haufen
Müllkorb	Müll	Korb
Müllmann	Müll	Mann
Müllplatz	Müll	Platz
Müllsack	Müll	Sack
Mülltonne	Müll	Tonne
Mülltüte	Müll	Tüte
Müllverbrennung	Müll	Verbrennung
Müllverbrennungsanlage	Müllverbrennung	Anlage
Müllwagen	Müll	Wagen
Müllwerker	Müll	Werker
Müllwerkerin	Müllwerker	in
Münchener	München	er
Münchenerin	Münchener	in
Münchhausengeschichte	Münchhausen	Geschichte
Münchner	München	er
Münchnerin	Münchner	in
Münchweilerin	Münchweiler	in
Mündigkeit	mündig	keit
Münsingerin	Münsinger	in
Münsteranerin	Münsteraner	in
Münsterland	Münster	Land
Münstertal	Münster	Tal
Münstertaler	Münstertal	er
Münzanstalt	Münze	Anstalt
Münzenhändler	Münze	n	Händler
Münzensammler	Münze	n	Sammler
Münzfernsprecher	Münze	Fernsprecher
Münzgeld	Münze	Geld
Münzlehre	Münze	Lehre
Münzmeister	Münze	Meister
Münzmetall	Münze	Metall
Münzprägung	Münze	Prägung
Münzrand	Münze	Rand
Münzsammler	Münze	Sammler
Münzsammlung	Münze	Sammlung
Münzstempel	Münze	Stempel
Münzstätte	münzen	Stätte
Münztelefon	Münze	Telefon
Münzunion	Münze	Union
Münzwurf	Münze	Wurf
Mürbeteigpastete	Mürbeteig	Pastete
Müslifresser	Müsli	Fresser
Mütterchen	Mutter	chen
Mütterlein	Mutter	lein
Mütterlichkeit	mütterlich	keit
Mütterrente	Mutter	Rente
NATO-Zebra	NATO	Zebra
NS-Zeit	NS	Zeit
Nabelschnur	Nabel	Schnur
Nachahmer	nachahmen	er
Nachahmung	nachahmen	ung
Nacharbeit	nach	Arbeit
Nachauflage	nach	Auflage
Nachbaratom	Nachbar	Atom
Nachbarelement	Nachbar	Element
Nachbarhaus	Nachbar	Haus
Nachbarjunge	Nachbar	Junge
Nachbarplanet	Nachbar	Planet
Nachbarschaft	Nachbar	schaft
Nachbarshund	Nachbar	s	Hund
Nachbartisch	Nachbar	Tisch
Nachbeben	nach	Beben
Nachbesteller	nachbestellen	er
Nachbildung	nachbilden	ung
Nachbrenner	nachbrennen	er
Nachbörse	nach	Börse
Nachdruck	nach	Druck
Nachdurst	nach	Durst
Nacherzählung	nacherzählen	ung
Nachfahrin	Nachfahre	in
Nachfolgeabkommen	Nachfolge	Abkommen
Nachfolgemodell	Nachfolge	Modell
Nachfolgermodell	Nachfolger	Modell
Nachfolgetreffen	Nachfolge	Treffen
Nachforschung	nachforschen	ung
Nachfrageanstieg	Nachfrage	Anstieg
Nachfragerückgang	Nachfrage	Rückgang
Nachfragesituation	Nachfrage	Situation
Nachfragesog	Nachfrage	Sog
Nachfrageüberhang	Nachfrage	Überhang
Nachgeschmack	nach	Geschmack
Nachhallraum	Nachhall	Raum
Nachhilfe	nach	helfen
Nachhilfelehrer	Nachhilfe	Lehrer
Nachhinein	nach	hinein
Nachholer	nachholen	er
Nachholung	nachholen	ung
Nachkommenschaft	Nachkommen	schaft
Nachkriegszeit	Nachkrieg	Zeit
Nachlassempfängerin	Nachlassempfänger	in
Nachlässigkeit	nachlässig	keit
Nachmittag	nach	Mittag
Nachmittagsgebet	Nachmittag	s	Gebet
Nachname	nach	Name
Nachprägung	nach	Prägung
Nachrang	nach	Rang
Nachrangigkeit	nachrangig	keit
Nachrede	nach	Rede
Nachrichtenagentur	Nachricht	Agentur
Nachrichtenkorrespondentin	Nachrichtenkorrespondent	in
Nachrichtensprecher	Nachrichten	Sprecher
Nachruhm	nach	Ruhm
Nachsatz	nach	Satz
Nachschlagewerk	nachschlagen	e	Werk
Nachsicht	nach	Sicht
Nachspiel	nach	Spiel
Nachspielzeit	nach	Spiel	Zeit
Nachsteller	nachstellen	er
Nachstellung	nachstellen	ung
Nachtblindheit	Nacht	Blindheit
Nachtclub	Nacht	Club
Nachtdienst	Nacht	Dienst
Nachtessen	Nacht	Essen
Nachteule	Nacht	Eule
Nachtfalter	Nacht	Falter
Nachtgebet	Nacht	Gebet
Nachtgeschirr	Nacht	Geschirr
Nachtgespenst	Nacht	Gespenst
Nachthaube	Nacht	Haube
Nachthemd	Nacht	Hemd
Nachtigallenboden	Nachtigall	n	Boden
Nachtisch	nach	Tisch
Nachtjagdflieger	Nacht	Jagdflieger
Nachtjäger	Nacht	Jäger
Nachtkerze	Nacht	Kerze
Nachtklub	Nacht	Klub
Nachtlager	Nacht	Lager
Nachtlampe	Nacht	Lampe
Nachtleben	Nacht	Leben
Nachtlicht	Nacht	Licht
Nachtlokal	Nacht	Lokal
Nachtluft	Nacht	Luft
Nachtmahl	Nacht	Mahl
Nachtmahr	Nacht	Mahr
Nachtmusik	Nacht	Musik
Nachtmütze	Nacht	Mütze
Nachtpfauenauge	Nacht	Pfau	en	Auge
Nachtportier	Nacht	Portier
Nachtquartier	Nacht	Quartier
Nachtrag	nach	tragen
Nachtragshaushalt	Nachtrag	s	Haushalt
Nachtreiher	Nacht	Reiher
Nachtruhe	Nacht	Ruhe
Nachtschatten	Nacht	Schatten
Nachtshopping	Nacht	Shopping
Nachtsicht	Nacht	Sicht
Nachtsichtgerät	Nacht	Sichtgerät
Nachtspeicherheizung	Nacht	Speicher	Heizung
Nachttisch	Nacht	Tisch
Nachttopf	Nacht	Topf
Nachtviole	Nacht	Viole
Nachtwache	Nacht	Wache
Nachtwacht	Nacht	Wache
Nachtwächter	Nacht	Wächter
Nachtwächterstaat	Nachtwächter	Staat
Nachtzeit	Nacht	Zeit
Nachvollziehbarkeit	nachvollziehbar	keit
Nachwahl	nach	Wahl
Nachweisgrenze	Nachweis	Grenze
Nachweismaterial	Nachweis	Material
Nachweisreagenz	Nachweis	Reagenz
Nachweisreaktion	Nachweis	Reaktion
Nachwuchstalent	Nachwuchs	Talent
Nachzeitigkeit	nach	Zeit	ig	keit
Nachzügler	Nachzug	ler
Nachzüglerin	Nachzügler	in
Nachäffer	nachäffen	er
Nachäfferin	Nachäffer	in
Nachäffung	nachäffen	ung
Nackenschlag	Nacken	Schlag
Nacktaufnahme	nackt	Aufnahme
Nacktbaden	nackt	Baden
Nacktheit	nackt	heit
Nacktnasenwombat	nackt	Nase	Wombat
Nacktschnecke	nackt	Schnecke
Nacktschwanzgürteltier	nackt	Schwanz	Gürteltier
Nadelbaum	Nadel	Baum
Nadelblatt	Nadel	Blatt
Nadelgehölz	Nadel	Gehölz
Nadelholz	Nadel	Holz
Nadelkissen	Nadel	Kissen
Nadellager	Nadel	Lager
Nadelspitze	Nadel	Spitze
Nadelstich	Nadel	Stich
Nadelwald	Nadel	Wald
Nadelöhr	Nadel	Öhr
Nagekäfer	nagen	Käfer
Nagelbombe	Nagel	Bombe
Nagelbürste	Nagel	Bürste
Nageleisen	Nagel	Eisen
Nagelhaut	Nagel	Haut
Nagelkeilexzision	Nagel	Keilexzision
Nagelknipser	Nagel	Knipser
Nagelkopf	Nagel	Kopf
Nagellack	Nagel	Lack
Nagelschere	Nagel	Schere
Nagolder	Nagold	er
Nagolderin	Nagolder	in
Nahaufnahme	nah	Aufnahme
Nahkampf	nah	Kampf
Nahkampfsocke	Nahkampf	Socke
Nahrungsbestandteil	Nahrung	Bestandteil
Nahrungsmangel	Nahrung	s	Mangel
Nahrungsmittel	Nahrung	s	Mittel
Nahrungspflanze	Nahrung	Pflanze
Nahrungsverweigerer	Nahrung	s	Verweigerer
Nahrungsverweigerung	Nahrung	s	Verweigerung
Nahrungszusammensetzung	Nahrung	Zusammensetzung
Nahschuss	nah	Schuss
Nahverkehr	nah	Verkehr
Nahversorger	nah	Versorger
Naivling	naiv	ling
Namensartikel	Namens	Artikel
Namensgeber	Namen	Geber
Namenstag	Name	ns	Tag
Namensursprung	Name	Ursprung
Namenszusatz	Name	ns	Zusatz
Namhaftmachung	namhaft machen	ung
Namibier	Namibia	er
Namibierin	Namibier	in
Nanoampere	nano	Ampere
Nanoantikörper	nano	Antikörper
Nanobakterium	nano	Bakterium
Nanobeschichtung	nano	Beschichtung
Nanobiologie	nano	Biologie
Nanobiotechnologie	nano	Biotechnologie
Nanobot	nano	Bot
Nanochemie	nano	Chemie
Nanodraht	nano	Draht
Nanoelektronik	nano	Elektronik
Nanofarad	nano	Farad
Nanofaser	nano	Faser
Nanogramm	nano	Gramm
Nanoindentierung	nano	Indentierung
Nanojoule	nano	Joule
Nanokondensator	nano	Kondensator
Nanokristall	nano	Kristall
Nanolithografie	nano	Lithografie
Nanomaterial	nano	Material
Nanomedizin	nano	Medizin
Nanometer	nano	Meter
Nanoobjekt	nano	Objekt
Nanopartikel	nano	Partikel
Nanoröhrchen	nano	Röhrchen
Nanoröhre	nano	Röhre
Nanosatellit	nano	Satellit
Nanoschaum	nano	Schaum
Nanosekunde	nano	Sekunde
Nanosilber	nano	Silber
Nanostäbchen	nano	Stäbchen
Nanosystem	nano	System
Nanotechnik	nano	Technik
Nanotechnologie	nano	Technologie
Nanoteilchen	nano	Teilchen
Nanotesla	nano	Tesla
Nanotherapie	nano	Therapie
Nanovolt	nano	Volt
Nanowatt	nano	Watt
Napfkuchen	Napf	Kuchen
Napfschnecke	Napf	Schnecke
Narkosebronchoskopie	Narkose	Bronchoskopie
Narrengold	Narr	Gold
Narrenkappe	Narr	en	Kappe
Narrenmatt	Narr	Matt
Narretei	Narr	en	Teiding
Narwal	nár	hvalr
Nasalierung	nasalieren	ung
Nasallaut	nasal	Laut
Nasalvokal	nasal	Vokal
Naschkatze	naschen	Katze
Nasenaffe	Nase	n	Affe
Nasenbein	Nase	n	Bein
Nasenbeinbruch	Nasenbein	Bruch
Nasenbär	Nase	n	Bär
Nasenflöte	Nase	n	Flöte
Nasenkuss	Nase	n	Kuss
Nasenlaut	Nase	n	Laut
Nasenloch	Nase	Loch
Nasennebenhöhlenentzündung	Nasennebenhöhle	n	Entzündung
Nasenring	Nase	n	Ring
Nasenschleimhaut	Nase	n	Schleimhaut
Nashorn	Nase	Horn
Nashornkäfer	Nashorn	Käfer
Nashornvogel	Nashorn	Vogel
Nasiräertum	Nasiräer	tum
Nassenhubener	Nassenhuben	er
Nationalbolschewismus	national	Bolschewismus
Nationalepos	national	Epos
Nationalfeiertag	national	feiern	Tag
Nationalgericht	national	Gericht
Nationalität	national	ität
Nationalmannschaft	national	Mannschaft
Nationalpark	national	Park
Nationalspieler	national	Spieler
Nationalspielerin	Nationalspieler	in
Nationalsprache	national	Sprache
Nationalstaat	national	Staat
Nationalstolz	national	Stolz
Nationaltorhüter	national	Torhüter
Nationaltorhüterin	Nationaltorhüter	in
Nationaltrikot	national	Trikot
Nationalversammlung	national	Versammlung
Nationalökonomie	national	Ökonomie
Nationvergessenheit	nationvergessen	heit
Nato-Draht	Nato	Draht
Natodraht	Nato	Draht
Natriumacetat	Natrium	Acetat
Natriumaluminat	Natrium	Aluminat
Natriumamalgam	Natrium	Amalgam
Natriumamid	Natrium	Amid
Natriumarsenit	Natrium	Arsenit
Natriumazetat	Natrium	Azetat
Natriumazid	Natrium	Azid
Natriumberyllat	Natrium	Beryllat
Natriumborhydrid	Natrium	Borhydrid
Natriumbromid	Natrium	Bromid
Natriumcarbonat	Natrium	Carbonat
Natriumchlorid	Natrium	Chlorid
Natriumchloridlösung	Natriumchlorid	Lösung
Natriumchromat	Natrium	Chromat
Natriumcyanid	Natrium	Cyanid
Natriumdampf	Natrium	Dampf
Natriumdampflampe	Natriumdampf	Lampe
Natriumdichromat	Natrium	Dichromat
Natriumfluorid	Natrium	Fluorid
Natriumgermanat	Natrium	Germanat
Natriumhydrid	Natrium	Hydrid
Natriumhydroxid	Natrium	Hydroxid
Natriumhydroxidlösung	Natriumhydroxid	Lösung
Natriumhyperoxid	Natrium	Hyperoxid
Natriumhypochlorit	Natrium	Hypochlorit
Natriumiodid	Natrium	Iodid
Natriumkanal	Natrium	Kanal
Natriummangel	Natrium	Mangel
Natriummetavanadat	Natrium	Metavanadat
Natriummineral	Natrium	Mineral
Natriummolybdat	Natrium	Molybdat
Natriummolybdophosphat	Natrium	Molybdophosphat
Natriumnitrat	Natrium	Nitrat
Natriumnitrit	Natrium	Nitrit
Natriumoxid	Natrium	Oxid
Natriumperborat	Natrium	Borat
Natriumperoxid	Natrium	Peroxid
Natriumsalz	Natrium	Salz
Natriumselenid	Natrium	Selenid
Natriumselenit	Natrium	Selenit
Natriumspiegel	Natrium	Spiegel
Natriumstannat	Natrium	Stannat
Natriumsulfat	Natrium	Sulfat
Natriumsulfid	Natrium	Sulfid
Natriumsulfit	Natrium	Sulfit
Natriumtetraborat	Natrium	Tetraborat
Natriumthiosulfat	Natrium	Thiosulfat
Natriumtrioxid	Natrium	Trioxid
Natriumverbindung	Natrium	Verbindung
Natronkalk	Natron	Kalk
Natronlauge	Natron	Lauge
Naturdenkmal	Natur	Denkmal
Naturerbe	Natur	Erbe
Naturereignis	Natur	Ereignis
Naturerscheinung	Natur	Erscheinung
Naturforschung	Natur	Forschung
Naturfreund	Natur	Freund
Naturgeschichte	Natur	Geschichte
Naturgewalt	Natur	Gewalt
Naturkatastrophe	Natur	Katastrophe
Naturkunde	Natur	kunde
Naturphilosoph	Natur	Philosoph
Naturschutz	Natur	Schutz
Naturschutzgebiet	Natur	Schutzgebiet
Natursekt	Natur	Sekt
Naturstein	Natur	Stein
Naturstoff	Natur	Stoff
Naturstoffchemie	Naturstoff	Chemie
Naturtalent	Natur	Talent
Naturwissenschaft	Natur	Wissenschaft
Naturzustand	Natur	Zustand
Nauheimer	Nauheim	er
Nauheimerin	Nauheimer	in
Navigatorin	Navigator	in
Nazi-Jargon	Nazi	Jargon
Nazischwein	Nazi	Schwein
Nazismus	Nazi	ismus
Neandertaler	Neandertal	er
Neandertalerin	Neandertaler	in
Neanderthaler	Neanderthal	er
Neanderthalerin	Neanderthaler	in
Nebelberg	Nebel	Berg
Nebelgranate	Nebel	Granate
Nebelkerze	Nebel	Kerze
Nebelparder	Nebel	Parder
Nebelschleier	Nebel	Schleier
Nebelstreif	Nebel	Streif
Nebelwerfer	Nebel	Werfer
Nebelwetter	Nebel	Wetter
Nebenbedeutung	neben	Bedeutung
Nebenbetonungszeichen	neben	Betonungszeichen
Nebenblatt	neben	Blatt
Nebendarsteller	neben	Darsteller
Nebeneingang	neben	Eingang
Nebenform	neben	Form
Nebengebäude	neben	Gebäude
Nebengruppe	neben	Gruppe
Nebenjob	neben	Job
Nebenkeule	neben	Keule
Nebenmann	neben	Mann
Nebenniere	neben	Niere
Nebennierenmark	Nebenniere	n	Mark
Nebennierenrinde	Nebenniere	n	Rinde
Nebenprodukt	neben	Produkt
Nebenpunkt	neben	Punkt
Nebenrolle	neben	Rolle
Nebensache	neben	Sache
Nebensatz	neben	Satz
Nebensatzkonjugation	Nebensatz	Konjugation
Nebenschaltung	nebenschalten	ung
Nebenschauplatz	neben	Schauplatz
Nebenschilddrüse	neben	Schilddrüse
Nebensinn	neben	Sinn
Nebensächlichkeit	nebensächlich	keit
Nebenthema	neben	Thema
Nebenton	neben	Ton
Nebentäter	neben	Täter
Nebentäterschaft	Nebentäter	schaft
Nebenweg	neben	Weg
Nebenwirkung	neben	Wirkung
Nebenwort	neben	Wort
Nebenwurzel	neben	Wurzel
Nebenzimmer	neben	Zimmer
Neckarsulmerin	Neckarsulmer	in
Negerin	Neger	in
Negermusik	Neger	Musik
Neidbau	Neid	Bau
Neider	Neid	er
Neinsager	Nein	Sager
Nelkenwurz	Nelke	Wurz
Nennfall	nennen	Fall
Nennform	nennen	Form
Nennung	nennen	ung
Nennwert	nennen	Wert
Nennwort	nennen	Wort
Neo-Nazi	neo	Nazi
Neoarchaikum	neo	Archaikum
Neoliberalismus	neo	Liberalismus
Neonatologin	Neonatologe	in
Neonazi	neo	Nazi
Neonlampe	Neon	Lampe
Neonlicht	Neon	Licht
Neoplasie	neo	plasie
Neoprenanzug	Neopren	Anzug
Neoproterozoikum	neo	Proterozoikum
Neovagina	neo	Vagina
Nephropathie	nephro	pathie
Nervenbiopsie	Nerv	en	Biopsie
Nervengas	Nerv	Gas
Nervenheilanstalt	Nerven	Heilanstalt
Nervenklinik	Nerv	Klinik
Nervenknoten	Nerv	en	Knoten
Nervenkrieg	Nerven	Krieg
Nervenstärke	Nerv	n	Stärke
Nervensystem	Nerv	n	System
Nervensäge	Nerv	n	Säge
Nervenzelle	Nerv	Zelle
Nerzjacke	Nerz	Jacke
Nesselsucht	Nessel	Sucht
Nesseltier	Nessel	Tier
Nesselzelle	Nessel	Zelle
Nestbeschmutzer	Nest	Beschmutzer
Nestbeschmutzerin	Nestbeschmutzer	in
Nesthäkchen	Nest	Häkchen
Nestling	Nest	ling
Nettogehalt	netto	Gehalt
Nettogewinn	netto	Gewinn
Nettogewinnmarge	netto	Gewinn	Marge
Nettolohn	netto	Lohn
Nettomarge	netto	Marge
Nettorendite	netto	Rendite
Nettospanne	netto	Spanne
Nettoumsatz	netto	Umsatz
Nettoverdienst	netto	Verdienst
Nettovermögen	netto	Vermögen
Netzflüglerartige	netzflüglerartig	e
Netzkabel	Netz	Kabel
Netzmagen	Netz	Magen
Netzpräsenz	Netz	Präsenz
Netzwanze	Netz	Wanze
Netzwerk	Netz	Werk
Netzwerkverbindung	Netzwerk	Verbindung
Neuanfang	neu	Anfang
Neuankömmling	neu	Ankömmling
Neuartigkeit	neuartig	keit
Neuausgabe	neu	Ausgabe
Neubauwohnung	Neubau	Wohnung
Neubildung	neu	Bildung
Neudorfer	Neudorf	er
Neudorferin	Neudorfer	in
Neue Deutsche Härte	neu	deutsch	Härte
Neue Deutsche Welle	neu	deutsch	Welle
Neueinsteiger	neu	Einsteiger
Neuengland	neu	England
Neuenglisch	neu	Englisch
Neuerstellung	neu	Erstellung
Neueröffnung	neu	Eröffnung
Neuflosser	neu	Flosse	er
Neufrankreich	neu	Frankreich
Neufundland und Labrador	Neufundland	und	Labrador
Neugestaltung	neu	Gestaltung
Neugewürz	neu	Gewürz
Neugriechisch	neu	Griechisch
Neuhaus	neu	Haus
Neuhausener	Neuhausen	er
Neuhausenerin	Neuhausener	in
Neuheidentum	neu	Heidentum
Neuheit	neu	heit
Neuhochdeutsch	neu	Hochdeutsch
Neuinfektion	neu	Infektion
Neuirisch	neu	Irisch
Neujahr	neu	Jahr
Neujahrstag	Neujahr	s	Tag
Neuland	neu	Land
Neuleininger	Neuleiningen	er
Neuleiningerin	Neuleininger	in
Neuling	neu	ling
Neumarkter	Neumarkt	er
Neumond	neu	Mond
Neunauge	neun	Auge
Neuneck	neun	Ecke
Neunflächner	neun	Flächen	er
Neunhubener	Neunhuben	er
Neuniederländisch	neu	Niederländisch
Neunkirchenerin	Neunkirchener	in
Neuntausendstel	neun	tausendstel
Neunzehneck	neunzehn	Ecke
Neunzigtausendstel	neunzig	tausendstel
Neuregelung	neu	Regelung
Neuroanatomie	neuro	Anatomie
Neurobiologie	neuro	Biologie
Neurochirurgie	neuro	Chirurgie
Neurodiversität	neuro	Diversität
Neurotransmitter	neuro	Transmitter
Neuschnee	neu	Schnee
Neuschöpfung	neu	Schöpfung
Neuseeland	neu	Seeland
Neuseeländer	Neuseeland	er
Neuseeländerin	Neuseeländer	in
Neustädterin	Neustädter	in
Neutralisierung	neutralisieren	ung
Neutralteilchen	neutral	Teilchen
Neutronenaktivierungsanalyse	Neutron	Aktivierung	Analyse
Neutronenbeschuss	Neutron	Beschuss
Neutronenbombe	Neutron	n	Bombe
Neutroneneinfang	Neutron	n	Einfang
Neutroneneinfangreaktion	Neutroneneinfang	Reaktion
Neutronenemission	Neutron	Emission
Neutronenmangel	Neutron	Mangel
Neutronenquelle	Neutron	Quelle
Neutronenstern	Neutron	n	Stern
Neutronenstrahlung	Neutron	n	Strahlung
Neutronenzahl	Neutron	Zahl
Neutronenüberschuss	Neutron	en	Überschuss
Neuwagen	neu	Wagen
Neuwagenhandel	Neuwagen	Handel
Neuwagenhändler	Neuwagen	Händler
Neuweltpapagei	Neue Welt	Papagei
Neuzeit	neu	Zeit
Neuzugang	neu	Zugang
Neuzustand	neu	Zustand
Newtonmeter	Newton	Meter
Nibelungenlied	Nibelung	en	Lied
Nibelungentreue	Nibelungen	Treue
Nicaraguanerin	Nicaraguaner	in
Nichtbeachtung	nicht	Beachtung
Nichtjude	nicht	Jude
Nichtkonformität	nicht	Konformität
Nichtmetalloxid	Nichtmetall	Oxid
Nichtmuttersprachler	nicht	Muttersprachler
Nichtmuttersprachlerin	nicht	Muttersprachlerin
Nichtraucherin	Nichtraucher	in
Nichtregierungsorganisation	nicht	Regierung	s	Organisation
Nichtschwimmer	nicht	Schwimmer
Nichtschwimmerin	Nichtschwimmer	in
Nichtsein	nicht	sein
Nichttänzer	nicht	Tänzer
Nichttänzerin	Nichttänzer	in
Nichtverfügbarkeit	nicht	Verfügbarkeit
Nichtzahlung	nicht	Zahlung
Nickelarsenid	Nickel	Arsenid
Nickelarsenkies	Nickel	Arsenkies
Nickelbasislegierung	Nickel	Basis	Legierung
Nickelbrille	Nickel	Brille
Nickelgruppe	Nickel	Gruppe
Nickelherstellung	Nickel	Herstellung
Nickellegierung	Nickel	Legierung
Nickhaut	nicken	Haut
Niederadel	nieder	Adel
Niederdruck	nieder	Druck
Niederfränkisch	nieder	Fränkisch
Niedergeschlagenheit	niedergeschlagen	heit
Niederland	nieder	Land
Niederlande	nieder	Lande
Niederlausitz	nieder	Lausitz
Niederlegung	niederlegen	ung
Niederländerin	Niederländer	in
Niederrad	nieder	Rad
Niederreißer	niederreißen	er
Niederrhein	nieder	Rhein
Niedersachsen	nieder	Sachsen
Niederschlag	nieder	Schlag
Niederschlagswahrscheinlichkeit	Niederschlag	s	Wahrscheinlichkeit
Niederträchtigkeit	niederträchtig	keit
Niederung	niedern	ung
Niederwild	nieder	Wild
Niederösterreicher	Niederösterreich	er
Niedlichkeit	niedlich	keit
Niedrigkeit	niedrig	keit
Niedrigwasser	niedrig	Wasser
Nienhagener	Nienhagen	er
Nierenbecken	Niere	n	Becken
Nierenfunktion	Niere	Funktion
Nierenfunktionsstörung	Nierenfunktion	Störung
Nierenkrankheit	Niere	n	Krankheit
Nierenlager	Niere	n	Lager
Nierenstein	Niere	Stein
Nierentransplantation	Niere	Transplantation
Nierenversagen	Nieren	Versagen
Nieselregen	nieseln	Regen
Nieswurz	niesen	Wurz
Nießbraucherin	Nießbraucher	in
Nikotinsucht	Nikotin	Sucht
Nilbarsch	Nil	Barsch
Nilflughund	Nil	Flughund
Nilkrokodil	Nil	Krokodil
Nillenkäse	Nille	Käse
Nilpferd	Nil	Pferd
Nimmersatt	nimmer	satt
Nimmerwiedersehen	nimmer	wieder	sehen
Niobcarbid	Niob	Carbid
Niobchlorid	Niob	Chlorid
Niobfluorid	Niob	Fluorid
Nioblegierung	Niob	Legierung
Niobpentoxid	Niob	Pentoxid
Nischenmarkt	Nische	n	Markt
Nistkasten	nisten	Kasten
Nitratmineral	Nitrat	Mineral
Nitratreduktase	Nitrat	Reduktase
Nitratsalz	Nitrat	Salz
Nitritreduktase	Nitrit	Reduktase
Nitroglycerin	nitro	Glycerin
Nitrogruppe	Nitro	Gruppe
Nitromethan	nitro	Methan
Nitroverbindung	Nitro	Verbindung
Nizzasalat	Nizza	Salat
Nobelpreis	Nobel	Preis
Nobelpreisrede	Nobelpreis	Rede
Nockerl	Nock	erl
Nomadentum	Nomade	tum
Nominalklammer	nominal	Klammer
Nominallohn	nominal	Lohn
Nominallohnstopp	nominal	Lohn	Stopp
Nominalphrase	nominal	Phrase
Nominalsatz	nominal	Satz
Nominalwert	nominal	Wert
Nomokratiechen	Nomokratie	chen
Nonan	non	an
Nonnenfalter	Nonne	n	Falter
Nonnenkloster	Nonne	n	Kloster
Nonnweilerin	Nonnweiler	in
Nordafrika	Nord	Afrika
Nordafrikaner	Nordafrika	n	er
Nordamerika	Nord	Amerika
Nordamerikaner	Nordamerika	n	er
Nordamerikanerin	Nordamerikaner	in
Nordchina	Nord	China
Norddeutsche	Nord	Deutsche
Norddeutscher	Nord	Deutscher
Nordfrankreich	Nord	Frankreich
Nordfriesisch	Nord	Friesisch
Nordgermanisch	Nord	Germanisch
Nordhausener	Nordhausen	er
Nordhausenerin	Nordhausener	in
Norditaliener	Norditalien	er
Nordkorea	Nord	Korea
Nordküste	Nord	Küste
Nordland	Nord	Land
Nordmann	Nord	Mann
Nordmanntanne	Nordmann	Tanne
Nordmauer	Norden	Mauer
Nordmazedonien	Nord	Mazedonien
Nordniederfränkisch	Nord	Niederfränkisch
Nordrhein-Westfalen	Nordrhein	Westfalen
Nordseegarnele	Nordsee	Garnele
Nordseekrabbe	Nordsee	Krabbe
Nordseite	Nord	Seite
Nordwand	Nord	Wand
Nordwind	Nord	Wind
Normalbedingung	normal	Bedingung
Normalbürger	normal	Bürger
Normaldruck	normal	Druck
Normalgewicht	normal	Gewicht
Normalnull	normal	Null
Normalo	normal	o
Normalpotential	normal	Potential
Normalsterbliche	normal	Sterbliche
Normalsterblicher	normal	Sterblicher
Normaltemperatur	normal	Temperatur
Normaluhr	normal	Uhr
Normalzustand	normal	Zustand
Normbedingung	Norm	Bedingung
Normverbrauch	Norm	Verbrauch
Norwegerin	Norweger	in
Notarzt	Not	Arzt
Notaufnahme	Not	Aufnahme
Notausgang	Not	Ausgang
Notbehelf	Not	Behelf
Notbeleuchtung	Not	Beleuchtung
Notdienst	Not	Dienst
Notenbank	Note	n	Bank
Notenblatt	Note	n	Blatt
Notenhals	Note	Hals
Notenkopf	Note	Kopf
Notenschlüssel	Note	Schlüssel
Notenschrift	Note	Schrift
Notenständer	Note	n	Ständer
Notenwert	Note	Wert
Notfall	Not	Fall
Notfallbronchoskopie	Notfall	Bronchoskopie
Notfallmedizin	Notfall	Medizin
Notgeld	Not	Geld
Notierung	notieren	ung
Notierungssprung	Notierung	s	Sprung
Notizblock	Notiz	Block
Notizbuch	Notiz	Buch
Notlage	Not	Lage
Notlösung	Not	Lösung
Notration	Not	Ration
Notruf	Not	Ruf
Notsignal	Not	Signal
Nottaufe	Not	Taufe
Notunterkunft	Not	Unterkunft
Notwehr	Not	Wehr
Notwendigkeit	notwendig	keit
Notzeit	Not	Zeit
Novemberverbrecher	November	Verbrecher
Nudelholz	Nudel	Holz
Nudelsieb	Nudel	Sieb
Nudelsuppe	Nudel	Suppe
Nudelteig	Nudel	Teig
Nuklearanlage	nuklear	Anlage
Nuklearmedizin	nuklear	Medizin
Nukleartechnik	nuklear	Technik
Nukleinsäure	Nuklein	Säure
Nukleonenzahl	Nukleonen	Zahl
Nullableitung	Null	Ableitung
Nullaussage	null	Aussage
Nulldiät	Null	Diät
Nullenergiehaus	null	Energie	Haus
Nuller	Null	er
Nullhypothese	Null	Hypothese
Nullkuponanleihe	Nullkupon	Anleihe
Nullmeilenstein	null	Meile	Stein
Nullmenge	null	Menge
Nullobjekt	Null/null	Objekt
Nullpunkt	Null	Punkt
Nullpunktenergie	Nullpunkt	Energie
Nullrunde	null	Runde
Nullstellensatz	Nullstelle	n	Satz
Nullvektor	Null	Vektor
Nullwachstum	null	Wachstum
Nummernschild	Nummer	n	Schild
Nummerntafel	Nummern	n	Tafel
Nurdachhaus	nur	Dach	Haus
Nussbaum	Nuss	Baum
Nussbaumholz	Nussbaum	Holz
Nussbäumchen	Nussbaum	chen
Nusskern	Nuss	Kern
Nussschokolade	Nuss	Schokolade
Nuttendiesel	Nutte	n	Diesel
Nuttenficker	Nutte	Ficker
Nuttenjäger	Nutte	Jäger
Nuttensohn	Nutte	Sohn
Nutterich	Nutte	rich
Nutzenmaximierung	Nutzen	Maximierung
Nutzenminimierung	Nutzen	Minimierung
Nutzer	nutzen	er
Nutzerin	Nutzer	in
Nutzfahrzeug	nutzen	Fahrzeug
Nutzgarten	nutzen	Garten
Nutzlast	nutzen	Last
Nutzlosigkeit	nutzlos	igkeit
Nutznießer	nutznießen	er
Nutznießerin	Nutznießer	in
Nutztier	nutzen	Tier
Nutztierhaltung	Nutztier	Haltung
Nutztierzucht	Nutztier	Zucht
Nutzung	nutzen	ung
Nutzungsbedingung	Nutzung	Bedingung
Nutzungsszenario	Nutzung	Szenario
Nutzungsszenarium	Nutzung	Szenarium
Nutzvieh	nutzen	Vieh
Nutzwert	nutzen	Wert
Nußbäumchen	Nußbaum	chen
Nymphensittich	Nymphe	n	Sittich
Nächtigung	nächtigen	ung
Nähe	nah	e
Näher	nähen	er
Näherungswert	Näherung	s	Wert
Nähfaden	nähen	Faden
Nähgarn	nähen	Garn
Nähmaschine	nähen	Maschine
Nähnadel	nähen	Nadel
Nährmedium	Nahrung	Medium
Nährmutter	nähren	Mutter
Nährsalz	nähren	Salz
Nährstoff	nähren	Stoff
Nährstoffzufuhr	Nährstoff	Zufuhr
Nährwert	nähren	Wert
Nährwertinformation	Nährwert	Information
Nähzeug	nähen	Zeug
Nässe	nass	e
Nörgler	nörgeln	er
Nötigung	nötigen	ung
Nüsschen	Nuss	chen
Nützlichkeit	nützlich	keit
Nützlichkeitsdenken	Nützlichkeit	s	Denken
Obacht	ob	Acht
Obdachlosigkeit	obdachlos	igkeit
Oberarmmuskel	Oberarm	Muskel
Oberbefehlshaber	ober	Befehlshaber
Oberbürgermeister	ober	Bürgermeister
Oberdeck	ober	Deck
Oberdeutsch	ober	Deutsch
Oberdorf	ober	Dorf
Oberende	ober	Ende
Oberengadinerin	Oberengadiner	in
Oberfläche	ober	Fläche
Oberflächenbehandlung	Oberfläche	Behandlung
Oberflächenbeschichtung	Oberfläche	Beschichtung
Oberflächenchemie	Oberfläche	n	Chemie
Oberflächeneiweiß	Oberfläche	n	Eiweiß
Oberflächenschicht	Oberflächen	Schicht
Oberflächenschutz	Oberfläche	Schutz
Oberflächenwasser	Oberfläche	n	Wasser
Oberfranken	ober	Franken
Oberführer	ober	Führer
Obergeschoß	ober	Geschoß
Obergespan	ober	Gespan
Obergespann	ober	Gespann
Obergrenze	ober	Grenze
Obergruppenführer	ober	Gruppe	n	Führer
Oberhaupt	ober	Haupt
Oberhaus	ober	Haus
Oberhausenerin	Oberhausener	in
Oberholz	ober	Holz
Oberkircher	Oberkirch	er
Oberkircherin	Oberkircher	in
Oberkommando	ober	Kommando
Oberkörper	ober	Körper
Oberlauf	ober	Lauf
Oberlausitz	ober	Lausitz
Oberleutnant	ober	Leutnant
Oberlippe	ober	Lippe
Oberlippenbart	Oberlippe	n	Bart
Oberneukirchenerin	Oberneukirchener	in
Oberpahlen	ober	Pahle
Oberpfälzerin	Oberpfälzer	in
Oberradener	Oberraden	er
Oberradenerin	Oberradener	in
Oberrhein	ober	Rhein
Obersachsen	ober	Sachsen
Oberschenkelinnenseiten	Oberschenkel	innen	Seite
Oberschenkelknochen	Oberschenkel	Knochen
Oberschlesien	ober	Schlesien
Oberschule	ober	Schule
Oberseite	ober	Seite
Obersturmführer	ober	Sturmführer
Oberton	ober	Ton
Oberwanger	Oberwang	er
Oberwangerin	Oberwanger	in
Oberösterreicher	Oberösterreich	er
Obhut	ob	Hut
Objektträger	Objekt	Träger
Oblast	ob	Last
Obmann	ob	Mann
Obsoleszenz	obsoleszieren	enz
Obstbaum	Obst	Baum
Obstbaumblüte	Obstbaum	Blüte
Obstbaumgarten	Obstbaum	Garten
Obstbesteck	Obst	Besteck
Obstfliege	Obst	Fliege
Obstgabel	Obst	Gabel
Obstgarten	Obst	Garten
Obstkuchen	Obst	Kuchen
Obstlöffel	Obst	Löffel
Obstmesser	Obst	Messer
Obstsaft	Obst	Saft
Obstsalat	Obst	Salat
Obstschale	Obst	Schale
Obstwiese	Obst	Wiese
Ochsenauge	Ochse	Auge
Ochsenfurterin	Ochsenfurter	in
Ochsenhausener	Ochsenhausen	er
Ochsenhausenerin	Ochsenhausener	in
Ochsenstachel	Ochse	n	Stachel
Ochsenzunge	Ochse	n	Zunge
Octan	oct	an
Odinshühnchen	Odin	s	Huhn	chen
Oelsnitzer	Oelsnitz	er
Oelsnitzerin	Oelsnitzer	in
Oerlinghausener	Oerlinghausen	er
Oerlinghausenerin	Oerlinghausener	in
Ofenbrot	Ofen	Brot
Ofenhorn	Ofen	Horn
Ofenkartoffel	Ofen	Kartoffel
Ofenpass	Ofen	Pass
Ofenrohr	Ofen	Rohr
Offenbarer	offenbaren	er
Offenbarung	offenbaren	ung
Offenbarungseid	Offenbarung	Eid
Offenbarungsreligion	Offenbarung	Religion
Offenhalter	offenhalten	er
Offenhausenerin	Offenhausener	in
Offenlasser	offenlassen	er
Offenleger	offenlegen	er
Offizialdelikt	offizial	Delikt
Offizialverteidiger	offizial	Verteidiger
Ohlsdorferin	Ohlsdorfer	in
Ohrbügel	Ohr	Bügel
Ohrenkerze	Ohr	en	Kerze
Ohrenlerche	Ohr	en	Lerche
Ohrenschmerz	Ohren	Schmerz
Ohreule	Ohr	Eule
Ohrfeige	Ohr	Feige
Ohrfeigengesicht	Ohrfeige	n	Gesicht
Ohrkerze	Ohr	Kerze
Ohrloch	Ohr	Loch
Ohrläppchen	Ohr	Läppchen
Ohrläpplein	Ohr	Läpplein
Ohrmuschel	Ohr	Muschel
Ohrring	Ohr	Ring
Ohrspeicheldrüse	Ohr	Speicheldrüse
Ohrstöpsel	Ohr	Stöpsel
Ohrtrompete	Ohr	Trompete
Ohrwurm	Ohr	Wurm
Okkasionalismus	okkasionell	ismus
Okkultist	okkult	ist
Oktasauerstoff	okta	Sauerstoff
Oktoberfest	Oktober	Fest
Olefinmetathese	Olefin	Metathese
Oleochemie	oleo	Chemie
Oligopolisierung	oligopolisieren	ung
Oligopolist	Oligopol	ist
Oligosaccharid	oligo	Saccharid
Oliv-Bastardschildkröte	oliv	Bastardschildkröte
Olivenbaum	Olive	n	Baum
Olivenhain	Olive	n	Hain
Olivenholz	Olive	Holz
Olivenkern	Olive	n	Kern
Olivenstein	Olive	n	Stein
Olivenzweig	Olive	n	Zweig
Olivenöl	Olive	n	Öl
Olmützer	Olmütz	er
Olmützerin	Olmützer	in
Olympiasieger	Olympia	Sieger
Omega-3-Fettsäure	Omega	drei	Fettsäure
Omega-6-Fettsäure	Omega	sechs	Fettsäure
Onkologe	onko	loge
Onkologin	Onkologe	in
Ontarier	Ontario	er
Operationsbasis	Operation	s	Basis
Operationssaal	Operation	s	Saal
Operationsverstärker	Operation	s	Verstärker
Opernkünstler	Oper	n	Künstler
Opernkünstlerin	Opernkünstler	in
Opernsängerin	Opernsänger	in
Opferanode	Opfer	Anode
Opferfest	Opfer	Fest
Opferhilfe	Opfer	Hilfe
Ophthalmologie	ophthalmo	logie
Opiumhöhle	Opium	Höhle
Opiumkrieg	Opium	Krieg
Oppenheimer	Oppenheim	er
Oppenheimerin	Oppenheimer	in
Opportunitätskosten	Opportunität	s	Kosten
Oppositionsführer	Opposition	s	Führer
Oppositionsführerin	Oppositionsführer	in
Oppositionskandidatin	Oppositionskandidat	in
Oppositionspolitikerin	Oppositionspolitiker	in
Optimalität	optimal	ität
Optimierung	optimieren	ung
Optimierungswunsch	Optimierung	s	Wunsch
Optionsmarkt	Option	s	Markt
Orangenbaum	Orange	n	Baum
Orangenhain	Orange	n	Hain
Orangenplantage	Orange	n	Plantage
Orangensaft	Orange	n	Saft
Orangist	orange	ist
Oranier	Oranien	er
Oranierorden	Oranier	Orden
Orbitalborste	orbital	Borste
Orchestergraben	Orchester	Graben
Orchestermusik	Orchester	Musik
Orchideengattung	Orchidee	n	Gattung
Ordensschwester	Orden	Schwester
Orderbuch	Order	Buch
Orderüberhang	Order	Überhang
Ordinalzahl	ordinal	Zahl
Ordnungsliebe	Ordnung	s	Liebe
Ordnungspolitik	Ordnung	s	Politik
Ordnungspolizei	Ordnung	s	Polizei
Organobromverbindung	organo	Brom	Verbindung
Organofluorverbindung	organo	Fluor	Verbindung
Organversagen	Organ	Versagen
Orgelklang	Orgel	Klang
Orgelkonzert	Orgel	Konzert
Orgelmetall	Orgel	Metall
Orgelpfeife	Orgel	Pfeife
Orgelpunkt	Orgel	Punkt
Orgelspiel	Orgel	Spiel
Orgelspieler	Orgel	Spieler
Originalität	original	ität
Originalsprache	original	Sprache
Originalzustand	original	Zustand
Orthohelium	ortho	Helium
Orthokieselsäure	ortho	Kieselsäure
Orthonitrat	ortho	Nitrat
Orthophosphat	ortho	Phosphat
Orthosalpetersäure	ortho	Salpetersäure
Orthosilicat	ortho	Silicat
Ortschaft	Ort	schaft
Ortsgespräch	Ort	s	Gespräch
Ortsgruppenleiter	Ort	s	Gruppe	n	Leiter
Ortung	orten	ung
Osnabrücker	Osnabrück	er
Ostafrika	Ost	Afrika
Ostafrikaner	Ostafrika	n	er
Ostarmenisch	Ost	Armenisch
Ostasien	Osten	Asien
Ostberliner	Ostberlin	er
Ostberlinerin	Ostberliner	in
Ostdeutsche	Ost	Deutsche
Ostdeutscher	Ost	Deutscher
Ostdeutschland	Ost	Deutschland
Ostendorf	Osten	Dorf
Ostendorfer	Ostendorf	er
Ostendorferin	Ostendorfer	in
Ostendorferinnen	Ostendorfer	in
Ostenfeld	Osten	Feld
Ostenfelder	Ostenfeld	er
Ostenfelderin	Ostenfelder	in
Osteologin	Osteologe	in
Osterei	Ostern	Ei
Ostereiersuche	Osterei	er	Suche
Osterferien	Ostern	Ferien
Osterhase	Ostern	Hase
Osterkerze	Ostern	Kerze
Osterkerzlein	Osterkerze	lein
Osterlamm	Ostern	lamm
Ostersonntag	Ostern	Sonntag
Osteuropa	Osten	Europa
Ostfrankreich	Ost	Frankreich
Ostfriese	Ost/Osten	Friese
Ostfriesland	Osten	Friesland
Ostfront	Ost	Front
Ostfränkisch	Ost	Fränkisch
Ostgebiete	Ost	Gebiet
Ostheim	Ost	Heim
Ostjude	Ost	Jude
Ostküste	Ost	Küste
Ostler	Ost	ler
Ostmark	Ost	Mark
Ostmauer	Osten	Mauer
Ostniederdeutsch	Ost	Niederdeutsch
Ostniederfränkisch	Ost	Niederfränkisch
Ostpolitik	Ost	Politik
Ostpreuße	Ost	Preuße
Ostsee	Ost	See
Ostseite	Ost	Seite
Ostsiedlung	Ost	Siedlung
Osttimor	Ost	Timor
Ostukraine	Ost	Ukraine
Ostwand	Ost	Wand
Ostwind	Ost	Wind
Ostzone	Ost	Zone
Osweilerin	Osweiler	in
Otterngezücht	Otter	Gezücht
Ottomotor	Otto	motor
Ottonormalverbraucher	Otto	Normalverbraucher
Ottweilerin	Ottweiler	in
Otwin	*audaz	*winiz
Otzenhausenerin	Otzenhausener	in
Otzweilerin	Otzweiler	in
Outing	out	ing
Outlinie	Out	Linie
Overather	Overath	er
Overatherin	Overather	in
Oxalsäureanhydrid	Oxalsäure	Anhydrid
Oxidationsstärke	Oxidation	s	Stärke
Oxidfluorid	Oxid	Fluorid
Oxidhalogenid	Oxid	Halogenid
Oxidierbarkeit	oxidierbar	keit
Oxidion	Oxid	Ion
Oxidschicht	Oxid	Schicht
Oxidverbindung	Oxid	Verbindung
Oxoniumion	Oxonium	Ion
Ozellenhöcker	Ozellen	Höcker
Ozonabbau	Ozon	Abbau
Ozonidanion	Ozonid	Anion
Ozonloch	Ozon	Loch
Ozonschicht	Ozon	Schicht
PDSler	PDS	ler
PVC-Kunststoff	PVC	Kunststoff
Paarformel	Paar	Formel
Paarreim	Paar	Reim
Paarung	paaren	ung
Pachtzins	Pacht	Zins
Packband	packen	Band
Packerl	packen	erl
Packpapier	packen	Papier
Packung	packen	ung
Packungsbeilage	Packung	s	Beilage
Paderborner	Paderborn	er
Paginierung	paginieren	ung
Paketbombe	Paket	Bombe
Paketboot	Paket	Boot
Paketbote	Paket	Bote
Pakistaner	Pakistan	er
Pakistanerin	Pakistaner	in
Palastkapelle	Palast	Kapelle
Palatalisierung	palatalisieren	ung
Palladiumhydrid	Palladium	Hydrid
Palladiumkatalysator	Palladium	Katalysator
Palladiumlegierung	Palladium	Legierung
Palladiumverbindung	Palladium	Verbindung
Palmengattung	Palme	n	Gattung
Palmwedel	Palme	Wedel
Palpenläufer	Palpus	Läufer
Palpenmotte	Palpus	Motte
Palstek	Pfahl	Stich
Paläoarchaikum	paläo	Archaikum
Paläographie	paläo	graphie
Paläoproterozoikum	paläo	Proterozoikum
Palästinenserin	Palästinenser	in
Pampaskatze	Pampas	Katze
Panamaer	Panama	er
Panamakanal	Panama	Kanal
Pandabär	Panda	Bär
Pandabärchen	Pandabär	chen
Pandanblatt	Pandan	Blatt
Pandeismus	pan	Deismus
Pandorabüchse	Pandora	Büchse
Panentheistin	Panentheist	in
Panflöte	Pan	Flöte
Pangäa	παν	γαῖα
Paniermehl	panieren	Mehl
Panikattacke	Panik	Attacke
Panikmacher	Panik	Macher
Panikmacherin	Panikmacher	in
Pankreasfunktion	Pankreas	Funktion
Pannenstreifen	Panne	Streifen
Panoramafreiheit	Panorama	Freiheit
Panoramen	Panorama	en
Pansexualität	pan	Sexualität
Pantheismus	pan	Theismus
Pantheistin	Pantheist	in
Pantherpilz	Panther	Pilz
Pantherschildkröte	Panther	Schildkröte
Pantoffelheld	Pantoffel	Held
Pantoffeltierchen	Pantoffel	Tier	chen
Panzerabwehrgeschütz	Panzer	Abwehr	Geschütz
Panzerabwehrkanone	Panzerabwehr	Kanone
Panzerbüchse	Panzer	Büchse
Panzerfaust	Panzer	Faust
Panzergrenadier	Panzer	Grenadier
Panzerhaubitze	Panzer	Haubitze
Panzerjäger	Panzer	Jäger
Panzerkampfwagen	Panzer	Kampf	Wagen
Panzerkuppel	Panzer	Kuppel
Panzermine	Panzer	Mine
Panzernashorn	Panzer	Nashorn
Panzerschiff	Panzer	Schiff
Panzerschokolade	Panzer	Schokolade
Panzerschrank	Panzer	Schrank
Panzerschreck	Panzer	Schreck
Panzerschwein	Panzer	Schwein
Panzertape	Panzer	Tape
Panzerturm	Panzer	Turm
Panzerung	panzern	ung
Panzerwanne	Panzer	Wanne
Papageitaucher	Papagei	Taucher
Papenburger	Papenburg	er
Papi	Papa	i
Papierbeutel	Papier	Beutel
Papierblume	Papier	Blume
Papierblümchen	Papierblume	chen
Papierbogen	Papier	Bogen
Papierchromatographie	Papier	Chromatographie
Papierdeutsch	Papier	Deutsch
Papierflieger	Papier	Flieger
Papiergucke	Papier	Gucke
Papierherstellung	Papier	Herstellung
Papierindustrie	Papier	Industrie
Papierkorb	Papier	Korb
Papierkram	Papier	Kram
Papiersack	Papier	Sack
Papierschnittwunde	Papier	Schnitt	Wunde
Papierschnitzel	Papier	Schnitzel
Papiersprache	Papier	Sprache
Papierstreicher	Papier	streichen	er
Papiertasche	Papier	Tasche
Papiertaschentuch	Papier	Taschentuch
Papiertiger	Papier	Tiger
Papiertonne	Papier	Tonne
Papiertüte	Papier	Tüte
Pappbecher	Pappe	Becher
Pappdeckel	Pappe	Deckel
Pappkarton	Pappe	Karton
Pappkartönchen	Pappkarton	chen
Pappschachtel	Pappe	Schachtel
Pappschächtelchen	Pappschachtel	chen
Paprikaspeck	Paprika	Speck
Papsttum	Papst	tum
Paradebeispiel	Parade	Beispiel
Paradeisersalat	Paradeiser	Salat
Paradiesapfel	Paradies	Apfel
Paradiesgarten	Paradies	Garten
Paradiesnuss	Paradies	Nuss
Paradigmenwechsel	Paradigma	en	Wechsel
Paraffinöl	Paraffin	Öl
Paragraphendschungel	Paragraph	Dschungel
Paraguayer	Paraguay	er
Paraguayerin	Paraguayer	in
Parahelium	para	Helium
Parallelgesellschaft	parallel	Gesellschaft
Paralleluniversum	parallel	Universum
Paramedicalisierung	paramedikalisieren	ung
Paranuss	Para	Nuss
Paranussöl	Paranuss	Öl
Paraphimose	para	Phimose
Parasitchen	Parasit	chen
Parasitologie	Parasit	logie
Parkgebühr	parken	Gebühr
Parkhaus	parken	Haus
Parklandschaft	Park	Landschaft
Parklücke	parken	Lücke
Parkplatz	parken	Platz
Parkplatzbetreiberin	Parkplatzbetreiber	in
Parkschein	Park	Schein
Parkuhr	parken	Uhr
Parlamentarierin	Parlamentarier	in
Parlamentsbeschluss	Parlament	s	Beschluss
Parlamentsgebäude	Parlament	s	Gebäude
Parteiausschluss	Partei	Ausschluss
Parteienstaat	Partei	Staat
Parteienverkehr	Parteien	Verkehr
Parteigänger	Partei	Gänger
Parteiliste	Partei	Liste
Parteimitglied	Partei	Mitglied
Parteispende	Partei	Spende
Parteitag	Partei	Tag
Parteitagsbeschluss	Parteitag	s	Beschluss
Parteiverrat	Partei	Verrat
Parteivorsitzender	Partei	Vorsitzender
Partialdruck	partial	Druck
Partikelgröße	Partikel	Größe
Partikularquantor	partikular	Quantor
Partisanenkrieg	Partisan	en	Krieg
Partisanin	Partisan	in
Partizipialkonstruktion	partizipial	Konstruktion
Partnerschaft	Partner	schaft
Partyband	Party	Band
Partylöwe	Party	Löwe
Paspelierung	paspelieren	ung
Passargisch	Passarge	isch
Passbild	Pass	Bild
Passendorf	Pass	en	Dorf
Passionsfrucht	Passion	Frucht
Passivposten	passiv	Posten
Passivrauchen	passiv	Rauchen
Passivraucher	passiv	Raucher
Passivraucherin	Passivraucher	in
Passivschicht	passiv	Schicht
Passwort	Pass	Wort
Passwortschutz	Passwort	Schutz
Passwortsicherheit	Passwort	Sicherheit
Pastellstift	Pastell	Stift
Pastorin	Pastor	in
Patentamt	Patent	Amt
Patentierung	patentieren	ung
Patholinguistik	patho	Linguistik
Patientenzufriedenheit	Patient	Zufriedenheit
Patientin	Patient	in
Pattsituation	Patt	Situation
Pattstellung	Patt	Stellung
Paukenröhrchen	Pauken	Öhrchen
Paukenschlag	Pauke	n	Schlag
Pauker	arsch	Pauke
Paukschule	pauken	Schule
Pausenbrot	Pause	n	Brot
Pausenraum	Pause	Raum
Pazifikinsel	Pazifik	Insel
Pechnase	Pech	Nase
Pechnelke	Pech	Nelke
Pechsträhne	Pech	Strähne
Pechvogel	Pech	Vogel
Peinlichkeit	peinlich	keit
Peitschenhieb	Peitsche	n	Hieb
Pekannuss	Pekan	Nuss
Pekannussbaum	Pekannuss	Baum
Pelzhandschuh	Pelz	Handschuh
Pelzhändler	Pelz	Händler
Pelzkappe	Pelz	Kappe
Pelzmacher	Pelz	Macher
Pelzmantel	Pelz	Mantel
Pelzsingzikade	Pelz	Singzikade
Pendeltür	Pendel	Tür
Pendeluhr	Pendel	Uhr
Penibilität	penibel	ität
Peniseichel	Penis	Eichel
Penisknochen	Penis	Knochen
Penisneid	Penis	Neid
Penisvergrößerung	Penis	Vergrößerung
Penner	pennen	er
Pennergranate	Penner	Granate
Pennewanger	Pennewang	er
Pennewangerin	Pennewanger	in
Pennsylvaniadeutsch	Pennsylvania	Deutsch
Pennäler	Pennal	er
Pentacarbonyl	penta	Carbonyl
Pentachlorid	penta	Chlorid
Pentafluorid	penta	Fluorid
Pentan	pent	an
Pentansäure	Pentan	Säure
Penten	pent	en
Pentoxid	penta	Oxid
Pentylacetat	Pentyl	Acetat
Pentylalkohol	Pentyl	Alkohol
Pentylgruppe	penta	yl	Gruppe
Peptidhormon	Peptid	Hormon
Perborat	per	Borat
Perbromsäure	per	Bromsäure
Perchlorat	per	Chlorat
Pergamentbogen	Pergament	Bogen
Perikarditis	Perikard	itis
Periodennachbar	Periode	n	Nachbar
Periodensystem	Periode	n	System
Perkolationstheorie	Perkolation	s	Theorie
Perlenhändler	Perle	n	Händler
Perlenkette	Perle	n	Kette
Perlhuhn	Perle	Huhn
Perlmuttschicht	Perlmutt	Schicht
Perlwein	perlen	Wein
Permanentmagnet	permanent	Magnet
Permanganat	per	Manganat
Peroxid	per	Oxid
Peroxid-Radikal	Peroxid	Radikal
Peroxidradikal	Peroxid	Radikal
Peroxyl-Radikal	peroxyl	Radikal
Peroxylradikal	peroxyl	Radikal
Perserkatze	Perser	Katze
Perserkriege	Perser	Kriege
Perserteppich	Perser	Teppich
Persifizierung	persifizieren	ung
Persilschein	Persil	Schein
Personalaufbau	Personal	s	Aufbau
Personalausweis	Personal	Ausweis
Personaler	Personal	er
Personalität	personal	ität
Personalpronomen	personal	Pronomen
Personalunion	personal	Union
Personalversammlung	Personal	Versammlung
Personenfreizügigkeit	Personen	Freizügigkeit
Personenkraftwagen	Person	en	Kraftwagen
Personifizierung	personifizieren	ung
Persönlichkeitsstörung	Persönlichkeit	s	Störung
Peruanerin	Peruaner	in
Perversling	pervers	ling
Pescetarierin	Pescetarier	in
Pestarzt	Pest	Arzt
Pestizid	pestis	zid
Pestwurz	Pest	Wurz
Petersburgerin	Petersburger	in
Petersiliensoße	Petersilie	Soße
Peterwagen	Peter	Wagen
Petrischale	Petri	Schale
Petzer	petzen	er
Pfaffenhofenerin	Pfaffenhofener	in
Pfalzerzherzog	Pfalz	Erzherzog
Pfalzkapelle	Pfalz	Kapelle
Pfandautomat	Pfand	Automat
Pfandbecher	Pfand	Becher
Pfandbrief	Pfand	Brief
Pfandflasche	Pfand	Flasche
Pfandgeld	Pfand	Geld
Pfandhaus	Pfand	Haus
Pfannenwender	Pfanne	n	wenden	er
Pfannkuchen	Pfanne	Kuchen
Pfarrbezirk	Pfarrer	Bezirk
Pfarrerin	Pfarrer	in
Pfarrgemeinde	Pfarre	Gemeinde
Pfarrhaus	Pfarrer	haus
Pfarrkirche	Pfarrer	Kirche
Pfauenfeder	Pfau	en	Feder
Pfauenspinne	Pfau	en	Spinne
Pfauenspinner	Pfau	en	Spinner
Pfautaube	Pfau	Taube
Pfefferkorn	Pfeffer	Korn
Pfefferkuchen	Pfeffer	Kuchen
Pfefferminzblatt	Pfefferminze	Blatt
Pfefferminze	Pfeffer	Minze
Pfefferminzgeschmack	Pfefferminze	Geschmack
Pfefferminztee	Pfefferminze	Tee
Pfefferminzöl	Pfefferminze	Öl
Pfeffermühle	Pfeffer	Mühle
Pfeffernuss	Pfeffer	Nuss
Pfeffersack	Pfeffer	Sack
Pfeifente	pfeifen	Ente
Pfeifer	pfeifen	er
Pfeiferl	Pfeife	erl
Pfeiffer	Pfeiffe	er
Pfeiffrosch	pfeifen	Frosch
Pfeifregister	pfeifen	Register
Pfeilspitze	Pfeil	Spitze
Pfeilstorch	Pfeil	Storch
Pferdeantilope	Pferd	Antilope
Pferdeapfel	Pferd	Apfel
Pferdedieb	Pferd	e	Dieb
Pferdefuß	Pferde	Fuß
Pferdegeschirr	Pferd	e	Geschirr
Pferdeherde	Pferde	Herde
Pferdeminze	Pferd	e	Minze
Pferdemist	Pferd	e	Mist
Pferdeschwanz	Pferd	Schwanz
Pferdeschweif	Pferde	Schweif
Pferdestall	Pferd	Stall
Pferdestärke	Pferd	e	Stärke
Pferdezucht	Pferd	e	Zucht
Pferdezüchter	Pferde	Züchter
Pfingstmontag	Pfingsten	Montag
Pfingstochse	Pfingsten	Ochse
Pfingstrose	Pfingsten	Rose
Pfingsttag	Pfingsten	Tag
Pfirsichbaum	Pfirsich	Baum
Pfirsichstein	Pfirsich	Stein
Pflanzenart	Pflanze	n	Art
Pflanzenfamilie	Pflanze	n	Familie
Pflanzengattung	Pflanze	n	Gattung
Pflanzengewebe	Pflanze	n	Gewebe
Pflanzensaft	Pflanze	n	Saft
Pflanzenschutz	Pflanze	Schutz
Pflanzenschutzmittel	Pflanze	Schutz	Mittel
Pflanzenspezies	Pflanze	n	Spezies
Pflanzenstoff	Pflanze	Stoff
Pflanzenwachstum	Pflanze	Wachstum
Pflanzenwespe	Pflanze	n	Wespe
Pflanzenöl	Pflanze	Öl
Pflanzer	pflanzen	er
Pflanzholz	pflanzen	Holz
Pflanzung	pflanzen	ung
Pflastermalerei	Pflaster	Malerei
Pflastermalerin	Pflastermaler	in
Pflasterstein	Pflaster	Stein
Pflaumenbaum	Pflaume	n	Baum
Pflaumensaft	Pflaume	n	Saft
Pflegeeltern	Pflege	Eltern
Pflegeheim	Pflege	Heim
Pflegemutter	Pflege	Mutter
Pflegerin	Pfleger	in
Pflegevater	Pflege	Vater
Pflegling	Pflege	ling
Pflichtbewusstsein	Pflicht	Bewusstsein
Pflichterfüllung	Pflicht	Erfüllung
Pflichtfach	Pflicht	Fach
Pflichtschule	Pflicht	Schule
Pflichtteil	Pflicht	Teil
Pflugschar	Pflug	Schar
Pflugscharbein	Pflugschar	Bein
Pforzheimer	Pforzheim	er
Pforzheimerin	Pforzheimer	in
Pfriemenkresse	Pfriem	en	Kresse
Pfropfer	pfropfen	er
Pfropfung	pfropfen	ung
Pfröpfling	pfropfen	ling
Pfuchahn	pfuch	Ahn
Pfuhlschnepfe	Pfuhl	Schnepfe
Pfundskerl	Pfund	s	Kerl
Pfuscher	pfuschen	er
Pfuschzettel	pfuschen	Zettel
Pfädchen	Pfad	chen
Pfändung	pfänden	ung
Pförtchen	Pforte	chen
Pförtner	Pforte	ner
Pfötchen	Pfote	chen
Phallusverehrung	Phallus	Verehrung
Phantasterei	Phantast	erei
Phantomaktie	Phantom	Aktie
Phantombild	Phantom	Bild
Phantomschmerz	Phantom	Schmerz
Pharyngalisierung	pharyngalisieren	ung
Phase	φαίνω	σις
Phasendiagramm	Phase	Diagramm
Phasengrenze	Phase	Grenze
Phasenkontrastmikroskopie	Phase	n	Kontrast	Mikroskopie
Phasenmesser	Phase	n	Messer
Phasenraum	Phase	n	Raum
Phasenumwandlung	Phase	Umwandlung
Phasenübergang	Phase	Übergang
Phenolphthalein	Phenol	Phthalein
Philatelist	Philatelie	ist
Philatelistin	Philatelist	in
Philippinenadler	Philippinen	Adler
Philologe	philo	loge
Philologin	Philologe	in
Philosophin	Philosoph	in
Phlogistontheorie	Phlogiston	Theorie
Phonemik	Phonem	ik
Phonetiksystem	Phonetik	System
Phonologe	Phonologie	e
Phosphatgestein	Phosphat	Gestein
Phosphatierung	phosphatieren	ung
Phosphorbombe	Phosphor	Bombe
Phosphorkreislauf	Phosphor	Kreislauf
Phosphormolybdat	Phosphor	Molybdat
Phosphornekrose	Phosphor	Nekrose
Phosphoroxid	Phosphor	Oxid
Phosphorpentachlorid	Phosphor	Pentachlorid
Phosphorpentasulfid	Phosphor	Pentasulfid
Phosphorpentoxid	Phosphor	Pentoxid
Phosphorsulfid	Phosphor	Sulfid
Phosphorsäure	Phosphor	Säure
Phosphorvergiftung	Phosphor	Vergiftung
Phosphorzyklus	Phosphor	Zyklus
Photodetektor	photo	Detektor
Photographie	Photo	graphie
Photolumineszenz	photo	Lumineszenz
Photooxidation	photo	Oxidation
Photorezeptor	Photo	Rezeptor
Phrasendrescher	Phrase	n	Drescher
Phrasenschwein	Phrase	n	Schwein
Phraseologismus	Phraseologie	ismus
Phykologie	Phyko	logie
Physiker	Physik	er
Physikerin	Physiker	in
Physiologe	physio	loge
Physiologin	Physiologe	in
Phytomedizin	phyto	Medizin
Phytoplankton	phyto	Plankton
Phytosanierung	phyto	Sanierung
Phytotomie	phyto	tomie
Pianist	Piano	ist
Pianofortist	Pianoforte	ist
Pianospieler	Piano	Spieler
Pickelhaube	Pickel	Haube
Pickerl	picken	erl
Piemontese	Piemont	ese
Piemonteser	Piemont	ese	er
Piepmatz	piepen	Matz
Piercingschmuck	Piercing	Schmuck
Pietätlosigkeit	pietätlos	igkeit
Pikass	Pik	Ass
Pikbube	Pik	Bube
Pikdame	Pik	Dame
Pikzehn	Pik	Zehn
Pilgerfahrt	Pilger	fahrt
Pilotprojekt	Pilot	Projekt
Pilzart	Pilz	Art
Pilzinfektion	Pilz	Infektion
Pilzrahmsuppe	Pilz	Rahm	Suppe
Pilzsoße	Pilz	Soße
Pilzsuppe	Pilz	Suppe
Pilzwolke	Pilz	Wolke
Pingeligkeit	pingelig	keit
Pinkelpause	pinkeln	Pause
Pinsdorferin	Pinsdorfer	in
Pinselstrich	Pinsel	Strich
Pionierin	Pionier	in
Pipimann	Pipi	Mann
Piratenflagge	Pirat	Flagge
Piratennest	Pirat	en	Nest
Piratin	Pirat	in
Pisser	pissen	er
Pissnelke	pissen	Nelke
Pizzabotin	Pizzabote	in
Pizzabäcker	Pizza	Bäcker
Pizzabäckerin	Pizzabäcker	in
Pizzamehl	Pizza	Mehl
Pizzateig	Pizza	Teig
Plackerei	placken	erei
Plagiatorin	Plagiator	in
Planetologie	Planet	ologie
Planierraupe	planieren	Raupe
Planspiel	Plan	Spiel
Plansprache	planen	Sprache
Planungsphase	Planung	s	Phase
Planwirtschaft	Plan	Wirtschaft
Plasmabegrenzung	Plasma	Begrenzung
Plasmabildschirm	Plasma	Bildschirm
Plasmabrenner	Plasma	Brenner
Plasmaphysik	Plasma	Physik
Plasmaspiegel	Plasma	Spiegel
Plastbecher	Plast	Becher
Plastbesteck	Plast	Besteck
Plastbeutel	Plast	Beutel
Plastbomber	Plast	Bomber
Plastdeckel	Plast	Deckel
Plastebecher	Plaste	Becher
Plastebehälter	Plaste	Behälter
Plastebesteck	Plaste	Besteck
Plastebeutel	Plaste	Beutel
Plastebomber	Plaste	Bomber
Plastedeckel	Plaste	Deckel
Plasteeimer	Plaste	Eimer
Plastefolie	Plaste	Folie
Plastegabel	Plaste	Gabel
Plastegehäuse	Plaste	Gehäuse
Plastegeschirr	Plaste	Geschirr
Plasteimer	Plast	Eimer
Plasteindustrie	Plaste	Industrie
Plastekrug	Plaste	Krug
Plastelöffel	Plaste	Löffel
Plastemesser	Plaste	Messer
Plasteproduktion	Plaste	Produktion
Plastepuppe	Plaste	Puppe
Plasterahmen	Plaste	Rahmen
Plasterohr	Plaste	Rohr
Plasterzeugung	Plaste	Erzeugung
Plastetasche	Plaste	Tasche
Plastetüte	Plaste	Tüte
Plastewanne	Plaste	Wanne
Plastfolie	Plast	Folie
Plastgehäuse	Plast	Gehäuse
Plastgeschirr	Plast	Geschirr
Plastikbecher	Plastik	Becher
Plastikbesteck	Plastik	Besteck
Plastikbeutel	Plastik	Beutel
Plastikeimer	Plastik	Eimer
Plastikflasche	Plastik	Flasche
Plastikgabel	Plastik	Gabel
Plastikgeschirr	Plastik	Geschirr
Plastikgäbelchen	Plastikgabel	chen
Plastiklöffel	Plastik	Löffel
Plastiklöffelchen	Plastiklöffel	chen
Plastikmesser	Plastik	Messer
Plastikmesserchen	Plastikmesser	chen
Plastikschraubverschluss	Plastik	Schraubverschluss
Plastikschwanz	Plastik	Schwanz
Plastiktasche	Plastik	Tasche
Plastikteller	Plastik	Teller
Plastiktrinkbecher	Plastik	Trinkbecher
Plastiktüte	Plastik	Tüte
Plastindustrie	Plast	Industrie
Plastlöffel	Plast	Löffel
Plastproduktion	Plast	Produktion
Plastrahmen	Plast	Rahmen
Plastrohr	Plast	Rohr
Plasttüte	Plast	Tüte
Plastwanne	Plast	Wanne
Plateaudruck	Plateau	Druck
Platinelektrode	Platin	Elektrode
Platinerz	Platin	Erz
Platinkatalysator	Platin	Katalysator
Platinmetall	Platin	Metall
Platinmetallgruppe	Platinmetall	Gruppe
Platintiegel	Platin	Tiegel
Plattbauchspinne	platt	Bauch	Spinne
Plattdeutsch	Platt	Deutsch
Plattengeschäft	Platte	n	Geschäft
Plattenspieler	Platte	Spieler
Plattfisch	platt	Fisch
Plattformökonomie	Plattform	Ökonomie
Platzangebot	Platz	Angebot
Platzangst	Platz	Angst
Platzdeckchen	Platz	Deckchen
Platzhalter	Platz	Halter
Platzierung	platzieren	ung
Platzierungsrisiko	Platzierung	s	Risiko
Platzierungszusage	Platzierung	s	Zusage
Platzkarte	Platz	Karte
Platzpatrone	platzen	Patrone
Platzregen	platzen	Regen
Platzsturm	Platz	Sturm
Platzverschwendung	Platz	Verschwendung
Platzverweis	Platz	Verweis
Platzwart	Platz	Wart
Platzwunde	platzen	Wunde
Plauderei	plaudern	ei
Plauderer	plaudern	er
Plauderin	Plauderer	in
Plaudertasche	plaudern	Tasche
Plauderton	plaudern	Ton
Plenarsaal	plenar	Saal
Plettenberger	Plettenberg	er
Pleuraerguss	Pleura	Erguss
Pluderhose	pludern	Hose
Plumpuddingmodell	Plumpudding	Modell
Pluralwort	Plural	Wort
Plusenergiehaus	plus	Energie	Haus
Pluspunkt	plus	Punkt
Pluszeichen	Plus	Zeichen
Pläne	plan	e
Plättchen	Platte	chen
Plätteisen	plätten	Eisen
Plünderer	plündern	er
Plüschdecke	Plüsch	Decke
Plüschkissen	Plüsch	Kissen
Plüschtier	Plüsch	Tier
Pobacke	Po	Backe
Pockenimpfung	Pocken	Impfung
Pockenvirus	Pocken	Virus
Podiumsdiskussion	Podium	s	Diskussion
Podiumsgespräch	Podium	s	Gespräch
Poesiealbum	Poesie	Album
Poissonzahl	Poisson	Zahl
Poker	pochen	Spiel
Polarbär	polar	Bär
Polareis	polar	Eis
Polarfuchs	polar	Fuchs
Polarkappe	polar	Kappe
Polarlicht	polar	Licht
Polarluft	polar	Luft
Polarmeer	polar	Meer
Polarnacht	polar	Nacht
Polarregion	polar	Region
Polarstern	polar	Stern
Poleis	Pol	Eis
Polentum	Pole	n	tum
Polierstahl	poliert	Stahl
Poliklinik	πόλις	Klinik
Politiker	Politik	er
Polizeiangabe	Polizei	Angabe
Polizeiauto	Polizei	Auto
Polizeibeamter	Polizei	Beamter
Polizeibeamtin	Polizei	Beamtin
Polizeibericht	Polizei	Bericht
Polizeidirektor	Polizei	Direktor
Polizeidirektorin	Polizeidirektor	in
Polizeifunk	Polizei	Funk
Polizeihund	Polizei	Hund
Polizeirevier	Polizei	Revier
Polizeischutz	Polizei	Schutz
Polizeisprecher	Polizei	Sprecher
Polizeisprecherin	Polizeisprecher	in
Polizeistaat	Polizei	Staat
Polizeistation	Polizei	Station
Polizeiwache	Polizei	Wache
Polizeiwagen	Polizei	Wagen
Polizist	Polizei	ist
Polizistenmörder	Polizist	en	Mörder
Polkappe	Pol	Kappe
Polohemd	Polo	Hemd
Poltergeist	poltern	Geist
Polterplatz	poltern	Platz
Polyamid	poly	Amid
Polyethylen	poly	Ethylen
Polymerchemie	Polymer	Chemie
Polynucleotid	poly	Nucleotid
Polyolefin	poly	Olefin
Polyphosphat	poly	Phosphat
Polypropylen	poly	Propylen
Polysilan	poly	Silan
Polysilicium	poly	Silicium
Polystickstoff	poly	Stickstoff
Polysulfan	poly	Sulfan
Polysulfid	poly	Sulfid
Polyterpen	poly	Terpen
Polyvanadat	poly	Vanadat
Pommesgeneral	Pommes	General
Pomologin	Pomologe	in
Pontonbrücke	Ponton	Brücke
Popometer	Popo	meter
Popstar	Pop	Star
Populärwissenschaft	populär	Wissenschaft
Porigkeit	porig	keit
Porling	Pore	ling
Pornodarstellerin	Pornodarsteller	in
Pornografiesucht	Pornografie	Sucht
Portfoliomanagement	Portfolio	Management
Portfoliostruktur	Portfolio	Struktur
Portfolioumsatz	Portfolio	Umsatz
Portfolioumschlag	Portfolio	Umschlag
Portiönchen	Portion	chen
Porzellanfigur	Porzellan	Figur
Porzellanvase	Porzellan	Vase
Possessivkompositum	possessiv	Kompositum
Possessivpronomen	possessiv	Pronomen
Possessivsuffix	possessiv	Suffix
Postanschrift	Post	Anschrift
Postauto	Post	Auto
Postfach	Post	Fach
Posthorn	Post	Horn
Posthornschnecke	Posthorn	Schnecke
Postkarte	Post	Karte
Postkasten	Post	Kasten
Postkutsche	Post	Kutsche
Postleitzahl	Post	leiten	Zahl
Postsack	Post	Sack
Postschließfach	Post	Schließfach
Postvagotomiesyndrom	post	Vagotomie	Syndrom
Postwertzeichen	Post	Wertzeichen
Postzusteller	Post	Zusteller
Potentialdifferenz	Potential	Differenz
Pottasche	Pott	Asche
Prachtfregattvogel	Pracht	Fregattvogel
Prachtkerl	Pracht	Kerl
Prachtkäfer	Pracht	Käfer
Prachtstaffelschwanz	Pracht	Staffelschwanz
Prachtstraße	Pracht	Straße
Prachtweib	Pracht	Weib
Pragmatiker	Pragmatik	er
Prahlerei	prahlen	erei
Prahlhans	prahlen	Hans
Praktiker	Praktik	er
Praller	prallen	er
Pralltriller	prall	Triller
Predigerin	Prediger	in
Predigtstuhl	Predigt	Stuhl
Preisanstieg	Preis	Anstieg
Preisbildung	Preis	Bildung
Preiserhöhung	Preis	Erhöhung
Preisfeststellung	Preis	Feststellung
Preisgeber	preisgeben	er
Preismechanismus	Preis	Mechanismus
Preissenkung	Preis	Senkung
Preisstabilität	Preis	Stabilität
Preistrieb	Preis	Trieb
Preisverleihung	Preis	Verleihung
Prellbock	prellen	Bock
Prellung	prellen	ung
Pressehaus	Presse	Haus
Pressekonferenz	Presse	Konferenz
Pressemitteilung	Presse	Mitteilung
Presseschau	Presse	Schau
Presseverlautbarung	Presse	Verlautbarung
Pressluft	pressen	Luft
Pressluftbohrer	Pressluft	Bohrer
Presslufthammer	Pressluft	Hammer
Pressmaschine	pressen	Maschine
Presssack	pressen	Sack
Presszange	pressen	Zange
Priesterschaft	Priester	schaft
Priestertum	Priester	tum
Primfaktor	prim	Faktor
Primfaktorzerlegung	Primfaktor	Zerlegung
Primzahl	prim	Zahl
Primzahllücke	Primzahl	Lücke
Primärberührung	primär	Berührung
Primärenergie	primär	Energie
Primärkunststoff	primär	Kunststoff
Primärmarkt	primär	Markt
Primärsektor	primär	Sektor
Prinzenmord	Prinz	en	Mord
Prinzessin	Prinzess	in
Prinzgemahl	Prinz	Gemahl
Privatangelegenheit	privat	Angelegenheit
Privatbesitz	privat	Besitz
Private-Equity-Gesellschaft	Private Equity	Gesellschaft
Privateigentum	privat	Eigentum
Privatkapital	privat	Kapital
Privatleben	privat	Leben
Privatmesse	privat	Messe
Privatpatient	privat	Patient
Privatpatientin	Privatpatient	in
Privatperson	privat	Person
Privatsache	privat	Sache
Privatstraße	privat	Straße
Privatsträßlein	Privatstraße	lein
Privatunterricht	privat	Unterricht
Privatwirtschaft	privat	Wirtschaft
Probeexemplar	Probe	Exemplar
Probefahrt	Probe	Fahrt
Probelösung	Probe	Lösung
Problematik	Problem	matik
Problemimport	Problem	Import
Problemkind	Problem	Kind
Problemlösung	Problem	Lösung
Produktionsanlage	Produktion	Anlage
Produktionskapazität	Produktion	Kapazität
Produktionsort	Produktion	Ort
Produktionsverfahren	Produktion	Verfahren
Produktivität	produktiv	ität
Produktlebenszyklus	Produkt	Leben	s	Zyklus
Produktpalette	Produkt	Palette
Produktregistrierung	Produkt	Registrierung
Produktvergleich	Produkt	Vergleich
Produzentin	Produzent	in
Professorchen	Professor	chen
Professorin	Professor	in
Professorlein	Professor	lein
Professur	Professor	ur
Profitänzer	Profi	Tänzer
Profitänzerin	Profitänzer	in
Programmierer	programmieren	er
Programmiererin	Programmierer	in
Programmierung	programmieren	ung
Projektstörung	Projekt	Störung
Propagandafälschung	Propaganda	Fälschung
Propan	prop	an
Propansäure	Propan	Säure
Propellerflugzeug	Propeller	Flugzeug
Propellerflügel	Propeller	Flügel
Propen	prop	en
Prophetengefährte	Prophet	en	Gefährte
Prophetentum	Prophet	en	tum
Prophezeiung	prophezeien	ung
Propstei	Propst	ei
Propylacetat	Propyl	Acetat
Propylalkohol	Propyl	Alkohol
Propylenoxid	Propylen	Oxid
Propylgruppe	Propyl	Gruppe
Prosopagnosie	πρόσωπον	Agnosie
Prostatakrebs	Prostata	Krebs
Prostatakrebshäufigkeit	Prostatakrebs	Häufigkeit
Proteinquelle	Protein	Quelle
Proteinsynthese	Protein	Synthese
Proteobakterie	proteo	Bakterie
Protestantismus	Protestant	ismus
Protokollführer	Protokoll	Führer
Protoneneinfang	Proton	n	Einfang
Protonengradient	Proton	n	Gradient
Protonenzahl	Proton	n	Zahl
Protostern	proto	Stern
Provinzhauptstadt	Provinz	Hauptstadt
Provinzler	Provinz	ler
Provinznest	Provinz	Nest
Provokateurin	Provokateur	in
Prozentsatz	Prozent	Satz
Prozessablauf	Prozess	Ablauf
Prozessbeobachter	Prozess	Beobachter
Prozessbeobachterin	Prozess	Beobachterin
Prozeßbeobachter	Prozeß	Beobachter
Prozeßbeobachterin	Prozeß	Beobachterin
Przewalski-Pferd	Przewalski	Pferd
Präantepänultima	prä	Antepänultima
Präarchaikum	prä	Archaikum
Prädialadel	prädial	Adel
Prädikatenlogik	Prädikat	Logik
Präfigierung	präfigieren	ung
Prägeanstalt	prägen	Anstalt
Prägung	prägen	ung
Präkambrium	prä	Kambrium
Prämiensystem	Prämie	n	System
Prämienzahlung	Prämie	n	Zahlung
Präpositionalphrase	präpositional	Phrase
Präsentation	präsentieren	ation
Präsidentenwahl	Präsident	en	Wahl
Präsidentin	Präsident	in
Präsidentschaft	Präsident	schaft
Präsidentschaftsdebatte	Präsidentschaft	s	Debatte
Präsidentschaftswahl	Präsidentschaft	s	Wahl
Präsidentschaftswahlkampf	Präsidentschaft	s	Wahlkampf
Präteritumperfekt	Präteritum	Perfekt
Präventivkrieg	präventiv	Krieg
Präventivschlag	präventiv	Schlag
Präverb	prä	Verb
Präzedenzfall	Präzedenz	Fall
Prüfbericht	prüfen	Bericht
Prüfgegenstand	prüfen	Gegenstand
Prüfstand	prüfen	Stand
Prüfsumme	prüfen	Summe
Prüfung	prüfen	ung
Prüfungstermin	Prüfung	Termin
Prügelknabe	Prügel	Knabe
Prügelperser	prügeln	Perser
Prügelstrafe	Prügel	Strafe
Pseudowissenschaft	pseudo	Wissenschaft
Psilocybin	Psilocybe	in
Psychoanalyse	psycho	Analyse
Psychogramm	psycho	gramm
Psychologe	psycho	loge
Psychologie	psycho	logie
Psychologin	Psychologe	in
Psychopathin	Psychopath	in
Psychopharmakon	psycho	Pharmakon
Psychospielchen	psycho	Spielchen
Psychotherapeutin	Psychotherapeut	in
Psychotherapie	psycho	Therapie
Pubertätswachstumsschub	Pubertät	s	Wachstumsschub
Publikumsmagnet	Publikum	Magnet
Publizistin	Publizist	in
Puddelverfahren	puddeln	Verfahren
Pudelhund	Pudel	Hund
Pudelmütze	Pudel	Mütze
Puderzucker	Puder	Zucker
Puffersystem	Puffer	System
Puffmutter	Puff	Mutter
Puffreis	puffen	Reis
Pullermann	pullern	Mann
Pulsader	Puls	Ader
Pulsretardation	Puls	Retardation
Pulsverlangsamung	Puls	Verlangsamung
Pultmikrofon	Pult	Mikrofon
Pulverfass	Pulver	Fass
Pulverform	Pulver	Form
Pulverhorn	Pulver	Horn
Pulverkaffee	Pulver	Kaffee
Pulvermetallurgie	Pulver	Metallurgie
Pulvermühle	Pulver	Mühle
Pulverturm	Pulver	Turm
Punkerin	Punker	in
Punktelieferant	Punkte	Lieferant
Punktschweißen	Punkt	Schweißen
Pupenjunge	pupen	Junge
Puppenjunge	Puppe	Junge
Puppenreich	Puppe	Reich
Puppenspieler	Puppe	n	Spieler
Puppenstube	Puppe	n	Stube
Purismus	pur	ismus
Purpurgrackel	Purpur	Grackel
Purpurkrämer	Purpur	Krämer
Purpurreiher	Purpur	Reiher
Purpurschnecke	Purpur	Schnecke
Purzelbaum	purzeln	bäumen
Pusteblume	pusten	Blume
Putenbraten	Pute	n	Braten
Putenbrust	Pute	n	Brust
Puter	Pute	er
Putschist	Putsch	ist
Putschversuch	Putsch	Versuch
Putzfetzen	putzen	Fetzen
Putzfrau	putzen	Frau
Putzigkeit	putzig	keit
Putzlappen	Putzen	Lappen
Putzlumpen	putzen	Lumpen
Putzmann	putzen	Mann
Putztuch	Putzen	Tuch
Pyramidenform	Pyramide	n	Form
Pyramidenspitze	Pyramide	n	Spitze
Pyrenäen	Pȳrēnaeus	en
Pyrolysetemperatur	Pyrolyse	Temperatur
Päckchen	Pack	chen
Pädiatrie	pädo	iatrie
Pädosexualität	pädo	Sexualität
Päpstin	Papst	in
Päuschen	Pause	chen
Pöbelherrschaft	Pöbel	Herrschaft
Püllchen	Pulle	chen
Pünktlichkeit	pünktlich	keit
Püppchen	Puppe	chen
Pürierstab	pürieren	Stab
Püsterich	pusten	rich
Quacksalberei	Quacksalber	ei
Quadratfuß	Quadrat	Fuß
Quadratmeile	Quadrat	Meile
Quadratwurzel	Quadrat	Wurzel
Qualitätsanforderung	Qualität	s	Anforderung
Qualitätswein	Qualität	s	Wein
Quantenchemie	Quanten	Chemie
Quantencomputer	Quant	n	Computer
Quanteneigenschaft	Quant	n	Eigenschaft
Quantenelektrodynamik	Quant	n	Elektrodynamik
Quantenfeldtheorie	Quant	n	Feld	Theorie
Quantenfluktuation	Quant	n	Fluktuation
Quantenmechanik	Quant	n	Mechanik
Quantenoptik	Quant	n	Optik
Quantenphysik	Quant	n	Physik
Quantenpunkt	Quant	n	Punkt
Quantensprung	Quant	n	Sprung
Quantentheorie	Quant	n	Theorie
Quantenverschränkung	Quantum	Verschränkung
Quantenzahl	Quant	n	Zahl
Quartärsektor	quartär	Sektor
Quarzglas	Quarz	Glas
Quarzkristall	Quarz	Kristall
Quarzröhrchen	Quarz	Röhrchen
Quarzsand	Quarz	Sand
Quarzstaublungenerkrankung	Quarz	Staub	Lungen	Erkrankung
Quarzuhr	Quarz	Uhr
Quasselstrippe	quasseln	Strippe
Quecksilberdampflampe	Quecksilber	Dampf	Lampe
Quecksilberelektrode	Quecksilber	Elektrode
Quecksilberlegierung	Quecksilber	Legierung
Quecksilberorganyle	Quecksilber	Organyle
Quecksilberoxid	Quecksilber	Oxid
Quecksilbersulfid	Quecksilber	Sulfid
Quecksilberverbindung	Quecksilber	Verbindung
Quellcode	Quelle	Code
Quellenangabe	Quelle	n	Angabe
Quellenführer	Quelle	n	Führer
Quellenkritik	Quelle	n	Kritik
Quellensteuer	Quelle	Steuer
Queller	quellen	er
Quellfluss	Quelle	Fluss
Quelltext	Quelle	Text
Quellwasser	Quelle	Wasser
Quengelware	quengeln	Ware
Quentchen	Quent	chen
Querbalken	quer	Balken
Quere	quer	e
Querflöte	quer	Flöte
Querformat	quer	Format
Querfront	quer	Front
Quergriff	quer	Griff
Querholz	quer	Holz
Querkopf	quer	Kopf
Querreihe	quer	Reihe
Querschießer	querschießen	er
Querschnitt	quer	Schnitt
Querschnittlähmung	Querschnitt	Lähmung
Querschnittslähmung	Querschnitt	s	Lähmung
Querschnittsstudie	Querschnitt	s	Studie
Querstreifen	quer	Streifen
Querstrich	quer	Strich
Quetschkommode	Quetsche	Kommode
Quetschung	quetschen	ung
Quetschwunde	quetschen	Wunde
Quickborn	quick	Born
Quintenzirkel	Quinte	n	Zirkel
Quirl-Malve	Quirl	Malve
Quotenkönig	Quote	König
Quotenkönigin	Quote	n	Königin
Quotenschwarze	Quote	n	Schwarze
Quotenschwarzer	Quote	n	Schwarzer
Quälerei	quälen	erei
Quälgeist	quälen	Geist
Quätschchen	Quatsch	chen
REM-Phase	REM	Phase
Rabbiner	rabinus	er
Rabengekrächze	Rabe	Gekrächze
Rabenmutter	Rabe	n	Mutter
Rabenvater	Rabe	Vater
Rachemord	Rache	Mord
Rachenlaut	Rachen	Laut
Rachgier	Rache	Gier
Rachsucht	Rache	Sucht
Rackerei	rackern	erei
Radarecho	Radar	Echo
Radarröhre	Radar	Röhre
Radeberger	Radeberg	er
Radebergerin	Radeberger	in
Radebeuler	Radebeul	er
Radebeulerin	Radebeuler	in
Radeburger	Radeburg	er
Radeburgerin	Radeburger	in
Radevormwalder	Radevormwald	er
Radevormwalderin	Radevormwalder	in
Radiergummi	radieren	Gummi
Radierung	radieren	ung
Radikalfänger	Radikal	Fänger
Radikalinski	radikal	inski
Radikalion	Radikal	Ion
Radikalkur	radikal	Kur
Radioastronomie	radio	Astronomie
Radiochemie	radio	Chemie
Radiogerät	Radio	Gerät
Radioimmuntherapie	radio	Immuntherapie
Radioisotop	radio	Isotop
Radiojodtherapie	Radiojod	Therapie
Radiokohlenstoff	radio	Kohlenstoff
Radiokohlenstoffmethode	Radiokohlenstoff	Methode
Radionuklid	radio	Nuklid
Radionuklidtherapie	Radionuklid	Therapie
Radiorekorder	Radio	Rekorder
Radiosender	Radio	Sender
Radiostimme	Radio	Stimme
Radiosynoviorthese	radio	Synoviorthese
Radiotherapie	radio	Therapie
Radkappe	Rad	Kappe
Radlader	Rad	Lader
Radlermaß	Radler	Maß
Radnabe	Rad	Nabe
Radrennen	Rad	Rennen
Radrennfahrer	Rad	Rennfahrer
Radsatz	Rad	Satz
Radschlag	Rad	Schlag
Radsport	Rad	Sport
Radstand	Rad	Stand
Radsturz	Rad	Sturz
Radwechsel	Rad	Wechsel
Radweg	Rad	Weg
Raffgier	raffen	Gier
Raffinerieproduktion	Raffinerie	Produktion
Raffsucht	raffen	sucht
Raffzahn	raffen	Zahn
Rahmenbedingung	Rahmen	Bedingung
Rahsegel	Rah	Segel
Rainfarn	Rain	Farn
Raketenabschussrampe	Rakete	n	Abschussrampe
Raketendüse	Rakete	n	Düse
Raketenjagdpanzer	Raketen	Jagdpanzer
Raketenkreuzer	Rakete	Kreuzer
Raketenpanzerbüchse	Rakete	n	Panzerbüchse
Raketenrucksack	Rakete	n	Rucksack
Raketentechnik	Rakete	Technik
Raketentestgelände	Raketentest	Gelände
Raketentreibstoff	Rakete	Treibstoff
Raketentriebwerk	Rakete	n	Triebwerk
Raketenwaffe	Rakete	n	Waffe
Raketenwerfer	Rakete	n	Werfer
Rammbock	rammen	Bock
Rammler	rammeln	er
Rampenlicht	Rampe	n	Licht
Ramschanleihe	Ramsch	Anleihe
Ramschladen	Ramsch	Laden
Ramschniveau	Ramsch	Niveau
Ramschtisch	Ramsch	Tisch
Randader	Rand	Ader
Randbauer	Rand	Bauer
Randfigur	Rand	Figur
Randgebiet	Rand	Gebiet
Randmeer	Rand	Meer
Randnotiz	Rand	Notiz
Randnummer	Rand	Nummer
Randschrift	Rand	Schrift
Randstreifen	Rand	Streifen
Randthema	Rand	Thema
Randziffer	Rand	Ziffer
Rangierbahnhof	rangieren	Bahnhof
Ranzenkrebs	Ranzen	Krebs
Ranzigkeit	ranzig	keit
Rapssaat	Raps	Saat
Rasenfläche	Rasen	Fläche
Rasenmäher	Rasen	Mäher
Rasenpflege	Rasen	Pflege
Rasenspiel	Rasen	Spiel
Rasenstück	Rasen	Stück
Raser	rasen	er
Rasierapparat	rasieren	Apparat
Rasierer	rasieren	er
Rasierklinge	rasieren	Klinge
Rasiermesser	rasieren	Messer
Rasierpinsel	rasieren	Pinsel
Rasierschaum	rasieren	Schaum
Rasierstift	rasieren	Stift
Rasierwasser	rasieren	Wasser
Rassenchaos	Rasse	Chaos
Rassenfrage	Rasse	Frage
Rassenhygiene	Rasse	Hygiene
Rassenkreis	Rasse	n	Kreis
Rassenkunde	Rasse	n	kunde
Rassenpflege	Rasse	Pflege
Rassenschande	Rasse	Schande
Rassetaube	Rasse	Taube
Rassismus	Rasse	ismus
Rassist	Rasse	ist
Rastanlage	Rast	Anlage
Rasterkraftmikroskop	Rasterkraft	Mikroskop
Rasthof	Rast	Hof
Rastplatz	Rast	Platz
Ratgeber	Rat	Geber
Ratgeberbuch	Ratgeber	Buch
Rathaus	Rat	Haus
Rathaustreppe	Rathaus	Treppe
Ratifikationsprozess	Ratifikation	Prozess
Ratifizierungsprozess	Ratifizierung	s	Prozess
Ratingerin	Ratinger	in
Rationalitätsprinzip	Rationalität	s	Prinzip
Ratschluss	Rat	Schluss
Ratskeller	Rathaus	s	Keller
Rattenfänger	Ratte	n	Fänger
Rattengift	Ratte	Gift
Rattenkönig	Ratte	n	König
Rattennest	Ratten	Nest
Ratzefummel	ratzen	fummeln
Raubbau	Raub	Bau
Raubdruck	Raub	Druck
Raubfisch	Raub	Fisch
Raubkatze	rauben	Katze
Raubkopie	Raub	Kopie
Raubkunst	rauben	Kunst
Raubmord	Raub	Mord
Raubmörder	Raub	Mörder
Raubritter	Raub	Ritter
Raubspinne	Raub	Spinne
Raubvogel	Raub	Vogel
Raubwanze	Raub	Wanze
Raubwürger	Raub	Würger
Raubzug	rauben	Zug
Raubüberfall	rauben	Überfall
Rauchbier	rauchen	Bier
Raucher	rauchen	er
Raucherin	Raucher	in
Raucherpause	Raucher	Pause
Rauchfahne	Rauch	Fahne
Rauchfang	Rauch	Fang
Rauchfangkehrer	Rauchfang	Kehrer
Rauchglas	Rauch	Glas
Rauchquarz	Rauch	Quarz
Rauchschicht	Rauch	Schicht
Rauchschwalbe	Rauch	Schwalbe
Rauchware	Rauch	Ware
Rauchwerk	räuchen	Werk
Rauchwolke	Rauch	Wolke
Rauchzeichen	Rauch	Zeichen
Raufasertapete	Raufaser	Tapete
Rauferei	raufen	erei
Raufußbussard	rau	Fuß	Bussard
Raufußhuhn	rau	Fuß	Huhn
Rauleder	rau	Leder
Raumangst	Raum	Angst
Raumanzug	Raum	Anzug
Raumaufteilung	Raum	Aufteilung
Raumbeleuchtung	Raum	Beleuchtung
Raumdeckung	Raum	Deckung
Raumfahrerin	Raumfahrer	in
Raumfahrtbehörde	Raumfahrt	Behörde
Raumfahrttechnik	Raumfahrt	Technik
Raumfahrzeug	Raum	Fahrzeug
Raumfähre	Raum	Fähre
Raumgestaltung	Raum	Gestaltung
Raumgruppe	Raum	Gruppe
Rauminhalt	Raum	Inhalt
Raumkapsel	Raum	Kapsel
Raumklang	Raum	Klang
Raumklima	Raum	Klima
Raumlehre	Raum	Lehre
Raumluft	Raum	Luft
Raummaß	Raum	Maß
Raummeter	Raum	Meter
Raumnot	Raum	Not
Raumschiff	Raum	Schiff
Raumtemperatur	Raum	Temperatur
Raumzeit	Raum	Zeit
Raupenfliege	Raupen	Fliege
Raupenleim	Raupen	leim
Raureif	rau	Reif
Rauschgift	Rausch	Gift
Rauschgiftdezernat	Rauschgift	Dezernat
Rauschgold	rauschen	Gold
Rauschmittel	Rausch	Mittel
Rauschzustand	Rausch	Zustand
Rausschmeisserin	Rausschmeisser	in
Rausschmeißerin	Rausschmeißer	in
Rautezeichen	Raute	Zeichen
Ravensburger	Ravensburg	er
Ravensburgerin	Ravensburger	in
Reaktionismus	Reaktion	ismus
Reaktionsbildung	Reaktion	s	Bildung
Reaktionsfreudigkeit	reaktionsfreudig	keit
Reaktionsfähigkeit	Reaktion	Fähigkeit
Reaktionsgeschwindigkeit	Reaktion	s	Geschwindigkeit
Reaktionsgleichung	Reaktion	Gleichung
Reaktionsmechanismus	Reaktion	Mechanismus
Reaktionsprodukt	Reaktion	Produkt
Reaktionsträgheit	Reaktion	Trägheit
Reaktionsweg	Reaktion	Weg
Reaktionswärme	Reaktion	Wärme
Reaktivierer	reaktivieren	er
Reaktorbau	Reaktor	Bau
Reaktortechnik	Reaktor	Technik
Reaktorunfall	Reaktor	Unfall
Realencyclopädie	real	Encyclopädie
Realgymnasium	real	Gymnasium
Realisierung	realisieren	ung
Realist	real	ist
Realitätsverweigerung	Realität	s	Verweigerung
Reallohn	real	Lohn
Reallohnsenkung	real	Lohn	s	Senkung
Reallohnsteigerung	real	Lohn	s	Steigerung
Reallohnverlust	real	Lohn	Verlust
Reallohnzuwachs	Real	Lohn	Zuwachs
Realo	Realpolitiker	o
Realpolitik	real	Politik
Realpräsenz	real	Präsenz
Realsatire	real	Satire
Realschule	real	Schule
Realsozialismus	real	Sozialismus
Realwert	real	Wert
Realwörterbuch	real	Wörterbuch
Reanalyse	re	Analyse
Rebberg	Rebe	Berg
Rebstock	Rebe	Stock
Rechenaufgabe	rechnen	Aufgabe
Rechenfehler	rechnen	Fehler
Rechenkunst	rechnen	Kunst
Rechenverfahren	rechnen	Verfahren
Rechner	rechnen	er
Rechnung	rechnen	ung
Rechnungshof	Rechnung	s	Hof
Recht haben	Recht	haben
Rechtfertigung	rechtfertigen	ung
Rechtleitung	Recht	Leitung
Rechtler	Recht	ler
Rechtsanspruch	Recht	Anspruch
Rechtsanwalt	Recht	s	Anwalt
Rechtsanwältin	Rechtsanwalt	in
Rechtsberatung	Recht	s	Beratung
Rechtsbeugung	Recht	s	Beugung
Rechtsbruch	Recht	s	Bruch
Rechtschreibfehler	Rechtschreibung	Fehler
Rechtschreibprüfung	Rechtschreiben	Prüfung
Rechtschreibreform	Rechtschreibung	Reform
Rechtsfolge	Recht	s	Folge
Rechtsgang	Recht	s	Gang
Rechtsgelehrter	Recht	s	Gelehrter
Rechtsgeschäft	Recht	s	Geschäft
Rechtsgrundlage	Recht	Grundlage
Rechtsinstitut	Recht	s	Institut
Rechtskraft	Recht	s	Kraft
Rechtskreis	Recht	Kreis
Rechtslage	Recht	s	Lage
Rechtsmedizin	Recht	s	Medizin
Rechtsmediziner	Rechtsmedizin	er
Rechtsnorm	Recht	s	Norm
Rechtsprechung	Recht	sprechen	ung
Rechtsreferendarin	Rechtsreferendar	in
Rechtsruck	rechts	Ruck
Rechtsschutzversicherung	Rechts	Schutz	Versicherung
Rechtsschutzversicherungsgesellschaft	Rechtsschutzversicherung	s	Gesellschaft
Rechtssprichwort	Recht	s	Sprichwort
Rechtsstaatlichkeit	Rechtsstaat	lich	keit
Rechtsstreit	Recht	s	Streit
Rechtstreue	Recht	Treue
Rechtsverhältnis	Recht	s	Verhältnis
Rechtsverkehr	rechts	Verkehr
Rechtsvorschrift	Recht	Vorschrift
Rechtswesen	Recht	s	Wesen
Rechtswidrigkeit	rechtswidrig	keit
Rechtswissenschaft	Recht	s	Wissenschaft
Rechtsänderung	Recht	Änderung
Redaktorin	Redaktor	in
Redebeitrag	Rede	Beitrag
Redefreiheit	Rede	Freiheit
Redekunst	Rede	Kunst
Redensart	Reden	s	Art
Redepult	Rede	Pult
Redeschwall	Rede	Schwall
Redeteil	Rede	Teil
Redewendung	Rede	Wendung
Redlichkeit	redlich	keit
Redner	reden	n	er
Rednerin	Redner	in
Rednerpult	Redner	Pult
Reduktionsmittel	Reduktion	Mittel
Reduktionsofen	Reduktion	Ofen
Reduktionsvokal	Reduktion	Vokal
Reduzierung	reduzieren	ung
Reeder	Reede	er
Reederei	Reeder	ei
Reeper	Reep	er
Reeperbahn	Reeper	Bahn
Reerdigung	reerdigen	ung
Reetdach	Reet	Dach
Referendarin	Referendar	in
Referenzelektrode	Referenz	Elektrode
Referenzpreis	Referenz	Preis
Referenzschuldner	Referenz	Schuldner
Referenzwert	Referenz	Wert
Referenzzinssatz	Referenz	Zinssatz
Reflexionsgrad	Reflexion	Grad
Reflexionsvermögen	Reflexion	Vermögen
Reformesperanto	Reform	Esperanto
Regalbrett	Regal	Brett
Regelblutung	Regel	Blutung
Regelfall	Regel	Fall
Regelmäßigkeit	regelmäßig	keit
Regelsatz	Regel	Satz
Regelstab	Regel	Stab
Regelstudienzeit	Regel	Studienzeit
Regelwerk	Regel	Werk
Regenbildung	Regen	Bildung
Regenbogen	Regen	Bogen
Regenbogenboa	Regenbogen	Boa
Regenbogeneffekt	Regenbogen	Effekt
Regenbogenfahne	Regenbogen	Fahne
Regenbogenfamilie	Regenbogen	Familie
Regenbogenfarbe	Regenbogen	Farbe
Regenbogenfarben	Regenbogen	Farben
Regenbogenfisch	Regenbogen	Fisch
Regenbogenforelle	Regenbogen	Forelle
Regenbogenhaut	Regenbogen	Haut
Regenbogenkind	Regenbogen	Kind
Regenbogenpresse	Regenbogen	Presse
Regenbogenreporter	Regenbogen	Reporter
Regenbogenschüsselchen	Regenbogen	Schüsselchen
Regenbogentrikot	Regenbogen	Trikot
Regenerierung	regenerieren	ung
Regenfall	Regen	Fall
Regenfront	Regen	Front
Regenguss	Regen	Guss
Regenjacke	Regen	Jacke
Regenmacher	Regen	Macher
Regenpfeifer	Regen	Pfeifer
Regenrinne	Regen	Rinne
Regensburgerin	Regensburger	in
Regenschauer	Regen	Schauer
Regenschirm	Regen	Schirm
Regenspaß	Regen	Spaß
Regentag	Regen	Tag
Regentropfen	Regen	Tropfen
Regenwahrscheinlichkeit	Regen	Wahrscheinlichkeit
Regenwald	Regen	Wald
Regenwasser	Regen	Wasser
Regenwasserfass	Regenwasser	Fass
Regenwetter	Regen	Wetter
Regenwolke	Regen	Wolke
Regenwurm	Regen	Wurm
Regenzeit	Regen	Zeit
Regierungsarbeit	Regierung	Arbeit
Regierungsbeschluss	Regierung	s	Beschluss
Regierungsbezirk	Regierung	s	Bezirk
Regierungsbüro	Regierung	Büro
Regierungschefin	Regierungschef	in
Regierungsfahrzeug	Regierung	s	Fahrzeug
Regierungsgeschäfte	Regierung	s	Geschäfte
Regierungsgewalt	Regierung	Gewalt
Regierungspräsidium	Regierung	s	Präsidium
Regierungsrat	Regierung	Rat
Regierungssitz	Regierung	s	Sitz
Regierungsvertreter	Regierung	s	Vertreter
Regierungsvertreterin	Regierungsvertreter	in
Regionalbahn	regional	Bahn
Registerwechsel	Register	Wechsel
Registrierkasse	registrieren	Kasse
Regler	regeln	er
Reglosigkeit	reglos	igkeit
Regulationsstörung	Regulation	Störung
Regulierung	regulieren	ung
Regung	regen	ung
Rehauge	Reh	Auge
Rehbock	Reh	Bock
Rehbraten	Reh	Braten
Rehkitz	Reh	Kitz
Rehmagen	Reh	Magen
Reibe	reiben	e
Reibelaut	reiben	Laut
Reibung	reiben	ung
Reibungskoeffizient	Reibung	Koeffizient
Reicharabien	reich	Arabien
Reichenauer	Reichenau	er
Reichenauerin	Reichenauer	in
Reichenbacher	Reichenbach	er
Reichenbacherin	Reichenbacher	in
Reichenberger	Reichenberg	er
Reichenbergerin	Reichenberger	in
Reichenfelser	Reichenfels	er
Reichenfelserin	Reichenfelser	in
Reichenhallerin	Reichenhaller	in
Reichensteiner	Reichenstein	er
Reichensteinerin	Reichensteiner	in
Reichenthaler	Reichenthal	er
Reichenthalerin	Reichenthaler	in
Reichersberger	Reichersberg	er
Reichersbergerin	Reichersberger	in
Reichsacht	Reich	s	Acht
Reichsadler	Reich	s	Adler
Reichsanstalt	Reich	Anstalt
Reichsapfel	Reich	s	Apfel
Reichsaramäisch	Reich	Aramäisch
Reichsbürger	Reich	s	Bürger
Reichsbürgerbewegung	Reichsbürger	Bewegung
Reichsdeutscher	Reich	s	Deutscher
Reichsfürst	Reich	s	Fürst
Reichsheini	Reich	s	Heini
Reichshofrat	Reich	Hofrat
Reichsjude	Reich	s	Jude
Reichskammergericht	Reich	s	Kammergericht
Reichsmark	Reich	s	Mark
Reichsmarschall	Reich	s	Marschall
Reichsparteitag	Reich	s	Parteitag
Reichspfennig	Reich	s	Pfennig
Reichsstand	Reich	s	Stand
Reichstürkisch	Reich	Türkisch
Reichsunmittelbarkeit	Reich	s	Unmittelbarkeit
Reichtum	reich	tum
Reif-Weide	Reif	Weide
Reife	reifen	e
Reifenpanne	Reifen	Panne
Reifenwechsel	Reifen	Wechsel
Reifeprüfung	Reife	Prüfung
Reifrock	Reif	Rock
Reifungsretardierung	Reifung	s	Retardierung
Reihenfolge	Reihe	Folge
Reihenhaus	Reihe	n	Haus
Reiherente	Reiher	Ente
Reinelement	Rein	Element
Reinform	rein	Form
Reingewinn	rein	Gewinn
Reinheit	rein	heit
Reinheitsgebot	Reinheit	Gebot
Reinheitsgrad	Reinheit	Grad
Reinigkeit	reinig	keit
Reinigung	reinigen	ung
Reinigungsmittel	Reinigung	s	Mittel
Reinigungstuch	Reinigung	s	Tuch
Reinigungsvalidierung	Reinigung	Validierung
Reinkultur	rein	Kultur
Reinlichkeit	reinlich	keit
Reinstoff	rein	Stoff
Reinvermögen	rein	Vermögen
Reisanbau	Reis	Anbau
Reiseagentur	Reise	Agentur
Reiseandenken	Reise	Andenken
Reiseaufwendung	Reise	Aufwendung
Reisebericht	Reise	Bericht
Reisebroschüre	Reise	Broschüre
Reisebus	Reise	Bus
Reisebüro	Reise	Büro
Reisefieber	Reise	Fieber
Reiseführer	Reise	Führer
Reisegepäckversicherung	Reise	Gepäck	Versicherung
Reisegeschwindigkeit	Reise	Geschwindigkeit
Reisekader	Reise	Kader
Reisekönigtum	Reise	Königtum
Reiseleiter	Reise	Leiter
Reiseprospekt	Reise	Prospekt
Reisetasche	reisen	Tasche
Reiseveranstalter	Reise	Veranstalter
Reiseversicherung	Reise	Versicherung
Reisewarnung	Reise	Warnung
Reisezeit	Reise	Zeit
Reiseziel	Reise	Ziel
Reisfeld	Reis	Feld
Reisfresser	Reis	Fresser
Reiskorn	Reis	Korn
Reismehl	Reis	Mehl
Reisnudel	Reis	Nudel
Reisproduzent	Reis	Produzent
Reiswaffel	Reis	Waffel
Reiterschwert	Reiter	Schwert
Reiterstaffel	Reiter	Staffel
Reiterstellung	Reiter	Stellung
Reitpferd	reiten	Pferd
Reitschule	reiten	Schule
Reittier	reiten	Tier
Reizbarkeit	reizbar	keit
Reizdarm	reizen	Darm
Reizdarmsyndrom	Reizdarm	Syndrom
Reizfaktor	Reiz	Faktor
Reizleitung	Reiz	Leitung
Reizwäsche	reizen	Wäsche
Reizüberflutung	Reiz	Überflutung
Reißbrett	reißen	Brett
Reißer	reißen	er
Reißleine	reißen	Leine
Reißnagel	reißen	Nagel
Reißzahn	reißen	Zahn
Reißzwecke	reißen	Zwecke
Rekapillarisationszeit	Rekapillarisation	s	Zeit
Reklamespot	Reklame	Spot
Reklametafel	Reklame	Tafel
Rekombination	re	Kombination
Rekonstruierer	rekonstruieren	er
Rekordarbeitslosigkeit	Rekord	Arbeitslosigkeit
Rekordstand	Rekord	Stand
Rekordwert	Rekord	Wert
Rekristallisation	re	Kristallisation
Rekrutierung	rekrutieren	ung
Rekrutierungsbüro	Rekrutierung	s	Büro
Rektionskompositum	Rektion	s	Kompositum
Rektorat	Rektor	at
Rekultivierung	re	Kultivierung
Relaiskontakt	Relais	Kontakt
Relativierer	relativieren	er
Relativierung	relativieren	ung
Relativitätsprinzip	Relativität	s	Prinzip
Relativitätstheorie	Relativität	s	Theorie
Reliefpfeiler	Relief	Pfeiler
Religionsfreiheit	Religion	Freiheit
Religionswissenschaft	Religion	s	Wissenschaft
Reliquienschrein	Reliquie	Schrein
Remscheider	Remscheid	er
Remscheiderin	Remscheider	in
Renditeobjekt	Rendite	Objekt
Renke	Rīn	anke
Rennerin	Renner	in
Rennmaus	rennen	Maus
Rennofen	rennen	Ofen
Rennrad	rennen	Rad
Rennradfahrer	Rennrad	Fahrer
Rennradfahrerin	Rennradfahrer	in
Renovierung	renovieren	ung
Rentenexperte	Rente	n	Experte
Rentenfonds	Rente	n	Fonds
Rentenmark	Rente	n	Mark
Rentenversicherung	Rente	n	Versicherung
Rentier	Ren	Tier
Rentiergeweih	Rentier	Geweih
Rentnerin	Rentner	in
Repariererin	Reparierer	in
Reportage	Report	age
Reporterin	Reporter	in
Reproduktionsmedizin	Reproduktion	s	Medizin
Reproduktionszahl	Reproduktion	s	Zahl
Repräsentantenhaus	Repräsentant	en	Haus
Republikflucht	Republik	Flucht
Republikflüchtling	Republik	Flüchtling
Requiemhai	Requiem	Hai
Requirierung	requirieren	ung
Reservistin	Reservist	in
Residenz	residieren	enz
Resonanzwirkung	Resonanz	Wirkung
Resonatorgitarre	Resonator	Gitarre
Respektabstand	Respekt	Abstand
Ressourcenknappheit	Ressource	Knappheit
Ressourcenmanagement	Ressource	n	Management
Ressourcenorientierung	Ressource	Orientierung
Ressourcensicherheit	Ressource	n	Sicherheit
Restaurierung	restaurieren	ung
Restbestand	Rest	Bestand
Restbetrag	Rest	Betrag
Restfeuchte	Rest	Feuchte
Restposten	Rest	Posten
Reststoff	Rest	Stoff
Retardkapsel	Retard	Kapsel
Retardtablette	Retard	Tablette
Retardzubereitung	Retard	Zubereitung
Retourkutsche	retour	Kutsche
Rettungsgasse	Rettung	s	Gasse
Rettungsinsel	Rettung	s	Insel
Rettungsschiff	Rettung	s	Schiff
Revierkampf	Revier	Kampf
Revisionsgericht	Revision	s	Gericht
Revisionsurteil	Revision	s	Urteil
Revolutionsgarde	Revolution	s	Garde
Revolverheld	Revolver	Held
Revolverheldin	Revolverheld	in
Reykjaviker	Reykjavik	er
Rheinbacher	Rheinbach	er
Rheinbacherin	Rheinbacher	in
Rheinberg	Rhein	Berg
Rheinland	Rhein	Land
Rheinland-Pfälzer	Rheinland-Pfalz	er
Rheinmetropole	Rhein	Metropole
Rheinstadt	Rhein	Stadt
Rheintal	Rhein	Tal
Rheniumdiborid	Rhenium	Borid
Rheologie	rheo	logie
Rhesusaffe	rhésus	Affe
Rhesusfaktor	Rhesus	Faktor
Rhetoriker	Rhetorik	er
Rhetorikerin	Rhetoriker	in
Rhinitis	rhino	itis
Rhizosphäre	rhizo	Sphäre
Rhodiumfolie	Rhodium	Folie
Rhodiumhydroxid	Rhodium	Hydroxid
Rhodiumlegierung	Rhodium	Legierung
Rhodiummineral	Rhodium	Mineral
Rhodiumoxid	Rhodium	Oxid
Rhodiumsulfat	Rhodium	Sulfat
Rhodiumverbindung	Rhodium	Verbindung
Rhomboid	Rhombus	oid
Rhythmusstörung	Rhythmus	Störung
Ribiselkuchen	Ribisel	Kuchen
Ribonucleotid	ribo	Nucleotid
Ribonukleinsäure	ribo	Nukleinsäure
Richtblock	richten	Block
Richterschaft	Richter	schaft
Richterspruch	Richter	Spruch
Richtigkeit	richtig	keit
Richtlinie	richten	Linie
Richtschnur	richten	Schnur
Rickenbacher	Rickenbach	er
Rickenbacherin	Rickenbacher	in
Riechkolben	riechen	Kolben
Riechsalz	riechen	Salz
Riechstoff	riechen	Stoff
Riesenalk	riesen	Alk
Riesengalago	riesen	Galago
Riesengarnele	riesen	Garnele
Riesenhunger	riesen	Hunger
Riesenkalmar	riesen	Kalmar
Riesenkrabbenspinne	riesen	Krabbenspinne
Riesenkrake	Riese	n	Krake
Riesenkäfer	riesen	Käfer
Riesenplanet	riesen	Planet
Riesenrad	riesen	Rad
Riesenschildkröte	riesen	Schildkröte
Riesenslalom	Riese	n	Slalom
Riesenspaß	riesen	Spaß
Riesenstern	riesen	Stern
Riesentier	riesen	Tier
Riesentorlauf	Riese	n	Torlauf
Riesenweib	riesen	Weib
Riesenwelle	riesen	Welle
Riffelung	riffeln	ung
Rinderbraten	Rind	Braten
Rinderdieb	Rind	er	Dieb
Rinderfilet	Rind	er	Filet
Rinderhack	Rind	Hackfleisch
Rinderherde	Rinder	Herde
Rindermast	Rind	er	Mast
Rinderpest	Rind	er	Pest
Rinderwahn	Rinder	Wahn
Rinderzucht	Rind	er	Zucht
Rindfleisch	Rind	Fleisch
Rindfleischetikettierungsüberwachungsaufgabenübertragungsgesetz	Rindfleisch	Etikettierung	s	Überwachung	s	Aufgabe	Übertragung	s
Rindfleischsuppe	Rindfleisch	Suppe
Rindvieh	Rind	Vieh
Ringautobahn	Autobahn	Ring
Ringbuch	Ring	Buch
Ringdrossel	Ring	Drossel
Ringel	Ring	el
Ringelblume	Ringel	Blume
Ringelschleiche	Ringel	schleichen
Ringelspiel	Ringel	Spiel
Ringeltaube	ringeln	Taube
Ringelwühle	Ringel	wühlen
Ringer	ringen	er
Ringerl	Ring	erl
Ringfinger	Ring	Finger
Ringkämpfer	Ring	Kämpfer
Ringspezies	Ring	Spezies
Ringstruktur	Ring	Struktur
Ringverein	Ring	Verein
Ringwall	Ring	Wall
Ringöffnung	Ring	Öffnung
Rinnsal	rinnen	sal
Rippenfraktur	Rippe	n	Fraktur
Rippenqualle	Rippe	n	Qualle
Rippenstück	Rippe	n	Stück
Risikoabsicherung	Risiko	Absicherung
Risikoanalyse	Risiko	Analyse
Risikobewertung	Risiko	Bewertung
Risikoexposition	Risiko	Exposition
Risikofaktor	Risiko	Faktor
Risikogruppe	Risiko	Gruppe
Risikokapital	Risiko	Kapital
Risikokapitalfinanzierung	Risikokapital	Finanzierung
Risikokapitalgeber	Risiko	Kapital	Geber
Risikokapitalgesellschaft	Risiko	Kapital	Gesellschaft
Risikostreuung	Risiko	Streuung
Risikovorsorge	Risiko	Vorsorge
Risswunde	Riss	Wunde
Ritter	reiten	er
Ritterburg	Ritter	Burg
Ritterfalter	Ritter	Falter
Rittergut	Ritter	Gut
Ritterorden	Ritter	Orden
Rittersaal	Ritter	Saal
Ritterschaft	Ritter	schaft
Ritterschlag	Ritter	Schlag
Rittersitz	Ritter	Sitz
Rittersporn	Ritter	Sporn
Ritterstand	Ritter	Stand
Rittertum	Ritter	tum
Rittmeister	Ritt	Meister
Roboter	roboten	er
Rochade	rochieren	ade
Roermond	Rur	Mund
Roggenbrot	Roggen	Brot
Roggenfeld	Roggen	Feld
Roggenkorn	Roggen	Korn
Roggenmehl	Roggen	Mehl
Roggenvollkornbrot	Roggen	Vollkornbrot
Rohbau	roh	Bau
Rohblei	roh	Blei
Roheisen	roh	Eisen
Rohheit	roh	heit
Rohling	roh	ling
Rohprodukt	roh	Produkt
Rohrbacher	Rohrbach	er
Rohrbacherin	Rohrbacher	in
Rohrbombe	Rohr	Bombe
Rohrbruch	Rohr	Bruch
Rohrdommel	röhren	Dommel
Rohrkatze	Rohr	Katze
Rohrkolben	Rohr	Kolben
Rohrkrepierer	Rohr	krepieren	er
Rohrleitung	Rohr	Leitung
Rohrmoser	Rohrmoos	er
Rohrstock	Rohr	Stock
Rohrzange	Rohr	Zange
Rohsilber	roh	Silber
Rohstahl	roh	Stahl
Rohstoffanteil	Rohstoff	Anteil
Rohstoffbörse	Rohstoff	Börse
Rohstofffonds	Rohstoff	s	Fonds
Rohstoffgewinnung	Rohstoff	Gewinnung
Rohstoffhandel	Rohstoff	Handel
Rohstoffknappheit	Rohstoff	Knappheit
Rohstoffmarkt	Rohstoff	Markt
Rohstoffsektor	Rohstoff	Sektor
Rohstoffsicherheit	Rohstoff	Sicherheit
Rohstoffverarbeitung	Rohstoff	Verarbeitung
Rohstoffversorgung	Rohstoff	Versorgung
Rohzustand	roh	Zustand
Rokokoschloss	Rokoko	Schloss
Rollassel	rollen	Assel
Rollenmarke	Rolle	n	Marke
Roller	rollen	er
Rollfähre	rollen	Fähre
Rollgabelschlüssel	Rolle	Gabelschlüssel
Rolli	rollen	i
Rollladen	rollen	Laden
Rollmops	rollen	Mops
Rollpastete	rollen	Pastete
Rollstuhl	rollen	Stuhl
Rollstuhlfahrer	Rollstuhl	Fahrer
Rolltreppe	rollen	Treppe
Romanisierung	romanisieren	ung
Romanist	rōmānus	ist
Romanistin	Romanist	in
Romanschriftsteller	Roman	Schriftsteller
Romanschriftstellerin	Romanschriftsteller	in
Romantiker	Romantik	er
Rosafärbung	rosa	Färbung
Rosegger	Rosegg	er
Roseggerin	Rosegger	in
Rosenberger	Rosenberg	er
Rosenbergerin	Rosenberger	in
Rosenfeld	Rosen	Feld
Rosenfelder	Rosenfeld	er
Rosenfelderin	Rosenfelder	in
Rosengarten	Rose	n	Garten
Rosenheimer	Rosenheim	er
Rosenheimerin	Rosenheimer	in
Rosenkohl	Rose	n	Kohl
Rosenkopfpapagei	Rose	n	Kopf	Papagei
Rosenkranz	Rose	n	Kranz
Rosenkrieg	Rosen	Krieg
Rosenkäfer	Rose	n	Käfer
Rosenmontag	Rose	Montag
Rosenquarz	Rose	Quarz
Rosenthaler	Rosenthal	er
Rosenthalerin	Rosenthaler	in
Rosinenbomber	Rosine	n	Bomber
Rosinenbrot	Rosine	n	Brot
Rosinenkuchen	Rosine	n	Kuchen
Rosinenkuchenmodell	Rosinenkuchen	Modell
Rosinenkuchenrezept	Rosinenkuchen	Rezept
Rosinenpicken	Rosine	picken
Rosskastanie	Ross	Kastanie
Rostbraten	Rost	Braten
Rostkatze	Rost	Katze
Rostockerin	Rostocker	in
Rostschutz	Rost	Schutz
Rostschutzmittel	Rostschutz	Mittel
Rotaprint	rota	print
Rotauge	rot	Auge
Rotbarsch	rot	Barsch
Rotbauchara	rot	Bauch	Ara
Rotbauchmeise	rot	Bauch	Meise
Rotbauchsittich	rot	Bauch	Sittich
Rotbleierz	rot	Blei	Erz
Rotblütige Wucherblume	rotblütig	Wucherblume
Rotbrustmeise	rot	Brust	Meise
Rotbugara	rot	Bug	Ara
Rotdrossel	rot	Drossel
Roteisenstein	rot	Eisen	Stein
Rotenberger	Rotenberg	er
Rotenbergerin	Rotenberger	in
Rotenburger	Rotenburg	er
Rotenburgerin	Rotenburger	in
Rotfuchs	rot	Fuchs
Rotfußralle	rot	Fuß	Ralle
Rotfärbung	rot	Färbung
Rotglut	rot	Glut
Rotguss	rot	Guss
Rothaut	rot	Haut
Rothenburger	Rothenburg	er
Rothenburgerin	Rothenburger	in
Rothkopf	roth	Kopf
Rothstein	roth	Stein
Rothuhn	rot	Huhn
Rotkardinal	rot	Kardinal
Rotkehlchen	rot	Kehle	chen
Rotkohl	rot	Kohl
Rotkäppchen	rot	Kappe	chen
Rotluchs	rot	Luchs
Rotohrara	rot	Ohr	Ara
Rotphase	rot	Phase
Rotpunktvisier	rot	Punkt	Visier
Rotrückenara	rot	Rücken	Ara
Rotrückenbussard	rot	Rücken	Bussard
Rotrückenmeise	rot	Rücken	Meise
Rotrückenwürger	rot	Rücken	Würger
Rotscheitelreiher	Rot	Scheitel	Reiher
Rotschenkel	rot	Schenkel
Rotschopf	rot	Schopf
Rotschulterbussard	rot	Schulter	Bussard
Rotschwanz	rot	Schwanz
Rotschwanzsittich	rot	Schwanz	Sittich
Rotspiegelamazone	rot	Spiegel	Amazone
Rotstift	rot	Stift
Rottenburger	Rottenburg	er
Rottenburgerin	Rottenburger	in
Rotterdamerin	Rotterdamer	in
Rottweiler	Rottweil	er
Rottweilerin	Rottweiler	in
Rotverschiebung	Rot	Verschiebung
Rotwein	rot	Wein
Rotzbengel	Rotz	Bengel
Rotzigkeit	rotzig	keit
Rotzinkerz	rot	Zink	Erz
Rotznase	Rotz	Nase
Rotzügelsittich	rot	Zügel	Sittich
Roßbacher	Roßbach	er
Roßbacherin	Roßbacher	in
Roßlebener	Roßleben	er
Roßlebenerin	Roßlebener	in
Rubbellos	rubbeln	Los
Rubidiumacetat	Rubidium	Acetat
Rubidiumazid	Rubidium	Azid
Rubidiumbromat	Rubidium	Bromat
Rubidiumbromid	Rubidium	Bromid
Rubidiumchlorat	Rubidium	Chlorat
Rubidiumchlorid	Rubidium	Chlorid
Rubidiumchromat	Rubidium	Chromat
Rubidiumdichromat	Rubidium	Dichromat
Rubidiumdithionat	Rubidium	Dithionat
Rubidiumfluorid	Rubidium	Fluorid
Rubidiumformiat	Rubidium	Formiat
Rubidiumhydrid	Rubidium	Hydrid
Rubidiumhydroxid	Rubidium	Hydroxid
Rubidiumiodat	Rubidium	Iodat
Rubidiumiodid	Rubidium	Iodid
Rubidiumisotop	Rubidium	Isotop
Rubidiumnitrat	Rubidium	Nitrat
Rubidiumoxid	Rubidium	Oxid
Rubidiumozonid	Rubidium	Ozonid
Rubidiumpentaborat	Rubidium	Pentaborat
Rubidiumperchlorat	Rubidium	Perchlorat
Rubidiumperiodat	Rubidium	Periodat
Rubidiumperoxid	Rubidium	Peroxid
Rubidiumselenid	Rubidium	Selenid
Rubidiumsulfat	Rubidium	Sulfat
Rubidiumuhr	Rubidium	Uhr
Rubidiumverbindung	Rubidium	Verbindung
Ruchlosigkeit	ruchlos	igkeit
Rucksack	Rücken	Sack
Ruckänderung	Ruck	Änderung
Rudelbildung	Rudel	Bildung
Ruderer	rudern	er
Ruderfrosch	Ruder	Frosch
Ruderwettkampf	rudern	Wettkampf
Ruderwettkämpfer	Ruderwettkampf	er
Ruderwettkämpferin	Ruderwettkämpfer	in
Rudität	rüde	ität
Ruffall	rufen	Fall
Rufmord	Ruf	Mord
Rufname	rufen	Name
Rufnummer	Ruf	Nummer
Rufzeichen	Ruf	Zeichen
Ruheenergie	Ruhe	Energie
Ruhelosigkeit	ruhelos	ig	keit
Ruhemasse	ruhen	Masse
Ruheplatz	Ruhe	Platz
Ruhepol	Ruhe	Pol
Ruhepotential	Ruhe	Potential
Ruhestörung	Ruhe	Störung
Ruhetag	Ruhe	Tag
Ruhezustand	Ruhe	Zustand
Ruhmeshalle	Ruhm	es	Halle
Ruhmsucht	Ruhm	Sucht
Ruhrpott	Ruhr	Pott
Rumpelfußball	rumpeln	Fußball
Rumpfwort	Rumpf	Wort
Rumschmeisserin	Rumschmeisser	in
Rumschmeißerin	Rumschmeißer	in
Rundablage	rund	Ablage
Rundbau	rund	Bau
Rundbogen	rund	Bogen
Rundbrief	rund	Brief
Rundfahrt	rund	Fahrt
Rundflug	rund	Flug
Rundfunk	rund	Funk
Rundfunkanstalt	Rundfunk	Anstalt
Rundfunkberichterstatter	Rundfunk	Berichterstatter
Rundfunkberichterstatterin	Rundfunkberichterstatter	in
Rundfunkberichterstattung	Rundfunk	Berichterstattung
Rundfunkgebühr	Rundfunk	Gebühr
Rundfunkgerät	Rundfunk	Gerät
Rundfunkorchester	Rundfunk	Orchester
Rundfunksender	Rundfunk	Sender
Rundfunksendung	Rundfunk	Sendung
Rundgotisch	rund	Gotisch
Rundlauf	rund	Lauf
Rundordner	rund	Ordner
Rundreise	rund	Reise
Rundschreiben	rund	Schreiben
Rundumkennleuchte	rundum	Kennleuchte
Rundumschlag	rundum	Schlag
Runenschrift	Rune	Schrift
Runkelrübe	Runkel	Rübe
Runterwürger	runterwürgen	er
Rusinin	Rusine	in
Russenbrot	Russe	n	Brot
Russenfeind	Russe	n	Feind
Russenfeindin	Russen	Feindin
Russenhass	Russe	n	Hass
Russenmagazin	Russen	Magazin
Russenstusser	Russe	n	Stuss	er
Russischsprecher	Russisch	Sprecher
Russland-Hass	Russland	Hass
Rutengänger	Rute	n	Gänger
Rutengängerin	Rutengänger	in
Rutheniumhalogenid	Ruthenium	Halogenid
Rutheniumkatalysator	Ruthenium	Katalysator
Rutheniumkomplex	Ruthenium	Komplex
Rutheniumverbindung	Ruthenium	Verbindung
Rutilstruktur	Rutil	Struktur
Rutschbahn	rutschen	Bahn
Rutschblock	rutschen	Block
Rußland-Haß	Rußland	Haß
Rußpartikel	Ruß	Partikel
Rächer	rächen	er
Rächerin	Rächer	in
Ränkchen	Ranke	chen
Ränkeschmied	Ränke	Schmied
Ränkespiel	Rank	e	Spiel
Räterepublik	Rat	e	Republik
Räuber	rauben	er
Räucherei	räuchern	erei
Räucherlachs	räuchern	Lachs
Räucherwerk	räuchern	Werk
Räumte	raum	te
Räumung	räumen	ung
Röggelchen	Roggen	elchen
Röhrchen	Röhre	chen
Röhrenblüte	Röhre	n	Blüte
Röhrenspinne	Röhre	Spinne
Röhrenvogelspinne	Röhre	n	Vogelspinne
Röllchen	Roll	chen
Römertum	Römer	tum
Römerzeit	Römer	Zeit
Römhilderin	Römhilder	in
Röntgenaufnahme	Röntgen	Aufnahme
Röntgenbild	Röntgen	Bild
Röntgencomputertomographie	Röntgen	Computertomographie
Röntgendiagnostik	Röntgen	Diagnostik
Röntgenfilm	Röntgen	Film
Röntgenfluoreszenz	Röntgen	Fluoreszenz
Röntgenfluoreszenzanalyse	Röntgenfluoreszenz	Analyse
Röntgenkristallographie	Röntgen	Kristallographie
Röntgenmammographie	Röntgen	Mammographie
Röntgenmetallographie	Röntgen	Metallographie
Röntgenphotographie	Röntgen	Photographie
Röntgenpraxis	Röntgen	Praxis
Röntgenröhre	Röntgen	Röhre
Röntgenspektrographie	Röntgen	Spektrographie
Röntgenspektrum	Röntgen	Spektrum
Röntgenstrahl	Röntgen	Strahl
Röntgenstrahlung	Röntgen	Strahlung
Röntgenuntersuchung	Röntgen	Untersuchung
Röschen	Rose	chen
Rösschen	Ross	chen
Röstigraben	Rösti	Graben
Röte	rot	e
Rötelschwalbe	Rötel	Schwalbe
Rötung	röten	ung
Rübsen	Rübe	Samen
Rückbau	rück	Bau
Rückbesinnung	rückbesinnen	ung
Rückbildung	rück	Bildung
Rückblende	rück	Blende
Rückblick	rück	Blick
Rückendeckung	Rücken	Deckung
Rückenlage	Rücken	Lage
Rückenlehne	Rücken	Lehne
Rückenmark	Rücken	Mark
Rückenschmerz	Rücken	Schmerz
Rückenschwimmen	Rücken	Schwimmen
Rückenwind	Rücken	Wind
Rückeroberung	rück	Eroberung
Rückfahrkarte	rück	Fahrkarte
Rückfall	rück	Fall
Rückflug	rück	Flug
Rückführung	rück	Führung
Rückgabe	rück	Gabe
Rückgang	rück	Gang
Rückgewinnung	rück	Gewinnung
Rückgrat	rück	Grat
Rückhand	rück	Hand
Rückkauf	rück	Kauf
Rückkehr	rück	Kehr
Rückkehrer	zurückkehren	er
Rückkehrerin	Rückkehrer	in
Rückkopplung	rück	Kopplung
Rücklage	rück	Lage
Rücklagenbildung	Rücklage	n	Bildung
Rücklauf	rück	Lauf
Rücklicht	rück	Licht
Rückmeldung	rück	melden	ung
Rückreise	rück	Reise
Rückruf	rück	Ruf
Rückschau	rück	Schau
Rückschlag	rück	Schlag
Rückschluss	rück	Schluss
Rückseite	rück	Seite
Rücksicht	rück	Sicht
Rücksichtslosigkeit	rücksichtslos	igkeit
Rücksitz	rück	Sitz
Rückspiegel	rück	Spiegel
Rückspiel	rück	Spiel
Rücksprache	rück	Sprache
Rücksprung	rück	Sprung
Rückstand	rück	Stand
Rückstoß	rück	Stoß
Rückstrahler	rück	Strahler
Rücktitration	rück	Titration
Rücktritt	rück	Tritt
Rücktrittbremse	Rücktritt	Bremse
Rücktrittsbremse	Rücktritt	s	Bremse
Rückumlaut	rück	Umlaut
Rückumschlag	rück	Umschlag
Rückversicherer	rückversichern	er
Rückweg	rück	Weg
Rückwurf	rück	Wurf
Rückwärtsfahrer	rückwärtsfahren	er
Rückwärtsgang	rückwärts	Gang
Rückzieher	zurückziehen	er
Rückzug	rück	Zug
Rückzugsort	Rückzug	s	Ort
Rücküberweisung	rück	Überweisung
Rüdesheimer	Rüdesheim	er
Rüdesheimerin	Rüdesheimer	in
Rüdheit	rüde	heit
Rüganer	Rügen	aner
Rührei	rühren	Ei
Rührgerät	rühren	Gerät
Rührmaschine	rühren	Maschine
Rüsselkäfer	Rüssel	Käfer
Rüsselzünsler	Rüssel	Zünsler
Rüsttag	rüsten	Tag
Rüstung	rüsten	ung
Rüstungsindustrie	Rüstung	s	Industrie
Rüstungsproduktion	Rüstung	Produktion
Rüstzeug	rüsten	Zeug
SPDler	SPD	ler
SPler	SP	ler
SSler	SS	ler
SVPler	SVP	ler
Saalkirche	Saal	Kirche
Saarbrücker	Saarbrücken	er
Saarland	Saar	Land
Saat-Wucherblume	Saat	Wucherblume
Saatkartoffel	Saat	Kartoffel
Saatkorn	Saat	Korn
Saatkrähe	Saat	Krähe
Sabbattag	Sabbat	Tag
Sachausschüttung	Sache	Ausschüttung
Sachbegriff	Sache	Begriff
Sachbuch	Sache	Buch
Sachdividende	Sache	Dividende
Sachertorte	Sacher	Torte
Sachliteratur	Sache	Literatur
Sachsenschlächter	Sachse	n	Schlächter
Sachverhalt	Sache	Verhalt
Sachvermögen	Sache	Vermögen
Sachverstand	Sache	Verstand
Sachwalter	Sache	Walter
Sachwalterschaft	Sachwalter	schaft
Sachwert	Sache	Wert
Sackbahnhof	Sack	Bahnhof
Sackerl	Sack	erl
Sackgesicht	Sack	Gesicht
Sackleinen	Sack	Leinen
Sackloch	Sack	Loch
Sackmesser	Sack	Messer
Sackratte	Sack	Ratte
Sacksahne	Sack	Sahne
Sadduzäerin	Sadduzäer	in
Safawide	صَفَوِيّ	ide
Saftpresse	Saft	Presse
Saftschubse	Saft	schubsen	e
Sagengestalt	Sage	n	Gestalt
Sager	sagen	er
Sahnebutter	Sahne	Butter
Sahnehäubchen	Sahne	Häubchen
Saibling	Salm	ling
Saiteninstrument	Saite	n	Instrument
Saitenwurst	Saite	Wurst
Salakpalme	Salak	Palme
Salamischeibe	Salami	Scheibe
Salamitaktik	Salami	Taktik
Salatbar	Salat	Bar
Salatbesteck	Salat	Besteck
Salatgabel	Salat	Gabel
Salatgurke	Salat	Gurke
Salatlöffel	Salat	Löffel
Salatmarinade	Salat	Marinade
Salatmesser	Salat	Messer
Salatsauce	Salat	Sauce
Salatschleuder	Salat	Schleuder
Salatschüssel	Salat	Schüssel
Salatteller	Salat	Teller
Salbeiblatt	Salbei	Blatt
Salbeitee	Salbei	Tee
Salbung	salben	ung
Saldierer	saldieren	er
Salicylsäure	Salicyl	Säure
Salmannsweilerin	Salmannsweiler	in
Salomonenralle	Salomonen	Ralle
Salpetererde	Salpeter	Erde
Salpetersäure	Salpeter	Säure
Salpetersäureherstellung	Salpetersäure	Herstellung
Salzbergwerk	Salz	Bergwerk
Salzbildung	Salz	Bildung
Salzgestein	Salz	Gestein
Salzgletscher	Salz	Gletscher
Salzgurke	Salz	Gurke
Salzkartoffel	Salz	Kartoffel
Salzkorn	Salz	Korn
Salzlagerstätte	Salz	Lagerstätte
Salzlake	Salz	Lake
Salzlöffel	Salz	Löffel
Salzlösung	Salz	Lösung
Salzmine	Salz	Mine
Salzschmelze	Salz	Schmelze
Salzsee	Salz	See
Salzsole	Salz	Sole
Salzstangel	Salzstange	el
Salzstangerl	Salzstange	erl
Salzsäure	Salz	Säure
Salzteig	Salz	Teig
Salzwasser	Salz	Wasser
Salzwasserfisch	Salzwasser	Fisch
Salzwiese	Salz	Wiese
Sambatänzer	Samba	Tänzer
Sambatänzerin	Sambatänzer	in
Samenbank	Samen	Bank
Samenerguss	Samen	Erguss
Samenleiter	Samen	Leiter
Samenspender	Samen	Spender
Sammelbegriff	sammeln	Begriff
Sammelbehälter	sammeln	Behälter
Sammelname	sammeln	Name
Sammelwut	sammeln	Wut
Sammelzahlwort	sammeln	Zahlwort
Sammlung	sammeln	ung
Samoaner	Samoa	er
Samoanerin	Samoaner	in
Samstagmorgen	Samstag	Morgen
Samtdecke	Samt	Decke
Samtente	Samt	Ente
Samtgemeinde	samt	Gemeinde
Samthandschuh	Samt	Handschuh
Samtpfötchen	Samt	Pfötchen
Samtvorhang	Samt	Vorhang
Samuraischwert	Samurai	Schwert
Sandberg	Sand	Berg
Sandboden	Sand	Boden
Sander	Sand	er
Sanderling	Sand	ling
Sandfelchen	Sand	Felchen
Sandfilter	Sand	Filter
Sandfloh	Sand	Floh
Sandguss	Sand	Guss
Sandkasten	Sand	Kasten
Sandkastenfreund	Sandkasten	Freund
Sandkatze	Sand	Katze
Sandkorn	Sand	Korn
Sandlaufkäfer	Sand	Laufkäfer
Sandlerche	Sand	Lerche
Sandmann	Sand	Mann
Sandmeer	Sand	Meer
Sandmännchen	Sandmann	chen
Sandpapier	Sand	Papier
Sandschicht	Sand	Schicht
Sandstein	Sand	Stein
Sandstrand	Sand	Strand
Sandsturm	Sand	Sturm
Sanduhr	Sand	Uhr
Sandweilerin	Sandweiler	in
Sandwichtoaster	Sandwich	Toaster
Sanftmut	sanft	Mut
Sanftmütigkeit	sanftmütig	keit
Sangerhausener	Sangerhausen	er
Sangerhausenerin	Sangerhausener	in
Sanguiniker	sanguinisch	er
Sanierungsfinanzierung	Sanierung	s	Finanzierung
Sanitäter	Sanität	er
Sanitätsartikel	Sanität	s	Artikel
Sanitätsauto	Sanität	s	Auto
Sanitätsdienst	Sanität	s	Dienst
Sanitätsdienstgrad	Sanität	s	Dienstgrad
Sanitätsfahrzeug	Sanität	s	Fahrzeug
Sanitätsoffizier	Sanität	s	Offizier
Sanitätstruppe	Sanität	Truppe
Sanitätswagen	Sanität	s	Wagen
Sanitätswesen	Sanität	s	wesen
Sankt Goarshausen	Sankt	Goar	s	hausen
Sankt Goarshausenerin	Sankt Goarshausener	in
Sankt Joachimsthal	Sankt	Joachim	s	Thal
Sankt Joachimsthaler	Sankt Joachimsthal	er
Sankt Joachimsthalerin	Sankt Joachimsthaler	in
Sankt Petersburger	Sankt Petersburg	er
Sankt Petersburgerin	Sankt Petersburger	in
Sankt Veit	Sankt	Veit
Sankt Vith	Sankt	Vitus
Sankt-Nimmerleins-Tag	Sankt Nimmerlein	s	Tag
Sanktionsbeschluss	Sanktion	s	Beschluss
Sanktionspaket	Sanktion	s	Paket
Sansibarer	Sansibar	er
Sargnagel	Sarg	Nagel
Saskatchewaner	Saskatchewan	er
Satanismus	Satan	ismus
Satanist	Satan	ist
Satansbraten	Satan	s	Braten
Satellitenschüssel	Satellit	en	Schüssel
Saterlied	Sater/sater	Lied
Sattelgurt	Sattel	Gurt
Sattelmacher	Sattel	Macher
Sattelpunkt	Sattel	Punkt
Satteltasche	Sattel	Tasche
Sattelzugmaschine	Sattel	Zugmaschine
Satzanfang	Satz	Anfang
Satzaussage	Satz	Aussage
Satzbau	Satz	Bau
Satzbauplan	Satz	Bauplan
Satzbruch	Satz	Bruch
Satzende	Satz	Ende
Satzgegenstand	Satz	Gegenstand
Satzkonstruktion	Satz	Konstruktion
Satzlehre	Satz	Lehre
Satzmitte	Satz	Mitte
Satzzeichen	Satz	Zeichen
Saubeidl	sau	Beidl
Sauberfrau	sauber	Frau
Sauberkeit	sauber	keit
Saubermann	sauber	Mann
Saubohne	Sau	Bohne
Saubär	Sau	Bär
Saucenkanne	Sauce	n	Kanne
Saudi-Araber	Saudi	Araber
Saudi-Araberin	Saudi-Araber	in
Saudin	Saudi	in
Sauerampfer	sauer	Ampfer
Sauerkirsche	sauer	Kirsche
Sauerkraut	sauer	Kraut
Sauerstoffanreicherung	Sauerstoff	Anreicherung
Sauerstoffanteil	Sauerstoff	Anteil
Sauerstoffatom	Sauerstoff	Atom
Sauerstoffdifluorid	Sauerstoff	Difluorid
Sauerstoffdruck	Sauerstoff	Druck
Sauerstoffflasche	Sauerstoff	Flasche
Sauerstoffgehalt	Sauerstoff	Gehalt
Sauerstoffion	Sauerstoff	Ion
Sauerstoffisotop	Sauerstoff	Isotop
Sauerstoffkonzentration	Sauerstoff	Konzentration
Sauerstoffkreislauf	Sauerstoff	Kreislauf
Sauerstofflanze	Sauerstoff	Lanze
Sauerstoffmangel	Sauerstoff	Mangel
Sauerstoffmaske	Sauerstoff	Maske
Sauerstoffpartialdruck	Sauerstoff	Partialdruck
Sauerstoffspur	Sauerstoff	Spur
Sauerstoffsäure	Sauerstoff	Säure
Sauerstofftank	Sauerstoff	Tank
Sauerstoffverbindung	Sauerstoff	Verbindung
Sauerstoffversorgung	Sauerstoff	Versorgung
Sauerstoffzufuhr	Sauerstoff	Zufuhr
Sauerteig	sauer	Teig
Sauerwein	sauer	Wein
Sauferei	saufen	erei
Saufgelage	saufen	Gelage
Saugfläche	saugen	Fläche
Saugglocke	saugen	Glocke
Saugnapf	saugen	Napf
Saugrohr	saugen	Rohr
Saugstelle	saugen	Stelle
Saugwurm	saugen	Wurm
Sauhaufen	Sau	Haufen
Saujude	Sau	Jude
Saumpfad	Saum	Pfad
Sauregurkenzeit	sauer	Gurke	Zeit
Saustall	Sau	Stall
Saxophonist	Saxophon	ist
Saxophonistin	Saxophonist	in
Scandiumbromid	Scandium	Bromid
Scandiumchlorid	Scandium	Chlorid
Scandiumfluorid	Scandium	Fluorid
Scandiumgruppe	Scandium	Gruppe
Scandiumiodid	Scandium	Iodid
Scandiumnitrat	Scandium	Nitrat
Scandiumoxid	Scandium	Oxid
Scandiumsulfat	Scandium	Sulfat
Scanner	scannen	er
Schabeisen	schaben	Eisen
Schabkunst	schaben	Kunst
Schabmesser	schaben	Messer
Schabrackentapir	Schabracke	Tapir
Schabsel	schaben	sel
Schabtechnik	schaben	Technik
Schachfigur	Schach	Figur
Schachstein	Schach	Stein
Schachtelhalm	Schachtel	Halm
Schachtelsatz	Schachtel	Satz
Schachtelwirt	Schachtel	Wirt
Schachtofen	Schacht	Ofen
Schachuhr	Schach	Uhr
Schachweltmeister	Schach	Weltmeister
Schachzug	Schach	Zug
Schadenbegrenzung	Schaden	Begrenzung
Schadenfreude	Schaden	Freude
Schadensbegrenzung	Schaden	s	Begrenzung
Schadensmeldung	Schaden	s	Meldung
Schadenswahrscheinlichkeit	Schaden	s	Wahrscheinlichkeit
Schafbock	Schaf	Bock
Schafehüten	Schafe	Hüten
Schaffell	Schaf	Fell
Schaffenskraft	Schaffen	s	Kraft
Schaffensphase	Schaffen	s	Phase
Schaffleisch	Schaf	Fleisch
Schaffnerin	Schaffner	in
Schafgarbe	Schaf	Garbe
Schafherde	Schaf	Herde
Schafhirte	Schaf	Hirte
Schafhorde	Schaf	Horde
Schaftrift	Schaf	Trift
Schafzucht	Schaf	Zucht
Schalenmodell	Schale	Modell
Schalentier	Schale	n	Tier
Schallgeschwindigkeit	Schall	Geschwindigkeit
Schallmauer	Schall	Mauer
Schallwelle	Schall	Welle
Schalter	schalten	er
Schalthebel	Schalter	Hebel
Schaltpult	schalten	Pult
Schaltsekunde	schalten	Sekunde
Schaltstelle	schalten	Stelle
Schalttafel	schalten	Tafel
Schaltwerk	schalten	Werk
Schaltzentrale	schalten	Zentrale
Schalömchen	Schalom	chen
Schambehaarung	Scham	Behaarung
Schambein	Scham	Bein
Schamentzündung	Scham	Entzündung
Schamgefühl	Scham	Gefühl
Schamgegend	Scham	Gegend
Schamhaar	Scham	Haar
Schamhügel	Scham	Hügel
Schamkapsel	Scham	Kapsel
Schamlosigkeit	schamlos	igkeit
Schamröte	Scham	Röte
Schandblatt	Schande	Blatt
Schandfleck	Schande	Fleck
Schandgeige	Schande	Geige
Schandmantel	Schande	Mantel
Schandmaul	Schande	Maul
Schandpfahl	Schande	Pfahl
Schanigarten	Schani	Garten
Schankraum	Schank	Raum
Schanktisch	Schank	Tisch
Scharbockskraut	Scharbock	Kraut
Scharfschütze	scharf	Schütze
Scharfschützin	Scharfschütze	in
Scharfsinn	scharf	Sinn
Scharlachara	Scharlach	Ara
Scharlachfieber	Scharlach	Fieber
Scharlachkardinal	Scharlach	Kardinal
Schattenregierung	Schatten	Regierung
Schattenseite	Schatten	Seite
Schattenspiel	Schatten	Spiel
Schattenwurf	Schatten	Wurf
Schatzkarte	Schatz	Karte
Schatzmeister	Schatz	Meister
Schatzsuche	Schatz	Suche
Schaubrot	Schau	Brot
Schaubühne	Schau	Bühne
Schauer	schauen	er
Schaufelbagger	Schaufel	Bagger
Schaufenster	schauen	Fenster
Schaufensterauslage	Schaufenster	Auslage
Schaufensterbummel	Schaufenster	Bummel
Schaufensterfigur	Schaufenster	Figur
Schaufensterpuppe	Schaufenster	Puppe
Schaufensterscheibe	Schaufenster	Scheibe
Schaukelbrett	Schaukel	Brett
Schaukelpferd	Schaukel	Pferd
Schaukelstuhl	schaukeln	Stuhl
Schaulust	schauen	Lust
Schaumbildung	Schaum	Bildung
Schaumblase	Schaum	Blase
Schaumbläschen	Schaumblase	chen
Schaumfestiger	Schaum	Festiger
Schaumgold	Schaum	Gold
Schaumgummi	Schaum	Gummi
Schaumkraut	Schaum	Kraut
Schaumkrone	Schaum	Krone
Schaumkunststoff	Schaum	Kunststoff
Schaumlöffel	Schaum	Löffel
Schaumschläger	Schaum	Schläger
Schaumstoff	Schaum	Stoff
Schaumwein	Schaum	Wein
Schaumzikade	Schaum	Zikade
Schauplatz	Schau	Platz
Schauprozess	Schau	Prozess
Schauraum	Schau	Raum
Schauspiel	Schau	Spiel
Schauspielerei	Schauspieler	ei
Schauspielerin	Schauspieler	in
Scheckbetrüger	Scheck	Betrüger
Scheckbuch	Scheck	Buch
Scheckfälscher	Scheck	Fälscher
Scheckfälscherin	Scheckfälscher	in
Scheelsucht	scheel	Sucht
Scheibchen	Scheibe	chen
Scheibenberger	Scheibenberg	er
Scheibenbergerin	Scheibenberger	in
Scheibenhonig	Scheibe	n	Honig
Scheibenkleister	Scheibe	n	Kleister
Scheiblettenkäse	Scheiblette	n	Käse
Scheibtruhe	scheiben	Truhe
Scheidemünze	scheiden	Münze
Scheidenflüssigkeit	Scheide	n	Flüssigkeit
Scheinanglizismus	scheinen/Schein	Anglizismus
Scheinbockkäfer	Schein	Bockkäfer
Scheinbuche	scheinen	Buche
Scheinehe	Schein	Ehe
Scheingericht	Schein	Gericht
Scheinlogik	Schein	Logik
Scheitelpunkt	Scheitel	Punkt
Scheiterhaufen	Scheit	er	Haufen
Scheitholz	Scheit	Holz
Scheißdreck	scheiß	Dreck
Scheißeficker	Scheiße	Ficker
Scheißerchen	Scheißer	chen
Scheißewurst	Scheiße	Wurst
Scheißhaufen	Scheiße	Haufen
Scheißhausfliege	Scheißhaus	Fliege
Scheißhausfotze	Scheißhaus	Fotze
Scheißhausratte	Scheißhaus	Ratte
Scheißhäuschen	Scheißhaus	chen
Scheißkind	Scheiße	Kind
Scheltwort	Schelte	Wort
Schengen-Raum	Schengen	Raum
Schenkelklopfer	Schenkel	Klopfer
Schenkelpracker	Schenkel	Pracker
Scherbenbild	Scherben	Bild
Scherbengericht	Scherbe	n	Gericht
Scherbenhaufen	Scherben	Haufen
Scherbrett	scheren	Brett
Scherenschleifer	Schere	n	Schleifer
Scherenschnitt	Schere	n	Schnitt
Schererei	scheren	erei
Scherkraft	scheren	Kraft
Schermesser	scheren	Messer
Schermodul	scheren	Modul
Scherspannung	scheren	Spannung
Scherung	scheren	ung
Scherwinkel	scheren	Winkel
Scherzartikel	Scherz	Artikel
Scherzboldin	Scherzbold	in
Scherzel	Scherz	l
Scheuerleiste	scheuern	Leiste
Scheuklappe	scheuen	Klappe
Scheunentor	Scheune	n	Tor
Scheusal	scheuen	sal
Schichtdicke	Schicht	Dicke
Schichtstruktur	Schicht	Struktur
Schicksal	schicken	sal
Schicksalsgemeinschaft	Schicksal	s	Gemeinschaft
Schicksalsgöttin	Schicksal	Göttin
Schicksalsschlag	Schicksal	s	Schlag
Schicksalstag	Schicksal	s	Tag
Schiebedach	schieben	Dach
Schiebetür	schieben	Tür
Schiebung	schieben	ung
Schiedsrichterin	Schiedsrichter	in
Schiedsspruch	scheiden	s	Spruch
Schiefertafel	Schiefer	Tafel
Schieferöl	Schiefer	Öl
Schieflage	schief	Lage
Schienbein	Schiene	Bein
Schienbeinschoner	Schienbein	Schoner
Schienenersatzverkehr	Schiene	n	Ersatz	Verkehr
Schienenfahrzeug	Schienen	Fahrzeug
Schienenseilbahn	Schiene	n	Seilbahn
Schierlingsbecher	Schierling	Becher
Schießbefehl	schießen	Befehl
Schießer	schießen	er
Schießerei	schießen	erei
Schießgewehr	schießen	Gewehr
Schießpulver	schießen	Pulver
Schiffbarkeit	schiffbar	keit
Schiffbau	Schiff	Bau
Schiffbruch	Schiff	Bruch
Schifffahrt	Schiff	Fahrt
Schiffshebewerk	Schiff	Hebewerk
Schiffskörper	Schiff	Körper
Schiffsunfall	Schiff	s	Unfall
Schiffsunglück	Schiff	s	Unglück
Schigebiet	Schi	Gebiet
Schilanglauf	Schi	lang	Lauf
Schildbürger	Schild	Bürger
Schildbürgerstreich	Schildbürger	Streich
Schilddrüse	Schild	Drüse
Schilddrüsenhormon	Schilddrüse	Hormon
Schilddrüsenkrebs	Schilddrüse	n	Krebs
Schilddrüsenunterfunktion	Schilddrüse	Unterfunktion
Schilderung	schildern	ung
Schilderwald	Schild	er	Wald
Schildknorpel	Schild	Knorpel
Schildlaus	Schild	Laus
Schildwache	Schild	Wache
Schilfmeer	Schilf	Meer
Schilfrohr	Schilf	Rohr
Schillerfalter	schillern	Falter
Schimmelkäse	Schimmel	Käse
Schimmelpilz	Schimmel	Pilz
Schimmelpimmel	Schimmel	Pimmel
Schimpfname	schimpfen	Name
Schimpfwort	schimpfen	Wort
Schinder	schinden	er
Schinderei	schinden	erei
Schindlerjude	Schindler	Jude
Schinkenbrot	Schinken	Brot
Schinkenscheibe	Schinken	Scheibe
Schirmherr	Schirm	Herr
Schirmherrschaft	Schirmherr	schaft
Schirmmütze	Schirm	Mütze
Schirmständer	Schirm	Ständer
Schlachtfeld	Schlacht	Feld
Schlachthaus	schlachten	Haus
Schlachthof	schlachten	Hof
Schlachtordnung	Schlacht	Ordnung
Schlachtplan	Schlacht	Plan
Schlachtung	schlachten	ung
Schlackenlosigkeit	schlackenlos	ig	keit
Schlafanzug	schlafen	Anzug
Schlafenszeit	schlafen	s	Zeit
Schlafentzug	Schlaf	Entzug
Schlafgemach	Schlaf	Gemach
Schlafhaube	schlafen	Haube
Schlafittchen	schlagen	Fittich
Schlafkrankheit	Schlaf	Krankheit
Schlaflied	Schlaf	Lied
Schlaflosigkeit	Schlaf	los	ig	keit
Schlafmittel	Schlaf	Mittel
Schlafmohn	Schlaf	Mohn
Schlafmütze	schlafen	Mütze
Schlafphase	Schlaf	Phase
Schlafqualität	Schlaf	Qualität
Schlafraum	Schlaf	Raum
Schlafrock	Schlaf	Rock
Schlafsaal	schlafen	Saal
Schlafsack	Schlaf	Sack
Schlafschaf	Schlaf	Schaf
Schlafstadt	Schlaf	Stadt
Schlafstörung	schlafen	Störung
Schlaftablette	schlafen	Tablette
Schlaftrunk	Schlaf	Trunk
Schlafwagen	Schlaf	Wagen
Schlafwandler	Schlaf	wandeln	er
Schlafzimmeraugen	Schlafzimmer	Augen
Schlafzustand	Schlaf	Zustand
Schlagabtausch	Schlag	Abtausch
Schlagbaum	schlagen	Baum
Schlagbolzen	schlagen	Bolzen
Schlager	schlagen	er
Schlagkraft	Schlag	Kraft
Schlagloch	Schlag	Loch
Schlagobers	Schlag	Obers
Schlagring	Schlag	Ring
Schlagschrauber	Schlag	Schrauber
Schlagstock	schlagen	Stock
Schlagvolumen	Schlag	Volumen
Schlagwort	Schlag	Wort
Schlagzeile	Schlag	Zeile
Schlagzeilenstil	Schlagzeile	n	Stil
Schlagzeug	schlagen	Zeug
Schlagzeugerin	Schlagzeuger	in
Schlagzeugspielerin	Schlagzeugspieler	in
Schlagzähigkeit	Schlag	Zähigkeit
Schlammperiode	Schlamm	Periode
Schlammschicht	Schlamm	Schicht
Schlammschlacht	Schlamm	Schlacht
Schlammteufel	Schlamm	Teufel
Schlampenficker	Schlampen	Ficker
Schlampenfotze	Schlampe	Fotze
Schlampensau	Schlampe	Sau
Schlangengurke	Schlange	n	Gurke
Schlangenhalsvogel	Schlange	n	Hals	Vogel
Schlangennest	Schlange	n	Nest
Schlangenstein	Schlange	Stein
Schlankheit	schlank	heit
Schlapphut	schlapp	Hut
Schlappschwanz	schlapp	Schwanz
Schlattbach	Schlatte	Bach
Schlauberger	schlau	Berg	er
Schlauchboot	Schlauch	Boot
Schlauchpilz	Schlauch	Pilz
Schlauchschelle	Schlauch	Schelle
Schlauchsocke	Schlauch	Socke
Schlaufuchs	schlau	Fuchs
Schlaukopf	schlau	Kopf
Schlaumeier	schlau	Meier
Schlechtigkeit	schlecht	igkeit
Schlechtmacher	schlechtmachen	er
Schlechtreder	schlechtreden	er
Schleckzeug	schlecken	Zeug
Schleichwerbung	schleichen	Werbung
Schleiereule	Schleier	Eule
Schleifbock	schleifen	bock
Schleifenblume	Schleife	n	Blume
Schleifer	schleifen	er
Schleifmaschine	schleifen	Maschine
Schleifmittel	schleifen	Mittel
Schleifmühle	schleifen	Mühle
Schleifpapier	schleifen	Papier
Schleifring	schleifen	Ring
Schleifscheibe	schleifen	Scheibe
Schleifstein	schleifen	Stein
Schleimer	schleimen	er
Schleimfisch	Schleim	Fisch
Schleimhaut	Schleim	Haut
Schlendrian	schlendern	Jan
Schlepper	schleppen	er
Schlepptau	schleppen	Tau
Schlesier	Schlesien	er
Schlesierin	Schlesier	in
Schleswig-Holstein	Schleswig	Holstein
Schleswig-Holsteiner	Schleswig-Holstein	er
Schleuderer	schleudern	er
Schleuderpreis	schleudern	Preis
Schleudersitz	schleudern	Sitz
Schleusentor	Schleuse	n	Tor
Schleusenwärter	Schleuse	n	Wärter
Schleuserin	Schleuser	in
Schlichtheit	schlicht	heit
Schlichtung	schlichten	ung
Schließer	schließen	er
Schließerin	Schließer	in
Schließfach	schließen	Fach
Schließmuskel	schließen	Muskel
Schließung	schließen	ung
Schlingpflanze	schlingen	Pflanze
Schlipsträger	Schlips	Träger
Schlittschuh	Schritt	Schuh
Schlittschuhlaufen	Schlittschuh	Laufen
Schlittschuhläufer	Schlittschuhlaufen	er
Schlitzauge	Schlitz	Auge
Schlitzohr	Schlitz	Ohr
Schlitzrüssler	Schlitz	Rüssel	er
Schlosskapelle	Schloss	Kapelle
Schlosskirche	Schloss	Kirche
Schlosspark	Schloss	Park
Schlossschraube	Schloss	Schraube
Schluckauf	schlucken	auf
Schluckluder	schlucken	Luder
Schlumpfhausen	Schlumpf	hausen
Schlumpfine	Schlumpf	ine
Schlupfloch	schlupfen	Loch
Schlupfwespe	schlüpfen	Wespe
Schlupfwespenartige	schlupfwespenartig	e
Schlupfwinkel	Schlupf	Winkel
Schluss-s	Schluss	s
Schlussakkord	Schluss	Akkord
Schlussantrag	Schluss	Antrag
Schlussauktion	Schluss	Auktion
Schlussbemerkung	Schluss	Bemerkung
Schlussfolge	Schluss	Folge
Schlussfolgerung	schlussfolgern	ung
Schlusskurs	Schluss	Kurs
Schlusslicht	Schluss	Licht
Schlusspfiff	Schluss	Pfiff
Schlusspointe	Schluss	Pointe
Schlusspunkt	Schluss	Punkt
Schlussrechnung	Schluss	Rechnung
Schlussstein	Schluss	Stein
Schlussstrich	Schluss	Strich
Schlussverkauf	Schluss	Verkauf
Schlusswort	Schluss	Wort
Schlächter	schlachten	er
Schläfchen	Schlaf	chen
Schläfenlocke	Schläfe	Locke
Schläfrigkeit	schläfrig	keit
Schläger	schlagen	er
Schlägerei	Schläger	ei
Schlägerkopf	Schlag	Kopf
Schlämpchen	Schlampe	chen
Schlänger	Schlangen	er
Schläue	schlau	e
Schlüpfer	schlüpfen	er
Schlüsselbein	Schlüssel	Bein
Schlüsselbild	Schlüssel	Bild
Schlüsselbund	Schlüssel	Bund
Schlüsseldienst	Schlüssel	Dienst
Schlüsselfarbe	Schlüssel	Farbe
Schlüsselgewalt	Schlüssel	Gewalt
Schlüsselkind	Schlüssel	Kind
Schlüsselklirren	Schlüssel	Klirren
Schlüsselring	Schlüssel	Ring
Schlüsselrolle	Schlüssel	Rolle
Schlüsselroman	Schlüssel	Roman
Schlüsselvoraussetzung	Schlüssel	Voraussetzung
Schlüsselwort	Schlüssel	Wort
Schmalbiene	schmal	Biene
Schmalspurwichser	Schmalspur	Wichser
Schmalzbruder	Schmalz	Bruder
Schmankerl	Schmänkelein	erl
Schmauchspur	Schmauch	Spur
Schmeichelei	schmeicheln	ei
Schmeißfliege	schmeißen	Fliege
Schmelzbad	Schmelz	Bad
Schmelzflocken	schmelzen	Flocken
Schmelzfluss	schmelzen	Fluss
Schmelzflusselektrolyse	Schmelzfluss	Elektrolyse
Schmelzkäse	Schmelz	Käse
Schmelzofen	Schmelz	Ofen
Schmelzprozess	Schmelz	Prozess
Schmelzpunkt	schmelzen	Punkt
Schmelzpunkterniedrigung	Schmelzpunkt	Erniedrigung
Schmelzsicherung	schmelzen	Sicherung
Schmelztopf	schmelzen	Topf
Schmelzwärme	schmelzen	Wärme
Schmerbauch	Schmer	Bauch
Schmerzempfinden	Schmerz	Empfinden
Schmerzengeld	Schmerz	en	Geld
Schmerzensgeld	Schmerz	ens	Geld
Schmerzlinderung	Schmerz	Linderung
Schmerzmittel	Schmerz	Mittel
Schmetterball	schmettern	Ball
Schmetterlingsblütler	Schmetterlingsblüte	ler
Schmetterlingsbuntbarsch	Schmetterling	Buntbarsch
Schmetterlingsfamilie	Schmetterling	s	Familie
Schmetterlingsfisch	Schmetterling	s	Fisch
Schmetterlingsflügel	Schmetterling	s	Flügel
Schmetterlingsraupe	Schmetterling	Raupe
Schmetterlingsschwimmen	Schmetterling	s	Schwimmen
Schmiedeeisen	schmieden	Eisen
Schmiedekunst	Schmiede	Kunst
Schmiedin	Schmied	in
Schmierblatt	schmieren	Blatt
Schmiergeld	schmieren	Geld
Schmiermittel	Schmier	Mittel
Schmierpapier	schmieren	Papier
Schmierseife	schmieren	Seife
Schmierstoff	Schmiere	Stoff
Schmierzettel	schmieren	Zettel
Schmieröl	schmieren	Öl
Schmonzette	Schmonzes	ette
Schmorbraten	schmoren	Braten
Schmorgurke	schmoren	Gurke
Schmuckgegenstand	Schmuck	Gegenstand
Schmuckhandel	Schmuck	Handel
Schmuckherstellung	Schmuck	Herstellung
Schmuckindustrie	Schmuck	Industrie
Schmuckkasten	Schmuck	Kasten
Schmuckkästchen	Schmuck	Kästchen
Schmuckstück	Schmuck	Stück
Schmuckwaren	Schmuck	Waren
Schmuggelgut	Schmuggel	Gut
Schmuggelware	Schmuggel	Ware
Schmusekatze	schmusen	Katze
Schmutzfink	Schmutz	Fink
Schmutzkampagne	Schmutz	Kampagne
Schmähschrift	schmähen	Schrift
Schnabelkerf	Schnabel	Kerf
Schnabeltier	Schnabel	Tier
Schnabelwal	Schnabel	Wal
Schnappatmung	schnappen	Atmung
Schnappschuss	schnappen	Schuss
Schnapsidee	Schnaps	Idee
Schnapsleiche	Schnaps	Leiche
Schnarcher	schnarchen	er
Schnarcherin	Schnarcher	in
Schnarchralle	schnarchen	Ralle
Schnatterente	schnattern	Ente
Schnauzbart	Schnauze	Bart
Schneckengericht	Schnecke	n	Gericht
Schneckenhaus	Schnecke	n	Haus
Schneckenpost	Schnecke	Post
Schneckensamenbaum	Schnecke	n	Samen	Baum
Schneckentempo	Schnecke	n	Tempo
Schneeball	Schnee	Ball
Schneeballschlacht	Schneeball	Schlacht
Schneeballsystem	Schneeball	System
Schneebesen	Schnee	Besen
Schneeblindheit	Schnee	Blindheit
Schneebrett	Schnee	Brett
Schneeeule	Schnee	Eule
Schneefall	Schnee	Fall
Schneeflocke	Schnee	Flocke
Schneefuchs	Schnee	Fuchs
Schneegans	Schnee	Gans
Schneegestöber	Schnee	Gestöber
Schneegewitter	Schnee	Gewitter
Schneeglöckchen	Schnee	Glöckchen
Schneehuhn	Schnee	Huhn
Schneekanone	Schnee	Kanone
Schneekristall	Schnee	Kristall
Schneemann	Schnee	Mann
Schneepflug	Schnee	Pflug
Schneeregen	Schnee	Regen
Schneereifen	Schnee	Reifen
Schneeschaf	Schnee	Schaf
Schneeschauer	Schnee	Schauer
Schneeschaufel	Schnee	Schaufel
Schneeschippe	Schnee	Schippe
Schneeschmelze	Schnee	Schmelze
Schneesturm	Schnee	Sturm
Schneewehe	Schnee	Wehe
Schneeziege	Schnee	Ziege
Schneidbrenner	schneiden	Brenner
Schneidbrett	schneiden	Brett
Schneidebrett	schneiden	Brett
Schneidefläche	schneiden	Fläche
Schneidekante	schneiden	Kante
Schneidemesser	schneiden	Messer
Schneidemühle	schneiden	Mühle
Schneider	schneiden	er
Schneiderlein	Schneider	lein
Schneidezahn	schneiden	Zahn
Schneidwerkzeug	Schneide	Werkzeug
Schnellbomber	schnell	Bomber
Schnelle	schnell	e
Schnellfeuer	schnell	Feuer
Schnellfeuerkolben	Schnellfeuer	Kolben
Schnellfickerhose	schnell	Ficker	Hose
Schnellimbiss	schnell	Imbiss
Schnellkochtopf	schnell	Kochtopf
Schnellkurs	schnell	Kurs
Schnellkäfer	schnellen	Käfer
Schnellläufer	schnell	Läufer
Schnellrestaurant	schnell	Restaurant
Schnellschuss	schnell	Schuss
Schnellspanner	schnell	Spanner
Schnellstraße	schnell	Straße
Schnellzug	schnell	Zug
Schnirkelschnecke	Schnörkel	Schnecke
Schnittfläche	Schnitt	Fläche
Schnittkante	Schnitt	Kante
Schnittkäse	Schnitt	Käse
Schnittstelle	Schnitt	Stelle
Schnitzeljagd	Schnitzel	Jagd
Schnitzwerk	schnitzen	Werk
Schnodderdeutsch	schnodderig	Deutsch
Schnupftabak	schnupfen	Tabak
Schnupperkurs	schnuppern	Kurs
Schnurgerüst	Schnur	Gerüst
Schnurrbart	schnurren	Bart
Schnurrhaar	schnurren	Haar
Schnäppchen	schnappen	chen
Schnäppchenladen	Schnäppchen	Laden
Schnörkellosigkeit	schnörkellos	igkeit
Schnüffelstaat	schnüffeln	Staat
Schnüffler	schnüffeln	er
Schnürschuh	schnüren	Schuh
Schnürsenkel	Schnur	Senkel
Schockstarre	Schock	Starre
Schockzustand	Schock	Zustand
Schokoladenfabrik	Schokolade	Fabrik
Schokoladenkuchen	Schokolade	n	Kuchen
Schokoladennikolaus	Schokolade	n	Nikolaus
Schokoladenpudding	Schokolade	n	Pudding
Schokoladentafel	Schokolade	n	Tafel
Schokoladenweihnachtsmann	Schokolade	n	Weihnachtsmann
Schokopudding	Schoko	Pudding
Schokoriegel	Schokolade	Riegel
Schokostreusel	Schoko	Streusel
Schomburgk-Ralle	Schomburgk	Ralle
Schoner	schonen	er
Schongauer	Schongau	er
Schongauerin	Schongauer	in
Schonungslosigkeit	schonungslos	igkeit
Schopf-Tintling	Schopf	Tintling
Schopfheimer	Schopfheim	er
Schopfheimerin	Schopfheimer	in
Schornsteinfeger	Schornstein	Feger
Schornsteinfegerin	Schornsteinfeger	in
Schottenrock	Schotte	n	Rock
Schottergarten	Schotter	Garten
Schotterstraße	Schotter	Straße
Schoßhündchen	Schoßhund	chen
Schrankenwärter	Schranke	n	Wärter
Schraubanker	schrauben	Anker
Schraubenmutter	Schraube	n	Mutter
Schraubenschlüssel	Schraube	Schlüssel
Schraubstock	schrauben	Stock
Schraubverschluss	Schraube	Verschluss
Schraubzwinge	schrauben	Zwinge
Schrebergarten	Schreber	Garten
Schreckensherrschaft	Schrecken	Herrschaft
Schreckensherrscher	Schrecken	s	Herrscher
Schreckgespenst	Schreck	Gespenst
Schrecklichkeit	schrecklich	keit
Schreiber	schreiben	er
Schreibfeder	schreiben	Feder
Schreibmaschine	schreiben	Maschine
Schreibpapier	schreiben	Papier
Schreibschrift	schreiben	Schrift
Schreibsekretär	schreiben	Sekretär
Schreibtisch	schreiben	Tisch
Schreibtischfläche	Schreibtisch	Fläche
Schreibtischlampe	Schreibtisch	Lampe
Schreibtischsessel	Schreibtisch	Sessel
Schreibtischtäter	Schreibtisch	Täter
Schreibung	schreiben	ung
Schreibweise	schreiben	Weise
Schreibübung	schreiben	Übung
Schreiner	Schrein	er
Schreivogel	Schrei	Vogel
Schriftart	Schrift	Art
Schriftbild	Schrift	Bild
Schriftdeutsch	Schrift	Deutsch
Schriftgelehrte	Schrift	Gelehrte
Schriftgelehrter	Schrift	Gelehrter
Schriftgröße	Schrift	Größe
Schriftleiter	Schrift	Leiter
Schriftleitung	Schrift	Leitung
Schriftrolle	Schrift	Rolle
Schriftsteller	Schrift	erstellen
Schriftstück	Schrift	Stück
Schrifttum	Schrift	tum
Schriftzeichen	Schrift	Zeichen
Schriftzug	Schrift	Zug
Schrittfehler	Schritt	Fehler
Schrittgeschwindigkeit	Schritt	Geschwindigkeit
Schritttempo	Schritt	Tempo
Schroffheit	schroff	heit
Schrotflinte	Schrot	Flinte
Schrotkugel	Schrot	Kugel
Schrottanleihe	Schrott	Anleihe
Schrottgorod	Schrott	го́род
Schrotthandel	Schrott	Handel
Schrotthändler	Schrott	Händler
Schrottplatz	Schrott	Platz
Schrottwichteln	Schrott	Wichteln
Schrumpfgermane	schrumpfen	Germane
Schrägbalken	schräg	Balken
Schrägbeziehung	schräg	Beziehung
Schrägdach	schräg	Dach
Schräglinksbalken	schräg	links	Balken
Schrägrechtsbalken	schräg	rechts	Balken
Schrägschrift	schräg	Schrift
Schrägseilbrücke	schräg	Seil	Brücke
Schrägstreifen	schräg	Streifen
Schrägstrich	schräg	Strich
Schrödinger	schroden	inger
Schrödingergleichung	Schrödinger	Gleichung
Schubkarre	Schub	Karre
Schubkraft	Schub	Kraft
Schublade	Schub	Lade
Schubs	Schupp	s
Schuhanzieher	Schuhe	anziehen	er
Schuhband	Schuh	Band
Schuhcreme	Schuh	Creme
Schuhflicker	Schuh	Flicker
Schuhgröße	Schuh	Größe
Schuhkarton	Schuh	Karton
Schuhkartönchen	Schuhkarton	chen
Schuhlöffel	Schuh	Löffel
Schuhputz	Schuh	Putz
Schuhputzer	Schuh	Putzer
Schuhschachtel	Schuhe	Schachtel
Schuhschnabel	Schuh	Schnabel
Schuhschächtelchen	Schuhschachtel	chen
Schuhsohle	Schuh	Sohle
Schuhspanner	Schuh	Spanner
Schuhspitze	Schuh	Spitze
Schuhware	Schuh	Ware
Schuhwerk	Schuh	Werk
Schulabgang	Schule	Abgang
Schularbeit	Schule	Arbeit
Schulaufgabe	Schule	Aufgabe
Schulbuch	Schule	Buch
Schulbuchverlag	Schulbuch	Verlag
Schulbus	Schule	Bus
Schulbücherei	Schule	Bücherei
Schuldeingeständnis	Schuld	Eingeständnis
Schuldenberg	Schuld	en	Berg
Schuldenfalle	Schulden	Falle
Schuldenquote	Schuld	en	Quote
Schuldenschnitt	Schulden	Schnitt
Schuldenverwaltung	Schulden	Verwaltung
Schuldgefühl	Schuld	Gefühl
Schuldherr	Schuld	Herr
Schuldiger	schuldigen	er
Schuldkult	Schuld	Kult
Schuldopfer	Schuld	Opfer
Schuldschein	Schuld	Schein
Schuldsumme	Schuld	Summe
Schuldverschreibung	Schuld	Verschreibung
Schuldvertrag	Schuld	Vertrag
Schuldzuweisung	Schuld	Zuweisung
Schuleingang	Schule	Eingang
Schuleintritt	Schule	Eintritt
Schulgebrauch	Schule	Gebrauch
Schulkind	Schule	Kind
Schulklingel	Schule	Klingel
Schulleiter	Schule	Leiter
Schulnote	Schule	Note
Schulpflicht	Schule	Pflicht
Schulpolitik	Schule	Politik
Schulsache	Schule	Sache
Schulschließung	Schule	Schließung
Schulschwänzer	Schule	Schwänzer
Schulsprache	Schule	Sprache
Schulstufe	Schule	Stufe
Schultasche	Schule	Tasche
Schulterblatt	Schulter	Blatt
Schultergelenk	Schulter	Gelenk
Schulterhalfter	Schulter	Halfter
Schulterklappe	Schulter	Klappe
Schulterstück	Schulter	Stück
Schultertasche	Schulter	Tasche
Schuluhr	Schule	Uhr
Schulung	schulen	ung
Schulwart	Schule	Wart
Schulwesen	Schule	wesen
Schulzeit	Schule	Zeit
Schulzeugnis	Schule	Zeugnis
Schulöffnung	Schul	Öffnung
Schummelei	schummeln	ei
Schundblatt	Schund	Blatt
Schupfnudel	schupfen	Nudel
Schuppenlosigkeit	schuppenlos	igkeit
Schuppentier	Schuppe	Tier
Schuppenzwergspecht	Schuppe	n	Zwergspecht
Schurigelei	schurigeln	ei
Schurkerei	Schurke	erei
Schussfaden	Schuss	Faden
Schussfahrt	Schuss	Fahrt
Schusswaffe	Schuss	Waffe
Schusswechsel	Schuss	Wechsel
Schussweite	Schuss	Weite
Schusswunde	Schuss	Wunde
Schusterjunge	Schuster	Junge
Schuttcontainer	Schutt	Container
Schutzatmosphäre	Schutz	Atmosphäre
Schutzbehauptung	Schutz	Behauptung
Schutzengel	Schutz	Engel
Schutzgas	Schutz	Gas
Schutzgasatmosphäre	Schutzgas	Atmosphäre
Schutzgebiet	Schutz	Gebiet
Schutzgelderpressung	Schutzgeld	Erpressung
Schutzgott	Schutz	Gott
Schutzgruppe	Schutz	Gruppe
Schutzhaft	Schutz	Haft
Schutzhaube	Schutz	Haube
Schutzheilige	Schutz	Heilige
Schutzheiliger	Schutz	Heiliger
Schutzhelm	Schutz	Helm
Schutzhülle	Schutz	Hülle
Schutzhütte	Schutz	Hütte
Schutzimpfung	Schutz	Impfung
Schutzkleidung	Schutz	Kleidung
Schutzmacht	Schutz	Macht
Schutzmann	Schutz	Mann
Schutzmaske	Schutz	Maske
Schutzpolizei	Schutz	Polizei
Schutzschicht	Schutz	Schicht
Schutzschild	Schutz	Schild
Schutzschirm	Schutz	Schirm
Schutzstaffel	Schutz	Staffel
Schutzumschlag	Schutz	Umschlag
Schutzvlies	Schutz	Vlies
Schutzwall	Schutz	Wall
Schutzweste	Schutz	Weste
Schutzwirkung	Schutz	Wirkung
Schutzzoll	Schutz	Zoll
Schwabenländle	Schwabenland	le
Schwabenstreich	Schwabe	n	Streich
Schwachkopf	schwach	Kopf
Schwachpunkt	schwach	Punkt
Schwachsinn	schwach	Sinn
Schwachstelle	schwach	Stelle
Schwafler	schwafeln	er
Schwalbenmöwe	Schwalbe	n	Möwe
Schwalbenschwanz	Schwalbe	Schwanz
Schwalbenschwanzzinne	Schwalbenschwanz	Zinne
Schwammtuch	Schwamm	Tuch
Schwanengesang	Schwan	Gesang
Schwanenhalsmikrofon	Schwanenhals	Mikrofon
Schwangerschaft	schwanger	schaft
Schwangerschaftsabbruch	Schwangerschaft	Abbruch
Schwanzlutscher	Schwanz	Lutscher
Schwanzmeise	Schwanz	Meise
Schwanzstück	Schwanz	Stück
Schwanzvergleich	Schwanz	Vergleich
Schwanzwort	Schwanz	Wort
Schwarmintelligenz	Schwarm	Intelligenz
Schwarmverhalten	Schwarm	Verhalten
Schwarzafrika	schwarz	Afrika
Schwarzarbeit	schwarz	Arbeit
Schwarzarbeiter	schwarz	Arbeiter
Schwarzarbeitsbekämpfungsgesetz	schwarzarbeiten	s	Bekämpfung	s	Gesetz
Schwarzbau	schwarz	Bau
Schwarzbrenner	schwarzbrennen	er
Schwarzbrennerei	schwarzbrennen	erei
Schwarzbrot	schwarz	Brot
Schwarzdrossel	schwarz	Drossel
Schwarzdruck	schwarz	Druck
Schwarze Szene	schwarz	Szene
Schwarzenauer	Schwarzenau	er
Schwarzenauerin	Schwarzenauer	in
Schwarzenbacher	Schwarzenbach	er
Schwarzenbacherin	Schwarzenbacher	in
Schwarzenberger	Schwarzenberg	er
Schwarzenbergerin	Schwarzenberger	in
Schwarzenborner	Schwarzenborn	er
Schwarzenbornerin	Schwarzenborner	in
Schwarzenburger	Schwarzenburg	er
Schwarzenburgerin	Schwarzenburger	in
Schwarzenegger	Schwarzenegg	er
Schwarzenfelser	Schwarzenfels	er
Schwarzenfelserin	Schwarzenfelser	in
Schwarzentruber	Schwarzentrub	er
Schwarzerde	schwarz	Erde
Schwarzerdegebiet	Schwarzerde	Gebiet
Schwarzfahrer	schwarz	Fahrer
Schwarzfahrerei	schwarzfahren	erei
Schwarzflügelpapagei	schwarz	Flügel	Papagei
Schwarzfußkatze	schwarz	Fuß	Katze
Schwarzgeld	schwarz	Geld
Schwarzhandel	schwarz	Handel
Schwarzhandgibbon	schwarz	Hand	Gibbon
Schwarzhaupt	schwarz	Haupt
Schwarzkehlbraunelle	schwarz	Kehle	Braunelle
Schwarzkehlchen	schwarz	Kehle
Schwarzkittel	schwarz	Kittel
Schwarzkopf-Grünfink	Schwarzkopf	Grünfink
Schwarzkunst	schwarz	Kunst
Schwarzkupfer	schwarz	Kupfer
Schwarzkäfer	Schwarz	Käfer
Schwarzköpfchen	Schwarzkopf	chen
Schwarzpulver	schwarz	Pulver
Schwarzschild	Schwarz	Schild
Schwarzseher	schwarzsehen	er
Schwarzseherei	schwarzsehen	erei
Schwarzseherin	Schwarzseher	in
Schwarzwald	schwarz	Wald
Schwarzwasser	schwarz	Wasser
Schwarzweißbild	schwarzweiß	Bild
Schwarzweißdenken	schwarzweiß	Denken
Schwarzweißfilm	schwarzweiß	Film
Schwarzweißfotografie	schwarzweiß	Fotografie
Schwarzweißmalerei	schwarzweiß	Malerei
Schwarzwurzel	schwarz	Wurzel
Schwebeablaut	schweben	Ablaut
Schwebebahn	schweben	Bahn
Schwebebalken	schweben	Balken
Schwebezustand	schweben	Zustand
Schwebfliege	schweben	Fliege
Schwedenstaffel	Schweden	Staffel
Schwedenzange	Schweden	Zange
Schwefelbakterie	Schwefel	Bakterie
Schwefelblüte	Schwefel	Blüte
Schwefeldampf	Schwefel	Dampf
Schwefeldichlorid	Schwefel	Dichlorid
Schwefeldifluorid	Schwefel	Difluorid
Schwefeldioxid	Schwefel	Dioxid
Schwefelentfernung	Schwefel	Entfernung
Schwefelhalogenid	Schwefel	Halogenid
Schwefelhexafluorid	Schwefel	Hexafluorid
Schwefelkohlenstoff	Schwefel	Kohlenstoff
Schwefelkreislauf	Schwefel	Kreislauf
Schwefellagerstätte	Schwefel	Lagerstätte
Schwefelmonoxid	Schwefel	Monoxid
Schwefeloxid	Schwefel	Oxid
Schwefelporling	Schwefel	Porling
Schwefelsäurefabrik	Schwefelsäure	Fabrik
Schwefelsäureherstellung	Schwefelsäure	Herstellung
Schwefeltetrachlorid	Schwefel	Tetrachlorid
Schwefeltetrafluorid	Schwefel	Tetrafluorid
Schwefeltrioxid	Schwefel	Trioxid
Schwefelung	schwefeln	ung
Schwefelverbindung	Schwefel	Verbindung
Schwefelwasserstoff	Schwefel	Wasserstoff
Schweifstern	Schweif	Stern
Schweigegeld	schweigen	Geld
Schweigeminute	schweigen	Minute
Schweigepflicht	schweigen	Pflicht
Schweinbär	Schwein	Bär
Schweinchen	Schwein	chen
Schweinebraten	Schwein	e	Braten
Schweinefilet	Schwein	e	Filet
Schweinefleisch	Schwein	Fleisch
Schweinegrippe-Impfung	Schweinegrippe	Impfung
Schweinehirte	Schwein	Hirte
Schweinehund	Schweine	Hund
Schweinekotelett	Schwein	e	Kotelett
Schweinemast	Schwein	e	Mast
Schweinepest	Schwein	Pest
Schweinestall	Schwein	Stall
Schweinfurterin	Schweinfurter	in
Schweinkram	Schwein	Kram
Schweinsauge	Schwein	s	Auge
Schweinsbraten	Schwein	s	Braten
Schweinsfisch	Schwein	s	Fisch
Schweinshaxe	Schwein	Haxe
Schweinswal	Schwein	s	Wal
Schweitzerin	Schweitzer	in
Schweizerin	Schweizer	in
Schweißbarkeit	schweißbar	keit
Schweißdrüse	Schweiß	Drüse
Schweißelektrode	schweißen	Elektrode
Schweißhund	Schweiß	Hund
Schweißhände	Schweiß	Hände
Schweißpore	Schweiß	Pore
Schweißstelle	Schweiß	Stelle
Schweißtechnik	Schweiß	Technik
Schweißverfahren	Schweißen	Verfahren
Schwellenpflug	Schwelle	n	Pflug
Schwellenreißer	Schwelle	n	Reißer
Schwellenwert	Schwelle	n	Wert
Schweller	Schwelle	er
Schwellkörper	schwellen	Körper
Schwellung	schwellen	ung
Schwerathletik	schwer	Athletik
Schwere	schwer	e
Schwergewicht	schwer	Gewicht
Schwerhörigkeit	schwerhörig	keit
Schwerinerin	Schweriner	in
Schwerkraft	schwer	Kraft
Schwerlöslichkeit	schwerlöslich	keit
Schwermetallion	Schwermetall	Ion
Schwerpunkt	schwer	Punkt
Schwerstbehinderter	schwerst	Behinderter
Schwerstverbrechen	schwerstes	Verbrechen
Schwerstverletzter	schwerst	Verletzter
Schwerterträger	Schwerter	Träger
Schwertfisch	Schwert	Fisch
Schwertkampf	Schwert	Kampf
Schwertmage	Schwert	Mage
Schwertträger	Schwert	Träger
Schwertwal	Schwert	Wal
Schwerverbrechen	schwer	Verbrechen
Schwerverbrecher	schwer	Verbrecher
Schwerwasser	schwer	Wasser
Schwerwasserreaktor	Schwerwasser	Reaktor
Schweröl	schwer	Öl
Schwesterchen	Schwester	chen
Schwestergruppe	Schwester	Gruppe
Schwesterherz	Schwester	Herz
Schwestermodell	Schwester	Modell
Schwestersprache	Schwester	Sprache
Schwiegergeschwister	schwieger	Geschwister
Schwiegersohn	schwieger	Sohn
Schwiegertochter	schwieger	Tochter
Schwiegervater	schwieger	Vater
Schwierigkeit	schwierig	keit
Schwierigkeitsgrad	Schwierigkeit	s	Grad
Schwimmbad	schwimmen	Bad
Schwimmbecken	schwimmen	Becken
Schwimmblase	schwimmen	Blase
Schwimmerventil	Schwimmer	Ventil
Schwimmfarn	schwimmen	Farn
Schwimmflügel	schwimmen	Flügel
Schwimmhalle	schwimmen	Halle
Schwimmhaube	schwimmen	Haube
Schwimmhose	schwimmen	Hose
Schwimmmeister	schwimmen	Meister
Schwimmnudel	schwimmen	Nudel
Schwimmweste	schwimmen	Weste
Schwindelei	schwindeln	ei
Schwindsucht	schwinden	Sucht
Schwinger	schwingen	er
Schwinglaut	schwingen	Laut
Schwingtür	schwingen	Tür
Schwingung	schwingen	ung
Schwingungsdämpfung	Schwingung	Dämpfung
Schwingungszustand	Schwingung	Zustand
Schwippschwager	schwippen	Schwager
Schwirrgerät	schwirren	Gerät
Schwirrholz	schwirren	Holz
Schwirrvogel	schwirren	Vogel
Schwitzkasten	schwitzen	Kasten
Schwundstufe	Schwund	Stufe
Schwungkraft	Schwung	Kraft
Schwurgericht	Schwur	Gericht
Schwäche	schwach	e
Schwächegefühl	Schwäche	Gefühl
Schwächephase	Schwäche	Phase
Schwächezustand	Schwäche	Zustand
Schwächling	schwach	ling
Schwächung	schwächen	ung
Schwägerschaft	Schwäger	schaft
Schwänin	Schwan	in
Schwänzchen	Schwanz	chen
Schwänzeltanz	schwänzeln	Tanz
Schwärmer	schwärmen	er
Schwärmerei	schwärmen	erei
Schwärmerin	Schwärmer	in
Schwärze	schwarz	e
Schwätzerin	Schwätzer	in
Schäbigkeit	schäbig	keit
Schächer	schachen	er
Schächtelchen	Schachtel	chen
Schädel-Hirn-Trauma	Schädel	Hirn	Trauma
Schädelbruch	Schädel	Bruch
Schädigung	schädigen	ung
Schädlichkeit	schädlich	keit
Schädlingsbekämpfungsmittel	Schädlingsbekämpfung	Mittel
Schäfchen	Schaf	chen
Schäfer	Schaf	er
Schäferin	Schäfer	in
Schäfermatt	Schäfer	Matt
Schäffler	schaffen	er
Schäler	schälen	er
Schändung	schänden	ung
Schärfe	scharf	e
Schönauer	Schönau	er
Schönauerin	Schönauer	in
Schönbacher	Schönbach	er
Schönbacherin	Schönbacher	in
Schönbergerin	Schönberger	in
Schönbohm	schön	Bohm
Schöne	schön	e
Schöneberger	Schöneberg	er
Schönebergerin	Schöneberger	in
Schönefelder	Schönefeld	er
Schönefelderin	Schönefelder	in
Schönegger	Schönegg	er
Schöneggerin	Schönegger	in
Schöner	Schön	er
Schönerin	Schöner	in
Schönfelder	Schönfeld	er
Schönfelderin	Schönfelder	in
Schönfärberin	Schönfärber	in
Schönheit	schön	heit
Schönheitsfehler	Schönheit	s	Fehler
Schönheitsmittel	Schönheit	Mittel
Schönheitssalon	Schönheit	s	Salon
Schönling	schön	ling
Schönredner	schön	Redner
Schönrednerin	Schönredner	in
Schönschrift	schön	Schrift
Schönthal	schön	Thal
Schönthaler	Schönthal	er
Schönthalerin	Schönthaler	in
Schönwalder	Schönwalde	er
Schönwalderin	Schönwalder	in
Schönwetter	schön	Wetter
Schönwetterfreund	Schönwetter	Freund
Schönwetteridee	Schönwetter	Idee
Schönwetterlage	Schönwetter	Lage
Schönwieser	Schönwies	er
Schönwieserin	Schönwieser	in
Schöpfer	schöpfen	er
Schöpfergeist	Schöpfer	Geist
Schöpfergott	Schöpfer	Gott
Schöpfkelle	schöpfen	Kelle
Schöpflöffel	schöpfen	Löffel
Schöpfung	schöpfen	ung
Schöpfungsgeschichte	Schöpfung	s	Geschichte
Schöpfungstag	Schöpfung	Tag
Schössling	Schoss	ling
Schüchternheit	schüchtern	heit
Schüleraustausch	Schüler	Austausch
Schülerin	Schüler	in
Schürfwunde	schürfen	Wunde
Schürzenjäger	Schürze	Jäger
Schüsselpastete	Schüssel	Pastete
Schüttelfrost	schütteln	Frost
Schüttellähmung	schütteln	Lähmung
Schütteltanz	schütteln	Tanz
Schüttkasten	schütten	Kasten
Schüttung	schütten	ung
Schützenfest	Schütze	n	Fest
Schützenfisch	Schütze	n	Fisch
Schützengraben	Schütze	n	Graben
Schützenpanzer	Schützen	Panzer
Science-Fiction-Buch	Science-Fiction	Buch
Science-Fiction-Literatur	Science-Fiction	Literatur
Sciencefiction-Buch	Sciencefiction	Buch
Sebnitzer	Sebnitz	er
Sebnitzerin	Sebnitzer	in
Sechseck	sechs	Ecke
Sechseckszahl	Sechseck	s	Zahl
Sechser	sechs	er
Sechserpackung	Sechser	Packung
Sechsflächner	sechs	Flächen	er
Sechskampf	sechs	Kampf
Sechstausendstel	sechs	tausendstel
Sechsunddreißigeck	sechsunddreißig	Ecke
Sechswochenamt	sechs	Wochen	Amt
Sechszylinder	sechs	Zylinder
Sechzehneck	sechzehn	Ecke
Sechzigeck	sechzig	Ecke
Sechzigtausendstel	sechzig	tausendstel
Sedimentgestein	Sediment	Gestein
Sedimentschicht	Sediment	Schicht
Seeadler	See	Adler
Seeanemone	See	Anemone
Seebacherin	Seebacher	in
Seebad	See	Bad
Seebergsattel	See	Berg	Sattel
Seeblase	See	Blase
Seefeld	See	Feld
Seefelder	Seefeld	er
Seefelderin	Seefelder	in
Seefledermaus	See	Fledermaus
Seegurke	See	Gurke
Seehafen	See	Hafen
Seehase	See	Hase
Seehecht	See	Hecht
Seeheimer	Seeheim	er
Seeheimerin	Seeheimer	in
Seehund	See	Hund
Seeigel	See	Igel
Seekiefer	See	Kiefer
Seekrankheit	See	Krankheit
Seekrieg	See	Krieg
Seelachs	See	Lachs
Seelchen	Seele	chen
Seelenfrieden	Seele	n	Frieden
Seelengröße	Seele	n	Größe
Seelentröster	Seele	n	Tröster
Seelenverwandter	Seele	n	Verwandter
Seelenwanderung	Seele	n	Wanderung
Seemacht	See	Macht
Seemann	See	Mann
Seemannsgarn	Seemann	s	Garn
Seemeile	See	Meile
Seemine	See	Mine
Seenot	See	Not
Seeohr	See	Ohr
Seeotter	See	Otter
Seerechtler	Seerecht	ler
Seerose	See	Rose
Seerosenteich	Seerose	Teich
Seescheide	See	Scheide
Seeschiff	See	Schiff
Seeschifffahrt	Seeschiff	Fahrt
Seeschlange	See	Schlange
Seeschwalbe	See	Schwalbe
Seeskorpion	See	Skorpion
Seestern	See	Stern
Seestück	See	Stück
Seetaucher	See	Taucher
Seeteufel	See	Teufel
Seetüchtigkeit	seetüchtig	keit
Seevogel	See	Vogel
Seewasser	See	Wasser
Seeweg	See	Weg
Seewolf	See	Wolf
Seezielflugkörper	Seeziel	Flugkörper
Seeübung	See	Übung
Segelboot	Segel	Boot
Segelflug	segeln	Flug
Segelflugzeug	Segel	Flugzeug
Segelohr	Segel	Ohr
Segeltuch	Segel	Tuch
Segler	segeln	er
Segmentierung	segmentieren	ung
Segner	segnen	er
Segnung	segnen	ung
Sehenswürdigkeit	sehenswürdig	keit
Sehnsucht	sehnen	Sucht
Sehsinn	sehen	Sinn
Sehstäbchen	sehen	Stäbchen
Sehstärke	sehen	Stärke
Sehtest	sehen	Test
Sehvermögen	sehen	Vermögen
Seidenblümchen	Seidenblume	chen
Seidenfaden	Seide	Faden
Seidenhemd	Seide	Hemd
Seidenraupe	Seide	Raupe
Seidenreiher	Seide	n	Reiher
Seidenschwanz	Seide	n	Schwanz
Seidensiebdruck	Seide	n	Siebdruck
Seidenstraße	Seide	Straße
Seidenstrumpf	Seiden	Strumpf
Seifenbarsch	Seife	Barsch
Seifenbläschen	Seifenblase	chen
Seifencremespender	Seife	Creme	Spender
Seifenkochen	Seife	Kochen
Seifenkraut	Seife	n	Kraut
Seifensieder	Seife	n	Sieder
Seifenspender	Seife	n	Spender
Seifigkeit	seifig	keit
Seiler	Seil	er
Seiltanz	Seil	Tanz
Seiltänzer	Seiltanz	er
Seiltänzerin	Seiltänzer	in
Seilziehen	Seil	ziehen
Seinemetropole	Seine	Metropole
Seinestadt	Seine	Stadt
Seinsstufung	Sein	s	Stufung
Seiteneingang	Seite	n	Eingang
Seitenfläche	Seite	n	Fläche
Seitenlaut	Seite	n	Laut
Seitensprung	Seite	n	Sprung
Seitentür	Seite	n	Tür
Seitenwinder-Klapperschlange	Seitenwinder	Klapperschlange
Seitwärtstrend	seitwärts	Trend
Sejmmarschall	Sejm	Marschall
Sekretärin	Sekretär	in
Sektorwandel	Sektor	Wandel
Sekundenbruchteil	Sekunde	n	Bruchteil
Sekundengeschwindigkeit	Sekunde	n	Geschwindigkeit
Sekundenkleber	Sekunde	Kleber
Sekundenmeter	Sekunde	n	Meter
Sekundenschlaf	Sekunde	n	Schlaf
Sekundenschnelle	Sekunde	n	Schnelle
Sekundärkunststoff	sekundär	Kunststoff
Sekundärlagerstätte	sekundär	Lagerstätte
Sekundärmarkt	sekundär	Markt
Sekundärmineral	sekundär	Mineral
Sekundärneutralteilchenmassenspektrometrie	sekundär	Neutralteilchen	Massenspektrometrie
Sekundärsektor	sekundär	Sektor
Selbstachtung	selbst	Achtung
Selbstanzeige	selbst	Anzeige
Selbstaufopferung	selbst	Aufopferung
Selbstauskunft	selbst	Auskunft
Selbstbedienung	Selbst	Bedienung
Selbstbefriedigung	selbst	Befriedigung
Selbstbeherrschung	selbst	Beherrschung
Selbstbestimmungsrecht	Selbstbestimmung	s	Recht
Selbstbewusstsein	Selbst	Bewusstsein
Selbstbezogenheit	selbstbezogen	heit
Selbstbild	selbst	Bild
Selbstdarstellung	selbst	Darstellung
Selbstentfremdung	selbst	Entfremdung
Selbstentzündung	selbst	Entzündung
Selbstentzündungstemperatur	Selbstentzündung	Temperatur
Selbsterhaltung	selbst	Erhaltung
Selbsterkenntnis	selbst	Erkenntnis
Selbstfürsorge	selbst	Fürsorge
Selbstgefälligkeit	selbstgefällig	keit
Selbstgenügsamkeit	selbstgenügsam	keit
Selbstgespräch	selbst	Gespräch
Selbsthass	selbst	Hass
Selbstheirat	selbst	Heirat
Selbstjustiz	selbst	Justiz
Selbstkontrolle	selbst	Kontrolle
Selbstlaut	selbst	Laut
Selbstliebe	selbst	Liebe
Selbstmord	selbst	Mord
Selbstmordanschlag	Selbstmord	Anschlag
Selbstmordattentäter	Selbstmord	Attentäter
Selbstmordattentäterin	Selbstmordattentäter	in
Selbstmordgedanke	Selbstmord	Gedanke
Selbstmordkommando	Selbstmord	Kommando
Selbstmordverherrlichung	Selbstmord	Verherrlichung
Selbstporträt	selbst	Porträt
Selbstschädigung	selbst	Schädigung
Selbstsicherheit	selbstsicher	heit
Selbstspott	selbst	Spott
Selbststudium	selbst	Studium
Selbstsucht	Selbst	Sucht
Selbsttäuschung	selbst	Täuschung
Selbstverkleinerung	selbst	Verkleinerung
Selbstverletzung	selbst	Verletzung
Selbstversorgung	Selbst	Versorgung
Selbstversorgungsgrad	Selbstversorgung	s	Grad
Selbstverständlichkeit	selbstverständlich	keit
Selbstversuch	selbst	Versuch
Selbstvertrauen	selbst	Vertrauen
Selbstverzwergung	selbst	Verzwergung
Selbstwertgefühl	Selbstwert	Gefühl
Selbstzerstörung	selbst	Zerstörung
Selbstzweifel	selbst	Zweifel
Selektivität	selektiv	ität
Selenatom	Selen	Atom
Selendefizit	Selen	Defizit
Selendioxid	Selen	Dioxid
Selendisulfid	Selen	Disulfid
Selengehalt	Selen	Gehalt
Selenhefe	Selen	Hefe
Selenhexafluorid	Selen	Hexafluorid
Selenmangel	Selen	Mangel
Selenmangelkrankheit	Selenmangel	Krankheit
Selenmineral	Selen	Mineral
Selenmonoxid	Selen	Monoxid
Selenocystein	seleno	Cystein
Selenomethionin	seleno	Methionin
Selenophosphat	seleno	Phosphat
Selenophosphatase	seleno	Phosphatase
Selenoprotein	seleno	Protein
Selenoxid	Selen	Oxid
Selenquelle	Selen	Quelle
Selensalz	Selen	Salz
Selensulfid	Selen	Sulfid
Selensupplementierung	Selen	Supplementierung
Selensäure	Selen	Säure
Selentrioxid	Selen	Trioxid
Selenunterversorgung	Selen	Unterversorgung
Selenverbindung	Selen	Verbindung
Selenwasserstoff	Selen	Wasserstoff
Seligkeit	selig	keit
Seligsprechung	seligsprechen	ung
Seltenerde	selten	Erde
Seltenerdmagnet	Seltenerde	Magnet
Seltenerdmetall	Seltenerde	Metall
Seltenheit	selten	heit
Selterswasser	Selters	Wasser
Semantik	semantisch	ik
Semesteranfang	Semester	Anfang
Semesterbeginn	Semester	Beginn
Semesterende	Semester	Ende
Semesterstart	Semester	Start
Semmelbrösel	Semmel	Brösel
Semmelbrötchen	Semmel	Brötchen
Semmelknödel	Semmel	Knödel
Senatorin	Senator	in
Senatsverwaltung	Senat	s	Verwaltung
Sendbrief	senden	Brief
Sendegerät	Senden	Gerät
Sendemast	senden	Mast
Sender	senden	er
Sendeschluss	Senden	Schluss
Sendling	senden	ling
Senegalesin	Senegalese	in
Senegalpapagei	Senegal	Papagei
Senfgas	Senf	Gas
Senfgeschmack	Senf	Geschmack
Senfgurke	Senf	Gurke
Senflöffel	Senf	Löffel
Senfsoße	Senf	Soße
Senftube	Senf	Tube
Senfweißling	Senf	Weißling
Senföl	Senf	Öl
Seniorenheim	Senior	en	Heim
Senkkasten	senken	Kasten
Senkung	senken	ung
Sensenmann	Sense	Mann
Sensibelchen	sensibel	chen
Sensibilität	sensibel	ität
Sensitivität	sensitiv	ität
Sequestrierung	sequestrieren	ung
Serienausstattung	Serie	n	Ausstattung
Serienbrandstifterin	Serienbrandstifter	in
Serienmörder	Serie	Mörder
Serienproduktion	Serie	Produktion
Serumspiegel	Serum	Spiegel
Serverlandschaft	Server	Landschaft
Serverzugriff	Server	Zugriff
Servicewagen	Service	Wagen
Servicewelle	Service	Welle
Servicewerkzeug	Service	Werkzeug
Servicewettbewerb	Service	Wettbewerb
Serviettenring	Serviette	n	Ring
Sesselfurzer	Sessel	Furzer
Sesselkonformation	Sessel	Konformation
Sesselleiste	Sockel	Leiste
Seuche	siech	e
Seuchenzentrum	Seuchen	Zentrum
Seufzer	seufzen	er
Sexaffäre	Sex	Affäre
Sexmonster	Sex	Monster
Sexpertin	Sexperte	in
Sexspielzeug	Sex	Spielzeug
Sexsucht	Sex	Sucht
Sexualdeliktsverfahren	Sexualdelikt	s	Verfahren
Sexualkunde	sexual	kunde
Sexualmörder	sexual	Mörder
Sexualpheromon	sexual	Pheromon
Sexualwissenschaft	sexual	Wissenschaft
Seyal-Akazie	Acacia seyal	Akazie
Sezessionist	Sezession	ist
Sezessionskrieg	Sezession	Krieg
Siamkatze	Siam	Katze
Sibirische Fichte	sibirisch	Fichte
Sichelmonat	Sichel	Monat
Sichelstrandläufer	Sichel	Strandläufer
Sichelwanze	Sichel	Wanze
Sichelzellenanämie	Sichelzelle	Anämie
Sicherheit	sicher	heit
Sicherheitsabsperrung	Sicherheit	s	Absperrung
Sicherheitsanforderung	Sicherheit	Anforderung
Sicherheitsdatenblatt	Sicherheit	Datenblatt
Sicherheitsgurt	Sicherheit	Gurt
Sicherheitshinweis	Sicherheit	Hinweis
Sicherheitslücke	Sicherheit	s	Lücke
Sicherheitsnadel	Sicherheit	Nadel
Sicherheitsprüfung	Sicherheit	s	Prüfung
Sicherheitsrat	Sicherheit	s	Rat
Sicherheitsrat der Vereinten Nationen	Sicherheitsrat	der	Vereinten Nationen
Sicherheitsreserve	Sicherheit	s	Reserve
Sicherheitsrisiko	Sicherheit	s	Risiko
Sicherheitsstrategie	Sicherheit	s	Strategie
Sicherheitstechnik	Sicherheit	Technik
Sicherheitsventil	Sicherheit	Ventil
Sicherheitsverschluss	Sicherheit	s	Verschluss
Sicherheitsvorschrift	Sicherheit	Vorschrift
Sicherstellung	sicherstellen	ung
Sicherung	sichern	ung
Sicherungsgeber	Sicherung	s	Geber
Sicherungsnehmer	Sicherung	s	Nehmer
Sicherungsverwahrung	Sicherung	s	Verwahrung
Sichler	Sichel	er
Sichtbarkeit	sichtbar	keit
Sichtbereich	Sicht	Bereich
Sichtfeld	Sicht	Feld
Sichtkontakt	Sicht	Kontakt
Sichtlinie	Sicht	Linie
Sichtung	sichten	ung
Sichtverhältnisse	Sicht	Verhältnis
Sichtweise	Sicht	Weise
Siebdruck	Sieb	Druck
Siebenbürgener	Siebenbürgen	er
Siebenbürger	Siebenbürgen	er
Siebenbürgerin	Siebenbürger	in
Siebeneck	sieben	Ecke
Siebener	sieben	er
Siebenflächner	sieben	Flächen	er
Siebenganggetriebe	sieben	Gang	Getriebe
Siebenhubener	Siebenhuben	er
Siebenhubenerin	Siebenhubener	in
Siebenkampf	sieben	Kampf
Siebenmeilenstiefel	sieben	Meile	Stiefel
Siebenschläfertag	sieben	schlafen	Tag
Siebentausendstel	sieben	tausendstel
Siebenundzwanzigeck	siebenundzwanzig	Ecke
Siebzehneck	siebzehn	Ecke
Siebzigeck	siebzig	Ecke
Siebzigtausendstel	siebzig	tausendstel
Siedepunkt	sieden	Punkt
Sieder	sieden	er
Siedetemperatur	sieden	Temperatur
Siedler	siedeln	er
Siedlung	siedeln	ung
Siegburg	Sieg	Burg
Siegellehre	Siegel	Lehre
Siegelring	Siegel	Ring
Sieger	siegen	er
Siegerjustiz	Sieger	Justiz
Siegermentalität	Sieger	Mentalität
Siegesgewissheit	Sieg	es	Gewissheit
Siegespalme	Sieg	es	Palme
Siegeszug	Sieg	es	Zug
Siegfrieden	Sieg	Frieden
Siegmeister	Sieg	Meister
Siegtorschütze	Siegtor	Schütze
Sigelsuche	Sigel	Suche
Signalleistung	Signal	Leistung
Signallicht	Signal	Licht
Signaltransduktion	Signal	Transduktion
Signalweg	Signal	Weg
Signalübertragung	Signal	Übertragung
Signiermaschine	signieren	Maschine
Silbenanlaut	Silbe	Anlaut
Silbenkurzwort	Silbe	n	Kurzwort
Silbenschrift	Silbe	Schrift
Silbenstrich	Silbe	Strich
Silber-Brandschopf	Silber	Brandschopf
Silberacetylid	Silber	Acetylid
Silberamalgam	Silber	Amalgam
Silberanteil	Silber	Anteil
Silberazid	Silber	Azid
Silberbacher	Silberbach	er
Silberbacherin	Silberbacher	in
Silberbarren	Silber	Barren
Silberbecher	Silber	Becher
Silberbergbau	Silber	Bergbau
Silberbergwerk	Silber	Bergwerk
Silberbeschichtung	Silber	Beschichtung
Silberbesteck	Silber	Besteck
Silberblech	Silber	Blech
Silberblick	Silber	Blick
Silberbromid	Silber	Bromid
Silberchalkogenid	Silber	Chalkogenid
Silberchlorid	Silber	Chlorid
Silbercyanid	Silber	Cyanid
Silberdraht	Silber	Draht
Silbererz	Silber	Erz
Silberfaden	Silber	Faden
Silberfarbe	Silber	Farbe
Silberfisch	Silber	Fisch
Silberfischchen	Silber	Fischchen
Silberfolie	Silber	Folie
Silberfulminat	Silber	Fulminat
Silbergabel	Silber	Gabel
Silbergeflecht	Silber	Geflecht
Silbergefäß	Silber	Gefäß
Silbergehalt	Silber	Gehalt
Silbergeschirr	Silber	Geschirr
Silberhalogenid	Silber	Halogenid
Silberhochzeit	Silber	Hochzeit
Silberiodid	Silber	Iodid
Silberlachs	Silber	Lachs
Silberlagerstätte	Silber	Lagerstätte
Silberlegierung	Silber	Legierung
Silberling	Silber	ling
Silberlot	Silber	Lot
Silberlöffel	Silber	Löffel
Silbermedaille	silber	Medaille
Silbermesser	Silber	Messer
Silbermine	Silber	Mine
Silbermineral	Silber	Mineral
Silbermöwe	Silber	Möwe
Silbermünze	Silber	Münze
Silbernitrat	Silber	Nitrat
Silbernitratlösung	Silbernitrat	Lösung
Silberoxid	Silber	Oxid
Silberpapier	Silber	Papier
Silberpflege	Silber	Pflege
Silberplatte	Silber	Platte
Silberreiher	Silber	Reiher
Silberrotbarsch	Silber	rot	Barsch
Silbersalz	Silber	Salz
Silberschmiedin	Silberschmied	in
Silberschmuck	Silber	Schmuck
Silberschraube	Silber	Schraube
Silberstandard	Silber	Standard
Silberstater	Silber	Stater
Silberstein	Silber	Stein
Silbersteiner	Silberstein	er
Silbersteinerin	Silbersteiner	in
Silbersulfat	Silber	Sulfat
Silbersulfid	Silber	Sulfid
Silbersulfidbelag	Silbersulfid	Belag
Silbertablett	Silber	Tablett
Silberverbindung	Silber	Verbindung
Siliciumcarbid	Silicium	Carbid
Siliciumdioxid	Silicium	Dioxid
Siliciumhalogenid	Silicium	Halogenid
Siliciummonoxid	Silicium	Monoxid
Siliciumnitrid	Silicium	Nitrid
Siliciumtetrachlorid	Silicium	Tetrachlorid
Siliciumtetrafluorid	Silicium	Tetrafluorid
Siliciumwasserstoff	Silicium	Wasserstoff
Siliziumcarbid	Silizium	Carbid
Siliziumlegierung	Silizium	Legierung
Siliziumsulfid	Silizium	Sulfid
Silvesterrakete	Silvester	Rakete
Simplonpass	Simplon	Pass
Singdrossel	singen	Drossel
Singer	singen	er
Singlebörse	Single	Börse
Singspiel	singen	Spiel
Singstimme	singen	Stimme
Singulärwertzerlegung	Singulärwert	Zerlegung
Singvogel	singen	Vogel
Singzikade	singen	Zikade
Sinkflug	sinken	Flug
Sinnbild	Sinn	Bild
Sinnesnerv	Sinnes	Nerv
Sinnesorgan	Sinn	es	Organ
Sinnesreiz	Sinn	es	Reiz
Sinneswahrnehmung	Sinnes	Wahrnehmung
Sinneswandel	Sinnes	Wandel
Sinngebung	Sinn	Gebung
Sinngedicht	Sinn	Gedicht
Sinnhaftigkeit	sinnhaft	igkeit
Sinnlosigkeit	sinnlos	igkeit
Sinnsuche	Sinn	Suche
Sinsheimerin	Sinsheimer	in
Sippenhaft	Sippe	n	Haft
Sisyphusarbeit	Sisyphus	Arbeit
Sitka-Fichte	Sitka	Fichte
Sittenpolizei	Sitte	n	Polizei
Sittenstrolch	Sitte	Strolch
Situationismus	Situation	ismus
Sitzbein	Sitz	Bein
Sitzbezug	Sitz	Bezug
Sitzenbleiber	sitzenbleiben	er
Sitzgelegenheit	sitzen	Gelegenheit
Sitzheizung	Sitz	Heizung
Sitzkrieg	sitzen	Krieg
Sitznachbar	Sitz	Nachbar
Sitzpinkler	sitzen	Pinkler
Sitzpinklerin	Sitzpinkler	in
Sitzplatz	Sitz	Platz
Sitzredakteur	sitzen	Redakteur
Sitzreihe	Sitz	Reihe
Sitzriese	sitzen	Riese
Sitzung	sitzen	ung
Sitzverteilung	Sitz	Verteilung
Sitzzwerg	sitzen	Zwerg
Skalarfeld	Skalar	Feld
Skalarprodukt	Skalar	Produkt
Skaleneffekt	Skala	en	Effekt
Skaleninvarianz	Skala	Invarianz
Skandalartikel	Skandal	Artikel
Skandalblatt	Skandal	Blatt
Skandalnudel	Skandal	Nudel
Skandinavistik	Skandinavist	ik
Skelettfluorose	Skelett	Fluorose
Skelettretardierung	Skelett	Retardierung
Skigebiet	Ski	Gebiet
Skilanglauf	Ski	lang	Lauf
Skipass	Ski	Pass
Skistiefel	Ski	Stiefel
Skistock	Ski	Stock
Skizzenbuch	Skizze	n	Buch
Sklavenhaltergesellschaft	Sklavenhalter	Gesellschaft
Sklavenhandel	Sklave	n	Handel
Sklavenhändler	Sklave	n	Händler
Sklaventreiber	Sklave	n	Treiber
Skontroführer	Skontro	Führer
Skorpion-Krustenechse	Skorpion	Krustenechse
Skrupellosigkeit	skrupellos	igkeit
Slawin	Slawe	in
Slawisierung	slawisieren	ung
Slawismus	slawisch	ismus
Slipeinlage	Slip	Einlage
Slowakin	Slowake	in
Sockelleiste	Sockel	Leiste
Sodabrot	Soda	Brot
Sodasee	Soda	See
Sodomist	Sodomie	ist
Sofatisch	Sofa	Tisch
Soforthilfe	sofort	Hilfe
Softwareentwickler	Software	Entwickler
Softwareentwicklerin	Softwareentwickler	in
Softwareentwicklung	Software	Entwicklung
Softwareentwicklungsprozess	Software	Entwicklungsprozess
Sojabohne	Soja	Bohne
Sojamehl	Soja	Mehl
Sojasauce	Soja	Sauce
Sojasoße	Soja	Soße
Solarenergie	solar	Energie
Soldatenzopf	Soldat	en	Zopf
Solei	Sol	Ei
Solidaritätsprinzip	Solidarität	s	Prinzip
Solingerin	Solinger	in
Solitärring	solitär	Ring
Sollbruchstelle	sollen	Bruch	Stelle
Sollzustand	soll	Zustand
Solotänzer	solo	Tänzer
Solotänzerin	Solotänzer	in
Sommeranfang	Sommer	Anfang
Sommeraster	Sommer	Aster
Sommerblümchen	Sommerblume	chen
Sommerende	Sommer	Ende
Sommerfelder	Sommerfeld	er
Sommerfelderin	Sommerfelder	in
Sommerfeldzug	Sommer	Feldzug
Sommerferien	Sommer	Ferien
Sommerflieder	Sommer	Flieder
Sommerfrische	Sommer	Frische
Sommerhaus	Sommer	Haus
Sommerkleid	Sommer	Kleid
Sommerloch	Sommer	Loch
Sommerluft	Sommer	Luft
Sommermonat	Sommer	Monat
Sommernacht	Sommer	Nacht
Sommerpause	Sommer	Pause
Sommerreifen	Sommer	Reifen
Sommerschlussverkauf	Sommer	Schlussverkauf
Sommersemester	Sommer	Semester
Sommersonne	Sommer	Sonne
Sommersonnenwende	Sommer	Sonnenwende
Sommersprosse	Sommer	Sprosse
Sommerurlaub	Sommer	Urlaub
Sommervogel	Sommer	Vogel
Sommerwetter	Sommer	Wetter
Sommerzeit	Sommer	Zeit
Sonderausschuss	sonder	Ausschuss
Sonderbarkeit	sonderbar	keit
Sonderbeauftragte	sonder	Beauftragte
Sonderbeauftragter	sonder	Beauftragter
Sonderbehandlung	sonder	Behandlung
Sonderbericht	sonder	Bericht
Sonderbund	sonder	Bund
Sonderdividende	sonder	Dividende
Sondereinheit	sonder	Einheit
Sonderfall	sonder	Fall
Sondergenehmigung	sondern	Genehmigung
Sonderkommando	sonder	Kommando
Sonderkommission	sonder	Kommission
Sonderkorrespondentin	Sonderkorrespondent	in
Sonderkraftfahrzeug	sonder	Kraftfahrzeug
Sonderkunststoff	sonder	Kunststoff
Sonderling	sondern	ling
Sonderpädagogik	sonder	Pädagogik
Sonderrecht	sonder	Recht
Sonderschule	sonder	Schule
Sondershausener	Sondershausen	er
Sondershausenerin	Sondershausener	in
Sonderspannvorrichtung	sonder	Spannvorrichtung
Sondersprache	sonder	Sprache
Sonderstellung	sonder	Stellung
Sonderverkauf	sonder	Verkauf
Sonderverwaltungszone	sonder	Verwaltungszone
Sonderweg	sonder	Weg
Sonderzeichen	sonder	Zeichen
Sonderzug	sonder	Zug
Songschreiber	Song	Schreiber
Songtext	Song	Text
Sonnenbank	Sonne	n	Bank
Sonnenblume	Sonne	n	Blume
Sonnenblumenkern	Sonnenblume	n	Kern
Sonnenblumenöl	Sonnenblume	n	Öl
Sonnenbrand	Sonne	n	Brand
Sonnenbrille	Sonne	n	Brille
Sonnencreme	Sonne	n	Creme
Sonneneinstrahlung	Sonne	n	Einstrahlung
Sonnenenergie	Sonne	n	Energie
Sonneneruption	Sonne	n	Eruption
Sonnenfinsternis	Sonne	n	Finsternis
Sonnengott	Sonne	n	Gott
Sonnenhut	Sonne	n	Hut
Sonnenkorona	Sonne	n	Korona
Sonnenrauch	Sonne	n	Rauch
Sonnenschirm	Sonne	n	Schirm
Sonnensittich	Sonne	n	Sittich
Sonnenstrahl	Sonne	n	Strahl
Sonnenstudio	Sonne	n	Studio
Sonnenstunde	Sonne	n	Stunde
Sonnensystem	Sonne	n	System
Sonnentag	Sonne	n	Tag
Sonnentau	Sonne	n	Tau
Sonnenuhr	Sonne	n	Uhr
Sonntagmittag	Sonntag	Mittag
Sonntagskind	Sonntag	s	Kind
Sonntagsspaziergang	Sonntag	s	Spaziergang
Sonorität	sonor	ität
Sonoritätshierarchie	Sonorität	s	Hierarchie
Sonthofenerin	Sonthofener	in
Sopranschlüssel	Sopran	Schlüssel
Sopranstimme	Sopran	Stimme
Sorgerecht	Sorge	Recht
Sorgfältigkeit	sorgfältig	keit
Sorglosigkeit	sorglos	igkeit
Sortenplural	Sorte	n	Plural
Sortierung	sortieren	ung
Sortiment	sortieren	ment
Soundkarte	Sound	Karte
Soundsystem	Sound	System
Souvenirladen	Souvenir	Laden
Souvenirlädchen	Souvenirladen	chen
Souveränität	Souverän	ität
Sowjetrepublik	Sowjet	Republik
Sowjetunion	Sowjet	Union
Sozialarbeit	sozial	Arbeit
Sozialarbeiter	sozial	Arbeiter
Sozialdemokrat	sozial	Demokrat
Sozialgeschichte	sozial	Geschichte
Sozialgesetzbuch	sozial	Gesetzbuch
Sozialhilfesystem	Sozialhilfe	System
Sozialmedien	sozial	Medien
Sozialpsychologie	sozial	Psychologie
Sozialschmarotzer	sozial	Schmarotzer
Sozialtourismus	sozial	Tourismus
Sozialversicherungskarte	Sozialversicherung	Karte
Sozialversicherungsnummer	Sozialversicherung	s	Nummer
Sozialwissenschaft	sozial	Wissenschaft
Soziobiologie	sozio	Biologie
Soziopathin	Soziopath	in
Soßenkanne	Soße	n	Kanne
Soßenkelle	Soße	Kelle
Spagettieis	Spagetti	Eis
Spaltbarkeit	spaltbar	keit
Spaltpilz	spalten	Pilz
Spaltprodukt	Spalt	Produkt
Spaltstoff	spalten	Stoff
Spaltung	spalten	ung
Spamordner	Spam	Ordner
Spanner	spannen	er
Spannereule	spannen	Eule
Spannrahmen	spannen	Rahmen
Spannstock	spannen	Stock
Spannungswandler	Spannung	s	Wandler
Spannweite	Spann	Weite
Spanplatte	Span	Platte
Spareinlage	sparen	Einlage
Sparer	sparen	er
Sparerin	Sparer	in
Spargelbohne	Spargel	Bohne
Spargelkäfer	Spargel	Käfer
Spargelsuppe	Spargel	Suppe
Spargeltarzan	Spargel	Tarzan
Sparneigung	sparen	Neigung
Sparpolitik	sparen	Politik
Sparschwein	sparen	Schwein
Spartrafo	sparen	Trafo
Spartransformator	sparen	Transformator
Spastizität	spastisch	ität
Spatzeck	Spatz	Eck
Spatzennest	Spatz	en	Nest
Spaziergang	spazieren	Gang
Spaziergänger	Spaziergang	er
Spazierstock	spazieren	Stock
Spaßbremse	Spaß	Bremse
Spaßguerilla	Spaß	Guerilla
Spaßmacher	Spaß machen	er
Spaßmacherin	Spaßmacher	in
Spaßvogel	Spaß	Vogel
Spechtler	spechteln	er
Speckkäfer	Speck	Käfer
Speerspitze	Speer	Spitze
Speerwerferin	Speerwerfer	in
Speerwurf	Speer	Wurf
Speicheldrüse	Speichel	Drüse
Speichellecker	Speichel	Lecker
Speicherdauer	speichern	Dauer
Speichereiweiß	Speicher	Eiweiß
Speicherfrist	Speicher	Frist
Speicherkraftwerk	Speicher	Kraftwerk
Speichernetzwerk	Speicher	Netzwerk
Speiseeis	Speise	Eis
Speisekammer	Speise	Kammer
Speisekarte	Speise	Karte
Speisekürbis	Speise	Kürbis
Speisenauswahl	Speise	n	Auswahl
Speisenbereich	Speise	Bereich
Speiseplan	Speise	Plan
Speiseröhre	Speise	Röhre
Speiseröhrenkrebs	Speiseröhre	n	Krebs
Speisesalz	Speise	Salz
Speisetafel	Speise	Tafel
Speisopfer	speisen	Opfer
Speispinne	speien	Spinne
Speisung	speisen	ung
Spektralanalyse	spektral	Analyse
Spektralbereich	spektral	Bereich
Spektralklasse	spektral	Klasse
Spektrallinie	spektral	Linie
Spektrographie	Spektrum	graphie
Spektroskopie	spektro	skopie
Spekulationsblase	Spekulation	s	Blase
Spekulationsfrist	Spekulation	s	Frist
Spekulationsobjekt	Spekulation	Objekt
Spendengeld	Spende	Geld
Spender	spenden	er
Spenderherz	Spender	Herz
Spendierer	spendieren	er
Spendierhosen	spendieren	Hosen
Spenglerin	Spengler	in
Sperlingskauz	Sperling	s	Kauz
Sperrangel	sperren	Angel
Sperrballon	Sperre	Ballon
Sperrdifferential	sperren	Differential
Sperrfrist	sperren	Frist
Sperrgebiet	sperren	Gebiet
Sperrholz	sperren	Holz
Sperrminorität	Sperre	Minorität
Sperrschrift	sperren	Schrift
Sperrstunde	sperren	Stunde
Sperrzone	sperren	Zone
Spesenbeleg	Spesen	Beleg
Speyerin	Speyer	in
Speyrerin	Speyrer	in
Spezialgeschäft	Spezial	Geschäft
Spezialklinik	spezial	Klinik
Spezialkunststoff	spezial	Kunststoff
Spezifität	spezifisch	ität
Spickzettel	spicken	Zettel
Spider-App	spider	App
Spiegelei	Spiegel	Ei
Spiegeleiqualle	Spiegelei	Qualle
Spiegelreflexkamera	Spiegel	Reflex	Kamera
Spiegelsaal	Spiegel	Saal
Spiegelstrich	Spiegel	Strich
Spiegeltest	Spiegel	Test
Spielautomat	Spiel	Automat
Spielball	Spiel	Ball
Spielchen	Spiel	chen
Spielerin	Spieler	in
Spielfeld	Spiel	Feld
Spielfigur	Spiel	Figur
Spielfilm	Spiel	Film
Spielführer	Spiel	Führer
Spielgefährte	Spiel	Gefährte
Spielgeld	Spiel	Geld
Spielhaus	Spiel	Haus
Spielhälfte	Spiel	Hälfte
Spielkarte	spielen	Karte
Spielkugel	spielen	Kugel
Spielleiter	Spiel	Leiter
Spielmann	spil	man
Spielothek	Spiel	o	thek
Spielplatz	Spiel/spielen	Platz
Spielregel	Spiel	Regel
Spielspaß	Spiel	Spaß
Spieltheorie	Spiel	Theorie
Spieluhr	Spiel	Uhr
Spielverderber	Spiel	Verderber
Spielverderberin	Spiel	Verderberin
Spielwerk	Spiel	Werk
Spielzeug	Spiel	Zeug
Spielzeugpistole	Spielzeug	Pistole
Spielzeugverkäufer	Spielzeug	Verkäufer
Spielzug	Spiel	Zug
Spießbürger	Spieß	Bürger
Spießbürgerin	Spießbürger	in
Spießerin	Spießer	in
Spießrute	Spieß	Rute
Spießrutenlauf	Spießrute	n	Lauf
Spillbaum	Spille	Baum
Spindelhemmung	Spindel	Hemmung
Spindelmage	Spindel	Mage
Spindelstrauch	Spindel	Strauch
Spindlermühle	Spindler	Mühle
Spinnennetz	Spinne	Netz
Spinnenphobie	Spinne	n	Phobie
Spinnentier	Spinne	Tier
Spinnerin	Spinner	in
Spinnfaden	Spinne	Faden
Spinngewebe	Spinne	Gewebe
Spinnrad	spinnen	Rad
Spinquantenzahl	Spin	Quantenzahl
Spionage	Spion	age
Spionageflugzeug	Spionage	Flugzeug
Spionagering	Spionage	Ring
Spiralbohrer	Spirale	Bohrer
Spiralfeder	Spirale	Feder
Spiralgalaxie	Spirale	Galaxie
Spiralschneider	Spirale	Schneider
Spitzbergen	spitz	Berge
Spitzbogen	spitz	Bogen
Spitzbogenfenster	Spitzbogen	Fenster
Spitzbube	Spitz	Bube
Spitzel	Spitz	el
Spitzendruck	Spitze	n	Druck
Spitzengeschwindigkeit	Spitze	n	Geschwindigkeit
Spitzenkandidat	Spitze	n	Kandidat
Spitzenkandidatin	Spitze	Kandidatin
Spitzenkrause	Spitze	n	Krause
Spitzenprädator	Spitze	n	Prädator
Spitzenqualität	Spitze	n	Qualität
Spitzenspieler	Spitzenspiel	er
Spitzentanz	Spitze	Tanz
Spitzentänzer	Spitzentanz	er
Spitzentänzerin	Spitzentänzer	in
Spitzenverbrauch	Spitze	Verbrauch
Spitzkohl	spitz	Kohl
Spitzkopfzikade	spitz	Kopf	Zikade
Spitzkrokodil	Spitz	Krokodil
Spitzmaulnashorn	spitz	Maul	Nashorn
Spitzmaus	spitz	Maus
Spitzname	spitz	Name
Spitzpaprika	spitz	Paprika
Spitzschwanzsittich	spitz	Schwanz	Sittich
Spitzturm	spitz	Turm
Spitzwegerich	spitz	Wegerich
Splitterpartei	Splitter	Partei
Splügenpass	Splügen	Pass
Spontanität	spontan	ität
Sporenausschleuderung	Spore	n	Ausschleuderung
Sportart	Sport	Art
Sportartikel	Sport	Artikel
Sportausrüstung	Sport	Ausrüstung
Sportbekleidung	Sport	Bekleidung
Sportberichterstatter	Sport	Berichterstatter
Sportberichterstatterin	Sportberichterstatter	in
Sportberichterstattung	Sport	Berichterstattung
Sportclub	Sport	Club
Sportgerät	Sport	Gerät
Sporthalle	Sport	Halle
Sportherz	Sport	Herz
Sportklub	Sport	Klub
Sportler	Sport	ler
Sportlerherz	Sportler	Herz
Sportlerin	Sportler	in
Sportmannschaft	Sport	Mannschaft
Sportmedizin	Sport	Medizin
Sportmuffel	Sport	Muffel
Sportreporterin	Sportreporter	in
Sportskanone	Sport	s	Kanone
Sportuhr	Sport	Uhr
Sportwagen	Sport	Wagen
Sportwettkampf	Sport	Wettkampf
Sportzeitschrift	Sport	Zeitschrift
Spottdrossel	Spott	Drossel
Spottgedicht	Spott	Gedicht
Spottname	Spott	Name
Spottwort	Spott	Wort
Sprachanruf	Sprache	Anruf
Sprachbarriere	Sprache	Barriere
Sprachberatung	Sprache	Beratung
Sprachebene	Sprache	Ebene
Sprachenschule	Sprache	Schule
Spracherwerb	Sprache	Erwerb
Sprachfamilie	Sprache	Familie
Sprachfehler	Sprache	Fehler
Sprachform	Sprache	Form
Sprachforscher	Sprache	Forscher
Sprachführer	Sprache	Führer
Sprachgebrauch	Sprache	Gebrauch
Sprachgefühl	Sprache	Gefühl
Sprachgewalt	Sprache	Gewalt
Sprachkenntnis	Sprache	Kenntnis
Sprachkompetenz	Sprache	Kompetenz
Sprachkurs	Sprache	Kurs
Sprachlaut	Sprache	Laut
Sprachlehre	Sprache	Lehre
Sprachmystik	Sprache	Mystik
Sprachmystiker	Sprache	Mystiker
Sprachnachricht	Sprache	Nachricht
Sprachpartner	Sprache	Partner
Sprachpathologie	Sprache	Pathologie
Sprachpolizei	Sprache	Polizei
Sprachpurismus	Sprache	Purismus
Sprachratgeber	Sprache	Ratgeber
Sprachraum	Sprache	Raum
Sprachretardierung	Sprache	Retardierung
Sprachrohr	Sprache	Rohr
Sprachschule	Sprache	Schule
Sprachstil	Sprache	Stil
Sprachstörung	Sprache	Störung
Sprachteil	Sprache	Teil
Sprachtheil	Sprache	Theil
Sprachtod	Sprache	Tod
Sprachvarietät	Sprache	Varietät
Sprachvermittlung	Sprache	Vermittlung
Sprachverschlüsselungsgerät	Sprache	Verschlüsselung	s	Gerät
Sprachwandel	Sprache	Wandel
Sprachwissen	Sprache	Wissen
Sprachwissenschaft	Sprache	Wissenschaft
Sprachwissenschaftler	Sprachwissenschaft	ler
Sprachwissenschaftlerin	Sprachwissenschaftler	in
Sprechbläschen	Sprechblase	chen
Sprecher	sprechen	er
Sprechergruppe	Sprecher	Gruppe
Sprechkapsel	sprechen	Kapsel
Sprechmuschel	sprechen	Muschel
Sprechsprache	sprechen	Sprache
Sprechstunde	sprechen	Stunde
Sprechweise	sprechen	Weise
Sprechwerkzeuge	sprechen	Werkzeug
Sprechzeit	sprechen	Zeit
Spreemetropole	Spree	Metropole
Spreestadt	Spree	Stadt
Sprengbombe	sprengen	Bombe
Sprengfalle	sprengen	Falle
Sprengkopf	sprengen	Kopf
Sprengkraft	sprengen	Kraft
Sprengsatz	sprengen	Satz
Sprengstofffund	Sprengstoff	Fund
Sprengstoffgürtel	Sprengstoff	Gürtel
Sprengstoffweste	Sprengstoff	Weste
Sprengung	sprengen	ung
Sprenkelbeutelmaus	sprenkeln	Beutelmaus
Springbrunnen	springen	Brunnen
Springer	springen	er
Springerbauer	Springer	Bauer
Springerin	Springer	in
Springinsfeld	spring	ins	Feld
Springmesser	springen	Messer
Springpferd	springen	Pferd
Springreiten	springen	Reiten
Springschwanz	springen	Schwanz
Springseil	springen	Seil
Sprinkleranlage	Sprinkler	Anlage
Sprinter	sprinten	er
Sprinterin	Sprinter	in
Spritkopp	Sprit	Kopp
Spritzfisch	spritzen	Fisch
Spritzguss	spritzen	Guss
Spritzgussverfahren	Spritzguss	Verfahren
Spritzkuchen	spritzen	Kuchen
Sprossenkohl	Sprosse	n	Kohl
Sprosser	Sprosse	er
Sprossvokal	sprossen	Vokal
Spruchband	Spruch	Band
Sprudelbad	sprudeln	Bad
Sprudelwasser	sprudeln	Wasser
Sprungbrett	Sprung	Brett
Sprungfeder	Sprung	Feder
Sprunggelenk	Sprung	Gelenk
Sprungseil	Sprung	Seil
Sprungtemperatur	Sprung	Temperatur
Sprungturm	Sprung	Turm
Sprödmetall	spröde	Metall
Sprühkäse	sprühen	Käse
Sprühnebel	sprühen	Nebel
Sprühregen	sprühen	Regen
Sprühstoß	sprühen	Stoß
Spulenfiepen	Spule	n	Fiepen
Spurenelement	Spuren	Element
Spurensicherung	Spur	Sicherung
Spurrille	Spur	Rille
Spurrinne	Spur	Rinne
Spurversatz	Spur	Versatz
Späher	spähen	er
Späherin	Späher	in
Spätangelsächsisch	spät	Angelsächsisch
Spätantike	spät	Antike
Spätburgunder	spät	Burgunder
Spätburgundertraube	Spätburgunder	Traube
Spätdienst	spät	Dienst
Spätfolge	spät	Folge
Spätjudentum	spät	Judentum
Spätlese	spät	Lese
Spätmittelalter	spät	Mittelalter
Spätmittelhochdeutsch	spät	Mittelhochdeutsch
Spätnachmittag	spät	Nachmittag
Spätphase	spät	Phase
Spätschicht	spät	Schicht
Spätsommer	spät	Sommer
Spätwinter	spät	Winter
Spöttelei	spötteln	ei
Spötter	spotten	er
Spülbecken	spülen	Becken
Spülbürste	spülen	Bürste
Spülküche	spülen	Küche
Spüllappen	spülen	Lappen
Spülmaschine	spülen	Maschine
Spülmittel	spülen	Mittel
Spülsaum	spülen	Saum
Spülsaummaterial	Spülsaum	Material
Spülschwamm	spülen	Schwamm
Spültuch	spülen	Tuch
Spülwasser	spülen	Wasser
Spürhund	spüren	Hund
Staatenbund	Staat	en	Bund
Staatengebilde	Staaten	Gebilde
Staatsangehöriger	Staat	s	Angehöriger
Staatsangelegenheit	Staat	s	Angelegenheit
Staatsanleihe	Staat	s	Anleihe
Staatsanwalt	Staat	s	Anwalt
Staatsanwaltschaft	Staatsanwalt	schaft
Staatsanwältin	Staatsanwalt	in
Staatsausgabe	Staat	s	Ausgabe
Staatsausgabenquote	Staatsausgabe	n	Quote
Staatsbesuch	Staat	s	Besuch
Staatsbürger	Staat	s	Bürger
Staatsbürgerin	Staatsbürger	in
Staatsbürgerschaft	Staatsbürger	schaft
Staatsdoping	Staat	s	Doping
Staatsexamen	Staat	s	Examen
Staatsfeind	Staat	s	Feind
Staatsfonds	Staat	s	Fonds
Staatsform	Staat	s	Form
Staatsführung	Staat	s	Führung
Staatsgebiet	Staat	s	Gebiet
Staatsgewalt	Staat	s	Gewalt
Staatskanzlei	Staat	s	Kanzlei
Staatskasse	Staat	s	Kasse
Staatskirche	Staat	s	Kirche
Staatskonzern	Staat	s	Konzern
Staatsmacht	Staat	s	Macht
Staatsminister	Staat	s	Minister
Staatsnation	Staat	s	Nation
Staatsoberhaupt	Staat	s	Oberhaupt
Staatsoper	Staat	s	Oper
Staatspolizei	Staat	s	Polizei
Staatspräsident	Staat	s	Präsident
Staatspräsidentin	Staatspräsident	in
Staatsquote	Staat	s	Quote
Staatsrecht	Staat	s	Recht
Staatsrechtler	Staatsrecht	ler
Staatsregierung	Staat	s	Regierung
Staatsreligion	Staat	s	Religion
Staatsschuld	Staat	s	Schuld
Staatsschuldenkrise	Staat	s	Schulden	Krise
Staatsschuldenquote	Staatsschuld	en	Quote
Staatsschutzdelikt	Staatsschutz	Delikt
Staatsschützer	Staatsschutz	er
Staatssekretär	Staat	s	Sekretär
Staatssicherheit	Staat	s	Sicherheit
Staatsstreich	Staat	s	Streich
Staatsunternehmen	Staat	s	Unternehmen
Staatsvermögen	Staat	s	Vermögen
Staatsvermögensfonds	Staat	s	Vermögen	s	Fonds
Staatsvolk	Staat	Volk
Staatswappen	Staat	s	Wappen
Stabheuschrecke	Stab	Heuschrecke
Stabhochspringer	Stab	Hochspringer
Stabhochspringerin	Stab	Hochspringerin
Stabilisierungsfonds	Stabilisierung	s	Fonds
Stabilisierungsmittel	Stabilisierung	Mittel
Stabkirche	Stab	Kirche
Stabreim	Stab	Reim
Stabsarzt	Stab	s	Arzt
Stabwanze	Stab	Wanze
Stachelbeere	Stachel	Beere
Stacheldraht	Stachel	Draht
Stachelgurke	Stachel	Gurke
Stachelrochen	Stachel	Rochen
Stachelschwein	Stachel	Schwein
Stachelstock	Stachel	Stock
Stackbusch	Stack	Busch
Stadtbewohner	Stadt	Bewohner
Stadtbezirk	Stadt	Bezirk
Stadtbibliothek	Stadt	Bibliothek
Stadtbild	Stadt	Bild
Stadtbummel	Stadt	Bummel
Stadtbücherei	Stadt	Bücherei
Stadtdialekt	Stadt	Dialekt
Stadtgebiet	Stadt	Gebiet
Stadtgespräch	Stadt	Gespräch
Stadthagener	Stadthagen	er
Stadthaus	Stadt	Haus
Stadtindianer	Stadt	Indianer
Stadtluft	Stadt	Luft
Stadtmauer	Stadt	Mauer
Stadtmitte	Stadt	Mitte
Stadtmusikant	Stadt	Musikant
Stadtplan	Stadt	Plan
Stadtrand	Stadt	Rand
Stadtrandgebiet	Stadt	Randgebiet
Stadtrat	Stadt	Rat
Stadträtin	Stadtrat	in
Stadtsprecher	Stadt	Sprecher
Stadtzentrum	Stadt	Zentrum
Staffellauf	Staffel	Lauf
Staffelschwanz	Staffel	Schwanz
Stahlbad	Stahl	Bad
Stahlbeton	Stahl	Beton
Stahlerzeugung	Stahl	Erzeugung
Stahlgerüst	Stahl	Gerüst
Stahlhelm	Stahl	Helm
Stahlherstellung	Stahl	Herstellung
Stahlindustrie	Stahl	Industrie
Stahlkonstruktion	Stahl	Konstruktion
Stahlkopfforelle	Stahl	Kopf	Forelle
Stahllegierung	Stahl	Legierung
Stahlschraube	Stahl	Schraube
Stahltreppe	Stahl	Treppe
Stahlträger	Stahl	Träger
Stahlwerk	Stahl	Werk
Stahlwolle	Stahl	Wolle
Stahlzylinder	Stahl	Zylinder
Stalinismus	Stalin	ismus
Stalinstadt	Stalin	Stadt
Stammbaum	Stamm	Baum
Stammbesucher	Stamm	Besucher
Stammesgeschichte	Stamm	es	Geschichte
Stammesherzogtum	Stamm	es	Herzogtum
Stammgast	Stamm	Gast
Stammkneipe	Stamm	Kneipe
Stammkunde	Stamm	Kunde
Stammlager	Stamm	Lager
Stammlokal	Stamm	Lokal
Stammmutter	Stamm	Mutter
Stammsilbe	Stamm	Silbe
Stammtisch	Stamm	Tisch
Stammtischdimension	Stammtisch	Dimension
Stammtischgerede	Stammtisch	Gerede
Stampfer	stampfen	er
Standardabweichung	Standard	Abweichung
Standardaussprache	Standard	Aussprache
Standardbedingung	Standard	Bedingung
Standarddeutsch	Standard	Deutsch
Standarddosis	Standard	Dosis
Standardkunststoff	Standard	Kunststoff
Standardsprache	Standard	Sprache
Standardwerk	Standard	Werk
Standardwert	Standard	Wert
Standbein	Stand	Bein
Standbetreiberin	Standbetreiber	in
Standbild	Stand	Bild
Standesamt	Stand	es	Amt
Standesdünkel	Stand	es	Dünkel
Standeskommission	Stand	es	Kommission
Standgericht	Stand	Gericht
Standhaftigkeit	standhaft	igkeit
Standort	Stand	Ort
Standortfaktor	Standort	Faktor
Standortwettbewerb	Standort	Wettbewerb
Standpunkt	Stand	Punkt
Standseilbahn	Stand	Seilbahn
Standuhr	Stand	Uhr
Standvogel	Stand	Vogel
Stangenbohne	Stange	n	Bohne
Stangenei	Stange	n	Ei
Stangenwaffe	Stange	Waffe
Stapelverarbeitung	Stapel	Verarbeitung
Starenkasten	Star	en	Kasten
Starenkästchen	Starenkasten	chen
Starenschwarm	Star	en	Schwarm
Starkregen	stark	Regen
Starrsinn	starr	Sinn
Starrsucht	starren/Starre	Sucht
Starthilfe	Start	Hilfe
Startkapital	Start	Kapital
Startlauf	Start	Lauf
Startnummer	starten	Nummer
Startnummernrennen	Startnummer	n	Rennen
Startposition	Start	Position
Startschuss	Start	Schuss
Startseite	Start	Seite
Startup-Finanzierung	Startup	s	Finanzierung
Stationierung	stationieren	ung
Staubblatt	Staub	Blatt
Staubexplosion	Staub	Explosion
Staublappen	Staub	Lappen
Staublunge	Staub	Lunge
Staubmantel	Staub	Mantel
Staubsturm	Staub	Sturm
Staubwedel	Staub	Wedel
Staubwolke	Staub	Wolke
Staubzucker	Staub	Zucker
Staudamm	Stau	Damm
Staugefahr	Stau	Gefahr
Staumauer	Stau	Mauer
Stauschlauch	Stau	Schlauch
Staustrahltriebwerk	Stau	Strahltriebwerk
Steakmesser	Steak	Messer
Stearinkerze	Stearin	Kerze
Stechbeitel	stechen	Beitel
Stecher	stechen	er
Stechhülse	stechen	Hülse
Stechmücke	stechen	Mücke
Stechpalme	stechen	Palme
Stechschritt	stechen	Schritt
Stechuhr	stechen	Uhr
Stechwinde	stechen	Winde
Steckdose	stecken	Dose
Steckdosenleiste	Steckdose	n	Leiste
Steckenpferd	Stecken	Pferd
Stecker	stecken	er
Steckerleis	Steckerl	Eis
Steckerleiste	Stecker	Leiste
Steckhalma	stecken	Halma
Stecknadel	stecken	Nadel
Stecknadelkopf	Stecknadel	Kopf
Stegbreite	Steg	Breite
Stegeinlage	Steg	Einlage
Stegreifdichtung	Stegreif	Dichtung
Stehlampe	stehen	Lampe
Stehpinkler	stehen	Pinkler
Stehpinklerin	Stehpinkler	in
Stehpisser	stehen	Pisser
Stehpult	stehen	Pult
Stehsatz	stehen	Satz
Steifigkeit	steif	igkeit
Steigbügel	steigen	Bügel
Steigbügelhalter	Steigbügel	Halter
Steigerlied	Steiger	Lied
Steigerung	steigern	ung
Steigerungsform	Steigerung	s	Form
Steigflug	steigen	Flug
Steigrohr	Steig	Rohr
Steilheck	steil	Heck
Steinadler	Stein	Adler
Steinauer	Steinau	er
Steinauerin	Steinauer	in
Steinbacher	Steinbach	er
Steinbacherin	Steinbacher	in
Steinbeißer	Stein	Beißer
Steinbergerin	Steinberger	in
Steinbruch	Stein	Bruch
Steinburgerin	Steinburger	in
Steineibe	Stein	Eibe
Steinfelder	Steinfeld	er
Steinfelderin	Steinfelder	in
Steinfelser	Steinfels	er
Steinfelserin	Steinfelser	in
Steinfliege	Stein	Fliege
Steinfrüchtchen	Steinfrucht	chen
Steingebäude	Stein	Gebäude
Steinhagener	Steinhagen	er
Steinhauer	Stein	hauen	er
Steinhaufen	Stein	Haufen
Steinhauser	Steinhaus	er
Steinhauserin	Steinhauser	in
Steinheimer	Steinheim	er
Steinheimerin	Steinheimer	in
Steinigung	steinigen	ung
Steinkauz	Stein	Kauz
Steinkirche	Stein	Kirche
Steinkirchlein	Steinkirch	lein
Steinkohle	Stein	Kohle
Steinkoralle	Stein	Koralle
Steinkreis	Stein	Kreis
Steinköhler	Stein	Köhler
Steinlaus	Stein	Laus
Steinlinde	Stein	Linde
Steinmauer	Stein	Mauer
Steinobst	Stein	Obst
Steinplatte	Stein	Platte
Steinsalz	Stein	Salz
Steinsalzbergbau	Steinsalz	Bergbau
Steinschleuder	Stein	Schleuder
Steinschmätzer	Stein	Schmätzer
Steinstraße	Stein	Straße
Steinsäule	Stein	Säule
Steintreppe	Stein	Treppe
Steinwerk	Stein	Werk
Steinwolle	Stein	Wolle
Steinwälzer	Stein	wälzen	er
Steinzeit	Stein	Zeit
Steinzeug	Stein	Zeug
Steißbein	Steiß	Bein
Stellage	stellen	age
Stellenangebot	Stelle	n	Angebot
Stellenanwärter	Stelle	Anwärter
Stellenanzeige	Stelle	n	Anzeige
Stellenausschreibung	Stelle	Ausschreibung
Stellenbewerber	Stelle	Bewerber
Stellenvermittlung	Stelle	Vermittlung
Stellenzuwachs	Stelle	n	Zuwachs
Stellmacher	Gestell	Macher
Stellung	stellen	ung
Stellungskrieg	Stellung	s	Krieg
Stellvertreter	Stelle	vertreten	er
Stellvertreterin	Stellvertreter	in
Stellvertreterkrieg	Stellvertreter	Krieg
Stelzmücke	Stelze	Mücke
Stemmeisen	stemmen	Eisen
Stempelkissen	Stempel	Kissen
Stempeluhr	stempeln	Uhr
Stephanus-Steinigen	Stephanus	Steinigen
Steppenbewohnerin	Steppenbewohner	in
Steppenralle	Steppe	Ralle
Steppenwaran	Steppe	Waran
Steppenzebra	Steppe	Zebra
Sterbebett	sterben	Bett
Sterblichkeit	sterblich	keit
Stereochemie	stereo	Chemie
Stereolupe	stereo	Lupe
Sterilisierung	sterilisieren	ung
Sternatmosphäre	Stern	Atmosphäre
Sternbild	Stern	Bild
Sternblume	Stern	Blume
Sterndeuter	Stern	Deuter
Sterndeuterei	Sterndeuter	erei
Sternenbanner	Sterne	n	Banner
Sternenglanz	Stern	en	Glanz
Sternenlicht	Stern	en	Licht
Sternenmeer	Stern	Meer
Sterngucker	Stern	Gucker
Sternstunde	Stern	Stunde
Sternwind	Stern	Wind
Sternzeichen	Stern	Zeichen
Stetigkeit	stetig	keit
Stettiner	Stettin	er
Steuerberater	Steuer	Berater
Steuerbetrug	Steuer	Betrug
Steuerbetrüger	Steuer	Betrüger
Steuerbetrügerin	Steuerbetrüger	in
Steuerdomizil	Steuer	Domizil
Steuerelement	Steuer	Element
Steuererhöhung	Steuer	Erhöhung
Steuerfolge	steuern	Folge
Steuergeld	Steuer	Geld
Steuergerät	steuern	Gerät
Steuerhinterziehung	Steuer	Hinterziehung
Steuerkreuz	steuern	Kreuz
Steueroase	Steuer	Oase
Steuerparadies	Steuer	Paradies
Steuerrad	Steuer	Rad
Steuerrechtler	Steuerrecht	ler
Steuerreform	Steuer	Reform
Steuerruder	steuern	Ruder
Steuersatz	Steuer	Satz
Steuerschwindel	Steuer	Schwindel
Steuersenkung	Steuer	Senkung
Steuerstab	steuern	Stab
Steuersystem	Steuer	System
Steuerung	steuern	ung
Stichelei	sticheln	ei
Stichpunkt	Stich	Punkt
Stichschutzweste	Stich	Schutzweste
Stichsäge	stechen	Säge
Stichwaffe	Stich	Waffe
Stichwahl	Stich	Wahl
Stichwort	Stich	wort
Stichwunde	Stich	Wunde
Stickerei	sticken	erei
Stickstoffatmosphäre	Stickstoff	Atmosphäre
Stickstoffatom	Stickstoff	Atom
Stickstoffbindung	Stickstoff	Bindung
Stickstoffdioxid	Stickstoff	Dioxid
Stickstofffixierung	Stickstoff	Fixierung
Stickstoffgas	Stickstoff	Gas
Stickstoffgruppe	Stickstoff	Gruppe
Stickstoffhalogenid	Stickstoff	Halogenid
Stickstoffkreislauf	Stickstoff	Kreislauf
Stickstoffmolekül	Stickstoff	Molekül
Stickstoffmonoxid	Stickstoff	Monoxid
Stickstoffoxid	Stickstoff	Oxid
Stickstofftriiodid	Stickstoff	Triiodid
Stickstoffverbindung	Stickstoff	Verbindung
Stiefbruder	stief	Bruder
Stiefelschlaufe	Stiefel	Schlaufe
Stiefkind	stief	Kind
Stiefmutter	stief	Mutter
Stiefmütterchen	Stiefmutter	chen
Stiefschwester	stief	Schwester
Stiegenhaus	Stiege	n	Haus
Stieltopf	Stiel	Topf
Stierkampf	Stier	Kampf
Stiftshütte	Stift	s	Hütte
Stiftskirche	Stift	s	Kirche
Stigmatisierung	stigmatisieren	ung
Stilblüte	Stil	Blüte
Stilbruch	Stil	Bruch
Stilist	Stil	ist
Stilistik	Stilist	ik
Stille	still	e
Stiller Ozean	still	Ozean
Stilllegung	stilllegen	ung
Stillstand	still	Stand
Stillwein	still	Wein
Stilmittel	Stil	Mittel
Stimmabgabe	Stimme	Abgabe
Stimmband	Stimme	Band
Stimmbruch	Stimme	Bruch
Stimmengewirr	Stimme	n	Gewirr
Stimmensplitting	Stimmen	Splitting
Stimmfach	Stimme	Fach
Stimmfarbe	Stimme	Farbe
Stimmfühlung	Stimme	fühlen	ung
Stimmhöhe	Stimme	Höhe
Stimmlage	Stimme	Lage
Stimmlippe	Stimme	Lippe
Stimmrecht	Stimme	Recht
Stimmrechtsbündelung	Stimmrecht	s	Bündelung
Stimmrechtsmehrheit	Stimmrecht	s	Mehrheit
Stimmrechtsverhältnis	Stimmrecht	s	Verhältnis
Stimmrechtsverteilung	Stimmrecht	s	Verteilung
Stimmrechtsübertragung	Stimmrecht	s	Übertragung
Stimmregister	Stimme	Register
Stimmritze	Stimme	Ritze
Stimmung	stimmen	ung
Stimmungsbarometer	Stimmung	s	Barometer
Stimmungskanone	Stimmung	s	Kanone
Stimmvieh	stimmen	Vieh
Stimmvolk	Stimme	Volk
Stimulierer	stimulieren	er
Stinkfrucht	stinken	Frucht
Stinkkatze	stinken	Katze
Stinktier	stinken	Tier
Stipprolle	stippen	Rolle
Stirnband	Stirn	Band
Stirnkuss	Stirn	n	Kuss
Stirnlampe	Stirn	Lampe
Stirnlocke	Stirn	Locke
Stirnrunzeln	Stirn	runzeln
Stirnseite	Stirn	Seite
Stocherkahn	stochern	Kahn
Stockbrot	Stock	Brot
Stockbus	Stock	Bus
Stockdividende	Stock	Dividende
Stockente	Stock	Ente
Stockflinte	Stock	Flinte
Stofffarbe	Stoff	Farbe
Stoffgruppe	Stoff	Gruppe
Stoffhändler	Stoff	Händler
Stoffklasse	Stoff	Klasse
Stoffkreislauf	Stoff	Kreislauf
Stoffmenge	Stoff	Menge
Stoffmengenanteil	Stoffmenge	Anteil
Stoffname	Stoff	Name
Stofftasche	Stoff	Tasche
Stofftier	Stoff	Tier
Stoffwechsel	Stoff	Wechsel
Stoffwechselablauf	Stoffwechsel	Ablauf
Stoffwechselprodukt	Stoffwechsel	Produkt
Stoffwechselprozess	Stoffwechsel	Prozess
Stoffwechselretardation	Stoffwechsel	Retardation
Stoffwechselstörung	Stoffwechsel	Störung
Stoffwechselvorgang	Stoffwechsel	Vorgang
Stoffwechselweg	Stoffwechsel	Weg
Stolperdraht	stolpern	Draht
Stolperstein	stolpern	Stein
Stopfer	stopfen	er
Stopfleber	stopfen	Leber
Stoppelacker	Stoppel	Acker
Stoppschild	Stopp	Schild
Stopptafel	Stopp	Tafel
Stoppuhr	stoppen	Uhr
Stopselclub	Stöpsel	Club
Stornierung	stornieren	ung
Stornierungsbedingung	Stornierung	s	Bedingung
Stornierungsbestätigung	Stornierung	s	Bestätigung
Stornierungsfrist	Stornierung	s	Frist
Stornierungsgebühr	Stornierung	s	Gebühr
Stornoschlüssel	Storno	Schlüssel
Stotterer	stottern	er
Stoßstange	Stoß	Stange
Stoßzahn	stoßen	Zahn
Strafantrag	Strafe	Antrag
Strafanzeige	Strafe	Anzeige
Strafbarkeit	strafbar	keit
Strafbataillon	Strafe	Bataillon
Straffreiheit	straffrei	heit
Strafgericht	Strafe	Gericht
Strafgerichtsbarkeit	Strafe	Gerichtsbarkeit
Strafgesetzbuch	Strafgesetz	Buch
Strafmaßnahme	Strafe	Maßnahme
Strafplanet	strafen	Planet
Strafprozessordnung	Strafprozess	Ordnung
Strafraum	Strafe	Raum
Strafrechtler	Strafrecht	ler
Strafregister	Strafe	Register
Strafregisterbescheinigung	Strafregister	Bescheinigung
Straftat	Strafe	Tat
Straftatbestand	Strafe	Tatbestand
Straftäterin	Straftäter	in
Strafvereitelung	Strafe	Vereitelung
Strafverfolgung	Strafe	Verfolgung
Strafverfolgungsbehörde	Strafverfolgung	s	Behörde
Strafverteidiger	Strafe	Verteidiger
Strafvollzug	Strafe	Vollzug
Strafvollzugsanstalt	Strafvollzug	s	Anstalt
Strafzettel	Strafe	Zettel
Strahlenbelastung	Strahlen	Belastung
Strahlenchemie	Strahlen	Chemie
Strahlenkrone	Strahl	en	Krone
Strahlenschutzkleidung	Strahlen	Schutz	Kleidung
Strahlentherapie	Strahl	en	Therapie
Strahlflugzeug	Strahl	Flugzeug
Strahlstein	strahlen	Stein
Strahltriebwerk	Strahl	Triebwerk
Strahlungsdichte	Strahlung	Dichte
Strahlungsquelle	Strahlung	Quelle
Stralsunderin	Stralsunder	in
Strandbad	Strand	Bad
Strandflieder	Strand	Flieder
Strandfloh	Strand	Floh
Strandgut	Strand	Gut
Strandhafer	Strand	Hafer
Strandhotel	Strand	Hotel
Strandkamille	Strand	Kamille
Strandläufer	Strand	laufen	er
Strandwächter	Strand	Wächter
Strassenabschnitt	Strasse	n	Abschnitt
Strassenjunge	Strasse	n	Junge
Strassenkunst	Strasse	n	Kunst
Strassenmalerei	Strasse	n	Malerei
Strassenstück	Strasse	n	Stück
Strategiestandort	Strategie	Standort
Straucherbse	Strauch	Erbse
Straßburg	Straße	Burg
Straßenabschnitt	Straße	n	Abschnitt
Straßenbeleuchtung	Straße	Beleuchtung
Straßenbild	Straße	n	Bild
Straßenecke	Straße	n	Ecke
Straßenfeger	Straße	n	Feger
Straßenfest	Straße	n	Fest
Straßenjunge	Straße	n	Junge
Straßenkehrer	Straße	n	Kehrer
Straßenkunst	Straße	n	Kunst
Straßenkämpfer	Straße	n	Kämpfer
Straßenkünstler	Straßenkunst	ler
Straßenkünstlerin	Straßenkünstler	in
Straßenlaterne	Straße	Laterne
Straßenleuchte	Straße	Leuchte
Straßenmalerei	Straße	n	Malerei
Straßenmalerin	Straßenmaler	in
Straßenmusikantin	Straßenmusikant	in
Straßenmusikerin	Straßenmusiker	in
Straßenmädchen	Straße	n	Mädchen
Straßenräuber	Straße	n	Räuber
Straßenschlucht	Straße	n	Schlucht
Straßenseite	Straße	Seite
Straßensperre	Straße	n	Sperre
Straßenstrich	Straße	n	Strich
Straßenstück	Straße	en	Stück
Straßenverengung	Straße	n	Verengung
Straßenzustand	Straße	Zustand
Strebebogen	streben	Bogen
Strebepfeiler	streben	Pfeiler
Strebsamkeit	strebsam	keit
Streckenverlauf	Strecke	Verlauf
Streckenwärter	Strecke	n	Wärter
Streckerspinne	Strecker	Spinne
Streckung	strecken	ung
Streichbein	streichen	Bein
Streichholz	streichen	Holz
Streichholzschachtel	Streichholz	Schachtel
Streichhölzlein	Streichholz	lein
Streichinstrument	streichen	Instrument
Streichinstrumentenbauer	Streichinstrument	Bauer
Streichkäse	streichen	Käse
Streifenfarn	Streifen	Farn
Streifenhörnchen	Streifen	Hörnchen
Streifenwagen	Streife	Wagen
Streifenwanze	Streifen	Wanze
Streifzug	Streifen	Zug
Streikgeld	Streik	Geld
Streikposten	Streik	Posten
Streitaxt	Streit	Axt
Streitbeilegung	Streit	Beilegung
Streiterei	Streit	erei
Streitgespräch	Streit	Gespräch
Streitkolben	Streit	Kolben
Streitkraft	Streit	Kraft
Streitlust	Streit	Lust
Streitwagen	Streit	Wagen
Strengalthochdeutsch	streng	Althochdeutsch
Stressfaktor	Stress	Faktor
Stresshormon	Stress	Hormon
Streubesitz	Streu	Besitz
Streubombe	streuen	Bombe
Streunerkatze	Streuner	Katze
Streusalz	streuen	Salz
Streusel	streuen	sel
Streuselkuchen	Streusel	Kuchen
Streusiedlung	streuen	Siedlung
Streuung	streuen	ung
Streuungsmaß	Streuung	s	Maß
Streuwiese	Streu	Wiese
Strichfarbe	Strich	Farbe
Strichmännchen	Strich	Männchen
Strichvogel	streichen	Vogel
Stricker	stricken	er
Strickerei	stricken	erei
Strickhaube	stricken	Haube
Stricknadel	stricken	Nadel
Strippenzieher	Strippe	ziehen	er
Stripperin	Stripper	in
Strohbär	Stroh	Bär
Strohdach	Stroh	Dach
Strohfeuer	Stroh	Feuer
Strohhalm	Stroh	Halm
Strohmannbieter	Strohmann	Bieter
Strohsack	Stroh	Sack
Stromanbieter	Strom	Anbieter
Stromanschluss	Strom	Anschluss
Stromausfall	Strom	Ausfall
Stromdichte	Strom	Dichte
Stromerzeugung	Strom	Erzeugung
Stromkabel	Strom	Kabel
Stromkreis	Strom	Kreis
Stromleiter	Strom	Leiter
Stromleitung	Strom	Leitung
Stromnetz	Strom	Netz
Strompreisbremse	Strom	Preis	Bremse
Stromquelle	Strom	Quelle
Stromschiene	Strom	Schiene
Stromschlag	Strom	Schlag
Stromsperre	Strom	Sperre
Stromstärke	Strom	Stärke
Stromtrasse	Strom	Trasse
Stromuhr	Strom	Uhr
Stromversorger	Strom	Versorger
Stromwandler	Strom	Wandler
Stromzähler	Strom	Zähler
Strontiumamalgam	Strontium	Amalgam
Strontiumborid	Strontium	Borid
Strontiumcarbonat	Strontium	Carbonat
Strontiumchlorid	Strontium	Chlorid
Strontiumchromat	Strontium	Chromat
Strontiumferrit	Strontium	Ferrit
Strontiumfluorid	Strontium	Fluorid
Strontiumgehalt	Strontium	Gehalt
Strontiumhydroxid	Strontium	Hydroxid
Strontiumisotop	Strontium	Isotop
Strontiumlagerstätte	Strontium	Lagerstätte
Strontiummetall	Strontium	Metall
Strontiummineral	Strontium	Mineral
Strontiumnitrat	Strontium	Nitrat
Strontiumnitrid	Strontium	Nitrid
Strontiumoxid	Strontium	Oxid
Strontiumranelat	Strontium	Ranelat
Strontiumsalz	Strontium	Salz
Strontiumsulfat	Strontium	Sulfat
Strontiumsulfid	Strontium	Sulfid
Strontiumverbindung	Strontium	Verbindung
Strukturanalyse	Struktur	Analyse
Strukturaufklärung	Struktur	Aufklärung
Strukturbaum	Struktur	Baum
Strukturchemie	Struktur	Chemie
Struktureinheit	Struktur	Einheit
Strukturelement	Struktur	Element
Strukturformel	Struktur	Formel
Strukturprotein	Struktur	Protein
Strukturwandel	Struktur	Wandel
Strumpfhose	Strumpf	Hose
Strömungsabriss	Strömung	s	Abriss
Strömungslehre	Strömung	s	Lehre
Stubenarrest	Stube	n	Arrest
Stubenfliege	Stube	n	Fliege
Stubentiger	Stube	n	Tiger
Studentenblume	Student	n	Blume
Studentenfutter	Student	n	Futter
Studentensprache	Studenten	Sprache
Studentenverbindung	Studenten	Verbindung
Studentenwohnheim	Student	Wohnheim
Studentin	Student	in
Studienergebnis	Studie	n	Ergebnis
Studiengebühr	Studien	Gebühr
Studienhalbjahr	Studie	Halbjahr
Studienteilnehmer	Studie	n	Teilnehmer
Studienzeit	Studien	Zeit
Stufenbarren	Stufe	Barren
Stufenbohrer	Stufe	n	Bohrer
Stufenheck	Stufe	n	Heck
Stufenprüfung	Stufe	Prüfung
Stuhlbein	Stuhl	Bein
Stuhlgang	Stuhl	Gang
Stuhlprobe	Stuhl	Probe
Stuhltransplantation	Stuhl	Transplantation
Stummfilm	stumm	Film
Stummheit	stumm	heit
Stumpfsinn	stumpf	Sinn
Stundenbuch	Stunde	n	Buch
Stundengebet	Stunde	n	Gebet
Stundenglas	Stunde	n	Glas
Stundenhotel	Stunde	n	Hotel
Stundenkilometer	Stunde	n	Kilometer
Stundenplan	Stunde	Plan
Stupsnase	Stups	Nase
Sturheit	stur	heit
Sturmflut	Sturm	Flut
Sturmfront	Sturm	Front
Sturmgeschütz	Sturm	Geschütz
Sturmgewehr	Sturm	Gewehr
Sturmhaube	Sturm	Haube
Sturmkanone	Sturm	Kanone
Sturmlauf	Sturm	Lauf
Sturmtaucher	Sturm	Taucher
Sturmtief	Sturm	Tief
Sturmvogel	Sturm	Vogel
Sturmwetter	Sturm	Wetter
Sturzbach	Sturz	Bach
Sturzbalken	Sturz	Balken
Sturzenegger	Sturzenegg	er
Sturzflug	Sturz	flug
Sturzkampfgeschwader	Sturz	Kampf	Geschwader
Stuttgart	stuot	garten
Stuttgarter	Stuttgart	er
Stutzer	stutzen	er
Stutzflügel	stutzen	Flügel
Stutzuhr	stutzen	Uhr
Styroloxid	Styrol	Oxid
Styropor	Styrol	porös
Stäbchen	Stab	chen
Städtepartnerschaft	Stadt	Partnerschaft
Städter	Stadt	er
Städterin	Städter	in
Ständehaus	Stand	e	Haus
Ständerpilz	Ständer	Pilz
Ständerätin	Ständerat	in
Stärkungsmittel	Stärkung	Mittel
Stäubchen	Staub	chen
Stäublingskäfer	Stäubling	s	Käfer
Stöckelschuh	Stöckel	Schuh
Störenfried	stören	Fried
Störfaktor	stören	Faktor
Störfall	stören	Fall
Störlichtbogen	stören	Lichtbogen
Störung	stören	ung
Störungseinsicht	Störung	s	Einsicht
Stößel	stoßen	el
Stückchen	Stück	chen
Stückeinleitung	Stück	Einleitung
Stückzahl	Stück	Zahl
Stühlchen	Stuhl	chen
Stürmer	stürmen	er
Stürmerstar	Stürmer	Star
Stützpfeiler	stützen	Pfeiler
Stützpunkt	stützen	Punkt
Stützrad	stützen	Rad
Subdiakon	sub	Diakon
Subkontinent	sub	Kontinent
Subkultur	sub	Kultur
Sublimationspunkt	Sublimation	Punkt
Suboxid	sub	Oxid
Subqualität	sub	Qualität
Subsistenzwirtschaft	Subsistenz	Wirtschaft
Subspezies	sub	Spezies
Substitutionstherapie	Substitution	Therapie
Subtraktionsfuge	Subtraktion	s	Fuge
Subtropen	sub	Tropen
Suchalgorithmus	suchen	Algorithmus
Suchbaum	suchen	Baum
Suchbegriff	suchen	Begriff
Suchergebnis	suchen	Ergebnis
Suchfunktion	suchen	Funktion
Suchhund	suchen	Hund
Suchmannschaft	suchen	Mannschaft
Suchmaschine	suchen	Maschine
Suchterkrankung	Sucht	Erkrankung
Suchtgift	Sucht	Gift
Suchtmittel	Sucht	Mittel
Suchtrupp	suchen	Trupp
Sudelbuch	sudeln	Buch
Suderant	sudern	ant
Sudetenland	Sudeten	Land
Suffigierung	suffigieren	ung
Suffixaufnahme	Suffix	Aufnahme
Suffixoid	Suffix	oid
Suffkopp	Suff	Kopp
Suizidgedanke	Suizid	Gedanke
Sulfidmineral	Sulfid	Mineral
Sulfitoxidase	Sulfit	Oxidase
Sultanat	Sultan	at
Sumatra-Nashorn	Sumatra	Nashorn
Sumatra-Tiger	Sumatra	Tiger
Summenformel	Summe	Formel
Sumpf-Kratzdistel	Sumpf	Kratzdistel
Sumpfdotterblume	Sumpf	Dotterblume
Sumpfkresse	Sumpf	Kresse
Sumpfkrokodil	Sumpf	Krokodil
Sumpfmeise	Sumpf	Meise
Sumpfohreule	Sumpf	Ohreule
Sumpfpflanze	Sumpf	Pflanze
Sumpfrohrsänger	Sumpf	Rohrsänger
Sumpfwiese	Sumpf	Wiese
Sunda-Gavial	Sunda	Gavial
Supergalaxienhaufen	super	Galaxienhaufen
Superhaufen	super	Haufen
Superheld	super	Held
Superlegierung	super	Legierung
Supernovaexplosion	Supernova	Explosion
Superspezies	super	Spezies
Supersäure	super	Säure
Suppenkoma	Suppe	n	Koma
Suppenküche	Suppe	n	Küche
Suppenschildkröte	Suppe	n	Schildkröte
Suppenteller	Suppe	n	Teller
Suprafluidität	supra	Fluidität
Supraflüssigkeit	supra	Flüssigkeit
Surfer	surfen	er
Surinamerin	Surinamer	in
Suspendierung	suspendieren	ung
Suzeränität	Suzerän	ität
Swingerclub	Swinger	Club
Symbolbild	Symbol	Bild
Symbolpolitik	Symbol	Politik
Symptomatik	symptomatisch	ik
Synchronsprecher	synchron	Sprecher
Systematisierung	systematisieren	ung
Systemfehler	System	Fehler
Systempartei	System	Partei
Systempresse	System	Presse
Systemwettbewerb	System	Wettbewerb
Systemzwang	System	Zwang
Szintillationsspektrometrie	Szintillation	s	Spektrometrie
Szintillationszähler	Szintillation	Zähler
Säbelrasseln	Säbel	Rasseln
Säbelschnäbler	Säbel	Schnabel	er
Säbelsäge	Säbel	Säge
Säckchen	Sack	chen
Säer	säen	er
Sägebarsch	Säge	Barsch
Sägeblatt	Säge	Blatt
Sägebügel	Säge	Bügel
Sägemehl	sägen	Mehl
Sägemesser	Säge	Messer
Sägespan	sägen	Span
Sägewerk	sägen	Werk
Sämann	säen	Mann
Sämling	Samen	ling
Sänfte	sanft	e
Sängerfest	Sänger	Fest
Sängerknabe	Sänger	Knabe
Sättigkeit	satt	igkeit
Sättigung	sättigen	ung
Sättigungsbeilage	Sättigung	Beilage
Sättigungsdampfdruck	Sättigung	Dampfdruck
Sättigungsgrenze	Sättigung	s	Grenze
Säuberung	säubern	ung
Säufer	saufen	er
Säugetier	säugen	Tier
Säulenbasis	Säule	n	Basis
Säulenchromatographie	Säule	n	Chromatographie
Säulenfuß	Säule	n	Fuß
Säulengang	Säule	n	Gang
Säulenreihe	Säule	n	Reihe
Säulenschaft	Säule	n	Schaft
Säumnis	säumen	nis
Säumnisgebühr	Säumnis	Gebühr
Säure	sauer	e
Säurehemmer	Säure	Hemmer
Säurekonstante	Säure	Konstante
Säurestärke	Säure	Stärke
Säuretest	Säure	Test
Südafrika	Süd	Afrika
Südafrikaner	Südafrika	n	er
Südamerika	Süd	Amerika
Südamerikaner	Südamerika	n	er
Südamerikanerin	Südamerikaner	in
Südandenspecht	Süd	Anden	Specht
Südasien	Süd	Asien
Südbuche	Süd	Buche
Süddeutsche	Süd	Deutsche
Süddeutscher	Süd	Deutscher
Süderbeste	süder	Beste
Südeuropa	Süd	Europa
Südfrankreich	Süd	Frankreich
Südfrosch	Süden	Frosch
Südfrucht	Süd	Frucht
Südfrüchtchen	Südfrucht	chen
Süditaliener	Süditalien	er
Südkorea	Süd	Korea
Südküste	Süd	Küste
Südmauer	Süden	Mauer
Südniederfränkisch	Süd	Niederfränkisch
Südostküste	Südost	Küste
Südpol	Süd	Pol
Südsahara	Süd	Sahara
Südsee	Süd	See
Südseite	Süd	Seite
Südstaat	Süd	Staat
Südtirol	Süd	Tirol
Südtiroler	Südtirol	er
Südtirolerin	Südtiroler	in
Südwand	Süd	Wand
Südwind	Süd	Wind
Sümmchen	Summe	chen
Sündenbock	Sünde	n	Bock
Sündenfall	Sünde	Fall
Sündenpfuhl	Sünde	n	Pfuhl
Sünder	Sünde	er
Sünderin	Sünder	in
Sündopfer	Sünde	Opfer
Süßdolde	süß	Dolde
Süße	süß	e
Süßholz	süß	Holz
Süßholzraspler	Süßholz raspeln	er
Süßigkeit	süß	igkeit
Süßkartoffel	süß	Kartoffel
Süßware	süß	Ware
Süßwasser	süß	Wasser
Süßwasserfisch	Süßwasser	Fisch
Süßwasserkrabbe	Süßwasser	Krabbe
Tabakkäfer	Tabak	Käfer
Tabakpflanze	Tabak	Pflanze
Tabakrauch	Tabak	Rauch
Tablettendose	Tablette	n	Dose
Tabubruch	Tabu	Bruch
Tabuthema	Tabu	Thema
Tachinierer	tachinieren	er
Tafelaufsatz	Tafel	Aufsatz
Tafelsalz	Tafel	Salz
Tafelwein	Tafel	Wein
Tafelwerk	Tafel	Werk
Tagbau	Tag	Bau
Tagebau	Tag	e	Bau
Tagebuch	Tag	e	Buch
Tagedieb	Tag	e	Dieb
Tagelöhner	Tagelohn	er
Tagesablauf	Tag	es	Ablauf
Tageshöchstkurs	Tag	es	höchst	Kurs
Tageslosung	Tag	Losung
Tagesmutter	Tag	es	Mutter
Tagesreise	Tag	es	Reise
Tagesspanne	Tag	es	Spanne
Tagestiefstkurs	Tag	es	tiefst	Kurs
Tagesurlaub	Tag	es	Urlaub
Tagewähler	Tage	Wähler
Tagfalter	Tag	Falter
Tagpfauenauge	Tag	Pfau	en	Auge
Tagtraum	Tag	Traum
Tagung	tagen	ung
Tagwerk	Tag	Werk
Taillenwespe	Taille	n	Wespe
Taiwaner	Taiwan	er
Takelage	Takel	age
Taktgefühl	Takt	Gefühl
Taktikanalyse	Taktik	Analyse
Taktikwechsel	Taktik	Wechsel
Taktstock	Takt	Stock
Taleiothe	talo	joto
Talgdrüse	Talg	Drüse
Talmiplatt	Talmi	Platt
Talnebel	Tal	Nebel
Talschaft	Tal	schaft
Talsohle	Tal	Sohle
Talsperre	Tal	Sperre
Talweg	Tal	Weg
Tandemmassenspektrometrie	Tandem	Massenspektrometrie
Tandemschach	Tandem	Schach
Tandler	Tand	ler
Tangotänzer	Tango	Tänzer
Tangotänzerin	Tangotänzer	in
Tangutin	Tangute	in
Tanke	tanken	e
Tanker	tanken	er
Tankfahrzeug	Tank	Fahrzeug
Tankstelle	tanken	Stelle
Tankuhr	Tank	Uhr
Tankwagen	Tank	Wagen
Tankwart	tanken	Wart
Tannenbaum	Tanne	n	Baum
Tannenholz	Tanne	n	Holz
Tannennadel	Tanne	n	Nadel
Tannenwald	Tanne	n	Wald
Tannenzapfen	Tanne	n	Zapfen
Tannenzweig	Tanne	n	Zweig
Tannhausener	Tannhausen	er
Tannhausenerin	Tannhausener	in
Tansanier	Tansania	er
Tansanierin	Tansanier	in
Tantalerz	Tantal	Erz
Tantalfluorid	Tantal	Fluorid
Tantalgewinnung	Tantal	Gewinnung
Tante-Emma-Laden	Tante	Emma	Laden
Tanzball	Tanz	Ball
Tanzfläche	Tanz	Fläche
Tanzkurs	Tanz	Kurs
Tanzlied	Tanz	Lied
Tanzmusik	Tanz	Musik
Tanzmusiker	Tanzmusik	er
Tanzsaal	Tanz	Saal
Tanzsucht	Tanz	Sucht
Tanzverbot	tanzen	Verbot
Tapetenfarbe	Tapete	Farbe
Tapezierspinne	tapezieren	Spinne
Tapferkeit	tapfer	keit
Taragewicht	Tara	Gewicht
Tarifstreit	Tarif	Streit
Tarifzone	Tarif	Zone
Tarnkappenflugzeug	Tarnkappe	Flugzeug
Tarsenglied	Tarsus	en	Glied
Taschenboden	Tasche	n	Boden
Taschenbuch	Tasche	Buch
Taschendieb	Tasche	Dieb
Taschengeld	Tasche	n	Geld
Taschenlampe	Tasche	Lampe
Taschenmesser	Tasche	n	Messer
Taschenrechner	Tasche	n	Rechner
Taschensäge	Tasche	n	Säge
Taschentuch	Tasche	Tuch
Taschenwörterbuch	Tasche	Wörterbuch
Tastatur	Taste	tur
Tastaturbelegung	Tastatur	Belegung
Tastenanschlag	Taste	n	Anschlag
Tastenbelegung	Taste	Belegung
Tastenkombination	Tasten	Kombination
Tastsinn	tasten	Sinn
Tatarin	Tatar	in
Tatbegehung	Tat	Begehung
Tatbericht	Tat	Bericht
Tatbestand	Tat	Bestand
Tatbeteiligung	Tat	Beteiligung
Tatbeweis	Tat	Beweis
Tateinheit	Tat	Einheit
Tatendrang	Taten	Drang
Tatentschluss	Tat	Entschluss
Tatgenosse	Tat	Genosse
Tatkraft	Tat	Kraft
Tatmotiv	Tat	Motiv
Tatort	Tat	Ort
Tatsache	Tat	Sache
Tatsachenbeschöniger	Tatsache	Beschöniger
Tatsachenverdreher	Tatsache	Verdreher
Tatsachenverdreherin	Tatsachenverdreher	in
Tatsachenverdrehung	Tatsache	n	Verdrehung
Tattergreis	tattern	Greis
Tattergreisin	Tattergreis	in
Tatterich	tattern	rich
Tatverdacht	Tat	Verdacht
Tatzelwurm	Tatze	Wurm
Taubblindheit	taubblind	heit
Taubenblume	Taube	n	Blume
Taubenhaus	Taube	n	Haus
Taubennest	Taube	n	Nest
Taubenschiss	Taube	n	Schiss
Taubenschlag	Taube	n	Schlag
Taubensport	Taube	n	Sport
Taubenzüchter	Taube	n	Züchter
Tauberbischofsheimerin	Tauberbischofsheimer	in
Taubnessel	taub	Nessel
Tauchanzug	tauchen	Anzug
Taucher	tauchen	er
Taucheranzug	Taucher	Anzug
Taucherglocke	Taucher	Glocke
Taucherin	Taucher	in
Taucherkrankheit	Taucher	Krankheit
Taucheruhr	Taucher	Uhr
Tauchtauglichkeit	tauchtauglich	keit
Taufschein	Taufe	Schein
Taufscheinchrist	Taufschein	Christ
Taufstein	taufen	Stein
Taugenichts	taugen	nichts
Tauglichkeit	tauglich	keit
Tauschhandel	Tausch	Handel
Tausendgüldenkraut	tausend	gülden	Kraut
Tausendschön	tausend	schön
Tautropfen	Tau	Tropfen
Tauwetter	Tau	Wetter
Tauwinde	Tau	Winde
Tauwurm	Tau	Wurm
Taxierung	taxieren	ung
Taxifahrerin	Taxifahrer	in
Taxler	Taxi	ler
Teamgeist	Team	Geist
Technetiumatom	Technetium	Atom
Technetiumdioxid	Technetium	Dioxid
Technetiumdiselenid	Technetium	Diselenid
Technetiumdisulfid	Technetium	Disulfid
Technetiumditellurid	Technetium	Ditellurid
Technetiumhalogenid	Technetium	Halogenid
Technetiumheptoxid	Technetium	Heptoxid
Technetiumhexachlorid	Technetium	Hexachlorid
Technetiumhexafluorid	Technetium	Hexafluorid
Technetiumoxid	Technetium	Oxid
Technetiumpentafluorid	Technetium	Pentafluorid
Technetiumtetrabromid	Technetium	Tetrabromid
Technetiumtetrachlorid	Technetium	Tetrachlorid
Technetiumverbindung	Technetium	Verbindung
Techniker	Technik	er
Technikerin	Techniker	in
Technoparty	Techno	Party
Tee-Ei	Tee	Ei
Teebeutel	Tee	Beutel
Teeblatt	Tee	Blatt
Teeglas	Tee	Glas
Teehaus	Tee	Haus
Teehäuschen	Teehaus	chen
Teekanne	Tee	Kanne
Teekessel	Tee	Kessel
Teekesselchen	Teekessel	chen
Teekocher	Tee	Kocher
Teeküche	Tee	Küche
Teelicht	Tee	Licht
Teenager	Tee	Nager
Teerstraße	Teer	Straße
Teesieb	Tee	Sieb
Teestube	Tee	Stube
Teewurst	Tee	Wurst
Teewärmer	Tee	Wärmer
Teichbinse	Teich	Binse
Teichmolch	Teich	Molch
Teichmüller	Teich	Müller
Teichrose	Teich	Rose
Teichwasserläufer	Teich	Wasserläufer
Teighülle	Teig	Hülle
Teiglöffel	Teig	Löffel
Teigmesser	Teig	Messer
Teigschaber	Teig	Schaber
Teigtasche	Teig	Tasche
Teigware	Teig	Ware
Teilarbeitslosigkeit	Teil	Arbeitslosigkeit
Teilchen	Teil	chen
Teilchenbeschleuniger	Teilchen	Beschleuniger
Teilchendetektor	Teilchen	Detektor
Teilchengröße	Teilchen	Größe
Teilchenphysik	Teilchen	Physik
Teildruck	teil	Druck
Teilgebiet	Teil	Gebiet
Teilhaber	teilhaben	er
Teilmantelgeschoss	Teil	Mantel	Geschoss
Teilmobilisierung	Teil	Mobilisierung
Teilmobilmachung	Teil	Mobilmachung
Teilnahmslosigkeit	teilnahmslos	igkeit
Teilnehmer	teilnehmen	er
Teilnehmerin	Teilnehmer	in
Teilnehmerliste	Teilnehmer	Liste
Teilnehmerzahl	Teilnehmer	Zahl
Teilpächter	Teil	Pächter
Teilrepublik	Teil	Republik
Teilretardierung	Teil	Retardierung
Teilsatz	Teil	Satz
Teilsieg	Teil	Sieg
Teilstreitkraft	Teil	Streitkraft
Teilung	teilen	ung
Teilzeit	Teil	Zeit
Teilzeitarbeiter	Teilzeit	Arbeiter
Telefonanschluss	Telefon	Anschluss
Telefonat	Telefon	at
Telefonauskunft	Telefon	Auskunft
Telefonbuch	Telefon	Buch
Telefongespräch	Telefon	Gespräch
Telefonhotline	Telefon	Hotline
Telefonjoker	Telefon	Joker
Telefonleitung	Telefon	Leitung
Telefonnetz	Telefon	Netz
Telefonnummer	Telefon	Nummer
Telefonseelsorge	Telefon	Seelsorge
Telefonverbindung	Telefon	Verbindung
Telefonverkäufer	Telefon	Verkäufer
Telefonverschlüsselung	Telefon	Verschlüsselung
Telefonvorwahl	Telefon	Vorwahl
Telefonzelle	Telefon	Zelle
Tellerrand	Teller	Rand
Tellerwäscher	Teller	waschen	er
Temminckstrandläufer	Temminck	Strandläufer
Tempelberg	Tempel	Berg
Tempelhof	Tempel	Hof
Tempelritter	Tempel	Ritter
Temperamentsausbruch	Temperament	s	Ausbruch
Temperaturabhängigkeit	temperaturabhängig	keit
Temperaturanstieg	Temperatur	Anstieg
Temperaturbereich	Temperatur	Bereich
Temperaturbeständigkeit	Temperatur	Beständigkeit
Temperaturerhöhung	Temperatur	Erhöhung
Temperaturmessung	Temperatur	Messung
Temperaturregler	Temperatur	Regler
Temperaturskala	Temperatur	Skala
Temperaturstabilität	Temperatur	Stabilität
Temperaturwechselbeständigkeit	Temperatur	Wechsel	Beständigkeit
Temperaturänderung	Temperatur	Änderung
Templerorden	Templer	Orden
Tempolimit	Tempo	Limit
Temposünder	Tempo	Sünder
Teningerin	Teninger	in
Tennisball	Tennis	Ball
Tennisschläger	Tennis	Schläger
Tenorposaune	Tenor	Posaune
Tenorschlüssel	Tenor	Schlüssel
Tenorstimme	Tenor	Stimme
Teppichboden	Teppich	Boden
Teppichfarbe	Teppich	Farbe
Teppichflieger	Teppich	Flieger
Teppichklopfer	Teppich	Klopfer
Teppichmesser	Teppich	Messer
Terekwasserläufer	Terek	Wasserläufer
Termineinlage	Termin	Einlage
Termingeld	Termin	Geld
Termingeschäft	Termin	Geschäft
Terminkalender	Termin	Kalender
Terminmarkt	Termin	Markt
Terminologie	Terminus	logie
Terrorangriff	Terror	Angriff
Terroranschlag	Terror	Anschlag
Terrorgruppe	Terror	Gruppe
Terrorherrschaft	Terror	Herrschaft
Terrorist	Terror	ist
Terroristin	Terrorist	in
Terrorzelle	Terror	Zelle
Tertiärsektor	tertiär	Sektor
Tertiärstruktur	tertiär	Struktur
Tesafilm	Tesa	Film
Testfahrt	Test	Fahrt
Testperson	Test	Person
Testpflicht	Test	Pflicht
Testphase	Test	Phase
Teststrategie	Test	Strategie
Tetanusimpfung	Tetanus	Impfung
Tetraborat	tetra	Borat
Tetrabromid	tetra	Bromid
Tetrachlorid	tetra	Chlorid
Tetrafluorid	tetra	Fluorid
Tetrahalogenid	tetra	Halogenid
Tetrahydrat	tetra	Hydrat
Tetraiodid	tetra	Iodid
Tetraoxid	tetra	Oxid
Tetrasauerstoff	tetra	Sauerstoff
Tetraterpen	tetra	Terpen
Tetroxid	tetra	Oxid
Teubner	*tauben	er
Teuerungszulage	Teuerung	s	Zulage
Teufelskreis	Teufel	Kreis
Teufelsweib	Teufel	s	Weib
Teufelswels	Teufel	Wels
Teutonismus	Teutone	ismus
Texas-Klapperschlange	Texas	Klapperschlange
Texasdeutsch	Texas	Deutsch
Textanalyse	Text	Analyse
Textdeckung	Text	Deckung
Texterkennung	Text	Erkennung
Textilchemie	Textil	Chemie
Textilfaser	Textil	Faser
Textkritik	Text	Kritik
Textnachricht	Text	Nachricht
Textverarbeitung	Text	Verarbeitung
Thailänder	Thailand	er
Thailänderin	Thailänder	in
Thailändisch	Thailand	isch
Thalmann	Thal	Mann
Thannhausener	Thannhausen	er
Thannhausenerin	Thannhausener	in
Theateradaption	Theater	Adaption
Theaterautor	Theater	Autor
Theaterbühne	Theater	Bühne
Theatergebäude	Theater	Gebäude
Theaterplatz	Theater	Platz
Theaterschauspieler	Theater	Schauspieler
Theaterspiel	Theater	Spiel
Theatervorstellung	Theater	Vorstellung
Theilnehmer	theilnehmen	er
Thekenfahrrad	Theke	n	Fahrrad
Thematik	Thema	ik
Themavokal	Thema	Vokal
Themawechsel	Thema	Wechsel
Themenauswahl	Themen	Auswahl
Themsemetropole	Themse	Metropole
Themsestadt	Themse	Stadt
Theologe	theo	loge
Theologin	Theologe	in
Theoretiker	Theorie	iker
Theoretikerin	Theoretiker	in
Thermalquelle	thermal	Quelle
Thermitverfahren	Thermit	Verfahren
Thermoelement	thermo	Element
Thermolyse	thermo	lyse
Thermomix	thermo	Mix
Thermosflasche	Thermos	Flasche
Thermoskanne	Thermos	Kanne
Thioacetal	thio	Acetal
Thiocyanat	thio	Cyanat
Thioester	thio	Ester
Thioether	thio	Ether
Thioformaldehyd	thio	Formaldehyd
Thioglycolsäure	thio	Glycolsäure
Thioglykolsäure	thio	Glykolsäure
Thioharnstoff	thio	Harnstoff
Thiomolybdat	thio	Molybdat
Thiophosphat	thio	Phosphat
Thioschwefelsäure	thio	Schwefelsäure
Thiosulfit	thio	Sulfit
Thoriumisotop	Thorium	Isotop
Thorshühnchen	Thor	s	Huhn	chen
Thraker	Thrakien	er
Thronanwärter	Thron	Anwärter
Thronbesteigung	Thron	Besteigung
Thronrede	Thron	Rede
Thunfisch	thunnus	Fisch
Thurner	Thurn	er
Thüringerin	Thüringer	in
Tibermetropole	Tiber	Metropole
Tiberstadt	Tiber	Stadt
Tibetfuchs	Tibet	Fuchs
Tiefbau	tief	Bau
Tiefbauingenieur	Tiefbau	Ingenieur
Tiefdruck	tief	Druck
Tiefe	tief	e
Tiefebene	tief	Ebene
Tieffluggebiet	tief	Flug	Gebiet
Tiefkühlpizza	tiefkühlen	Pizza
Tiefkühlschrank	tief	Kühlschrank
Tiefkühltruhe	tiefkühlen	Truhe
Tiefland	tief	Land
Tiefpunkt	tief	Punkt
Tiefschlaf	Tief	Schlaf
Tiefschlag	tief	Schlag
Tiefschnee	tief	Schnee
Tiefschutz	tief	Schutz
Tiefschwa	tief	Schwa
Tiefseesaibling	Tiefsee	Saibling
Tiefstkurs	tiefst	Kurs
Tiefststand	tiefste	Stand
Tieftemperaturtechnik	tief	Temperatur	Technik
Tiefziehen	tief	Ziehen
Tierart	Tier	Art
Tierchen	Tier	chen
Tierernährung	Tier	Ernährung
Tiergarten	Tier	Garten
Tiergattung	Tier	Gattung
Tierhaltung	Tier	Haltung
Tierhandlung	Tier	Handlung
Tierhaut	Tier	Haut
Tierheim	Tier	Heim
Tierkreiszeichen	Tierkreis	Zeichen
Tierkunde	Tier	kunde
Tierpfleger	Tier	pflegen
Tierquälerei	Tierquäler	ei
Tierreich	Tier	Reich
Tierschutz	Tier	Schutz
Tierschützer	Tier	Schützer
Tierspezies	Tier	Spezies
Tiertarock	Tier	Tarock
Tierversuch	Tier	Versuch
Tierwanderung	Tier	Wanderung
Tierwärter	Tier	Wärter
Tierzucht	Tier	Zucht
Tierärztin	Tier	Ärztin
Tigerauge	Tiger	Auge
Tigerkatze	Tiger	Katze
Tigersäge	Tiger	Säge
Tilgung	tilgen	ung
Tintenfass	Tinte	Fass
Tintenfisch	Tinte	n	Fisch
Tintenfischring	Tintenfisch	Ring
Tintenfässchen	Tintenfass	chen
Tintenfüller	Tinte	n	Füller
Tintenkiller	Tinte	n	Killer
Tintenklecks	Tinte	n	Klecks
Tintenkopf	Tinte	n	Kopf
Tintenlöscher	Tinte	n	löschen	er
Tintenpatrone	Tinte	n	Patrone
Tintenstrahl	Tinte	n	Strahl
Tintenstrahldrucker	Tinte	n	Strahl	Drucker
Tippfehler	tippen	Fehler
Tirolerin	Tiroler	in
Tirschenreutherin	Tirschenreuther	in
Tischbein	Tisch	Bein
Tischchen	Tisch	chen
Tischdecke	Tisch	Decke
Tischfußball	Tisch	Fußball
Tischgebet	Tisch	Gebet
Tischgespräch	Tisch	Gespräch
Tischlerei	Tischler	ei
Tischnachbar	Tisch	Nachbar
Tischtennis	Tisch	Tennis
Tischtennisball	Tischtennis	Ball
Tischtuch	Tisch	Tuch
Titanborid	Titan	Borid
Titancarbid	Titan	Carbid
Titandioxid	Titan	Dioxid
Titangruppe	Titan	Gruppe
Titanhydrid	Titan	Hydrid
Titanlegierung	Titan	Legierung
Titannitrid	Titan	Nitrid
Titansulfat	Titan	Sulfat
Titantetrachlorid	Titan	Tetrachlorid
Titantrichlorid	Titan	Trichlorid
Titanweiß	Titan	Weiß
Titelei	Titel	ei
Titelmelodie	Titel	Melodie
Titelmühle	Titel	Mühle
Titelseite	Titel	Seite
Titoismus	Tito	ismus
Titrationsmittel	Titration	Mittel
Toastbrot	Toast	Brot
Tochtergeschwulst	Tochter	Geschwulst
Tochtermann	Tochter	Mann
Tochtersprache	Tochter	Sprache
Todesanzeige	Tod	es	Anzeige
Todesdatum	Tod	es	Datum
Todesfahrer	Tod	es	Fahrer
Todesfahrerin	Todesfahrer	in
Todesfolge	Tod	es	Folge
Todeskampf	Tod	es	Kampf
Todeskandidat	Tod	es	Kandidat
Todeslager	Tod	Lager
Todeslos	Tod	es	Los
Todesopfer	Tod	es	Opfer
Todesschwadron	Tod	es	Schwadron
Todestal	Tod	Tal
Todesursache	Tod	es	Ursache
Todeszeitpunkt	Tod	Zeitpunkt
Todfeind	Tod	Feind
Todfeindin	Tod	Feindin
Todsünde	Tod	Sünde
Toilettenbürste	Toilette	n	Bürste
Toilettenhäuschen	Toilette	n	Häuschen
Toleranz	tolerieren	anz
Tollkühnheit	tollkühn	heit
Tollwut	toll	Wut
Tomatenextrakt	Tomaten	Extrakt
Tomatenmark	Tomate	Mark
Tomatenpflanze	Tomate	Pflanze
Tomatensaft	Tomate	n	Saft
Tomatensalat	Tomate	n	Salat
Tomatenscheibe	Tomate	n	Scheibe
Tomatensoße	Tomate	Soße
Tonart	Ton	Art
Tonaufzeichnungsgerät	Ton	Aufzeichnung	s	Gerät
Tonband	Ton	Band
Tonbandgerät	Tonband	Gerät
Tonbereich	Ton	Bereich
Tonfall	Ton	fall
Tonfeder	Ton	Feder
Tonfilm	Ton	Film
Tongaer	Tonga	er
Tongaerin	Tongaer	in
Tonhöhe	Ton	Höhe
Tonkunst	Ton	Kunst
Tonlage	Ton	Lage
Tonleiter	Ton	Leiter
Tonmineral	Ton	Mineral
Tonnengewölbe	Tonne	n	Gewölbe
Tonsilbe	Ton	Silbe
Tonstein	Ton	Stein
Tontaube	Ton	Taube
Tontechniker	Ton	Techniker
Tonvase	Ton	Vase
Tonvasen	Ton	Vase
Tonziegel	Ton	Ziegel
Topfblume	Topf	Blume
Topfenstrudel	Topfen	Strudel
Topflappen	Topf	Lappen
Topfpflanze	Topf	Pflanze
Topfverschluss	Topf	Verschluss
Torauslinie	Toraus	Linie
Torbandschraube	Torband	Schraube
Torbogen	Tor	bogen
Torfmoor	Torf	Moor
Torheit	Tor	heit
Torhüter	Tor	Hüter
Torhüterin	Torhüter	in
Torjäger	Tor	Jäger
Torlauf	Tor	Lauf
Torlinie	Tor	Linie
Tormann	Tor	Mann
Torpfosten	Tor	Pfosten
Torschlusspanik	Tor	Schluss
Tortenheber	Torte	Heber
Toteis	tot	Eis
Totenfest	Toter	Fest
Totengeläut	Tote	n	Geläut
Totenglocke	Toten	Glocke
Totengräber	Tote	n	Gräber
Totenhalle	Tote	n	Halle
Totenhemd	Tote	n	Hemd
Totenkopf	Toter	Kopf
Totenkopffahne	Totenkopf	Fahne
Totenkopfflagge	Totenkopf	Flagge
Totenkopfäffchen	Totenkopf	Äffchen
Totenlade	Tote	n	Lade
Totensonntag	Tote	Sonntag
Totentrompete	Toter	Trompete
Totenwache	Tote	n	Wache
Totgeburt	tot	Geburt
Totmannschalter	tot	Mann	Schalter
Totschießer	totschießen	er
Totschlag	tot	Schlag
Totschlagargument	Totschlag	Argument
Totschläger	tot	Schläger
Totschwätzer	tot	Schwätzer
Tourismusbilanz	Tourismus	Bilanz
Tourismusbranche	Tourismus	Branche
Tourist	Tour	ist
Touristifizierung	touristifizieren	ung
Touristin	Tourist	in
Toxikokinetik	toxiko	Kinetik
Traditionalist	traditional	ist
Traditionarier	Tradition	arier
Trafikant	Trafik	ant
Tragenetz	tragen	Netz
Tragetasche	tragen	Tasche
Tragetuch	tragen	Tuch
Tragfläche	tragen	Fläche
Tragkraft	tragen	Kraft
Tragweite	tragen	Weite
Tragzeit	tragen	Zeit
Trainerin	Trainer	in
Trampelpfad	trampeln	Pfad
Trampeltier	trampeln	Tier
Transatlantiker	trans	Atlantik	er
Transfeindlichkeit	transfeindlich	keit
Transferfenster	Transfer	Fenster
Transformatorenwicklung	Transformator	Wicklung
Transistorradio	Transistor	Radio
Transmetallierung	trans	Metallierung
Transparentpapier	transparent	Papier
Transphobie	trans	phobie
Transponierer	transponieren	er
Transponierung	transponieren	ung
Transportierer	transportieren	er
Transportierung	transportieren	ung
Transportmittel	Transport	Mittel
Transportvorgang	Transport	Vorgang
Transportweg	Transport	Weg
Traualtar	trauen	Altar
Traubenkernöl	Traube	Kernöl
Traubenkirsche	Traube	n	Kirsche
Traubenlese	Traube	Lese
Traubensaft	Traube	n	Saft
Trauer-Nachtviole	Trauer	Nachtviole
Trauerfeier	trauern	Feier
Trauerflor	trauern	Flor
Trauerjahr	Trauer	Jahr
Trauermantel	Trauer	Mantel
Trauermücke	Trauer	Mücke
Trauerschnäpper	Trauer	schnappen	er
Trauerschwan	Trauer	Schwan
Trauerschwänin	Trauer	Schwänin
Trauerspiel	Trauer	Spiel
Trauertag	trauern	Tag
Trauerweide	Trauer	Weide
Trauerzug	Trauer	Zug
Traufstreifen	Traufe	Streifen
Traumdeuter	Traum	Deuter
Traumdeutung	Traum	Deutung
Traumfrau	Traum	Frau
Traumjob	Traum	Job
Traumland	Traum	Land
Traummann	Traum	Mann
Traumprinz	Traum	Prinz
Traumsprache	Traum	Sprache
Traumurlaub	Traum	Urlaub
Traurigkeit	traurig	keit
Trauring	trauen	Ring
Trauung	trauen	ung
Treiber	treiben	er
Treibgas	treiben	Gas
Treibgut	treiben	Gut
Treibhaus	treiben	Haus
Treibhauseffekt	Treibhaus	Effekt
Treibhausgas	Treibhaus	Gas
Treibhausgurke	Treibhaus	Gurke
Treibsand	Trieb	Sand
Treibstoff	treiben	Stoff
Treibstofftank	Treibstoff	Tank
Treibstoffverbrauch	Treibstoff	Verbrauch
Trennlinie	trennen	Linie
Trennschalter	trennen	Schalter
Trennscheibe	trennen	Scheibe
Trennschleifer	trennen	Schleifer
Trennstrich	trennen	Strich
Trennung	trennen	ung
Trennungszeichen	Trennung	s	Zeichen
Trennverfahren	trennen	Verfahren
Trennwand	trennen	Wand
Treppchen	Treppe	chen
Treppenabgang	Treppe	Abgang
Treppenabsatz	Treppe	n	Absatz
Treppendienst	Treppe	Dienst
Treppenflucht	Treppe	Flucht
Treppenhaus	Treppe	n	Haus
Treppennatter	Treppe	n	Natter
Treppenschacht	Treppe	Schacht
Treppenschliff	Treppe	n	Schliff
Treppenwitz	Treppe	n	Witz
Tretboot	treten	Boot
Treterei	treten	erei
Tretmühle	treten	Mühle
Tretroller	treten	Roller
Treuepflicht	Treue	Pflicht
Treuhandschaft	Treuhand	schaft
Treuhandwesen	Treuhand	Wesen
Treulosigkeit	treulos	igkeit
Trialkyl	tri	Alkyl
Triarsan	tri	Arsan
Tribromid	tri	Bromid
Trichlorid	tri	Chlorid
Trichterspinne	Trichter	Spinne
Trickbetrüger	Trick	Betrüger
Trickbetrügerin	Trickbetrüger	in
Trickdieb	Trick	Dieb
Trickfilm	Trick	Film
Trickfilmzeichner	Trickfilm	Zeichner
Trickfilmzeichnerin	Trickfilmzeichner	in
Trickserei	tricksen	erei
Triebwerk	Trieb	Werk
Triefnase	triefen	Nase
Triesenberg	Triesen	Berg
Triesenberger	Triesenberg	er
Triesenbergerin	Triesenberger	in
Trifluorid	tri	Fluorid
Trifteis	Trift	Eis
Triglycerid	tri	Glycerid
Triglyphenfries	Triglyphe	n	Fries
Triiodid	tri	Iodid
Trillerpfeife	trillern	Pfeife
Trinkbecher	trinken	Becher
Trinkbrunnen	trink	Brunnen
Trinker	trinken	er
Trinkerei	trinken	erei
Trinkflasche	trinken	Flasche
Trinkgefäß	trinken	Gefäß
Trinkgeld	trinken	Geld
Trinkgeldgefäß	Trinkgeld	Gefäß
Trinkglas	trinken	Glas
Trinkhalle	trinken	Halle
Trinkhalm	trinken	Halm
Trinkhorn	trinken	Horn
Trinkpokal	trinken	Pokal
Trinkspruch	trinken	Spruch
Trinkwasser	trinken	Wasser
Trinkwasserfluoridierung	Trinkwasser	Fluoridierung
Trinkwasserquelle	Trinkwasser	Quelle
Trinkwasserverordnung	Trinkwasser	Verordnung
Trioxid	tri	Oxid
Triphosphat	tri	Phosphat
Triselan	tri	Selan
Trisulfid	tri	Sulfid
Triterpen	tri	Terpen
Trittbrett	Tritt	Brett
Trittleiter	Tritt	Leiter
Triumphbogen	Triumph	Bogen
Triumphzug	Triumph	Zug
Trivialname	trivial	Name
Trockenbatterie	trocken	Batterie
Trockenbeerenauslese	trocken	Beerenauslese
Trockenblümchen	Trockenblume	chen
Trockendock	trocken	Dock
Trockeneis	trocken	Eis
Trockengewicht	trocken	Gewicht
Trockenhaube	trocken	Haube
Trockenheit	trocken	heit
Trockenmasse	trocken	Masse
Trockenmittel	trocken	Mittel
Trockenobst	trocken	Obst
Trockenpflaume	trocken	Pflaume
Trockenschrank	trocken	Schrank
Trockensubstanz	trocken	Substanz
Trockental	trocken	Tal
Trockentuch	trocknen	Tuch
Trockenzeit	trocken	Zeit
Trockner	trocknen	er
Trocknung	trocknen	ung
Trocknungsmittel	Trocknung	Mittel
Trommelfell	Trommel	Fell
Trommelfeuer	trommeln	Feuer
Trommelralle	Trommel	Ralle
Trommelwirbel	Trommel	Wirbel
Trommlerin	Trommler	in
Trompetenspieler	Trompete	Spieler
Tropenholz	Tropen	Holz
Tropeninsel	Tropen	Insel
Tropenklima	Tropen	Klima
Tropenkrankheit	Tropen	Krankheit
Tropfenform	Tropfen	Form
Tropfenschliff	Tropfen	Schliff
Tropfstein	Tropfen	Stein
Trostpreis	Trost	Preis
Trotzkistin	Trotzkist	in
Trotzphase	Trotz	Phase
Truchsess	trucht	sazzo
Trugschluss	Trug	Schluss
Trumpist	Trump	ist
Trunkenbold	trunken	bold
Trunkenheit	trunken	heit
Trunksucht	trunken	Sucht
Trunksüchtiger	trunksüchtig	er
Truppenteil	Truppe	n	Teil
Truthahnbraten	Truthahn	Braten
Truthahnbrust	Truthahn	Brust
Truthahnflügel	Truthahn	Flügel
Trächtigkeit	trächtig	keit
Träger	tragen	er
Trägergas	Träger	Gas
Trägermaterial	Träger	Material
Trägerschaft	Träger	schaft
Trägersubstanz	Träger	Substanz
Trägerwelle	Träger	Welle
Tränendrüse	Träne	n	Drüse
Tränengas	Träne	Gas
Träubchen	Traube	chen
Träumerei	träumen	erei
Tröpfchen	Tropfen	chen
Tröpfcheninfektion	Tröpfchen	Infektion
Tröpfchenmodell	Tröpfchen	Modell
Tröpferlbad	Tröpferl	Bad
Tröster	trösten	er
Trübsal	trüb	sal
Trüffelschwein	Trüffel	Schwein
Trümmerfeld	Trümmer	Feld
Trümmerlandschaft	Trümmer	Landschaft
Trümmermeer	Trümmer	Meer
Trümmersprache	Trümmer	Sprache
Tschechin	Tscheche	in
Tschekist	Tscheka	ist
Tschinellenaffe	Tschinelle	n	Affe
Tuchfühlung	Tuch	Fühlung
Tuchhändler	Tuch	Händler
Tuchmacher	Tuch	Macher
Tuchmacherin	Tuchmacher	in
Tuchwarenhändler	Tuchware	n	Händler
Tulpenbaum	Tulpe	n	Baum
Tulpenblüte	Tulpe	n	Blüte
Tumordiagnose	Tumor	Diagnose
Tumormedizin	Tumor	Medizin
Tumorzelle	Tumor	Zelle
Tunesien	Tunes	ien
Tunnelbohrmaschine	Tunnel	Bohrmaschine
Tunnelsystem	Tunnel	System
Tunnelzug	Tunnel	Zug
Tuntenball	Tunte	n	Ball
Tuntenballett	Tunte	n	Ballett
Tunwort	tun	Wort
Turbanschnecke	Turban	Schnecke
Turbinenblatt	Turbine	n	Blatt
Turbodiesel	Turbo	Diesel
Turbolader	turbo	Lader
Turiner	Turin	er
Turmbauer	Turm	Bauer
Turmfalke	Turm	Falke
Turmspitze	Turm	Spitze
Turmuhr	Turm	Uhr
Turnhalle	turnen	Halle
Turnierbaum	Turnier	Baum
Turnsaal	turnen	Saal
Turnverein	turnen	Verein
Turnübung	turnen	Übung
Tuwort	tun	Wort
Twitterer	Twitter	er
Typberatung	Typ	Beratung
Typenschild	Typ	en	Schild
Typin	Typ	in
Typisierung	Typ	isierung
Typschild	Typ	Schild
Typsystem	Typ	System
Typusgattung	Typus	Gattung
Tyrannei	Tyrann	ei
Tänzer	tanzen	er
Tänzerin	Tänzer	in
Täter	Tat	er
Tätervolk	Täter	Volk
Tätigkeit	tätig	keit
Tätigkeitswort	Tätigkeit	s	Wort
Tätlichkeit	tätlich	keit
Tätowierung	tätowieren	ung
Täubchen	Taube	chen
Täufer	taufen	er
Täuscherei	täuschen	erei
Täuschung	täuschen	ung
Täuschungsvorwurf	Täuschung	s	Vorwurf
Tölzer	Tölz	er
Tölzerin	Tölzer	in
Töpfer	Topf	er
Törtchen	Torte	chen
Töter	töten	er
Tötungsdelikt	Tötung	s	Delikt
Tüchtigkeit	tüchtig	keit
Tüddelkram	tüdern	Kram
Tüpfelwollrücken	Tüpfel	Wolle	Rücken
Türangel	Tür	Angel
Türblatt	Tür	Blatt
Türdrücker	Tür	drücken	er
Türfalle	Tür	Falle
Türgriff	Tür	Griff
Türhaken	Tür	Haken
Türkeitürkisch	Türkei	Türkisch
Türkenkoffer	Türke	n	Koffer
Türkentaube	Türke	n	Taube
Türkin	Türke	in
Türklingel	Tür	Klingel
Türklinke	Tür	Klinke
Türknauf	Tür	Knauf
Türmatte	Tür	Matte
Türpfosten	Tür	Pfosten
Türrahmen	Tür	Rahmen
Türschlüssel	Tür	Schlüssel
Türschnalle	Tür	Schnalle
Türspalte	Tür	Spalte
Türspion	Tür	Spion
Türsteher	Tür	stehen
Türstock	Tür	Stock
Türsturz	Tür	Sturz
Türzarge	Tür	Zarge
U-Boot-Christ	U-Boot	Christ
U-förmig	U	förmig
UN-Sicherheitsrat	UN	Sicherheitsrat
US-Imperialismus	US	Imperialismus
USA-Imperialismus	USA	Imperialismus
Uferschwalbe	Ufer	Schwalbe
Uferweg	Ufer	Weg
Ufologe	UFO	loge
Ugander	Uganda	er
Uhrenfeder	Uhr	n	Feder
Uhrglasnagel	Uhr	Glas	Nagel
Uhrmacher	Uhr	Macher
Uhrmacherin	Uhrmacher	in
Uhrwerk	Uhr	Werk
Uhrzeigersinn	Uhrzeiger	Sinn
Uhrzeit	Uhr	Zeit
Uhüchen	Uhu	chen
Ukrainerin	Ukrainer	in
Ulmerin	Ulmer	in
Ulrich	uodal	rihhi
Ultrahochvakuum	ultra	Hochvakuum
Ultrakurzwelle	ultrakurz	Welle
Ultraleichtflugzeug	ultraleicht	Flugzeug
Ultraschallgerät	Ultraschall	Gerät
Ultraschallmikroskopie	Ultraschall	Mikroskopie
Ultraschallspektrometrie	Ultraschall	Spektrometrie
Ultraviolettlicht	ultraviolett	Licht
Ultraviolettspektrometrie	Ultraviolett	Spektrometrie
Ultraviolettstrahlung	Ultraviolett	Strahlung
Umbau	um	Bau
Umblicker	umblicken	er
Umblätterer	umblättern	er
Umbrailpass	Umbrail	Pass
Umbringer	umbringen	er
Umbringerin	Umbringer	in
Umbruch	um	Bruch
Umbucher	umbuchen	er
Umbuchung	umbuchen	ung
Umdeutung	umdeuten	ung
Umdreherin	Umdreher	in
Umerzieher	umerziehen	er
Umerzieherin	Umerzieher	in
Umerziehung	umerziehen	ung
Umerziehungslager	Umerziehung	s	Lager
Umfallerin	Umfaller	in
Umfangswinkel	Umfang	s	Winkel
Umfassung	umfassen	ung
Umfließung	umfließen	ung
Umformerin	Umformer	in
Umformulierung	umformulieren	ung
Umformung	umformen	ung
Umfrageergebnis	Umfrage	Ergebnis
Umfriedung	umfrieden	ung
Umgang	um	Gang
Umgangssprache	Umgang	s	Sprache
Umgarnerin	Umgarner	in
Umgeberin	Umgeber	in
Umgebungsluft	Umgebung	s	Luft
Umgebungstemperatur	Umgebung	Temperatur
Umgeherin	Umgeher	in
Umgeherinnen	Umgeher	in
Umgestaltung	um	Gestaltung
Umgewöhnung	um	Gewöhnung
Umhausener	Umhausen	er
Umhergeherin	Umhergeher	in
Umhängetasche	umhängen	Tasche
Umhüllerin	Umhüller	in
Umhüllung	umhüllen	ung
Umkehrbarkeit	umkehrbar	keit
Umkehrerin	Umkehrer	in
Umkehrschluss	umkehren	Schluss
Umkehrung	umkehren	ung
Umkristallisierung	um	Kristallisierung
Umlagerung	umlagern	ung
Umland	um	Land
Umlauf	um	Lauf
Umlaufbahn	Umlauf	Bahn
Umlaufmarkt	Umlauf	Markt
Umlaufzeit	Umlauf	Zeit
Umlaut	um	Laut
Umlautung	umlauten	ung
Umleiter	umleiten	er
Ummanteler	ummanteln	er
Umparker	umparken	er
Umparkung	umparken	ung
Umpflanzer	umpflanzen	er
Umpoler	Umpolen	er
Umpolung	umpolen	ung
Umrechnung	umrechnen	ung
Umrechnungsfaktor	Umrechnung	s	Faktor
Umreißen	um	reißen
Umrüster	umrüsten	er
Umsatzeinbuße	Umsatz	Einbuße
Umsatzerwartung	Umsatz	Erwartung
Umsatzrendite	Umsatz	Rendite
Umsatzrückgang	Umsatz	Rückgang
Umsatzsteuergesetz	Umsatzsteuer	Gesetz
Umsatzwachstum	Umsatz	Wachstum
Umschalter	umschalten	er
Umschalttaste	umschalten	Taste
Umschauer	umschauen	er
Umschichter	umschichten	er
Umschiffer	umschiffen	er
Umschlagplatz	Umschlag	Platz
Umschlagshäufigkeit	Umschlag	s	Häufigkeit
Umschließer	umschließen	er
Umschließerin	Umschließer	in
Umschlingung	umschlingen	ung
Umschmelzer	umschmelzen	er
Umschreibung	umschreiben	ung
Umschrift	um	Schrift
Umschulder	umschulden	er
Umschuldung	umschulden	ung
Umschuler	umschulen	er
Umschulung	umschulen	ung
Umschwung	um	Schwung
Umsetzung	umsetzen	ung
Umsiedler	umsiedeln	er
Umstandsbestimmung	Umstand	s	Bestimmung
Umstandskrämer	umständlich	Krämer
Umstandswort	Umstand	s	Wort
Umstellung	umstellen	ung
Umstimmung	umstimmen	ung
Umstimmungsversuch	Umstimmung	s	Versuch
Umstrukturierung	umstrukturieren	ung
Umsturz	um	stürzen
Umvolkung	um	Volk	ung
Umwelt	um	Welt
Umweltaspekt	Umwelt	Aspekt
Umweltauswirkung	Umwelt	Auswirkung
Umweltbedingung	Umwelt	Bedingung
Umweltbelastung	Umwelt	Belastung
Umweltchemie	Umwelt	Chemie
Umweltfaktor	Umwelt	Faktor
Umweltforschung	Umwelt	Forschung
Umweltmedizin	Umwelt	Medizin
Umweltrecht	Umwelt	Recht
Umweltrechtler	Umweltrecht	ler
Umweltrelevanz	Umwelt	Relevanz
Umweltschaden	Umwelt	Schaden
Umweltschutz	Umwelt	Schutz
Umweltschutzbehörde	Umweltschutz	Behörde
Umwelttechnik	Umwelt	Technik
Umweltverschmutzung	Umwelt	Verschmutzung
Umweltverträglichkeit	umweltverträglich	keit
Umweltverträglichkeitsprüfung	Umweltverträglichkeit	s	Prüfung
Umwertung	umwerten	ung
Umwälzung	umwälzen	ung
Umzingelung	umzingeln	ung
Umzugshelfer	Umzug	s	Helfer
Umzugshelferin	Umzugshelfer	in
Umzäuner	umzäunen	er
Umzügler	Umzug	ler
Umänderer	umändern	er
Unabhängigkeit	un	Abhängigkeit
Unabhängigkeitsbewegung	Unabhängigkeit	Bewegung
Unabhängigkeitserklärung	Unabhängigkeit	s	Erklärung
Unabhängigkeitskrieg	Unabhängigkeit	s	Krieg
Unabwendbarkeit	unabwendbar	keit
Unauffälligkeit	unauffällig	keit
Unaufmerksamkeit	unaufmerksam	keit
Unaufrichtigkeit	unaufrichtig	keit
Unbedarftheit	unbedarft	heit
Unbedeutsamkeit	un	Bedeutsamkeit
Unbefangenheit	unbefangen	heit
Unbefriedigtsein	unbefriedigt	sein
Unbeherrschtheit	unbeherrscht	heit
Unbeholfenheit	unbeholfen	heit
Unbekümmertheit	unbekümmert	heit
Unbequemlichkeit	un	Bequemlichkeit
Unbescholtenheit	unbescholten	heit
Unbesiegbarkeit	unbesiegbar	keit
Unbesorgtheit	unbesorgt	heit
Unbeständigkeit	unbeständig	keit
Unbeweisbarkeit	unbeweisbar	keit
Unbildung	un	Bildung
Undankbarkeit	undankbar	keit
Undecan	undec	an
Unding	un	Ding
Unducht	un	Ducht
Undurchsichtigkeit	undurchsichtig	keit
Unebenheit	uneben	heit
Unehre	un	Ehre
Unehrlichkeit	unehrlich	keit
Uneinigkeit	uneinig	keit
Unentscheidbarkeit	unentscheidbar	keit
Unentschlossenheit	unentschlossen	heit
Unerheblichkeit	unerheblich	keit
Unerschrockenheit	unerschrocken	heit
Unersättlichkeit	unersättlich	keit
Unfall	un	Fall
Unfallstelle	Unfall	Stelle
Unfallversicherung	Unfall	Versicherung
Unfallwagen	Unfall	Wagen
Unfallwahrscheinlichkeit	Unfall	Wahrscheinlichkeit
Unfehlbarkeit	unfehlbar	keit
Unfreundlichkeit	unfreundlich	keit
Ungarin	Ungar	in
Ungelegenheit	ungelegen	heit
Ungenauigkeit	un	Genauigkeit
Ungereimtheit	ungereimt	heit
Ungesundheit	ungesund	heit
Ungleichgewicht	un	Gleichgewicht
Ungleichung	un	Gleichung
Unglimpf	un	Glimpf
Unglück	un	Glück
Unglückshäher	Unglück	s	Häher
Unglücksrabe	Unglück	s	Rabe
Ungnade	un	Gnade
Unhandlichkeit	unhandlich	keit
Unhöflichkeit	unhöflich	keit
Uni-Bib	Uni	Bib
Uniformität	uniform	ität
Unionsrecht	Union	s	Recht
Universalgelehrter	universal	Gelehrter
Universalgenie	universal	Genie
Universalquantor	universal	Quantor
Universitätsbibliothek	Universität	s	Bibliothek
Universitätsdozent	Universität	Dozent
Universitätsstadt	Universität	s	Stadt
Unkameradschaftlichkeit	un	Kameradschaftlichkeit
Unkenntlichkeit	unkenntlich	keit
Unkeuschheit	unkeusch	heit
Unklarheit	unklar	heit
Unkosten	un	Kosten
Unkrautbekämpfung	Unkraut	Bekämpfung
Unkrautbekämpfungsmittel	Unkrautbekämpfung	s	Mittel
Unkrautsäer	Unkraut	Säer
Unkrautvernichtung	Unkraut	Vernichtung
Unkrautvernichtungsmittel	Unkrautvernichtung	s	Mittel
Unlust	un	Lust
Unlöslichkeit	un	Löslichkeit
Unmaßgeblichkeit	un	Maßgeblichkeit
Unmensch	un	Mensch
Unmenschlichkeit	unmenschlich	keit
Unmut	un	Mut
Unmöglichkeitserklärung	Unmöglichkeit	s	Erklärung
Unmündigkeit	unmündig	keit
Unnahbarkeit	unnahbar	keit
Unpaarhufer	un	Paarhufer
Unrast	un	Rast
Unrechtsjustiz	Unrecht	s	Justiz
Unrechtsstaat	Unrecht	s	Staat
Unredlichkeit	unredlich	keit
Unregelmäßigkeit	unregelmäßig	keit
Unreife	unreif	e
Unreinheit	unrein	heit
Unreinigkeit	unreinig	keit
Unruhe	un	Ruhe
Unsauberkeit	unsauber	keit
Unserdeutsch	unser	Deutsch
Unsicherheitsfaktor	Unsicherheit	s	Faktor
Unsichtbarkeit	un	Sichtbarkeit
Unsinn	un	Sinn
Unsträflichkeit	unsträflich	keit
Untat	un	Tat
Untauglichkeit	untauglich	keit
Unterabsatz	unter	Absatz
Unterabschnitt	unter	Abschnitt
Unterabteilung	unter	Abteilung
Unterarm	unter	Arm
Unterarmmuskel	Unterarm	Muskel
Unterausschuss	unter	Ausschuss
Unterbau	unter	Bau
Unterbelichtung	unterbelichten	ung
Unterbewertung	unter	Bewertung
Unterbrechungsauktion	Unterbrechung	s	Auktion
Unterbringung	unterbringen	ung
Unterdeck	unter	Deck
Unterdialekt	unter	Dialekt
Unterdrückung	unterdrücken	ung
Unterengadinerin	Unterengadiner	in
Unterfamilie	unter	Familie
Unterflurbehälter	unterflur	Behälter
Unterfranken	unter	Franken
Untergeschoß	unter	Geschoß
Untergrund	unter	Grund
Untergruppe	unter	Gruppe
Unterhaus	unter	Haus
Unterholz	unter	Holz
Unterhund	unter	Hund
Unterjochung	unterjochen	ung
Unterkörper	unter	Körper
Unterlassung	unterlassen	ung
Unterlauf	unter	Lauf
Unterleib	unter	Leib
Unterlippe	unter	Lippe
Untermauerung	untermauern	ung
Unternehmensbeteiligung	Unternehmen	s	Beteiligung
Unternehmensbewertung	Unternehmen	s	Bewertung
Unternehmenseinbringung	Unternehmen	s	Einbringung
Unternehmensfinanzierung	Unternehmen	s	Finanzierung
Unternehmensführung	Unternehmen	s	Führung
Unternehmenskultur	Unternehmen	s	Kultur
Unternehmensleitbild	Unternehmen	s	Leitbild
Unternehmensphilosophie	Unternehmen	s	Philosophie
Unternehmensplanung	Unternehmen	s	Planung
Unternehmenssteuerung	Unternehmen	s	Steuerung
Unternehmensstrategie	Unternehmen	s	Strategie
Unternehmensziel	Unternehmen	s	Ziel
Unternehmung	unternehmen	ung
Unteroffizierin	Unteroffizier	in
Unterordnung	unterordnen	ung
Unterpfand	unter	Pfand
Unterputz	unter	Putz
Unterputzdose	Unterputz	Dose
Unterricht	unter	richten
Unterrichtung	unterrichten	ung
Untersatz	unter	deverbal from setzen
Unterscheidungsmerkmal	Unterscheidung	s	Merkmal
Unterschlagung	unterschlagen	ung
Unterschriftenaktion	Unterschrift	en	Aktion
Unterschriftenautomat	Unterschrift	en	Automat
Unterschätzung	unterschätzen	ung
Unterseeboot	unter	See	Boot
Untersetzer	untersetzen	er
Unterstand	unter	Stand
Unterstellung	unterstellen	ung
Untersterblichkeit	unter	Sterblichkeit
Untersteuern	unter	steuern
Unterstrich	unter	Strich
Unterstützer	unterstützen	er
Unterstützung	unterstützen	ung
Untersuchung	untersuchen	ung
Untersuchungskommission	Untersuchung	s	Kommission
Untertagbau	unter Tag	Bau
Untertagebau	unter Tage	Bau
Untertaucher	untertauchen	er
Untertitel	unter	Titel
Untertitelung	untertiteln	ung
Untertänigkeit	untertänig	keit
Unterwasserdrohne	unter	Wasser	Drohne
Unterwerfung	unterwerfen	ung
Unterwuchs	unter	Wuchs
Unterwürfigkeit	unterwürfig	keit
Unterzahl	unter	Zahl
Unterzeichner	unterzeichnen	er
Unterzeichnerin	Unterzeichner	in
Unterzeichnung	unterzeichnen	ung
Unterzeile	unter	Zeile
Untiefe	un	Tiefe
Untreue	un	Treue
Unverantwortlichkeit	unverantwortlich	keit
Unverfrorenheit	unverfroren	heit
Unvernunft	un	Vernunft
Unvernünftigkeit	unvernünftig	keit
Unversehrtheit	unversehrt	heit
Unverträglichkeit	unverträglich	keit
Unverweslichkeit	unverweslich	keit
Unvollständigkeit	unvollständig	keit
Unvoreingenommenheit	unvoreingenommen	heit
Unwahrheit	un	Wahrheit
Unwiderlegbarkeit	unwiderlegbar	keit
Unwiderstehlichkeit	unwiderstehlich	keit
Unwissen	un	Wissen
Unwissenheit	unwissend	heit
Unwohlsein	unwohl	sein
Unwägbarkeit	unwägbar	keit
Unwürde	un	Würde
Unwürdigkeit	unwürdig	keit
Unzahl	un	Zahl
Unzerstörbarkeit	unzerstörbar	keit
Unzufriedenheit	unzufrieden	heit
Unzulänglichkeit	unzulänglich	keit
Unzulässigkeit	unzulässig	keit
Unzuverlässigkeit	unzuverlässig	keit
Unzweideutigkeit	zweideutig	keit
Unzähmbarkeit	unzähmbar	keit
Uppsala	upp	salir
Urahn	ur	Ahn
Uranbombe	Uran	Bombe
Uranerz	Uran	Erz
Uranhexafluorid	Uran	Hexafluorid
Uranisotop	Uran	Isotop
Uranmine	Uran	Mine
Uraufführung	ur	Aufführung
Urbanisierung	urbanisieren	ung
Urbarmachung	urbar	Machung
Urbevölkerung	ur	Bevölkerung
Urbild	ur	Bild
Urchrist	Ur	Christ
Ureinwohner	ur	Einwohner
Urenkel	ur	Enkel
Urfassung	Ur	Fassung
Urgermanisch	ur	Germanisch
Urgeschichte	ur	Geschichte
Urgestein	ur	Gestein
Urgroßmutter	ur	Großmutter
Urgroßvater	ur	Großvater
Urheberrecht	Urheber	Recht
Urheberschaft	Urheber	schaft
Urheimat	ur	Heimat
Urinausscheidung	Urin	Ausscheidung
Urinstein	Urin	Stein
Urinstinkt	ur	Instinkt
Urknall	ur	Knall
Urknalltheorie	Urknall	Theorie
Urkontinent	ur	Kontinent
Urkunde	ur	Kunde
Urkundenhypothese	Urkunde	n	Hypothese
Urkundenschreiber	Urkunde	Schreiber
Urlauber	Urlaub	er
Urlauberin	Urlauber	in
Urlaubssemester	Urlaub	s	Semester
Urmensch	ur	Mensch
Urmeter	ur	Meter
Urmotte	ur	Motte
Urnordisch	ur	Nordisch
Urologin	Urologe	in
Urproduktion	ur	Produktion
Urreligion	Ur	Religion
Ursache	ur	Sache
Urschrei	ur	Schrei
Urschrift	ur	Schrift
Urslawisch	ur	slawisch
Ursprache	ur	Sprache
Ursprungsbezeichnung	Ursprung	Bezeichnung
Ursprungsland	Ursprung	s	Land
Ursprungsort	Ursprung	s	Ort
Urstiftung	ur	Stiftung
Ursuppe	ur	Suppe
Ursünde	ur	Sünde
Urteiler	urteilen	er
Urteilsdispositiv	Urteil	s	Dispositiv
Urteilskraft	Urteil	s	Kraft
Urteilsspruch	Urteil	s	Spruch
Urteilsverkündung	Urteil	Verkündung
Urtext	ur	Text
Urtier	ur	Tier
Uruguayer	Uruguay	er
Urvertrauen	ur	Vertrauen
Urvogel	ur	Vogel
Urwald	ur	Wald
Urzeit	ur	Zeit
Urzustand	ur	Zustand
Urämie	urina	ämie
Utrechter	Utrecht	er
Utrechterin	Utrechter	in
Vabanquespiel	Vabanque	Spiel
Vaduzer	Vaduz	er
Vaduzerin	Vaduzer	in
Vakuumbombe	Vakuum	Bombe
Vakuumdestillation	Vakuum	Destillation
Vakuumfluktuation	Vakuum	Fluktuation
Vakuumglocke	Vakuum	Glocke
Vakuumkammer	Vakuum	Kammer
Vakuumpumpe	Vakuum	Pumpe
Vakuumröhre	Vakuum	Röhre
Vakuumröhrentechnik	Vakuumröhren	Technik
Vakuumverdampfer	Vakuum	Verdampfer
Valentinstag	Valentin	Tag
Valenzband	Valenz	Band
Valenzelektron	Valenz	Elektron
Valkenburgerin	Valkenburger	in
Vampirfledermaus	Vampir	Fledermaus
Vanadiumcarbid	Vanadium	Carbid
Vanadiumgruppe	Vanadium	Gruppe
Vanadiumoxid	Vanadium	Oxid
Vanadiumpentoxid	Vanadium	Pentoxid
Vanadiumstahl	Vanadium	Stahl
Vanadiumsulfid	Vanadium	Sulfid
Vanillecreme	Vanille	Creme
Vanillepudding	Vanille	Pudding
Vanillesoße	Vanille	Soße
Vanuatuer	Vanuatu	er
Vanuatuerin	Vanuatuer	in
Vaterland	Vater	Land
Vaterlandsliebe	Vaterland	s	Liebe
Vaterlandsverräter	Vaterlandsverrat	er
Vaterschaft	Vater	schaft
Vaterschaftsanerkennung	Vaterschaft	Anerkennung
Vaterschaftsgutachten	Vaterschaft	s	Gutachten
Vaterschwester	Vater	Schwester
Vatersmutter	Vater	Mutter
Vatersschwester	Vater	s	Schwester
Vaterstadt	Vater	Stadt
Vatertag	Vater	Tag
Vati	Vater	i
Vektorfeld	Vektor	Feld
Vektorraum	Vektor	Raum
Velourleder	Velour	Leder
Venezolanerin	Venezolaner	in
Ventildeckel	Ventil	Deckel
Ventilführung	Ventil	Führung
Ventilsitz	Ventil	Sitz
Venusatmosphäre	Venus	Atmosphäre
Venusfliegenfalle	Venus	Fliegenfalle
Venusmuschel	Venus	Muschel
Venussymbol	Venus	Symbol
Verabredung	verabreden	ung
Verabreichung	verabreichen	ung
Verachtfacher	verachtfachen	er
Verachtfachung	verachtfachen	ung
Verachtung	verachten	ung
Veranlagung	veranlagen	ung
Veranlasser	veranlassen	er
Veranlassung	veranlassen	ung
Veranschaulichung	veranschaulichen	ung
Veranstaltung	veranstalten	ung
Veranstaltungsort	Veranstaltung	s	Ort
Veranstaltungstermin	Veranstaltung	s	Termin
Verantwortlichkeit	verantwortlich	keit
Verantwortung	ver	Antwort	ung
Verarbeitbarkeit	verarbeitbar	keit
Verarbeiter	verarbeiten	er
Verballhornung	verballhornen	ung
Verbalsubstantiv	verbal	Substantiv
Verbandsgemeinde	Verband	Gemeinde
Verbannung	verbannen	ung
Verbarrikadierer	verbarrikadieren	er
Verbesserer	verbessern	er
Verbesserin	Verbesserer	in
Verbindung	verbinden	ung
Verbindungklasse	Verbindung	Klasse
Verbindungsbeamter	Verbindung	Beamter
Verbindungsdraht	Verbindung	s	Draht
Verbindungselement	Verbindung	Element
Verbindungshalbleiter	Verbindung	Halbleiter
Verbindungsstück	Verbindung	Stück
Verbitterung	verbittern	ung
Verblendung	verblenden	ung
Verblödung	verblöden	ung
Verbohrtheit	verbohrt	heit
Verbotsirrtum	Verbot	s	Irrtum
Verbraucher	verbrauchen	er
Verbraucherin	Verbraucher	in
Verbrauchsmusik	Verbrauch	Musik
Verbrauchssteuer	Verbrauch	s	Steuer
Verbrauchsteuer	Verbrauch	Steuer
Verbrechen	ver	brechen
Verbrechensbekämpfung	Verbrechen	s	Bekämpfung
Verbrecherin	Verbrecher	in
Verbrecherjagd	Verbrecher	Jagd
Verbrechertum	Verbrecher	tum
Verbreitungsgebiet	Verbreitung	s	Gebiet
Verbrennungsprozess	Verbrennung	Prozess
Verbrennungsvorgang	Verbrennung	Vorgang
Verbrüderung	verbrüdern	ung
Verbundenheit	verbunden	heit
Verbundstoff	Verbund	Stoff
Verbundwerkstoff	Verbund	Werkstoff
Verbundzusteller	Verbund	Zusteller
Verbvalenz	Verb	Valenz
Verchromung	verchromen	ung
Verdachtsberichterstattung	Verdacht	s	Berichterstattung
Verdammnis	verdammen	nis
Verdampfung	verdampfen	ung
Verdampfungskühlen	Verdampfung	Kühlen
Verdampfungswärme	Verdampfung	Wärme
Verdauung	verdauen	ung
Verdauungssystem	Verdauung	System
Verdauungstrakt	Verdauung	s	Trakt
Verderber	verderben	er
Verderberin	Verderber	in
Verderbtheit	verderbt	heit
Verdeutlichung	verdeutlichen	ung
Verdeutschung	verdeutschen	ung
Verdichtung	verdichten	ung
Verdickungsmittel	Verdickung	Mittel
Verdoppelung	verdoppeln	ung
Verdoppler	verdoppeln	er
Verdorbenheit	verdorben	heit
Verdorrung	verdorren	ung
Verdrehung	verdrehen	ung
Verdreifacher	verdreifachen	er
Verdreifachung	verdreifachen	ung
Verdreizehnfachung	verdreizehnfachen	ung
Verdreißigfachung	verdreißigfachen	ung
Verdrängungswettbewerb	Verdrängung	s	Wettbewerb
Verdunkelungsgefahr	Verdunkelung	s	Gefahr
Verdunklung	verdunkeln	ung
Verdunklungsgefahr	Verdunklung	s	Gefahr
Verdunstung	verdunsten	ung
Verdünnung	verdünnen	ung
Veredelungsverfahren	Veredelung	Verfahren
Verehrer	verehren	er
Verehrerin	Verehrer	in
Vereidigung	vereidigen	ung
Vereinbarung	vereinbaren	ung
Verelffachung	verelffachen	ung
Verengung	verengen	ung
Vererbbarkeit	vererbbar	keit
Vererbung	vererben	ung
Verfallsdatum	Verfall	s	Datum
Verfasstheit	verfassen	heit
Verfassungsgericht	Verfassung	s	Gericht
Verfassungsordnung	Verfassung	s	Ordnung
Verfassungsrecht	Verfassung	s	Recht
Verfassungsrechtler	Verfassungsrecht	ler
Verfassungsschutz	Verfassung	s	Schutz
Verfassungstheorie	Verfassung	s	Theorie
Verfestigung	verfestigen	ung
Verflechtung	verflechten	ung
Verfluchung	verfluchen	ung
Verflüssigung	verflüssigen	ung
Verfolgung	verfolgen	ung
Verformbarkeit	verformbar	keit
Verfremdung	verfremden	ung
Verfügbarkeit	verfügbar	keit
Verfügung	verfügen	ung
Verfügungsgewalt	Verfügung	Gewalt
Verführer	verführen	er
Verführerin	Verführer	in
Verfünffacher	verfünffachen	er
Verfünffachung	verfünffachen	ung
Vergabe	ver	Gabe
Vergangenheit	vergangen	heit
Vergangenheitsbewältigung	Vergangenheit	s	Bewältigung
Vergaser	ver	Gas	er
Vergasung	vergasen	ung
Vergeblichkeit	vergeblich	keit
Vergebung	vergeben	ung
Vergegenwärtigung	vergegenwärtigen	ung
Vergeltung	vergelten	ung
Vergeltungsschlag	Vergeltung	s	Schlag
Vergessenheit	vergessen	heit
Vergeudung	vergeuden	ung
Vergewaltiger	vergewaltigen	er
Vergewaltigerin	Vergewaltiger	in
Vergewaltigung	vergewaltigen	ung
Vergiftung	vergiften	ung
Vergiftungserscheinung	Vergiftung	Erscheinung
Vergiftungssymptom	Vergiftung	Symptom
Vergleichswertverfahren	Vergleich	Wert	s	Verfahren
Vergleichung	vergleichen	ung
Vergnügungspark	Vergnügung	s	Park
Vergrößerung	vergrößern	ung
Vergrößerungsform	Vergrößerung	s	Form
Vergrößerungsglas	Vergrößerung	s	Glas
Vergänglichkeit	vergänglich	keit
Vergünstigung	vergünstigen	ung
Vergütung	vergüten	ung
Verhaltensweise	Verhalten	Weise
Verhandelbarkeit	verhandelbar	keit
Verhandlungsbasis	Verhandlung	s	Basis
Verhandlungsfrieden	Verhandlung	s	Frieden
Verhandlungsmacht	Verhandlung	s	Macht
Verhandlungsmasse	Verhandlung	s	Masse
Verhandlungsschrift	Verhandlung	Schrift
Verharmlosung	verharmlosen	ung
Verheber	verheben	er
Verheerung	verheeren	ung
Verheimlichung	verheimlichen	ung
Verheißung	verheißen	ung
Verherrlichung	verherrlichen	ung
Verhetzung	verhetzen	ung
Verhinderung	verhindern	ung
Verhundertfachung	verhundertfachen	ung
Verhältnis	verhalten	nis
Verhältnismäßigkeit	verhältnismäßig	keit
Verhältniswort	Verhältnis	Wort
Verhängnis	verhängen	nis
Verhärtung	verhärten	ung
Verhöhner	verhöhnen	er
Verhökerer	verhökern	er
Verhörer	verhören	er
Verhüllung	verhüllen	ung
Verhütung	verhüten	ung
Verhütungsmittel	Verhütung	s	Mittel
Verifizierungshaken	Verifizierung	s	Haken
Verirrung	verirren	ung
Verjudung	ver	Jude	ung
Verjährung	verjähren	ung
Verjährungsfrist	Verjährung	s	Frist
Verkabelung	verkabeln	ung
Verkalkulierer	verkalkulieren	er
Verkapselung	verkapseln	ung
Verkaufsangebot	Verkauf	s	Angebot
Verkaufsautomat	Verkauf	s	Automat
Verkaufsbroschüre	verkaufen	Broschüre
Verkaufsgespräch	Verkauf	s	Gespräch
Verkaufsoption	Verkauf	s	Option
Verkaufsorder	Verkauf	s	Order
Verkaufspreis	Verkauf	Preis
Verkaufsprospekt	Verkauf	s	Prospekt
Verkaufsraum	Verkauf	s	Raum
Verkaufsspanne	Verkauf	s	Spanne
Verkaufsstelle	Verkauf	s	Stelle
Verkaufsstrategie	Verkauf	s	Strategie
Verkaufstisch	Verkauf	Tisch
Verkaufsverhandlung	Verkauf	s	Verhandlung
Verkaufsvertretung	Verkaufs	Vertretung
Verkehrsanschauung	Verkehr	s	Anschauung
Verkehrsansicht	Verkehr	s	Ansicht
Verkehrsauffassung	Verkehr	s	Auffassung
Verkehrsflugzeug	Verkehr	Flugzeug
Verkehrshubbel	Verkehr	Hubbel
Verkehrsknoten	Verkehr	s	Knoten
Verkehrsknotenpunkt	Verkehrsknoten	Punkt
Verkehrsmedizin	Verkehr	s	Medizin
Verkehrsminister	Verkehr	s	Minister
Verkehrsministerin	Verkehrsminister	in
Verkehrssprache	Verkehr	s	Sprache
Verkehrsunfall	Verkehr	s	Unfall
Verkehrsverbund	Verkehrs	Verbund
Verkehrsweg	Verkehr	s	Weg
Verkehrtheit	verkehrt	heit
Verkettung	verketten	ung
Verkleinerung	verkleinern	ung
Verkleinerungsform	Verkleinerung	Form
Verklärung	verklären	ung
Verknalltheit	verknallt	heit
Verknallung	verknallen	ung
Verknüpfung	verknüpfen	ung
Verkommenheit	verkommen	heit
Verkoster	verkosten	er
Verkostung	verkosten	ung
Verkäufer	verkaufen	er
Verkäuferin	Verkäufer	in
Verkäufermarkt	Verkäufer	n	Markt
Verkörperung	verkörpern	ung
Verköstigung	verköstigen	ung
Verkünder	verkünden	er
Verkündiger	verkündigen	er
Verkündigerin	Verkündiger	in
Verkürbissung	ver	Kürbis	ung
Verkürzung	verkürzen	ung
Verkürzungszeichen	Verkürzung	s	Zeichen
Verladebahnhof	verladen	Bahnhof
Verlader	verladen	er
Verlagerung	verlagern	ung
Verlagsgesellschaft	Verlag	Gesellschaft
Verlandung	verlanden	ung
Verlangsamung	verlangsamen	ung
Verlassenheit	verlassen	heit
Verlassenschaft	verlassen	schaft
Verlautbarung	verlautbaren	ung
Verlegenheit	verlegen	heit
Verlegung	verlegen	ung
Verlegungsbericht	Verlegung	s	Bericht
Verleiher	verleihen	er
Verleihgebühr	Verleih	Gebühr
Verletzbarkeit	verletzbar	keit
Verletzlichkeit	verletzlich	keit
Verletzung	verletzen	ung
Verletzungsbericht	Verletzung	s	Bericht
Verleugnung	verleugnen	ung
Verleumder	verleumden	er
Verleumdung	verleumden	ung
Verleumdungskampagne	Verleumdung	s	Kampagne
Verliebtheit	verliebt	heit
Verlierer	verlieren	er
Verlobter	verlobt	er
Verlobung	verloben	ung
Verlobungsring	Verlobung	s	Ring
Verlockung	verlocken	ung
Verlogenheit	verlogen	heit
Verlosung	verlosen	ung
Verlustmarge	Verlust	Marge
Verlustrücktrag	Verlust	Rücktrag
Verlustvortrag	Verlust	Vortrag
Verlängerung	verlängern	ung
Verlässlichkeit	verlässlich	keit
Vermaisung	ver	Mais	ung
Vermarktung	vermarkten	ung
Vermeidung	vermeiden	ung
Vermenschlichung	vermenschlichen	ung
Vermessenheit	vermessen	heit
Vermesser	vermessen	er
Vermesserin	Vermesser	in
Vermessung	vermessen	ung
Vermieter	vermieten	er
Vermieterin	Vermieter	in
Vermietung	vermieten	ung
Verminderung	vermindern	ung
Vermischung	vermischen	ung
Vermisstenanzeige	Vermisster	Anzeige
Vermittlung	vermitteln	ung
Vermittlungsentgelt	Vermittlung	s	Entgelt
Vermittlungsgebühr	Vermittlung	Gebühr
Vermittlungsgutschein	Vermittlung	s	Gutschein
Vermummung	vermummen	ung
Vermummungsverbot	Vermummung	Verbot
Vermutung	vermuten	ung
Vermächtnis	vermachen	nis
Vermählungsanzeige	Vermählung	s	Anzeige
Vermögen	ver	mögen
Vermögensangelegenheit	Vermögen	s	Angelegenheit
Vermögensaufstellung	Vermögen	s	Aufstellung
Vermögensaufteilung	Vermögen	s	Aufteilung
Vermögensbilanz	Vermögen	s	Bilanz
Vermögenslage	Vermögen	Lage
Vermögensverwaltung	Vermögen	s	Verwaltung
Vermögensverzeichnis	Vermögen	s	Verzeichnis
Vermüllung	vermüllen	ung
Vernachlässigung	vernachlässigen	ung
Vernarrung	vernarren	ung
Vernebelung	vernebeln	ung
Vernegerung	ver	Neger	ung
Vernehmlassungsverfahren	Vernehmlassung	s	Verfahren
Vernehmung	vernehmen	ung
Verneinung	verneinen	ung
Vernetzung	vernetzen	ung
Verneunfacher	verneunfachen	er
Verneunfachung	verneunfachen	ung
Vernichtung	vernichten	ung
Vernichtungskrieg	Vernichtung	s	Krieg
Vernichtungslager	Vernichtung	s	Lager
Verniedlichung	verniedlichen	ung
Vernunftehe	Vernunft	Ehe
Vernunftrepublikaner	Vernunft	Republikaner
Vernünftigkeit	vernünftig	keit
Verordnung	verordnen	ung
Verpackungsindustrie	Verpackung	Industrie
Verpackungsmittel	Verpackung	Mittel
Verpetzer	verpetzen	er
Verpflegung	verpflegen	ung
Verpflichtung	verpflichten	ung
Verproviantierung	verproviantieren	ung
Verpuffung	verpuffen	ung
Verpuppung	verpuppen	ung
Verrammelung	verrammeln	ung
Verramscher	verramschen	er
Verreibungsfaktor	Verreibung	s	Faktor
Verrenkung	verrenken	ung
Verrichtung	verrichten	ung
Verriegelung	verriegeln	ung
Verringerung	verringern	ung
Verräterei	verraten	erei
Verrückter	verrückt	er
Verrührer	verrühren	er
Versailler	Versailles	er
Versalzer	versalzen	er
Versammler	versammeln	er
Versammlerin	Versammler	in
Versammlung	versammeln	ung
Versammlungsbeginn	Versammlung	s	Beginn
Versammlungshalle	Versammlung	s	Halle
Versammlungsort	Versammlung	s	Ort
Versammlungsteilnehmerin	Versammlungsteilnehmer	in
Versandkosten	Versand	Kosten
Versandverkauf	Versand	Verkauf
Versatzstück	Versatz	Stück
Versauerung	versauern	ung
Verschachtelung	verschachteln	ung
Verschaffer	verschaffen	er
Verschafferin	Verschaffer	in
Verschaler	verschalen	er
Verschandeler	verschandeln	er
Verschanzer	verschanzen	er
Verschattung	verschatten	ung
Verscherbeler	verscherbeln	er
Verscheucher	verscheuchen	er
Verscheucherin	Verscheucher	in
Verschieber	verschieben	er
Verschieberin	Verschieber	in
Verschiedenartigkeit	verschiedenartig	keit
Verschiedenheit	verschieden	heit
Verschießer	verschießen	er
Verschiffer	verschiffen	er
Verschlafer	verschlafen	er
Verschlechterer	verschlechtern	er
Verschleierung	verschleiern	ung
Verschleißfestigkeit	Verschleiß	Festigkeit
Verschleppungstaktik	Verschleppung	Taktik
Verschleuderer	verschleudern	er
Verschließer	verschließen	er
Verschließerin	Verschließer	in
Verschließung	verschließen	ung
Verschlimmbesserung	verschlimmbessern	ung
Verschlimmerer	verschlimmern	er
Verschlimmerung	verschlimmern	ung
Verschlinger	verschlingen	er
Verschlucker	verschlucken	er
Verschlussbrennerei	Verschluss	Brennerei
Verschlusslaut	Verschluss	Laut
Verschlussreibelaut	Verschluss	Reibelaut
Verschlüsseler	verschlüsseln	er
Verschlüsselung	verschlüsseln	ung
Verschlüsselungsalgorithmus	Verschlüsselung	s	Algorithmus
Verschlüsselungsgerät	Verschlüsselung	s	Gerät
Verschlüsselungstechnik	Verschlüsselung	s	Technik
Verschmelzung	verschmelzen	ung
Verschmutzer	verschmutzen	er
Verschmäher	verschmähen	er
Verschnaufpause	verschnaufen	Pause
Verschnürer	verschnüren	er
Verschollenheit	verschollen	heit
Verschoner	verschonen	er
Verschreiber	verschreiben	er
Verschreibung	verschreiben	ung
Verschriftung	verschriften	ung
Verschrobenheit	verschroben	heit
Verschrottung	verschrotten	ung
Verschränker	verschränken	er
Verschränkung	verschränken	ung
Verschuldung	verschulden	ung
Verschuldungsgrad	Verschuldung	s	Grad
Verschweiger	verschweigen	er
Verschwender	verschwenden	er
Verschwenderin	Verschwender	in
Verschwendung	verschwenden	ung
Verschwiegenheit	verschwiegen	heit
Verschwiegenheitserklärung	Verschwiegenheit	s	Erklärung
Verschwörerin	Verschwörer	in
Verschwörungsabsprache	Verschwörung	s	Absprache
Verschwörungstheoretikerin	Verschwörungstheoretiker	in
Verschönerer	verschönern	er
Verschüttung	verschütten	ung
Versechsfacher	versechsfachen	er
Versechsfachung	versechsfachen	ung
Versehrung	versehren	ung
Verselbstständigung	verselbstständigen	ung
Versender	versenden	er
Versenger	versengen	er
Versenker	versenken	er
Versetzung	versetzen	ung
Verseucher	verseuchen	er
Verseuchung	verseuchen	ung
Versfuß	Vers	Fuß
Versicherer	versichern	er
Versicherungsbetrügerin	Versicherungsbetrüger	in
Versicherungsgesellschaft	Versicherung	Gesellschaft
Versicherungspolice	Versicherung	Police
Versicherungsrecht	Versicherung	s	Recht
Versicherungsrechtler	Versicherungsrecht	ler
Versicherungsrechtlerin	Versicherungsrechtler	in
Versicherungsvertreter	Versicherung	s	Vertreter
Versicherungsvertreterin	Versicherungsvertreter	in
Versiebenfacher	versiebenfachen	er
Versiebenfachung	versiebenfachen	ung
Versilberer	versilbern	er
Versilberung	versilbern	ung
Versionsgeschichte	Version	Geschichte
Versionsnummer	Version	s	Nummer
Versklaver	versklaven	er
Versklavung	versklaven	ung
Verslehre	Vers	Lehre
Versmaß	Vers	Maß
Versohler	versohlen	er
Versorger	versorgen	er
Versorgung	versorgen	ung
Versorgungsengpass	Versorgung	s	Engpass
Versorgungslage	Versorgung	Lage
Versorgungslücke	Versorgung	s	Lücke
Versorgungssicherheit	Versorgung	s	Sicherheit
Versorgungstechnik	Versorgung	Technik
Verspargelung	ver	Spargel	ung
Verspeiser	verspeisen	er
Versperrer	versperren	er
Verspieler	verspielen	er
Verspotter	verspotten	er
Verspröder	verspröden	er
Verspätung	verspäten	ung
Verstaatlichung	verstaatlichen	ung
Verstattung	verstatten	ung
Verstauchung	verstauchen	ung
Versteigerer	versteigern	er
Versteinerung	versteinern	ung
Verstellung	verstellen	ung
Verstimmung	verstimmen	ung
Verstrahlung	verstrahlen	ung
Verstrickung	verstricken	ung
Verstädterung	verstädtern	ung
Verständlichkeit	verständlich	keit
Verstärker	verstärken	er
Verstärkung	verstärken	ung
Versuchsanlage	Versuch	Anlage
Versuchsergebnis	Versuch	Ergebnis
Versuchsfaktor	Versuch	s	Faktor
Versuchsperson	Versuch	s	Person
Verszählung	Vers	Zählung
Versäufer	versaufen	er
Versäuferin	Versäufer	in
Versäumer	versäumen	er
Versäumerin	Versäumer	in
Versöhner	versöhnen	er
Versöhnlichkeit	versöhnlich	keit
Versöhnung	versöhnen	ung
Vertagung	vertagen	ung
Verteidiger	verteidigen	er
Verteidigung	verteidigen	ung
Verteidigungsfähigkeit	Verteidigung	s	Fähigkeit
Verteidigungskrieg	Verteidigung	s	Krieg
Verteidigungsminister	Verteidigung	s	Minister
Verteidigungsministerin	Verteidigungsminister	in
Verteidigungspolitik	Verteidigung	s	Politik
Verteidigungsressort	Verteidigung	s	Ressort
Verteidigungswall	Verteidigung	s	Wall
Verteilerkreis	Verteiler	Kreis
Verteufelung	verteufeln	ung
Vertonung	vertonen	ung
Vertragsbruch	Vertrag	s	Bruch
Vertragspartei	Vertrag	s	Partei
Vertrauensfaktor	Vertrauen	s	Faktor
Vertrauenswürdigkeit	vertrauenswürdig	keit
Vertraulichkeitsvereinbarung	Vertraulichkeit	s	Vereinbarung
Vertrautheit	vertraut	heit
Vertreterin	Vertreter	in
Vertretung	vertreten	ung
Vertretungsberechtigter	Vertretung	berechtigt
Vertriebskompetenz	Vertrieb	s	Kompetenz
Vertriebsstrategie	Vertrieb	Strategie
Vertriebsweg	Vertrieb	s	Weg
Verträglichkeit	verträglich	keit
Vertuschung	vertuschen	ung
Verursacher	verursachen	er
Verurteiler	verurteilen	er
Vervielfacher	vervielfachen	er
Vervielfachung	vervielfachen	ung
Vervielfältigung	vervielfältigen	ung
Vervielfältigungszahlwort	Vervielfältigung	Zahlwort
Vervierfacher	vervierfachen	er
Vervierfachung	vervierfachen	ung
Vervierzehnfachung	vervierzehnfachen	ung
Vervollkommnung	vervollkommnen	ung
Verwahrlosung	verwahrlosen	ung
Verwahrstelle	verwahren	Stelle
Verwahrung	verwahren	ung
Verwalter	verwalten	er
Verwaltung	verwalten	ung
Verwaltungsbezirk	Verwaltung	s	Bezirk
Verwaltungsgebiet	Verwaltung	s	Gebiet
Verwaltungsgebäude	Verwaltung	s	Gebäude
Verwaltungsgebühr	Verwaltung	s	Gebühr
Verwaltungsgericht	Verwaltung	s	Gericht
Verwaltungskreis	Verwaltung	s	Kreis
Verwaltungsrat	Verwaltung	s	Rat
Verwaltungsrecht	Verwaltung	s	Recht
Verwaltungsrechtler	Verwaltungsrecht	ler
Verwaltungssprache	Verwaltung	s	Sprache
Verwaltungsvermögen	Verwaltung	s	Vermögen
Verwandlung	verwandeln	ung
Verwandter	verwandt	er
Verwandtschaft	verwandt	schaft
Verwandtschaftsbeziehung	Verwandtschaft	s	Beziehung
Verwandtschaftsgrad	Verwandtschaft	s	Grad
Verwechslung	verwechseln	ung
Verwechslungsgefahr	Verwechslung	s	Gefahr
Verwechslungskomödie	Verwechslung	Komödie
Verwegenheit	verwegen	heit
Verweigerung	verweigern	ung
Verweildauer	verweilen	Dauer
Verwendbarkeit	verwendbar	keit
Verwendungsmöglichkeit	Verwendung	Möglichkeit
Verwendungszweck	Verwendung	s	Zweck
Verwerfung	verwerfen	ung
Verwertung	verwerten	ung
Verwertungsrisiko	Verwertung	s	Risiko
Verwestlichung	verwestlichen	ung
Verwilderungsprozess	Verwilderung	s	Prozess
Verwirklichung	verwirklichen	ung
Verwirrung	verwirren	ung
Verwitterung	verwittern	ung
Verworfenheit	verworfen	heit
Verwringer	verwringen	er
Verwundbarkeit	verwundbar	keit
Verwundung	verwunden	ung
Verwurzelung	verwurzeln	ung
Verwässerung	verwässern	ung
Verwüstung	verwüsten	ung
Verzagtheit	verzagt	heit
Verzauberung	verzaubern	ung
Verzehnfacher	verzehnfachen	er
Verzehnfachung	verzehnfachen	ung
Verzeichnisdienst	Verzeichnis	Dienst
Verzerrung	verzerren	ung
Verzerrungsfaktor	Verzerrung	s	Faktor
Verzichtleistung	Verzicht	Leistung
Verzichtsleistung	Verzicht	s	Leistung
Verzierung	verzieren	ung
Verzinkung	verzinken	ung
Verzwanzigfachung	verzwanzigfachen	ung
Verzweigung	verzweigen	ung
Verzwölffachung	verzwölffachen	ung
Verzäuner	verzäunen	er
Verzögerung	verzögern	ung
Verzögerungsstreifen	Verzögerung	Streifen
Verzögerungstaktik	Verzögerung	s	Taktik
Verzückung	verzücken	ung
Veränderer	verändern	er
Veränderung	verändern	ung
Verärgerung	verärgern	ung
Veräußerung	veräußern	ung
Veräußerungsgewinn	Veräußerung	s	Gewinn
Veröffentlichung	veröffentlichen	ung
Veterinärin	Veterinär	in
Veterinärmedizin	veterinär	Medizin
Vetternehe	Vetter	n	Ehe
Vetternwirtschaft	Vetter	Wirtschaft
Videobotschaft	Video	Botschaft
Videokamera	Video	Kamera
Videokonferenz	Video	Konferenz
Videoplattform	Video	Plattform
Videoportal	Video	Portal
Videorekorder	Video	Rekorder
Videoschnitt	Video	Schnitt
Videoüberwachung	Video	Überwachung
Viehdieb	Vieh	Dieb
Viehherde	Vieh	Herde
Viehhändler	Vieh	Händler
Viehmarkt	Vieh	Markt
Viehstall	Vieh	Stall
Viehstock	Vieh	Stock
Viehtreiber	Vieh	Treiber
Viehzucht	Vieh	Zucht
Vieleck	viele	Ecke
Vielfarbigkeit	vielfarbig	keit
Vielflach	viel	flach
Vielflächner	Viel	Fläche	ner
Vielfältigkeit	vielfältig	keit
Vielgötterei	viel	Götter	ei
Vielseitigkeit	vielseitig	keit
Vielvölkerstaat	viele	Völker	Staat
Vielzahl	viel	Zahl
Vierbeiner	vier	Beine	er
Viereck	vier	Ecke
Viereckpyramide	Viereck	Pyramide
Viereckspyramide	Viereck	s	Pyramide
Vierer	vier	er
Vierfürst	Vier	Fürst
Vierklang	vier	Klang
Viernheimer	Viernheim	er
Viernheimerin	Viernheimer	in
Viertaktmotor	vier	Takt	Motor
Viertausendstel	vier	tausendstel
Viertelfinale	Viertel	Finale
Vierteljahr	Viertel	Jahr
Vierteljahrhundert	Viertel	Jahrhundert
Viertelnote	Viertel	Note
Viertelstunde	Viertel	Stunde
Viertelstündchen	Viertel	Stunde	chen
Viertürer	vier	Tür	er
Vierunddreißigeck	vierunddreißig	Ecke
Vierzehneck	vierzehn	Ecke
Vierzigeck	vierzig	Ecke
Vierzighubener	Vierzighuben	er
Vierzigtausendstel	vierzig	tausendstel
Vierzylinder	vier	Zylinder
Vietnamese	Vietnam	ese
Vietnamesin	Vietnamese	in
Vietnamflagge	Vietnam	Flagge
Vietnamisierung	vietnamisieren	ung
Vietnamist	Vietnam	ist
Vietnamistik	Vietnamist	ik
Vietnamkrieg	Vietnam	Krieg
Vifzack	vif	zack
Viktimisierung	viktimisieren	ung
Vilshofenerin	Vilshofener	in
Vinylacetat	Vinyl	Acetat
Vinylazetat	Vinyl	Azetat
Violinenlehrer	Violine	n	Lehrer
Violinist	Violine	ist
Violinkonzert	Violine	Konzert
Violinlehrer	Violine	Lehrer
Violinschlüssel	Violine	Schlüssel
Vipernatter	Viper	Natter
Viralsatz	Virial	Satz
Virgo-Superhaufen	Virgo	super	Haufen
Virulenz	virulent	enz
Viruslast	Virus	Last
Virämie	virus	ämie
Visitenkarte	Visite	n	Karte
Vitalkapazität	vital	Kapazität
Vitalzeichen	vital	Zeichen
Vizeaußenministerin	vize	Außenministerin
Vizebürgermeisterin	vize	Bürgermeisterin
Vizekanzler	vize	Kanzler
Vizekanzlerin	vize	Kanzlerin
Vizekonsulin	vize	Konsulin
Vizekönigin	vize	Königin
Vizemeisterin	vize	Meisterin
Vizeministerin	vize	Ministerin
Vizepremierminister	vize	Premierminister
Vizepremierministerin	vize	Premierministerin
Vizepräsident	vize	Präsident
Vizepräsidentin	Vizepräsident	in
Vizewachtmeisterin	vize	Wachtmeisterin
Vizeweltmeisterin	vize	Weltmeisterin
Vliesstoff	Vlies	Stoff
Vogelbeere	Vogel	Beere
Vogelbeobachter	Vogel	Beobachter
Vogelfalle	Vogel	Falle
Vogelfeder	Vogel	Feder
Vogelfreiheit	vogelfrei	heit
Vogelfänger	Vogel	n	Fänger
Vogelgrippe	Vogel	Grippe
Vogelhaus	Vogel	Haus
Vogelhochzeit	Vogel	Hochzeit
Vogelkot	Vogel	Kot
Vogelkäfig	Vogel	Käfig
Vogelmilch	Vogel	Milch
Vogelnest	Vogel	Nest
Vogelperspektive	Vogel	Perspektive
Vogelsang	Vogel	Sang
Vogelschiss	Vogel	Schiss
Vogelschutz	Vogel	Schutz
Vogelschutzgebiet	Vogel	Schutzgebiet
Vogelschwarm	Vogel	Schwarm
Vogelschützer	Vogel	Schützer
Vogelspinne	Vogel	Spinne
Vogeltränke	Vogel	Tränke
Vogelzug	Vogel	Zug
Vogerlsalat	Vogerl	Salat
Vogtei	Vogt	ei
Vokabellernen	Vokabel	Lernen
Vokalabstufung	Vokal	Abstufung
Vokalwechsel	Vokal	Wechsel
Volatilitätsrückgang	Volatilität	s	Rückgang
Volatilitätsunterbrechung	Volatilität	s	Unterbrechung
Volksabstimmung	Volk	s	Abstimmung
Volksarmee	Volk	s	Armee
Volksaufstand	Volk	s	Aufstand
Volksbewegung	Volk	s	Bewegung
Volksbezeichnung	Volk	s	Bezeichnung
Volksdeutscher	Volk	Deutscher
Volkseigentum	Volk	s	Eigentum
Volksempfänger	Volk	s	Empfänger
Volksentscheid	Volk	s	Entscheid
Volksetymologie	Volk	s	Etymologie
Volksfeind	Volk	s	Feind
Volksgemeinschaft	Volk	s	Gemeinschaft
Volksgenosse	Volk	s	Genosse
Volksgericht	Volk	s	Gericht
Volksgesundheit	Volk	s	Gesundheit
Volksgruppe	Volk	s	Gruppe
Volksherrschaft	Volk	s	Herrschaft
Volkshochschule	Volk	s	Hochschule
Volkskammer	Volk	s	Kammer
Volkskrankheit	Volk	s	Krankheit
Volkskunde	Volk	s	kunde
Volksmarine	Volk	Marine
Volksmusik	Volk	s	Musik
Volkspolizei	Volk	s	Polizei
Volkspolizist	Volk	s	Polizist
Volksrepublik Bangladesch	Volksrepublik	Bangladesch
Volksschule	Volk	s	Schule
Volkssport	Volk	s	Sport
Volkssprache	Volk	s	Sprache
Volksstamm	Volks	Stamm
Volkstod	Volk	s	Tod
Volkstrauertag	Volk	s	Trauertag
Volkstum	Volk	s	tum
Volkstümlichkeit	volkstümlich	keit
Volksverhetzung	Volk	s	Verhetzung
Volksverräter	Volk	s	Verräter
Volksverräterin	Volksverräter	in
Volksvertretung	Volks	Vertretung
Volkswagen	Volk	s	Wagen
Volksweisheit	Volk	s	Weisheit
Volkswirt	Volk	s	Wirt
Volkswirtschaftslehre	Volkswirtschaft	s	Lehre
Volkszugehörigkeit	Volk	s	Zugehörigkeit
Vollbeschäftigung	voll	Beschäftigung
Vollbesitz	voll	Besitz
Vollbeteiligung	voll	Beteiligung
Volldampf	voll	Dampf
Volldepp	voll	Depp
Vollendung	vollenden	ung
Volleyballspiel	Volleyball	Spiel
Vollgas	voll	Gas
Vollidiot	voll	Idiot
Vollidiotin	voll	Idiotin
Volljährigkeit	volljährig	keit
Vollkerf	voll	Kerf
Vollkoffer	voll	Koffer
Vollkommenheit	vollkommen	heit
Vollkorn	voll	Korn
Vollkornbrot	Vollkorn	Brot
Vollkornmehl	Vollkorn	Mehl
Vollmantelgeschoss	voll	Mantel	Geschoss
Vollmantelpatrone	voll	Mantel	Patrone
Vollmond	voll	Mond
Vollname	voll	Name
Vollnarkose	voll	Narkose
Vollpfosten	voll	Pfosten
Vollstreckung	vollstrecken	ung
Vollstreckungsbefehl	Vollstreckung	Befehl
Vollstreckungstitel	Vollstreckung	Titel
Vollständigkeit	vollständig	keit
Volltext	voll	Text
Volltextsuche	Volltext	Suche
Volltreffer	voll	Treffer
Volltrottel	voll	Trottel
Vollvokal	voll	Vokal
Vollwaschmittel	voll	Waschmittel
Vollwort	voll	Wort
Vollzeit	voll	Zeit
Vollzeitäquivalent	Vollzeit	Äquivalent
Vollzug	voll	Zug
Volumenprozent	Volumen	Prozent
Volumenreagibilität	Volumen	Reagibilität
Volumenverhältnis	Volumen	Verhältnis
Vorabdruck	vor	Abdruck
Vorahnung	vorahnen	ung
Voralpen	vor	Alpen
Vorarbeit	vor	Arbeit
Vorausahnung	vorausahnen	ung
Voraussetzung	voraussetzen	ung
Vorbedeutung	vorbedeuten	ung
Vorbedingung	vor	Bedingung
Vorbehaltung	vorbehalten	ung
Vorbeifahrer	vorbeifahren	er
Vorbeiflug	vorbei	Flug
Vorbemerkung	vor	Bemerkung
Vorbereitung	vorbereiten	ung
Vorbesteller	vorbestellen	er
Vorbeugung	vorbeugen	ung
Vorbild	vor	Bild
Vorbote	vor	Bote
Vorbörse	vor	Börse
Vordach	vor	Dach
Vordenker	vordenken	er
Vordenkerin	Vordenker	in
Vorderasien	vorder	Asien
Vorderbein	vorder	Bein
Vorderdeck	vorder	Deck
Vorderflügel	vorder	Flügel
Vordergrund	vorder	Grund
Vorderkammer	vorder	Kammer
Vorderkörper	vorder	Körper
Vordermann	vorder	Mann
Vorderrad	vorder	Rad
Vorderradantrieb	Vorderrad	Antrieb
Vorderreifen	vorder	Reifen
Vordersatz	vorder	Satz
Vorderseite	vorder	Seite
Vordersteven	vorder	Steven
Vordertür	vorder	Tür
Vorderzungenvokal	vorder	Zunge	Vokal
Voreingenommenheit	voreingenommen	heit
Voreinstellung	voreinstellen	ung
Voreltern	vor	Eltern
Vorendsilbe	vor	Endsilbe
Vorerkrankung	vor	Erkrankung
Vorermittlung	vor	Ermittlung
Vorfahrenschaft	Vorfahren	schaft
Vorfahrin	Vorfahre	in
Vorfahrtsstraße	Vorfahrt	s	Straße
Vorfreude	vor	Freude
Vorführeffekt	vorführen	Effekt
Vorführung	vorführen	ung
Vorgabe	vor	Gabe
Vorgang	vor	Gang
Vorgangsweise	Vorgang	s	Weise
Vorgebirge	vor	Gebirge
Vorgefühl	vor	Gefühl
Vorgeschichte	vor	Geschichte
Vorgesetzte	vor	setzen
Vorgewende	vor	Gewende
Vorgängerin	Vorgänger	in
Vorhand	vor	Hand
Vorhangstoff	Vorhang	Stoff
Vorhaut	vor	Haut
Vorhinein	vor	hinein
Vorhof	vor	Hof
Vorhofflimmern	Vorhof	Flimmern
Vorhängeschloss	vorhängen	Schloss
Vorhäutchen	Vorhaut	chen
Vorhölle	vor	Hölle
Vorionisation	vor	Ionisation
Vorjahr	vor	Jahr
Vorjahresquartal	Vorjahr	Quartal
Vorjahreszeitraum	Vorjahr	Zeitraum
Vorkammer	vor	Kammer
Vorkommen	vor	kommen
Vorkommnis	vorkommen	nis
Vorkoster	vorkosten	er
Vorkämpfer	vor	Kämpfer
Vorleger	vorlegen	er
Vorleser	vorlesen	er
Vorlesung	vorlesen	ung
Vorliebe	vor	Liebe
Vorläufer	vor	Läufer
Vormacht	vor	Macht
Vormachtstellung	Vormacht	Stellung
Vormarsch	vor	Marsch
Vormaterial	vor	Material
Vormauer	vor	Mauer
Vormensch	vor	Mensch
Vormittag	vor	Mittag
Vormonat	vor	Monat
Vormund	vor	Mund
Vorname	vor	Name
Vorpommern	vor	Pommern
Vorposten	vor	Posten
Vorrangigkeit	vorrangig	keit
Vorrat	vor	Rat
Vorratskammer	Vorrat	s	Kammer
Vorratsschädling	Vorrat	s	Schädling
Vorraum	vor	Raum
Vorrecht	vor	Recht
Vorrede	vor	Rede
Vorreiter	vor	Reiter
Vorrichtung	vor	Richtung
Vorsatz	vor	Satz
Vorsatzblatt	Vorsatz	Blatt
Vorschau	vor	Schau
Vorschule	vor	Schule
Vorsilbe	vor	Silbe
Vorspeise	vor	Speise
Vorspiel	vor	Spiel
Vorspielchen	Vorspiel	chen
Vorsprung	vor	Sprung
Vorstandschef	Vorstand	Chef
Vorstandsvorsitzende	Vorstand	s	Vorsitzende
Vorstandsvorsitzender	Vorstand	s	Vorsitzender
Vorsteher	vorstehen	er
Vorstellung	vorstellen	ung
Vorstellungsgespräch	Vorstellung	s	Gespräch
Vorstrafe	vor	Strafe
Vorständin	Vorstand	in
Vorsänger	vor	Sänger
Vortag	vor	Tag
Vorteil	vor	Teil
Vorurteil	vor	Urteil
Vorvergangenheit	vor	Vergangenheit
Vorverkauf	vor	Verkauf
Vorwahl	vor	Wahl
Vorwahlnummer	Vorwahl	Nummer
Vorwärmung	vor	Wärmung
Vorwärtsdrall	vorwärts	Drall
Vorzeichen	vor	Zeichen
Vorzeit	vor	Zeit
Vorzeitigkeit	vorzeitig	keit
Vorzimmer	vor	Zimmer
Voyeurin	Voyeur	in
Vulkanasche	Vulkan	Asche
Vulkaninsel	Vulkan	Insel
Vulkankaninchen	Vulkan	Kaninchen
Vulkanschlot	Vulkan	Schlot
Väterlichkeit	väterlich	keit
Vöcklabrucker	Vöcklabruck	er
Vögelchen	Vogel	chen
Völkerball	Völker	Ball
Völkerballspieler	Völkerball	Spieler
Völkerbund	Volk	Bund
Völkerkerker	Völker	Kerker
Völkermarkter	Völkermarkt	er
Völkermarkters	Völkermarkt	er
Völkerpsychologie	Volk	er	Psychologie
Völkerrechtler	Völkerrecht	ler
Völkerschaft	Völker	schaft
Völkerverständigung	Volk	er	Verständigung
Waagschale	Waage	Schale
Wabenhonig	Wabe	n	Honig
Wabenmuster	Wabe	Muster
Wabenstruktur	Wabe	n	Struktur
Wachheit	wach	heit
Wachkoma	wach	Koma
Wachmann	Wache	Mann
Wacholderbusch	Wacholder	Busch
Wacholderdrossel	Wacholder	Drossel
Wachposten	Wach	Posten
Wachsamkeit	wachsam	keit
Wachsfigur	Wachs	Figur
Wachsfigürlein	Wachsfigur	lein
Wachskerze	Wachs	Kerze
Wachskerzlein	Wachskerze	lein
Wachsmalstift	Wachs	Malstift
Wachstropfen	Wachs	Tropfen
Wachstube	Wache	Stube
Wachstumsfaktor	Wachstum	s	Faktor
Wachstumsfinanzierung	Wachstum	s	Finanzierung
Wachstumskapital	Wachstum	s	Kapital
Wachstumsrate	Wachstum	s	Rate
Wachstumsretardation	Wachstum	s	Retardation
Wachstumsretardierung	Wachstum	s	Retardierung
Wachstumsschub	Wachstum	s	Schub
Wachstumsstrategie	Wachstum	s	Strategie
Wachstumsstörung	Wachstum	Störung
Wachstumsvorsprung	Wachstum	s	Vorsprung
Wachtelei	Wachtel	Ei
Wachtelkönig	Wachtel	König
Wachtgeld	Wacht	Geld
Wachturm	wachen	Turm
Wachzimmer	wachen	Zimmer
Wachzustand	wach	Zustand
Wackeldackel	wackeln	Dackel
Wackelkontakt	wackeln	Kontakt
Wackelpudding	wackeln	Pudding
Wackelzahn	wackeln	Zahn
Wadenbein	Wade	n	Bein
Wadenkrampf	Wade	n	Krampf
Waffeleisen	Waffel	Eisen
Waffenarsenal	Waffe	Arsenal
Waffendepot	Waffe	n	Depot
Waffenerwerbsschein	Waffen	Erwerbs	Schein
Waffenexperte	Waffe	n	Experte
Waffengattung	Waffen	Gattung
Waffenhaus	Waffe	n	Haus
Waffenindustrie	Waffe	n	Industrie
Waffenkunde	Waffe	n	kunde
Waffenlager	Waffe	n	Lager
Waffennarr	Waffe	Narr
Waffenrecht	Waffe	n	Recht
Waffenrock	Waffe	n	Rock
Waffenschmied	Waffe	n	Schmied
Waffenschmiedin	Waffenschmied	in
Waffenschrank	Waffen	Schrank
Waffenstillstand	Waffen	Stillstand
Waffenstillstandsabkommen	Waffenstillstand	Abkommen
Waffenstillstandslinie	Waffenstillstand	Linie
Waffenstillstandsvermittlung	Waffenstillstand	s	Vermittlung
Waffenstreckung	Waffen	Streckung
Wagemut	wagen	Mut
Wagenburg	Wagen	Burg
Wagenrücklauf	Wagen	Rücklauf
Wagner	Wagen	er
Wagnis	wagen	nis
Wagniskapital	Wagnis	Kapital
Wagniskapitalfinanzierung	Wagniskapital	Finanzierung
Wagniskapitalgeber	Wagnis	Kapital	Geber
Wagniskapitalgesellschaft	Wagnis	Kapital	Gesellschaft
Wagniskapitalmarkt	Wagniskapital	Markt
Wahlberechtigte	Wahl	berechtigt
Wahlbetrug	Wahl	Betrug
Wahlbetrüger	Wahl	Betrüger
Wahlbetrügerin	Wahlbetrüger	in
Wahlbezirk	Wahl	Bezirk
Wahlbroschüre	Wahl	Broschüre
Wahlempfehlung	Wahl	Empfehlung
Wahlergebnis	Wahl	Ergebnis
Wahlfach	Wahl	Fach
Wahlkampagne	Wahl	Kampagne
Wahlkampf	Wahl	Kampf
Wahlkandidat	Wahl	Kandidat
Wahlkandidatin	Wahlkandidat	in
Wahlkreis	Wahl	Kreis
Wahlkreisbewohnerin	Wahlkreisbewohner	in
Wahlkämpfer	Wahl	Kämpfer
Wahlkämpferin	Wahlkämpfer	in
Wahlleiter	Wahl	Leiter
Wahllokal	Wahl	Lokal
Wahlmann	Wahl	Mann
Wahlniederlage	Wahl	Niederlage
Wahlprogramm	Wahl	Programm
Wahlprospekt	Wahl	Prospekt
Wahlrecht	Wahl	Recht
Wahlrechtsausschluss	Wahlrecht	s	Ausschluss
Wahlrechtsentzug	Wahlrecht	s	Entzug
Wahlsieg	Wahl	Sieg
Wahlsprengel	Wahl	Sprengel
Wahlurne	Wahl	Urne
Wahlverwandtschaft	Wahl	Verwandtschaft
Wahnsinnsspaß	Wahnsinn	s	Spaß
Wahnvorstellung	Wahn	Vorstellung
Wahrhaftigkeit	wahrhaftig	keit
Wahrheit	wahr	heit
Wahrheitsfindung	Wahrheit	s	Findung
Wahrheitsgehalt	Wahrheit	s	Gehalt
Wahrheitssuche	Wahrheit	s	Suche
Wahrnehmung	wahr	nehmen
Wahrsager	wahrsagen	er
Wahrsagerin	Wahrsager	in
Wahrscheinlichkeit	wahrscheinlich	keit
Wahrscheinlichkeitsrechnung	Wahrscheinlichkeit	s	Rechnung
Wahrscheinlichkeitstheorie	Wahrscheinlichkeit	s	Theorie
Waidbrucker	Waidbruck	er
Waidbruckerin	Waidbrucker	in
Waidhofener	Waidhofen	er
Waidhofenerin	Waidhofener	in
Waisenhaus	Waise	Haus
Waldbrand	Wald	Brand
Waldecker	Waldeck	er
Waldeckerin	Waldecker	in
Waldeinsamkeit	Wald	Einsamkeit
Waldenburger	Waldenburg	er
Waldesrand	Wald	es	Rand
Waldgeist	Wald	Geist
Waldhausener	Waldhausen	er
Waldhausenerin	Waldhausener	in
Waldhauser	Waldhaus	er
Waldhauserin	Waldhauser	in
Waldheimerin	Waldheimer	in
Waldhorn	Wald	Horn
Waldkatze	Wald	Katze
Waldkauz	Wald	Kauz
Waldland	Wald	Land
Waldlichtung	Wald	Lichtung
Waldmeister	Wald	Meister
Waldmeistersaft	Waldmeister	Saft
Waldohreule	Wald	Ohreule
Waldorfsalat	Waldorf	Salat
Waldrand	Wald	Rand
Waldrapp	Wald	Rapp
Waldschnepfe	Wald	Schnepfe
Waldschwebfliege	Wald	Schwebfliege
Waldstück	Wald	Stück
Waldteufel	Wald	Teufel
Waldung	Wald	ung
Waldwasserläufer	Wald	Wasserläufer
Waldweg	Wald	Weg
Waliserin	Waliser	in
Walker	walken	er
Walkererde	Walker	Erde
Wallburg	Wall	Burg
Walldorf	Wall	Dorf
Walldorfer	Walldorf	er
Wallerock	wallen	e	Rock
Wallhausener	Wallhausen	er
Wallhausenerin	Wallhausener	in
Wallriffschildkröte	Wallriff	Schildkröte
Walnussbaum	Walnuss	Baum
Walnussbäumchen	Walnussbaum	chen
Walnusskern	Walnuss	Kern
Walnußbäumchen	Walnussbaum	chen
Walpurgisnacht	Walpurgis	Nacht
Walrosselfenbein	Walross	Elfenbein
Walzertänzer	Walzer	Tänzer
Walzertänzerin	Walzertänzer	in
Wandbehang	Wand	Behang
Wandelschuldverschreibung	Wandel	Schuldverschreibung
Wandelstern	wandeln	Stern
Wanderer	wandern	er
Wanderheuschrecke	wandern	Heuschrecke
Wanderin	Wanderer	in
Wanderpokal	wandern	Pokal
Wandersaibling	wandern	Saibling
Wanderschaft	wandern	schaft
Wanderschuh	wandern	Schuh
Wandersmann	wandern	s	Mann
Wanderspinne	wandern	Spinne
Wanderstab	wandern	Stab
Wandertaube	wandern	Taube
Wanderung	wandern	ung
Wanderungsbewegung	Wanderung	Bewegung
Wandfarbe	Wand	Farbe
Wandgemälde	Wand	Gemälde
Wandlitzer	Wandlitz	er
Wandlitzerin	Wandlitzer	in
Wandlungsfähigkeit	Wandlung	s	Fähigkeit
Wandregal	Wand	Regal
Wandschrank	Wand	Schrank
Wandteppich	Wand	Teppich
Wanduhr	Wand	Uhr
Wangenklappe	Wange	n	Klappe
Wangenknochen	Wange	n	Knochen
Wangenkuss	Wange	n	Kuss
Wangenschutz	Wange	n	Schutz
Wangerberg	Wang	er	Berg
Wangerberger	Wangerberg	er
Wangerbergerin	Wangerberger	in
Wankelmut	wankeln	Mut
Wankelmütigkeit	wankelmütig	keit
Wannenkonformation	Wanne	Konformation
Wappenbuch	Wappen	Buch
Wappenfigur	Wappen	Figur
Wappenkunde	Wappen	kunde
Wappenlehre	Wappen	Lehre
Wappenmünze	Wappen	Münze
Wappenspruch	Wappen	Spruch
Warburger	Warburg	er
Warburgerin	Warburger	in
Warendorfer	Warendorf	er
Warendorferin	Warendorfer	in
Wareneinsatz	Ware	n	Einsatz
Warenhaus	Ware	Haus
Warenkorb	Ware	n	Korb
Warenlager	Ware	n	Lager
Warenwirtschaft	Ware	Wirtschaft
Warenzeichen	Waren	Zeichen
Warmduscher	warm	Duscher
Warmfront	warm	Front
Warnblinklicht	warnen	Blinklicht
Warnschuss	warnen	Schuss
Warnsignal	warnen	Signal
Warnung	warnen	ung
Warnzeichen	warnen	Zeichen
Warschauer	Warschau	er
Wartbarkeit	wartbar	keit
Wartebank	warten	Bank
Wartefrist	warten	Frist
Wartehalle	warten	Halle
Wartehaus	warten	Haus
Wartehäuschen	warten	Häuschen
Wartenummer	warten	Nummer
Warteraum	warten	Raum
Warterei	warten	erei
Wartesaal	warten	Saal
Warteschlange	warten	Schlange
Warteschleife	warten	Schleife
Wartestellung	warten	Stellung
Wartezeit	warten	Zeit
Wartungsarbeit	Wartung	s	Arbeit
Warzenkopf	Warze	Kopf
Warzenschlange	Warze	n	Schlange
Warzenschnecke	Warze	n	Schnecke
Warzenschwein	Warze	Schwein
Waschanlage	waschen	Anlage
Waschbecken	waschen	Becken
Waschbrett	waschen	Brett
Waschbrettbauch	Waschbrett	Bauch
Waschbär	waschen	Bär
Waschküche	waschen	Küche
Waschlappen	waschen	Lappen
Waschmaschine	waschen	Maschine
Waschmittel	waschen	Mittel
Waschmittelindustrie	Waschmittel	Industrie
Waschmuschel	waschen	Muschel
Waschnuss	waschen	Nuss
Waschraum	waschen	Raum
Waschsalon	waschen	Salon
Waschschüssel	waschen	Schüssel
Waschstraße	waschen	Straße
Waschung	waschen	ung
Wasenmeister	Wasen	Meister
Wasserabfluss	Wasser	Abfluss
Wasseramsel	Wasser	Amsel
Wasseranschluss	Wasser	Anschluss
Wasseraufbereitung	Wasser	Aufbereitung
Wasseraufnahme	Wasser	Aufnahme
Wasserbad	Wasser	Bad
Wasserball	Wasser	Ball
Wasserbecken	Wasser	Becken
Wasserbehälter	Wasser	Behälter
Wasserbombe	Wasser	Bombe
Wasserbüffel	Wasser	Büffel
Wasserchemie	Wasser	Chemie
Wasserdampf	Wasser	Dampf
Wasserdruck	Wasser	Druck
Wassereis	Wasser	Eis
Wasserenthärtung	Wasser	Enthärtung
Wasserfahrzeug	Wasser	Fahrzeug
Wasserfall	Wasser	Fall
Wasserfarbe	Wasser	Farbe
Wasserfass	Wasser	Fass
Wasserflasche	Wasser	Flasche
Wasserfreund	Wasser	Freund
Wasserfässchen	Wasserfass	chen
Wassergas	Wasser	Gas
Wassergehalt	Wasser	Gehalt
Wasserglas	Wasser	Glas
Wassergraben	Wasser	Graben
Wassergüte	Wasser	Güte
Wasserhahn	Wasser	Hahn
Wasserhund	Wasser	Hund
Wasserhyazinthe	Wasser	Hyazinthe
Wasserhärte	Wasser	Härte
Wasserhäuschen	Wasser	Häuschen
Wasserkanister	Wasser	Kanister
Wasserkessel	Wasser	Kessel
Wasserklosett	Wasser	Klosett
Wasserkocher	Wasser	Kocher
Wasserkopf	Wasser	Kopf
Wasserkraft	Wasser	Kraft
Wasserkreislauf	Wasser	Kreislauf
Wasserkresse	Wasser	Kresse
Wasserkunst	Wasser	Kunst
Wasserkäfer	Wasser	Käfer
Wasserkühlung	Wasser	Kühlung
Wasserleitung	Wasser	Leitung
Wasserloch	Wasser	Loch
Wasserläufer	Wasser	laufen	er
Wasserlöslichkeit	wasserlöslich	keit
Wassermangel	Wasser	Mangel
Wassermann	Wasser	Mann
Wasserminze	Wasser	Minze
Wassermühle	Wasser	Mühle
Wasseroberflächendrohne	Wasseroberfläche	n	Drohne
Wasserorganismus	Wasser	Organismus
Wasserpfeife	Wasser	Pfeife
Wasserpfeifenbar	Wasserpfeife	n	Bar
Wasserpflanze	Wasser	Pflanze
Wasserpistole	Wasser	Pistole
Wasserpolacke	Wasser	Polacke
Wasserpumpenzange	Wasser	Pumpen	Zange
Wasserquelle	Wasser	Quelle
Wasserrad	Wasser	Rad
Wasserralle	Wasser	Ralle
Wasserratte	Wasser	Ratte
Wasserreinigung	Wasser	Reinigung
Wasserrutsche	Wasser	Rutsche
Wasserschaden	Wasser	Schaden
Wasserscheide	Wasser	Scheide
Wasserscheu	Wasser	Scheu
Wasserschlauch	Wasser	Schlauch
Wasserschwein	Wasser	Schwein
Wasserski	Wasser	Ski
Wasserskorpion	Wasser	Skorpion
Wasserspeier	Wasser	speien	er
Wasserspiegel	Wasser	Spiegel
Wasserspiel	Wasser	Spiel
Wasserspinne	Wasser	Spinne
Wasserstoff	Wasser	Stoff
Wasserstoffantrieb	Wasserstoff	Antrieb
Wasserstoffatmosphäre	Wasserstoff	Atmosphäre
Wasserstoffatom	Wasserstoff	Atom
Wasserstoffaufnahme	Wasserstoff	Aufnahme
Wasserstoffbildung	Wasserstoff	Bildung
Wasserstoffbombe	Wasserstoff	Bombe
Wasserstoffbrennen	Wasserstoff	Brennen
Wasserstoffbrücke	Wasserstoff	Brücke
Wasserstoffbrückenbindung	Wasserstoffbrücke	Bindung
Wasserstofffahrzeug	Wasserstoff	Fahrzeug
Wasserstofffusion	Wasserstoff	Fusion
Wasserstoffgas	Wasserstoff	Gas
Wasserstoffion	Wasserstoff	Ion
Wasserstoffisotop	Wasserstoff	Isotop
Wasserstoffkern	Wasserstoff	Kern
Wasserstofflinie	Wasserstoff	Linie
Wasserstoffmolekül	Wasserstoff	Molekül
Wasserstoffperoxid	Wasserstoff	Peroxid
Wasserstoffperoxyd	Wasserstoff	Peroxid
Wasserstoffspender	Wasserstoff	Spender
Wasserstoffsuperoxid	Wasserstoff	Superoxid
Wasserstoffsuperoxyd	Wasserstoff	Superoxid
Wasserstoffsäure	Wasserstoff	Säure
Wasserstoffverbindung	Wasserstoff	Verbindung
Wasserstoffversprödung	Wasserstoff	Versprödung
Wasserstoffwirtschaft	Wasserstoff	Wirtschaft
Wasserstrahl	Wasser	Strahl
Wasserstraße	Wasser	Straße
Wasserströmung	Wasser	Strömung
Wassersucht	Wasser	Sucht
Wassersäule	Wasser	Säule
Wassertank	Wasser	Tank
Wassertemperatur	Wasser	Temperatur
Wassertiefe	Wasser	Tiefe
Wassertreter	Wasser	treten	er
Wassertropfen	Wasser	Tropfen
Wasserturm	Wasser	Turm
Wasseruhr	Wasser	Uhr
Wasserunlöslichkeit	Wasser	Unlöslichkeit
Wasserverschmutzung	Wasser	Verschmutzung
Wasservogel	Wasser	Vogel
Wasservorkommen	Wasser	Vorkommen
Wasserwaage	Wasser	Waage
Wasserwanze	Wasser	Wanze
Wasserweg	Wasser	Weg
Wasserwerfer	Wasser	Werfer
Wasserwerk	Wasser	Werk
Wasserzeichen	Wasser	Zeichen
Wasserzufluss	Wasser	Zufluss
Wasserzähler	Wasser	Zähler
Watschengesicht	Watsche	n	Gesicht
Wattebällchen	Watte	Bällchen
Wattenmeer	Watt	n	Meer
Wattenscheider	Wattenscheid	er
Wattenscheiderin	Wattenscheider	in
Wattestäbchen	Watte	Stäbchen
Watvogel	waten	Vogel
Webbrowser	Web	Browser
Webdichte	weben	Dichte
Weberbock	Weber	Bock
Weberei	weben	erei
Weberin	Weber	in
Weblink	Web	Link
Webseite	Web	Seite
Wechselbalg	wechseln	Balg
Wechselfehler	wechseln	Fehler
Wechselkontingent	wechseln	Kontingent
Wechselpfäffchen	wechseln	Pfäffchen
Wechselpräposition	wechseln	Präposition
Wechselrichter	wechseln	Richter
Wechselschlag	Wechsel	Schlag
Wechselspiel	Wechsel	Spiel
Wechselstube	Wechsel	Stube
Wechselwirkung	Wechsel	Wirkung
Wecker	wecken	er
Weezer	Weeze	er
Wegbeförderer	wegbefördern	er
Wegbegleiter	Weg	Begleiter
Wegbereiter	Weg	Bereiter
Wegbereiterin	Wegbereiter	in
Wegegeld	Weg	e	Geld
Wegelagerer	wegelagern	er
Wegezoll	Weg	e	Zoll
Weggabelung	Weg	Gabelung
Weggefährte	Weg	Gefährte
Weggeher	weggehen	er
Weggeld	Weg	Geld
Weggenosse	Weg	Genosse
Weglassung	weglassen	ung
Weglänge	Weg	Länge
Wegräumer	wegräumen	er
Wegräumerin	Wegräumer	in
Wegschießer	wegschießen	er
Wegschleifer	wegschleifen	er
Wegschmeisserin	Wegschmeisser	in
Wegschmeißerin	Wegschmeißer	in
Wegstunde	Weg	Stunde
Wegweiser	Weg	Weiser
Wegwerfbehälter	wegwerf	Behälter
Wegwerfbesteck	wegwerf	Besteck
Wegwerferin	Wegwerfer	in
Wegwerffeuerzeug	wegwerf	Feuerzeug
Wegwerfflasche	wegwerf	Flasche
Wegwerfgeschirr	wegwerf	Geschirr
Wegwerfgesellschaft	wegwerfen	Gesellschaft
Wegwerfglas	wegwerf	Glas
Wegwerfpackung	wegwerf	Packung
Wegwerfrasierer	wegwerf	Rasierer
Wegwerfspritze	wegwerf	Spritze
Wegwerfverpackung	wegwerf	Verpackung
Wegzehrung	Weg	Zehrung
Wegzoll	Weg	Zoll
Wehe	weh	e
Wehenhemmer	Wehe	n	Hemmer
Wehentätigkeit	Wehe	n	Tätigkeit
Wehgeschrei	Weh	Geschrei
Wehleidigkeit	wehleidig	keit
Wehmut	Weh	Mut
Wehmutter	Weh	Mutter
Wehrdienstverweigerer	Wehr	Dienst	Verweigerer
Wehrdienstverweigerung	Wehrdienst	Verweigerung
Wehrersatzamt	Wehr	Ersatz	Amt
Wehrhaftigkeit	wehrhaft	ig	keit
Wehrkraft	Wehr	Kraft
Wehrkraftzersetzer	Wehr	Kraft	Zersetzer
Wehrmann	Wehr	Mann
Wehrmauer	Wehr	Mauer
Wehrpflicht	Wehr	Pflicht
Weibchen	Weib	chen
Weiberfastnacht	Weiber	Fastnacht
Weiberheld	Weib	er	Held
Weiblein	Weib	lein
Weiblichkeit	weiblich	keit
Weibsbild	Weib	s	Bild
Weibsperson	Weib	s	Person
Weiche	weich	e
Weichei	weich	Ei
Weichenstörung	Weichen	Störung
Weichheit	weich	heit
Weichholz	weich	Holz
Weichkäse	weich	Käse
Weichschildkröte	weich	Schildkröte
Weichselmetropole	Weichsel	Metropole
Weichselstadt	Weichsel	Stadt
Weichspüler	weich	spülen
Weichteile	weich	Teil	e
Weichzeichner	weichzeichnen	er
Weideland	Weide	Land
Weidmann	Weide	Mann
Weihnachtsabend	Weihnacht	s	Abend
Weihnachtsbaum	Weihnachten	s	Baum
Weihnachtsbaumkerze	Weihnachtsbaum	Kerze
Weihnachtsbaumkugel	Weihnachtsbaum	Kugel
Weihnachtsengel	Weihnacht	Engel
Weihnachtsgans	Weihnachten	s	Gans
Weihnachtsgedicht	Weihnachten	Gedicht
Weihnachtsgeschenk	Weihnachten	Geschenk
Weihnachtsinsel	Weihnacht	s	Insel
Weihnachtskerzlein	Weihnachtskerze	lein
Weihnachtskranz	Weihnacht	s	Kranz
Weihnachtskugel	Weihnachten	Kugel
Weihnachtslied	Weihnachten	s	Lied
Weihnachtsmann	Weihnachten	Mann
Weihnachtsmarkt	Weihnachten	s	Markt
Weihnachtspyramide	Weihnacht	s	Pyramide
Weihnachtstag	Weihnacht	Tag
Weihnachtszeit	Weihnachten	Zeit
Weihrauch	weih	Rauch
Weihrauchbaum	Weihrauch	Baum
Weihrauchfass	Weihrauch	Fass
Weihrauchschwenker	Weihrauch	Schwenker
Weihrauchzeder	Weihrauch	Zeder
Weikersheimerin	Weikersheimer	in
Weilchen	Weile	chen
Weilerswist	Weiler	Swist
Weilheimer	Weilheim	er
Weilheimerin	Weilheimer	in
Weinbecher	Wein	Becher
Weinberg	Wein	Berg
Weinbergerin	Weinberger	in
Weinbergschnecke	Weinberg	Schnecke
Weinbrand	Wein	Brand
Weinflasche	Wein	Flasche
Weinfässchen	Weinfass	chen
Weingarten	Wein	Garten
Weingartener	Weingarten	er
Weingartenerin	Weingartener	in
Weingeist	Wein	Geist
Weinglas	Wein	Glas
Weingummi	Wein	Gummi
Weingut	Wein	Gut
Weinhaus	Wein	Haus
Weinheimer	Weinheim	er
Weinheimerin	Weinheimer	in
Weinherstellung	Wein	Herstellung
Weinhändler	Wein	Händler
Weiningerin	Weininger	in
Weinjahr	Wein	Jahr
Weinkarte	Wein	Karte
Weinkeller	Wein	Keller
Weinkrampf	weinen	Krampf
Weinlese	Wein	Lese
Weinsberger	Weinsberg	er
Weinsbergerin	Weinsberger	in
Weinstein	Wein	Stein
Weinstube	Wein	Stube
Weinstädter	Weinstadt	er
Weinstädterin	Weinstädter	in
Weinsäure	Wein	Säure
Weintraube	Wein	Traube
Weinträubchen	Weintraube	chen
Weinverkoster	Wein	Verkoster
Weinwissenschaft	Wein	Wissenschaft
Weisel	weisen	el
Weiser	weise	er
Weissager	weise	Sager
Weissagung	weissagen	ung
Weissenbergerin	Weissenberger	in
Weissenbornerin	Weissenborner	in
Weissenburgerin	Weissenburger	in
Weissenfelderin	Weissenfelder	in
Weissenfelserin	Weissenfelser	in
Weissenhornerin	Weissenhorner	in
Weissensteinerin	Weissensteiner	in
Weisshorn	weiss	Horn
Weisswurst	Weiss	Wurst
Weistum	weise	tum
Weisweilerin	Weisweiler	in
Weitblick	weit	Blick
Weite	weit	e
Weiterbildung	weiterbilden	ung
Weiterentwicklung	weiter	Entwicklung
Weitergabe	weiter	Gabe
Weitergeber	weitergeben	er
Weitergeberin	Weitergeber	in
Weiterleiter	weiterleiten	er
Weiterleitung	weiterleiten	ung
Weiterverarbeitung	weiter	Verarbeitung
Weitläufigkeit	weitläufig	keit
Weitschweifigkeit	weitschweifig	keit
Weitsicht	weit	Sicht
Weitspringer	weit	Springer
Weitspringerin	weit	Springerin
Weitsprung	weit	Sprung
Weitwinkel	weit	Winkel
Weitwinkelobjektiv	Weitwinkel	Objektiv
Weizenbier	Weizen	Bier
Weizenbrot	Weizen	Brot
Weizenfeld	Weizen	Feld
Weizenkeimöl	Weizen	Keimöl
Weizenkorn	Weizen	Korn
Weizenmehl	Weizen	Mehl
Weizenmischbrot	Weizen	Mischbrot
Weizenstärke	Weizen	Stärke
Weißarsenik	weiß	Arsenik
Weißbier	weiß	Bier
Weißbinder	weiß	Binder
Weißblech	Weiß	Blech
Weißbuch	weiß	Buch
Weißbüschelaffe	weiß	Büschel	Affe
Weiße	weiß	e
Weißenbacher	Weißenbach	er
Weißenbacherin	Weißenbacher	in
Weißenberger	Weißenberg	er
Weißenbergerin	Weißenberger	in
Weißenborner	Weißenborn	er
Weißenbornerin	Weißenborner	in
Weißenburg	weiß	en	Burg
Weißenburger	Weißenburg	er
Weißenburgerin	Weißenburger	in
Weißenfelder	Weißenfeld	er
Weißenfelderin	Weißenfelder	in
Weißenfelser	Weißenfels	er
Weißenfelserin	Weißenfelser	in
Weißenhorner	Weißenhorn	er
Weißenhornerin	Weißenhorner	in
Weißensteiner	Weißenstein	er
Weißensteinerin	Weißensteiner	in
Weißenstädter	Weißenstadt	er
Weißenstädterin	Weißenstädter	in
Weißenthurmer	Weißenthurm	er
Weißenthurmerin	Weißenthurmer	in
Weißer	weißen	er
Weißfleckenkrankheit	weiß	Flecken	Krankheit
Weißflügelgimpel	weiß	Flügel	Gimpel
Weißglut	weiß	Glut
Weißgold	weiß	Gold
Weißkohl	weiß	Kohl
Weißkopfseeadler	weiß	Kopf	See	Adler
Weißmetall	weiß	Metall
Weißmuskelkrankheit	Weiß	Muskel	Krankheit
Weißnarr	Weiß	Narr
Weißpunkt-Buntbarsch	weiß	Punkt	Buntbarsch
Weißpunktbuntbarsch	weiß	Punkt	Buntbarsch
Weißrusse	weiß	Russe
Weißrussin	Weißrusse	in
Weißrussland	weiß	Russland
Weißstirnamazone	weiß	Stirn	Amazone
Weißstorch	weiß	Storch
Weißtanne	weiß	Tanne
Weißwasser	weiß	Wasser
Weißwein	weiß	Wein
Weißwurst	Weiß	Wurst
Weißwurstäquator	Weißwurst	Äquator
Wellenbrecher	Welle	n	Brecher
Wellengleichung	Welle	Gleichung
Wellenleiter	Welle	Leiter
Wellenlängenbereich	Wellenlänge	Bereich
Wellenreiher	Welle	Reiher
Wellensittich	Welle	Sittich
Wellentheorie	Welle	Theorie
Wellhornschnecke	Welle	Hornschnecke
Welschland	welsch	Land
Welschnofner	Welschnofen	er
Welschnofnerin	Welschnofner	in
Welschschweiz	welsch	Schweiz
Weltall	Welt	All
Weltanschauung	Welt	Anschauung
Weltansicht	Welt	Ansicht
Weltausstellung	Welt	Ausstellung
Weltberühmtheit	weltberühmt	heit
Weltbevölkerung	Welt	Bevölkerung
Weltbild	Welt	Bild
Weltempfänger	Welt	Empfänger
Welteninsel	Welten	Insel
Weltfrieden	Welt	Frieden
Weltgeist	Welt	Geist
Weltgeltung	Welt	Geltung
Weltgeschichte	Welt	Geschichte
Weltgesundheitsorganisation	Welt	Gesundheit	s	Organisation
Welthandel	Welt	Handel
Welthauptstadt	Welt	Hauptstadt
Weltherrschaft	Welt	Herrschaft
Weltjahresförderung	Welt	Jahres	Förderung
Weltjudentum	Welt	Judentum
Weltkarte	Welt	Karte
Weltklima	Welt	Klima
Weltkreis	Welt	Kreis
Weltkrieg	Welt	Krieg
Weltkriegsgefreiter	Weltkrieg	s	Gefreiter
Weltkugel	Welt	Kugel
Weltmarkt	Welt	Markt
Weltmeister	Welt	Meister
Weltmeisterschaft	Welt	Meisterschaft
Weltmusik	Welt	Musik
Weltnetz	Welt	Netz
Weltordnung	Welt	Ordnung
Weltpokal	Welt	Pokal
Weltpriester	Welt	Priester
Weltproduktion	Welt	Produktion
Weltranglistenerster	Weltrangliste	Erster
Weltraumfähre	Weltraum	Fähre
Weltraummission	Weltraum	Mission
Weltraummüll	Weltraum	Müll
Weltraumoper	Weltraum	Oper
Weltraumschiff	Weltraum	Schiff
Weltraumschrott	Weltraum	Schrott
Weltraumspaziergang	Weltraum	Spaziergang
Weltraumtechnik	Weltraum	Technik
Weltraumteleskop	Weltraum	Teleskop
Weltreise	Welt	Reise
Weltreligion	Welt	Religion
Weltreservewährung	Welt	Reserve	Währung
Weltruhm	Welt	Ruhm
Weltsprache	Welt	Sprache
Weltstadt	Welt	Stadt
Weltumsegler	Welt	umsegeln	er
Weltuntergang	Welt	Untergang
Weltverbesserer	Welt	Verbesserer
Weltwirtschaft	Welt	Wirtschaft
Weltwirtschaftskrise	Weltwirtschaft	s	Krise
Weltwunder	Welt	Wunder
Wembley-Tor	Wembley	Tor
Wemfall	wem	Fall
Wendehals	wenden	Hals
Wendelring	Wendel	Ring
Wendeltreppe	Wendel	Treppe
Wendepunkt	Wende	Punkt
Wendland	Wende	Land
Wendung	wenden	ung
Wendungszelle	Wendung	s	Zelle
Wenfall	wen	Fall
Wenigkeit	wenig	keit
Werbeartikel	werben	Artikel
Werbebroschüre	werben	Broschüre
Werbeeinnahme	werben	Einnahme
Werbefläche	werben	Fläche
Werbegeschenk	werben	Geschenk
Werbekampagne	werben	Kampagne
Werbeprospekt	werben	Prospekt
Werbespot	werben	Spot
Werbetafel	werben	Tafel
Werbeverbot	werben	Verbot
Werbung	werben	ung
Werdegang	werden	Gang
Werderaner	Werder	aner
Werfall	wer	Fall
Werferin	Werfer	in
Werkbank	werken	Bank
Werkerin	Werker	in
Werkeverzeichnis	Werk	e	Verzeichnis
Werki	Werk	i
Werkküche	Werk	Küche
Werksirene	Werk	Sirene
Werkstatt	werken	Statt
Werkstoffkunde	Werkstoff	kunde
Werkstofftechnik	Werkstoff	Technik
Werkstube	Werk	Stube
Werktisch	werken	Tisch
Werkverzeichnis	Werk	Verzeichnis
Werkzeug	Werk	Zeug
Werkzeuggebrauch	Werkzeug	Gebrauch
Werkzeughersteller	Werkzeug	Hersteller
Werkzeugmacher	Werkzeug	Macher
Werkzeugmaschine	Werkzeug	Maschine
Werkzeugmaschinenfabrik	Werkzeugmaschine	n	Fabrik
Werkzeugstahl	Werkzeug	Stahl
Wermelskirchener	Wermelskirchen	er
Wermelskirchenerin	Wermelskirchener	in
Wermutöl	Wermut	Öl
Wertaufholung	Wert	Aufholung
Wertbegriff	Wert	Begriff
Wertberichtigung	Wert	Berichtigung
Wertbeständigkeit	wertbeständig	keit
Wertevermittlung	Werte	Vermittlung
Werthaltigkeit	werthaltig	keit
Wertheimer	Wertheim	er
Wertheimerin	Wertheimer	in
Wertigkeit	wertig	keit
Wertingerin	Wertinger	in
Wertkonflikt	Wert	Konflikt
Wertminderung	Wert	Minderung
Wertpapier	Wert	Papier
Wertpapierfonds	Wertpapier	Fonds
Wertpapierhandel	Wertpapier	Handel
Wertpapiermarkt	Wertpapier	Markt
Wertpapiervermögen	Wertpapier	Vermögen
Wertrationalität	Wert	Rationalität
Wertschöpfung	Wert	Schöpfung
Wertsteuer	Wert	Steuer
Wertstoff	wert	Stoff
Wertsynthese	Wert	Synthese
Wertung	werten	ung
Werturteil	Wert	Urteil
Wertzeichen	Wert	Zeichen
Wesenberg	Wisent	Berg
Wesensmerkmal	Wesen	s	Merkmal
Wesenszug	Wesen	s	Zug
Wesfall	wes	Fall
Wespennest	Wespe	n	Nest
Wespenschwarm	Wespe	n	Schwarm
Wespenstachel	Wespe	Stachel
Wespenstich	Wespe	n	Stich
Wespentaille	Wespe	n	Taille
Wessenfall	wessen	Fall
Westafrika	Westen	Afrika
Westafrikaner	Westafrika	n	er
Westberliner	Westberlin	er
Westberlinerin	Westberliner	in
Westdeutsche	West	Deutsche
Westdeutscher	West	Deutscher
Westdeutschland	West	Deutschland
Westerngitarre	Western	Gitarre
Westfront	West	Front
Westheimerin	Westheimer	in
Westintegration	West	Integration
Westküste	West	Küste
Westmark	West	Mark
Westmauer	Westen	Mauer
Westniederdeutsch	West	Niederdeutsch
Westniederfränkisch	West	Niederfränkisch
Westpreuße	West	Preuße
Westseite	West	Seite
Westungarn	West	Ungarn
Westwand	West	Wand
Westware	West	Ware
Westwerk	West	Werk
Westwind	West	Wind
Westzentrismus	West	Zentrismus
Wettbewerbsdruck	Wettbewerb	s	Druck
Wettbewerbsfaktor	Wettbewerb	s	Faktor
Wettbewerbsfähigkeit	wettbewerbsfähig	keit
Wettbewerbsintensität	Wettbewerb	Intensität
Wettbewerbsvorteil	Wettbewerb	s	Vorteil
Wetteraussicht	Wetter	Aussicht
Wetterbericht	Wetter	Bericht
Wetterfahne	Wetter	Fahne
Wetterfront	Wetter	Front
Wetterfrosch	Wetter	Frosch
Wetterfühligkeit	wetterfühlig	keit
Wetterhahn	Wetter	Hahn
Wetterlage	Wetter	Lage
Wetterregel	Wetter	Regel
Wettervorhersage	Wetter	Vorhersage
Wettingerin	Wettinger	in
Wettkampf	Wette	Kampf
Wettkämpfer	Wettkampf	er
Wettkämpferin	Wettkämpfer	in
Wettlauf	Wette	Lauf
Wettrüsten	Wett	Rüsten
Wiborgerin	Wiborger	in
Wichser	wichsen	er
Wichsgriffel	wichsen	Griffel
Wichtel	Wicht	el
Wickelraum	wickeln	Raum
Wickeltasche	wickeln	Tasche
Wickeltisch	wickeln	Tisch
Widerlegbarkeit	widerlegbar	keit
Widerlegung	widerlegen	ung
Widerlichkeit	widerlich	keit
Widerrist	wider	Rist
Widerrufsrecht	Widerrufs	Recht
Widersacherin	Widersacher	in
Widersetzung	widersetzen	ung
Widersinn	wider	Sinn
Widerspenstigkeit	widerspenstig	keit
Widerspiegelung	widerspiegeln	ung
Widerspiel	wider	Spiel
Widerspruch	wider	Spruch
Widerspruchsfreiheit	Widerspruch	Freiheit
Widerspruchsrecht	Widerspruch	Recht
Widerstand	wider	Stand
Widerstandsband	Widerstand	s	Band
Widerstandsfähigkeit	widerstandsfähig	keit
Widerstandskraft	Widerstand	s	Kraft
Widerstandskämpfer	Widerstand	s	Kämpfer
Widerwille	wider	Wille
Widerwillen	wider	Willen
Widerwort	wider	Wort
Widerwärtigkeit	widerwärtig	keit
Wiederannäherung	wieder	Annäherung
Wiederansteckung	wieder	Ansteckung
Wiederaufarbeitung	wieder	Aufarbeitung
Wiederaufarbeitungsanlage	Wiederaufarbeitung	s	Anlage
Wiederauferstehung	wiederauferstehen	ung
Wiederbelebung	wiederbeleben	ung
Wiederbewaffnung	wiederbewaffnen	ung
Wiedereinsetzung	wiedereinsetzen	ung
Wiederentdeckung	wieder	Entdeckung
Wiedererlangung	wiedererlangen	ung
Wiedergewinnung	wieder	Gewinnung
Wiedergutmachung	wiedergutmachen	ung
Wiederherstellung	Wieder	Herstellung
Wiederholer	wiederholen	er
Wiederholung	wiederholen	ung
Wiederholungsgefahr	Wiederholung	s	Gefahr
Wiederholungstäter	Wiederholung	s	Täter
Wiederhören	wieder	hören
Wiedersehen	wieder	sehen
Wiederspielwert	wieder	spielen	Wert
Wiedertaufe	wider	Taufe
Wiegendruck	Wiege	Druck
Wiegenlied	Wiege	n	Lied
Wielesche	*wihil	Esche
Wienerwurst	Wiener	Wurst
Wiesenblümchen	Wiesenblume	chen
Wiesengras	Wiese	n	Gras
Wiewort	wie	Wort
Wildbret	Wild	Brät
Wilddieb	Wild	Dieb
Wildente	Wild	Ente
Wildgans	wild	Gans
Wildheit	wild	heit
Wildkaninchen	wild	Kaninchen
Wildkatze	wild	Katze
Wildkraut	wild	Kraut
Wildkürbis	wild	Kürbis
Wildlachs	wild	Lachs
Wildpastete	Wild	Pastete
Wildpflanze	wild	Pflanze
Wildpinkler	wild	Pinkler
Wildschweinplage	Wildschwein	Plage
Wildtier	wild	Tier
Wildvogel	wild	Vogel
Wildwasser	wild	Wasser
Wilhelmshaven	Wilhelm	s	Hafen
Wilhelmshavenerin	Wilhelmshavener	in
Willenlosigkeit	willenlos	igkeit
Willenserklärung	Wille	ns	Erklärung
Willensfreiheit	Wille	ns	Freiheit
Willenskraft	Wille	ns	Kraft
Willensstärke	Wille/Willen	Stärke
Willigkeit	willig	keit
Willkür	Wille	Kür
Willkürgerichtsbarkeit	Willkür	Gerichtsbarkeit
Willkürherrschaft	Willkür	Herrschaft
Willkürlichkeit	willkürlich	keit
Wimmelbild	wimmeln	Bild
Wimmelbilderbuch	wimmeln	Bilderbuch
Wimmelbuch	wimmeln	Buch
Wimper	wint	brāwa
Wimpernschlag	Wimper	n	Schlag
Wimperntusche	Wimper	Tusche
Wimpertierchen	Wimper	Tierchen
Win-win-Situation	win-win	Situation
Windauge	Wind	Auge
Windchen	Wind	chen
Windeltorte	Windel	Torte
Windfahne	Wind	Fahne
Windgeschwindigkeit	Wind	Geschwindigkeit
Windhauch	Wind	Hauch
Windhose	Wind	Hose
Windhund	Wind	Hund
Windjacke	Wind	Jacke
Windkanal	Wind	Kanal
Windkraft	Wind	Kraft
Windkraftanlage	Windkraft	Anlage
Windmühle	Wind	Mühle
Windpferd	Wind	Pferd
Windpocke	Wind	Pocke
Windpocken	Wind	Pocken
Windrose	Wind	Rose
Windröschen	Wind	Röschen
Windschatten	Wind	Schatten
Windscherung	Wind	Scherung
Windschutzscheibe	Wind	Schutz	Scheibe
Windspiel	Wind	spielen
Windstoß	Wind	Stoß
Windströmung	Wind	Strömung
Windsurfer	windsurfen	er
Windung	winden	ung
Winkelmesser	Winkel	Messer
Winkelschleifer	Winkel	Schleifer
Winkelspinne	Winkel	Spinne
Winkelzahnmolch	Winkel	Zahn	Molch
Winkelzug	Winkel	Zug
Winteranfang	Winter	Anfang
Winterende	Winter	Ende
Winterfelder	Winterfeld	er
Winterfelderin	Winterfelder	in
Winterfeldzug	Winter	Feldzug
Winterferien	Winter	Ferien
Wintergarten	Winter	Garten
Wintergewitter	Winter	Gewitter
Winterhaube	Winter	Haube
Winterkleid	Winter	Kleid
Winterkresse	Winter	Kresse
Winterluft	Winter	Luft
Wintermonat	Winter	Monat
Wintermücke	Winter	Mücke
Winterreifen	Winter	Reifen
Winterschlaf	Winter	Schlaf
Winterschlussverkauf	Winter	Schlussverkauf
Wintersemester	Winter	Semester
Wintersonne	Winter	Sonne
Wintersonnenwende	Winter	Sonnenwende
Wintersturm	Winter	Sturm
Wintervogel	Winter	Vogel
Winterwald	Winter	Wald
Winterweizen	Winter	Weizen
Winterwetter	Winter	Wetter
Winterzauber	Winter	Zauber
Winterzeit	Winter	Zeit
Wirbelkörper	Wirbel	Körper
Wirbelschicht	Wirbel	Schicht
Wirbelschichtreaktor	Wirbelschicht	Reaktor
Wirbelsturm	Wirbel	Sturm
Wirbelsäule	Wirbel	Säule
Wirbeltier	Wirbel	Tier
Wirbelwind	Wirbel	Wind
Wirkfaktor	wirken	Faktor
Wirklichkeit	wirklich	keit
Wirklichkeitsform	Wirklichkeit	s	Form
Wirkmechanismus	wirken	Mechanismus
Wirksamkeit	wirksam	keit
Wirkstoff	wirken	Stoff
Wirkungsgrad	Wirkung	s	Grad
Wirkungsquantum	Wirkung	s	Quantum
Wirkungsquerschnitt	Wirkung	s	Querschnitt
Wirrsal	wirr	sal
Wirtin	Wirt	in
Wirtschaft	Wirt	schaft
Wirtschaftlichkeit	wirtschaftlich	keit
Wirtschaftsabkommen	Wirtschaft	s	Abkommen
Wirtschaftsabschwung	Wirtschaft	s	Abschwung
Wirtschaftsaufschwung	Wirtschaft	s	Aufschwung
Wirtschaftsbeziehung	Wirtschaft	s	Beziehung
Wirtschaftsblase	Wirtschaft	s	Blase
Wirtschaftsboom	Wirtschaft	s	Boom
Wirtschaftsexperte	Wirtschaft	s	Experte
Wirtschaftsflüchtling	Wirtschaft	s	Flüchtling
Wirtschaftsforschung	Wirtschaft	s	Forschung
Wirtschaftsforum	Wirtschaft	s	Forum
Wirtschaftsinformatik	Wirtschaft	s	Informatik
Wirtschaftsklima	Wirtschaft	s	Klima
Wirtschaftskraft	Wirtschaft	s	Kraft
Wirtschaftskrise	Wirtschaft	s	Krise
Wirtschaftslage	Wirtschaft	s	Lage
Wirtschaftsminister	Wirtschaft	s	Minister
Wirtschaftsministerin	Wirtschaftsminister	in
Wirtschaftsrecht	Wirtschaft	s	Recht
Wirtschaftsrechtler	Wirtschaftsrecht	ler
Wirtschaftsreform	Wirtschaft	s	Reform
Wirtschaftsunion	Wirtschaft	s	Union
Wirtschaftswachstum	Wirtschaft	Wachstum
Wirtschaftswissenschaft	Wirtschaft	s	Wissenschaft
Wirtschaftswissenschaftler	Wirtschaft	s	Wissenschaftler
Wirtschaftswissenschaftlerin	Wirtschaftswissenschaftler	in
Wirtschaftswunder	Wirtschaft	s	Wunder
Wirtschaftszweig	Wirtschaft	s	Zweig
Wirtshaus	Wirt	s	Haus
Wirtspflanze	Wirt	s	Pflanze
Wissendheit	wissend	heit
Wissenschaftler	Wissenschaft	ler
Wissenschaftlichkeit	wissenschaftlich	keit
Wissenschaftsmagazin	Wissenschaft	s	Magazin
Wissenschaftssendung	Wissenschaft	s	Sendung
Wissenschaftstheorie	Wissenschaft	s	Theorie
Wissenserklärung	Wissen	s	Erklärung
Wissensgesellschaft	Wissen	Gesellschaft
Wissenssektor	Wissen	s	Sektor
Wissensstand	Wissen	s	Stand
Wissensvermittlung	Wissen	s	Vermittlung
Witfrau	Witwe	Frau
Wittenbergerin	Wittenberger	in
Witwenschaft	Witwe	n	schaft
Witzboldin	Witzbold	in
Witzenhausener	Witzenhausen	er
Witzenhausenerin	Witzenhausener	in
Witzlebener	Witzleben	er
Witzlebenerin	Witzlebener	in
Wochenaufenthalter	Wochenaufenthalt	er
Wochenbett	Woche	n	Bett
Wochenblatt	Woche	n	Blatt
Wochenendhaus	Wochenende	Haus
Wochenendpendler	Wochenende	Pendler
Wochenschau	Woche	n	Schau
Wochenzeitschrift	Woche	n	Zeitschrift
Wochenzeitung	Woche	n	Zeitung
Wohlbefinden	wohl	Befinden
Wohlbehagen	wohl	Behagen
Wohlfahrtsmarke	Wohlfahrt	s	Marke
Wohlfahrtsstaat	Wohlfahrt	s	Staat
Wohlgeruch	wohl	Geruch
Wohlgestalt	wohl	Gestalt
Wohllaut	wohl	Laut
Wohlleben	wohl	Leben
Wohlstandsgesellschaft	Wohlstand	Gesellschaft	s
Wohltäter	Wohltat	er
Wohltäterin	Wohltäter	in
Wohltätigkeit	wohltätig	keit
Wohltätigkeitskonzert	Wohltätigkeit	s	Konzert
Wohltätigkeitsorganisation	Wohltätigkeit	Organisation
Wohltätigkeitsveranstaltung	Wohltätigkeit	s	Veranstaltung
Wohnadresse	wohnen	Adresse
Wohnanschrift	wohnen	Anschrift
Wohnfläche	wohnen	Fläche
Wohngebiet	wohnen	Gebiet
Wohnhaus	wohnen	Haus
Wohnheim	wohnen	Heim
Wohnlage	wohnen	Lage
Wohnort	wohnen	Ort
Wohnraum	wohnen	Raum
Wohnraumvermittlung	Wohnraum	Vermittlung
Wohnsiedlung	wohnen	Siedlung
Wohnsitz	wohnen	Sitz
Wohnstallhaus	wohnen	Stall	Haus
Wohnungsbaugenossenschaft	Wohnungsbau	Genossenschaft
Wohnungslosigkeit	wohnungslos	igkeit
Wohnungstür	Wohnung	s	Tür
Wohnwagen	wohnen	Wagen
Wohnzimmer	wohnen	Zimmer
Wohnzimmereinrichtung	Wohnzimmer	Einrichtung
Woiwodschaft	Woiwode	schaft
Wolfenbütteler	Wolfenbüttel	er
Wolfenbüttelerin	Wolfenbütteler	in
Wolfenstein	Wolfe	n	Stein
Wolfhagener	Wolfhagen	er
Wolframcarbid	Wolfram	Carbid
Wolframdraht	Wolfram	Draht
Wolframglühwendel	Wolfram	Glühwendel
Wolfsangel	Wolf	s	Angel
Wolfsbarsch	Wolf	s	Barsch
Wolfsburger	Wolfsburg	er
Wolfsfell	Wolf	s	Fell
Wolfsmaul	Wolf	s	Maul
Wolfspinne	Wolf	Spinne
Wolfsschanze	Wolf	s	Schanze
Wolfsschwanz	Wolf	s	Schwanz
Wolgametropole	Wolga	Metropole
Wolgastadt	Wolga	Stadt
Wolhyniendeutscher	Wolhynien	Deutscher
Wolke sieben	Wolke	sieben
Wolkenbildung	Wolke	n	Bildung
Wolkenbruch	Wolke	Bruch
Wolkendecke	Wolke	n	Decke
Wolldecke	Wolle	Decke
Wollfaden	Wolle	Faden
Wollhandschuh	Wolle	Handschuh
Wollhaube	Wolle	Haube
Wollknäuel	Wolle	Knäuel
Wollkopfgeier	wollen	Kopf	Geier
Wollpullover	Wolle	Pullover
Wollschal	Wolle	Schal
Wollsocke	Wolle	Socke
Wonneproppen	Wonne	Proppen
Wormser	Worms	er
Woronesch'sch	Woronesch	'sch
Worringerin	Worringer	in
Wortanfang	Wort	Anfang
Wortanlaut	Wort	Anlaut
Wortart	Wort	Art
Wortbildung	Wort	Bildung
Wortfolge	Wort	Folge
Wortform	Wort	Form
Wortgefecht	Wort	Gefecht
Wortgruppe	Wort	Gruppe
Wortherkunft	Wort	Herkunft
Wortkargheit	wortkarg	heit
Wortklauber	Wort	Klauber
Wortklauberei	Wort	Klauberei
Wortkreuzung	Wort	Kreuzung
Wortliste	Wort	Liste
Wortneuprägung	Wort	Neuprägung
Wortneuschöpfung	Wort	Neuschöpfung
Wortsalat	Wort	Salat
Wortschatz	Wort	Schatz
Wortschrift	Wort	Schrift
Wortschöpfer	Wort	Schöpfer
Wortschöpferin	Wortschöpfer	in
Wortsippe	Wort	Sippe
Wortspiel	Wort	Spiel
Wortstellung	Wort	Stellung
Wortwahl	Wort	Wahl
Wortwiederholung	Wort	Wiederholung
Wortwurzel	Wort	Wurzel
Wortzwischenraum	Wort	Zwischenraum
Wotanstag	Wotan	s	Tag
Wucherblume	Wucher	Blume
Wucherei	Wucher	ei
Wucherjude	Wucher	Jude
Wucherpreis	Wucher	Preis
Wucherung	wuchern	ung
Wundauflage	Wunde	Auflage
Wundbrand	Wunde	Brand
Wunderbeere	Wunder	Beere
Wunderkerze	Wunder	Kerze
Wunderkind	Wunder	Kind
Wundermittel	Wunder	Mittel
Wunderwerk	Wunder	Werk
Wundheilung	wund	Heilung
Wundheilungsphase	Wundheilung	s	Phase
Wundrand	Wunde	Rand
Wundrose	Wunde	Rose
Wundstarrkrampf	Wund	Starrkrampf
Wunschbild	Wunsch	Bild
Wunschdenken	Wunsch	Denken
Wunschform	Wunsch	Form
Wunschtraum	Wunsch	Traum
Wunschvorstellung	Wunsch	Vorstellung
Wunstorfer	Wunstorf	er
Wunstorferin	Wunstorfer	in
Wuppertalerin	Wuppertaler	in
Wurfarm	Wurf	Arm
Wurfmesser	Wurf	Messer
Wurfschaufel	Wurf	Schaufel
Wurfscheibe	Wurf	Scheibe
Wurfspiel	Wurf	Spiel
Wurfstern	Wurf	Stern
Wurmfarn	Wurm	Farn
Wurmloch	Wurm	Loch
Wurmschraube	Wurm	Schraube
Wurmzüngler	Wurm	züngeln	er
Wurstebrei	wursten	Brei
Wurstfach	Wurst	Fach
Wurstfagott	Wurst	Fagott
Wurstgabel	Wurst	Gabel
Wurstmesser	Wurst	Messer
Wurstsalat	Wurst	Salat
Wurstscheibe	Wurst	n	Scheibe
Wurstwasser	Wurst	Wasser
Wurzelbildung	Wurzel	Bildung
Wurzelbohrer	Wurzel	Bohrer
Wurzeldruck	Wurzel	Druck
Wurzelgewebe	Wurzel	Gewebe
Wurzellosigkeit	wurzellos	igkeit
Wurzelwachstum	Wurzel	Wachstum
Wurzelwerk	Wurzel	Werk
Wurzenpass	Wurzen	Pass
Wutanfall	Wut	Anfall
Wutausbruch	Wut	Ausbruch
Wutbürger	Wut	Bürger
Wutbürgerin	Wutbürger	in
Wächterlein	Wächter	lein
Wächterlöwe	Wächter	Löwe
Wägeform	wägen	Form
Wählerschaft	Wähler	schaft
Wählerverzeichnis	Wähler	Verzeichnis
Währung	währen	ung
Währungsabsicherung	Währung	s	Spekulation
Währungsabwertung	Währung	s	Abwertung
Währungsaufwertung	Währung	s	Aufwertung
Währungscode	Währung	s	Code
Währungseinheit	Währung	s	Einheit
Währungskrise	Währung	s	Krise
Währungsmarkt	Währung	s	Markt
Währungsmetall	Währung	Metall
Währungsspekulation	Währung	s	Spekulation
Währungsstabilität	Währung	s	Stabilität
Währungsunion	Währung	s	Union
Wärme	warm	e
Wärmeabgabe	Wärme	Abgabe
Wärmeabstrahlung	Wärme	Abstrahlung
Wärmeausdehnung	Wärme	Ausdehnung
Wärmeausdehnungskoeffizient	Wärmeausdehnung	Koeffizient
Wärmeaustausch	Wärme	Tausch
Wärmebewegung	Wärme	Bewegung
Wärmebild	Wärme	Bild
Wärmebildkamera	Wärmebild	Kamera
Wärmekapazität	Wärme	Kapazität
Wärmelehre	Wärme	Lehre
Wärmeleiter	Wärme	Leiter
Wärmeleitfähigkeit	Wärme	Leitfähigkeit
Wärmepreisbremse	Wärme	Preis	Bremse
Wärmepumpe	Wärme	Pumpe
Wärmer	wärmen	er
Wärmestrahlung	Wärme	Strahlung
Wärmetauscher	Wärme	Tauscher
Wärmetod	Wärme	Tod
Wärmeverlust	Wärme	Verlust
Wärmeübertrager	Wärme	Übertrager
Wärmeübertragung	Wärme	Übertragung
Wärmflasche	wärmen	Flasche
Wärterin	Wärter	in
Wäschekorb	Wäsche	Korb
Wäscheliste	Wäsche	Liste
Wäscher	Wäsche	er
Wäscherei	Wäsche	erei
Wäscheständer	Wäsche	Ständer
Wäschetrockner	Wäsche	Trockner
Wäschetrocknung	Wäsche	Trocknung
Wässerchen	Wasser	chen
Wölfin	Wolf	in
Wölkchen	Wolke	chen
Wörterbuch	Wort	er	Buch
Wörterbüchlein	Wörterbuch	lein
Wühler	wühlen	er
Wühlmaus	wühlen	Maus
Wühltisch	wühlen	Tisch
Wünschelrutengänger	Wünschelrute	n	Gänger
Wünschelrutengängerin	Wünschelrutengänger	in
Würdigung	würdigen	ung
Würfelnatter	Würfel	Natter
Würfelspiel	Würfel	Spiel
Würfelspieler	Würfel	Spieler
Würgadler	würgen	Adler
Würger	würgen	er
Würselenerin	Würselener	in
Würzburgerin	Würzburger	in
Würzbutter	Würze	Butter
Würzmittel	würzen	Mittel
Wüste	wüst	e
Wüstenei	wüst	ei
Wüstenfuchs	Wüste	Fuchs
Wüstling	wüst	ling
Wüterei	wüten	erei
Xenonfluorid	Xenon	Fluorid
Xenonhexafluorid	Xenon	Hexafluorid
Xenonverbindung	Xenon	Verbindung
Y-förmig	Y	förmig
Ypecaharalle	Ypecaha	Ralle
Ypernschlacht	Ypern	Schlacht
Yttrium-Eisengranat	Yttrium	Eisengranat
Yttriumbromid	Yttrium	Bromid
Yttriumchlorid	Yttrium	Chlorid
Yttriumerz	Yttrium	Erz
Yttriumfluorid	Yttrium	Fluorid
Yttriumhydrid	Yttrium	Hydrid
Yttriumiodid	Yttrium	Iodid
Yttriumoxid	Yttrium	Oxid
Yttriumsulfid	Yttrium	Sulfid
Yttriumverbindung	Yttrium	Verbindung
Yuppietum	Yuppie	tum
Zackenbarsch	Zacke	n	Barsch
Zahlenbedeutung	Zahl	Bedeutung
Zahlendreher	Zahl	en	Dreher
Zahlenkombination	Zahlen	Kombination
Zahlenkörper	Zahl	en	Körper
Zahlentheorie	Zahl	Theorie
Zahlschein	zahlen	Schein
Zahltag	zahlen	Tag
Zahlung	zahlen	ung
Zahlungsausgleich	Zahlung	s	Ausgleich
Zahlungsbilanz	Zahlung	s	Bilanz
Zahlungsdienstleister	Zahlung	s	Dienstleister
Zahlungsfrist	Zahlung	s	Frist
Zahlungsfähigkeit	Zahlung	s	fähig	keit
Zahlungskraft	Zahlung	s	Kraft
Zahlungsmittel	Zahlung	s	Mittel
Zahlungsrückstand	Zahlung	s	Rückstand
Zahlungsunfähigkeit	Zahlung	s	Unfähigkeit
Zahlungsverzug	Zahlung	s	Verzug
Zahlzeichen	Zahl	Zeichen
Zahnarzt	Zahn	Arzt
Zahnbrücke	Zahn	Brücke
Zahnbürste	Zahn	Bürste
Zahncreme	Zahn	Creme
Zahndamm	Zahn	Damm
Zahndammlaut	Zahndamm	Laut
Zahnentwicklung	Zahn	Entwicklung
Zahnfach	Zahn	Fach
Zahnfee	Zahn	Fee
Zahnfleisch	Zahn	Fleisch
Zahnfleischentzündung	Zahnfleisch	Entzündung
Zahnformel	Zahn	Formel
Zahnfäule	Zahn	Fäule
Zahngold	Zahn	Gold
Zahnheilkunde	Zahn	Heilkunde
Zahnimplantat	Zahn	Implantat
Zahnkaries	Zahn	Karies
Zahnkrone	Zahn	Krone
Zahnlaut	Zahn	Laut
Zahnlücke	Zahn	Lücke
Zahnmedizin	Zahn	Medizin
Zahnpasta	Zahn	Pasta
Zahnpastatube	Zahnpasta	Tube
Zahnputzzeug	Zahn	putzen	Zeug
Zahnreinigung	Zahn	Reinigung
Zahnschmelz	Zahn	Schmelz
Zahnschmerz	Zahn	Schmerz
Zahnseide	Zahn	Seide
Zahnspange	Zahn	Spange
Zahnstein	Zahn	Stein
Zahnstocher	Zahn	stochen	er
Zahntechnik	Zahn	Technik
Zahnwal	Zahn	Wal
Zahnweh	Zahn	Weh
Zahnwurzel	Zahn	Wurzel
Zahnärztin	Zahn	Ärztin
Zangenschlüssel	Zangen	Schlüssel
Zankapfel	Zank	Apfel
Zapfenstreich	Zapfen	Streich
Zapfenverbindung	Zapfen	Verbindung
Zapfhahn	zapfen	Hahn
Zappelphilipp	zappeln	Philipp
Zarathustrismus	Zarathustra	ismus
Zarenreich	Zar	en	Reich
Zarentum	Zar	en	tum
Zarenzeit	Zar	Zeit
Zarin	Zar	in
Zartgefühl	zart	Gefühl
Zauberbuch	zaubern	Buch
Zauberei	Zauber	ei
Zauberer	Zauber	er
Zauberin	Zauberer	in
Zauberkraft	Zauber	Kraft
Zauberkunst	zaubern	Kunst
Zauberkunststück	Zauberkunst	Stück
Zauberkunststückchen	Zauberkunststück	chen
Zauberkünstler	Zauberkunst	ler
Zauberkünstlerin	Zauberkünstler	in
Zauberlehrling	Zauber	Lehrling
Zaubermacht	Zauber	Macht
Zauberpilz	Zauber	Pilz
Zauberspruch	Zauber	Spruch
Zauberstab	zaubern	Stab
Zauberstock	Zauber	Stock
Zauderer	zaudern	er
Zauneidechse	Zaun	Eidechse
Zaungast	Zaun	Gast
Zaunlatte	Zaun	Latte
Zaunpfahl	Zaun	Pfahl
Zebraameisenwürger	Zebra	Ameisenwürger
Zebrabarbe	Zebra	Barbe
Zebrafink	Zebra	Fink
Zebrahai	Zebra	Hai
Zebramanguste	Zebra	Manguste
Zebrastreifen	Zebra	Streifen
Zechprellerei	Zeche	Prellerei
Zeckenbiss	Zecke	n	Biss
Zeckenlarve	Zecke	n	Larve
Zeckennymphe	Zecke	n	Nymphe
Zeckenzange	Zecke	n	Zange
Zedernholz	Zeder	n	Holz
Zehenspitze	Zehe	Spitze
Zehncentstück	zehn	Cent	Stück
Zehneck	zehn	Ecke
Zehnerl	Zehn	erl
Zehnerpotenz	Zehner	Potenz
Zehnflächner	zehn	Fläche	n	er
Zehnkampf	zehn	Kampf
Zehnkämpfer	zehn	Kämpfer
Zehntscheuer	Zehnt	Scheuer
Zehntscheune	Zehnt	Scheune
Zehrung	zehren	ung
Zeichenfolge	Zeichen	Folge
Zeichenkette	Zeichen	Kette
Zeichenkunst	zeichnen	Kunst
Zeichensatz	Zeichen	Satz
Zeichensetzung	Zeichen	Setzung
Zeichensprache	Zeichen	Sprache
Zeichentrick	Zeichen	Trick
Zeichentrickadaption	Zeichentrick	Adaption
Zeichentrickfilm	Zeichentrick	Film
Zeichner	zeichnen	er
Zeichnerin	Zeichner	in
Zeichnung	zeichnen	ung
Zeichnungsfrist	Zeichnung	s	Frist
Zeigefinger	zeigen	Finger
Zeilenabstand	Zeile	n	Abstand
Zeilenfall	Zeile	n	Fall
Zeilensprung	Zeile	n	Sprung
Zeilenumbruch	Zeile	n	Umbruch
Zeilenvorschub	Zeile	n	Vorschub
Zeitabschnitt	Zeit	Abschnitt
Zeitalter	Zeit	Alter
Zeitangabe	Zeit	Angabe
Zeitansage	Zeit	Ansage
Zeitanzeige	Zeit	Anzeige
Zeitaufwand	Zeit	Aufwand
Zeitausgleich	Zeit	Ausgleich
Zeitbeschränkung	Zeit	Beschränkung
Zeitbombe	Zeit	Bombe
Zeitdiagnose	Zeit	Diagnose
Zeitdruck	Zeit	Druck
Zeiterfassung	Zeit	Erfassung
Zeitfenster	Zeit	Fenster
Zeitgefühl	Zeit	Gefühl
Zeitgeist	Zeit	Geist
Zeitgeschehen	Zeit	Geschehen
Zeitgeschichte	Zeit	Geschichte
Zeithorizont	Zeit	Horizont
Zeitkapsel	Zeit	Kapsel
Zeitlang	Zeit	lang
Zeitleiste	Zeit	Leiste
Zeitlupe	Zeit	Lupe
Zeitnormal	Zeit	Normal
Zeitnot	Zeit	Not
Zeitpunkt	Zeit	Punkt
Zeitrahmen	Zeit	Rahmen
Zeitraum	Zeit	Raum
Zeitrechnung	Zeit	Rechnung
Zeitreise	Zeit	Reise
Zeitschaltuhr	Zeit	Schaltuhr
Zeitscheibe	Zeit	Scheibe
Zeitschlitz	Zeit	Schlitz
Zeitschrift	Zeit	Schrift
Zeitsoldat	Zeit	Soldat
Zeitspanne	Zeit	Spanne
Zeitstempel	Zeit	Stempel
Zeitstempelchen	Zeitstempel	chen
Zeittafel	Zeit	Tafel
Zeitumstellung	Zeit	Umstellung
Zeitungsberichterstatter	Zeitung	s	Berichterstatter
Zeitungsente	Zeitung	Ente
Zeitungsverkäufer	Zeitung	s	Verkäufer
Zeitungswissen	Zeitung	s	Wissen
Zeitvergeudung	Zeit	Vergeudung
Zeitverschwendung	Zeit	Verschwendung
Zeitwort	Zeit	Wort
Zeitzeuge	Zeit	Zeuge
Zeitzone	Zeit	Zone
Zeitzonendifferenz	Zeitzone	n	Differenz
Zeitüberschreitung	Zeit	Beschränkung
Zellbiologie	Zelle	Biologie
Zelldifferenzierung	Zelle	Differenzierung
Zellenblock	Zelle	n	Block
Zellengenosse	Zelle	n	Genosse
Zellenschmelz	Zelle	n	Schmelz
Zellgift	Zelle	Gift
Zellkern	Zelle	Kern
Zellmembran	Zelle	Membran
Zellplasma	Zelle	Plasma
Zellspannung	Zelle	Spannung
Zellstoff	Zelle	Stoff
Zellstruktur	Zelle	Struktur
Zellteilung	Zelle	Teilung
Zelltod	Zelle	Tod
Zellwachstum	Zelle	Wachstum
Zellwand	Zelle	Wand
Zeltdachspinne	Zeltdach	Spinne
Zelter	zelten	er
Zelthering	Zelt	Hering
Zeltlager	Zelt	Lager
Zeltplatz	Zelt	Platz
Zeltstadt	Zelt	Stadt
Zensurkultur	Zensur	Kultur
Zentralafrika	zentral	Afrika
Zentralamerika	zentral	Amerika
Zentralanatolien	zentral	Anatolien
Zentralasien	zentral	Asien
Zentralbank	zentral	Bank
Zentralheizung	zentral	Heizung
Zentralisierung	zentralisieren	ung
Zentralverwaltungswirtschaft	Zentralverwaltung	Wirtschaft
Zentralvokal	zentral	Vokal
Zentrifugalkraft	zentrifugal	Kraft
Zentriwinkel	Zentrum	Winkel
Zentrumsbauer	Zentrum	s	Bauer
Zephirblume	Zephir	Blume
Zeptosekunde	zepto	Sekunde
Zerbrechlichkeit	zerbrechlich	keit
Zerdrücker	zerdrücken	er
Zerebralparese	zerebral	Parese
Zeremonienmeister	Zeremonie	n	Meister
Zerfallsprodukt	Zerfall	s	Produkt
Zerfallsreihe	Zerfall	s	Reihe
Zerkleinerer	zerkleinern	er
Zerkleinerung	zerkleinern	ung
Zermürbungskrieg	Zermürbung	s	Krieg
Zerquetscher	zerquetschen	er
Zerquetscherin	Zerquetscher	in
Zerrbild	zerren	Bild
Zerrung	zerren	ung
Zerschießer	zerschießen	er
Zerschmeisserin	Zerschmeisser	in
Zerschmeißerin	Zerschmeißer	in
Zersetzungsprozess	Zersetzung	s	Prozess
Zersplitterung	zersplittern	ung
Zertifizierung	zertifizieren	ung
Zerwürfnis	zerwerfen	nis
Zetergeschrei	zetern	Geschrei
Zettelchen	Zettel	chen
Zettelwirtschaft	Zettel	Wirtschaft
Zeuge Jehovas	Zeuge	Jehova
Zeugefall	zeugen	Fall
Zeugenaussage	Zeuge	n	Aussage
Zeugeneinschüchterung	Zeuge	n	Einschüchterung
Zeugenschaft	Zeuge	schaft
Zeugenschutz	Zeuge	n	Schutz
Zeugenschutzprogramm	Zeugenschutz	Programm
Zeughaus	Zeug	Haus
Zeugung	zeugen	ung
Zeugwart	Zeug	Wart
Zibetkatze	Ultimately from Arabic زَبَاد	Katze
Ziegeldach	Ziegel	Dach
Ziegelmauer	Ziegel	Mauer
Ziegelstein	Ziegel	Stein
Ziegenbart	Ziege	n	Bart
Ziegenbock	Ziege	n	Bock
Ziegenficker	Ziege	n	Ficker
Ziegenmelker	Ziege	n	Melker
Ziegenmilch	Ziege	n	Milch
Ziegenpfad	Ziege	n	Pfad
Ziegensittich	Ziege	n	Sittich
Zieher	ziehen	er
Ziehharmonikabus	Ziehharmonika	Bus
Ziehmutter	ziehen	Mutter
Ziehsohn	ziehen	Sohn
Ziehtochter	ziehen	Tochter
Ziehung	ziehen	ung
Ziehvater	ziehen	Vater
Zielfunktion	Ziel	Funktion
Zielgenauigkeit	Ziel	Genauigkeit
Zielgruppe	Ziel	Gruppe
Ziellinie	Ziel	Linie
Ziellosigkeit	ziellos	igkeit
Zielsetzung	Ziel	Setzung
Zielstellung	Ziel	Stellung
Zielstrebigkeit	zielstrebig	keit
Zielvereinbarung	Ziel	Vereinbarung
Zierbuchstabe	zieren	Buchstabe
Zierde	zier	de
Zierkirsche	Zier	Kirsche
Zierkürbis	Zier	Kürbis
Zierlichkeit	zierlich	keit
Ziervogel	Zier	Vogel
Zifferblatt	Ziffer	Blatt
Ziffernblatt	Ziffer	n	Blatt
Ziffernsturz	Ziffer	n	Sturz
Zigarettenanzünder	Zigarette	n	Anzünder
Zigarettenautomat	Zigarette	n	Automat
Zigarettenblättchen	Zigarette	n	Blättchen
Zillertal	Ziller	Tal
Zillertaler	Zillertal	er
Zimmerbrand	Zimmer	Brand
Zimmerer	Zimmer	er
Zimmerfrau	Zimmer	Frau
Zimmergenosse	Zimmer	Genosse
Zimmermann	Zimmer	Mann
Zimmermädchen	Zimmer	Mädchen
Zimmerservice	Zimmer	Service
Zimmervermittlung	Zimmer	Vermittlung
Zimperlichkeit	zimperlich	keit
Zimtbürzel-Blattspäher	Zimt	Bürzel	Blatt	Späher
Zimtstern	Zimt	Stern
Zimtzicke	Zimt	Zicke
Zinkacetat	Zink	Acetat
Zinkazetat	Zink	Azetat
Zinkcarbonat	Zink	Carbonat
Zinkchlorid	Zink	Chlorid
Zinkerz	Zink	Erz
Zinkgruppe	Zink	Gruppe
Zinklegierung	Zink	Legierung
Zinkmineral	Zink	Mineral
Zinkorganyle	Zink	Organyle
Zinkoxid	Zink	Oxid
Zinkpulver	Zink	Pulver
Zinkselenid	Zink	Selenid
Zinkspat	Zink	Spat
Zinkstearat	Zink	Stearat
Zinksulfat	Zink	Sulfat
Zinksulfid	Zink	Sulfid
Zinnabbau	Zinn	Abbau
Zinnbecher	Zinn	Becher
Zinnblech	Zinn	Blech
Zinndioxid	Zinn	Dioxid
Zinnerz	Zinn	Erz
Zinnfigur	Zinn	Figur
Zinngießerwerkstatt	Zinngießer	Werkstatt
Zinnlegierung	Zinn	Legierung
Zinnmineral	Zinn	Mineral
Zinnorganyle	Zinn	Organyle
Zinnoxid	Zinn	Oxid
Zinnpest	Zinn	Pest
Zinnsalz	Zinn	Salz
Zinnsoldat	Zinn	Soldat
Zinnverbindung	Zinn	Verbindung
Zinsbindung	Zins	Bindung
Zinserhöhung	Zins	Erhöhung
Zinshaus	Miete	s	Haus
Zinsmarge	Zins	Marge
Zinsspanne	Zins	Spanne
Zinsswap	Zins	swap
Zionismus	Zion	ismus
Zionistin	Zionist	in
Zipfelklatscher	Zipfel	Klatscher
Zipfelmütze	Zipfel	Mütze
Zipphose	Zipp	Hose
Zippverschluss	Zipp	Verschluss
Zipser	Zips	er
Zirbeldrüse	Zirbel	Drüse
Zirbelnuss	Zirbel	Nuss
Zirconiumcarbonat	Zirconium	Carbonat
Zirconiumchlorid	Zirconium	Chlorid
Zirconiumdioxid	Zirconium	Dioxid
Zirconiumhalogenid	Zirconium	Halogenid
Zirconiumhydroxid	Zirconium	Hydroxid
Zirconiumkomplex	Zirconium	Komplex
Zirconiumlegierung	Zirconium	Legierung
Zirconiummetall	Zirconium	Metall
Zirconiummineral	Zirconium	Mineral
Zirconiumnitrid	Zirconium	Nitrid
Zirconiumoxid	Zirconium	Oxid
Zirconiumsilicat	Zirconium	Silicat
Zirconiumtetrachlorid	Zirconium	Tetrachlorid
Zirconiumtetraiodid	Zirconium	Tetraiodid
Zirconiumverbindung	Zirconium	Verbindung
Zirkelbeweis	Zirkel	Beweis
Zirkelschluss	Zirkel	Schluss
Zirkoniumsalz	Zirkonium	Salz
Zirkonkristall	Zirkon	Kristall
Zirkusdirektor	Zirkus	Direktor
Zirkusdirektorin	Zirkusdirektor	in
Zirkusschule	Zirkus	Schule
Zirkusvorstellung	Zirkus	Vorstellung
Zirrenkrake	Zirrus	en	Krake
Zistensänger	Ziste	n	Sänger
Zisterzienser	Zisterz	i	enser
Zisterzienserkloster	Zisterzienser	Kloster
Zitatwort	Zitat	Wort
Zithersaite	Zither	Saite
Zitherspiel	Zither	Spiel
Zitherspieler	Zither	Spieler
Zitronatzitrone	Zitronat	Zitrone
Zitronenfalter	Zitrone	n	Falter
Zitronenplantage	Zitrone	n	Plantage
Zitronenpresse	Zitrone	Presse
Zitronensaft	Zitrone	n	Saft
Zitronenstrauch	Zitrone	n	Strauch
Zitronensäure	Zitrone	Säure
Zitronenzeisig	Zitrone	n	Zeisig
Zitrusfrucht	zitrus	Frucht
Zitruspflanze	zitrus	Pflanze
Zitrönchen	Zitrone	chen
Zitteraal	zittern	Aal
Zitterer	zittern	er
Zitterlaut	zittern	Laut
Zitterspinne	zittern	Spinne
Zivilehe	zivil	Ehe
Zivilprozessordnung	Zivilprozess	Ordnung
Zivilputsch	zivil	Putsch
Zivilverteidigung	zivil	Verteidigung
Zollamt	Zoll	Amt
Zollbeamter	Zoll	Beamter
Zollfreiheit	Zoll	Freiheit
Zollhaus	Zoll	Haus
Zollkriminalamt	Zoll	Kriminalamt
Zollstock	Zoll	Stock
Zollstockerin	Zollstocker	in
Zolltarif	Zoll	Tarif
Zollunion	Zoll	Union
Zombieapokalypse	Zombie	Apokalypse
Zonengrenze	Zone	Grenze
Zoni	Zone	i
Zoomobjektiv	Zoom	Objektiv
Zoooologe	Zoo	Oologe
Zoroastrismus	Zoroaster	ismus
Zottel	Zotte	el
Zubrot	zu	Brot
Zuchtfisch	Zucht	Fisch
Zuchthaus	Zucht	Haus
Zuchtlachs	Zucht	Lachs
Zuchtperle	Zucht	Perle
Zuckerbrot	Zucker	Brot
Zuckerbäcker	Zucker	Bäcker
Zuckerbäckerin	Zuckerbäcker	in
Zuckerei	Zucker	Ei
Zuckerfest	Zucker	Fest
Zuckergast	Zucker	Gast
Zuckerguss	Zucker	Guss
Zuckerhut	Zucker	Hut
Zuckerkrankheit	Zucker	Krankheit
Zuckerlöffel	Zucker	Löffel
Zuckerlöffelchen	Zuckerlöffel	chen
Zuckerlösung	Zucker	Lösung
Zuckermann	Zucker	Mann
Zuckerphosphat	Zucker	Phosphat
Zuckerpille	Zucker	Pille
Zuckerrohr	Zucker	Rohr
Zuckerrübe	Zucker	Rübe
Zuckerrübensirup	Zuckerrübe	Sirup
Zuckerschale	Zucker	Schale
Zuckersteuer	Zucker	Steuer
Zuckerware	Zucker	Ware
Zuckerwatte	Zucker	Watte
Zuckerwerk	Zucker	Werk
Zuckung	zucken	ung
Zudringlichkeit	zudringlich	keit
Zufallsgröße	Zufall	s	Größe
Zufallszahl	Zufall	s	Zahl
Zuflucht	zu	Flucht
Zufluchtsort	Zuflucht	s	Ort
Zufluchtsstätte	Zuflucht	s	Stätte
Zufriedenheit	zufrieden	heit
Zufriedenstellung	zufriedenstellen	ung
Zufälligkeit	zufällig	keit
Zuführung	zuführen	ung
Zugangsberechtigung	Zugang	s	Berechtigung
Zugangsdaten	Zugang	s	Daten
Zugangskontrolle	Zugang	s	Kontrolle
Zugband	Zug	Band
Zugbegleiter	Zug	Begleiter
Zugbegleiterin	Zugbegleiter	in
Zugehörigkeitsgefühl	Zugehörigkeit	Gefühl
Zugespitztheit	zugespitzt	heit
Zugeständnis	zugestehen	nis
Zugfahrt	Zug	Fahrt
Zugführer	Zug	Führer
Zugluft	Zug	Luft
Zugpersonal	Zug	Personal
Zugtier	Zug	Tier
Zugtrompete	Zug	Trompete
Zugtyp	Zug	Typ
Zugunruhe	Zug	Unruhe
Zugversuch	Zug	Versuch
Zugvogel	Zug	Vogel
Zugzwang	Zug	Zwang
Zuhälter	zuhalten	er
Zuhörer	zuhören	er
Zuhörerin	Zuhörer	in
Zukunftsangst	Zukunft	s	Angst
Zukunftserwartung	Zukunft	s	Erwartung
Zukunftsfähigkeit	Zukunft	s	fähig	keit
Zuladung	zuladen	ung
Zulassung	zulassen	ung
Zulassungsantrag	Zulassung	s	Antrag
Zulassungsverfahren	Zulassung	s	Verfahren
Zulieferer	zuliefern	er
Zulieferin	Zulieferer	in
Zulänglichkeit	zulänglich	keit
Zulässigkeit	zulässig	keit
Zumischung	zu	Mischung
Zuneigung	zuneigen	ung
Zungenbein	Zunge	n	Bein
Zungenblüte	Zunge	n	Blüte
Zungenbrecher	Zunge	n	Brecher
Zungenkuss	Zunge	n	Kuss
Zungenlaut	Zunge	n	Laut
Zungenreden	Zunge	n	Reden
Zungenschlag	Zunge	n	Schlag
Zuordnung	zuordnen	ung
Zupfinstrument	zupfen	Instrument
Zurechtweisung	zurechtweisen	ung
Zurrgurt	zurren	Gurt
Zurröse	zurren	Öse
Zurückerstattung	zurückerstatten	ung
Zurückforderer	zurückfordern	er
Zurückforderung	zurückfordern	ung
Zurückgabe	zurück	Gabe
Zurückgewinnung	zurückgewinnen	ung
Zurückholer	zurückholen	er
Zurückkehrer	zurückkehren	er
Zurückschreiben	zurück	schreiben
Zurücksteller	zurückstellen	er
Zurückweisung	zurückweisen	ung
Zurückzahlung	zurückzahlen	ung
Zusammenarbeit	zusammen	Arbeit
Zusammenfluss	zusammen	Fluss
Zusammenfügung	zusammenfügen	ung
Zusammengehörigkeit	zusammengehörig	keit
Zusammengehörigkeitsgefühl	Zusammengehörigkeit	s	Gefühl
Zusammenhalt	zusammen	Halt
Zusammenhang	zusammen	Hang
Zusammenhanglosigkeit	zusammenhanglos	igkeit
Zusammenklang	zusammen	Klang
Zusammenrückung	zusammenrücken	ung
Zusammenschluss	zusammen	Schluss
Zusammensetzung	zusammensetzen	ung
Zusammenspiel	zusammen	Spiel
Zusammenstellung	zusammenstellen	ung
Zusammenziehung	zusammenziehen	ung
Zusammenziehungszeichen	Zusammenziehung	s	Zeichen
Zusatzartikel	Zusatz	Artikel
Zusatzausrüstung	Zusatz	Ausrüstung
Zusatzfaktor	Zusatz	Faktor
Zusatzinhalt	Zusatz	Inhalt
Zusatzstoff	Zusatz	Stoff
Zusatzverkauf	Zusatz	Verkauf
Zuschauer	zuschauen	er
Zuschlagstoff	Zuschlag	Stoff
Zuspitzung	zuspitzen	ung
Zustand	zu	Stand
Zusteller	zustellen	er
Zustellpostamt	zustellen	Postamt
Zustellung	zustellen	ung
Zustimmungsgesetz	Zustimmung	s	Gesetz
Zuständigkeit	zuständig	keit
Zuständigkeitsbereich	Zuständigkeit	s	Bereich
Zuständigkeitskette	Zuständigkeit	s	Kette
Zuteilung	zuteilen	ung
Zutrittsberechtigung	Zutritt	s	Berechtigung
Zutrittskontrolle	Zutritt	s	Kontrolle
Zuverlässigkeit	zuverlässig	keit
Zuvorkommenheit	zuvorkommend	heit
Zuweisung	zuweisen	ung
Zuwendung	zuwenden	ung
Zuwiderhandlung	zuwiderhandeln	ung
Zuzahlung	zuzahlen	ung
Zuzügler	Zuzug	ler
Zwanghaftigkeit	zwanghaft	igkeit
Zwanglosigkeit	zwanglos	igkeit
Zwangsarbeit	Zwang	s	Arbeit
Zwangsarbeiter	Zwang	s	Arbeiter
Zwangsarbeiterin	Zwangsarbeiter	in
Zwangsernährung	zwangsernähren	ung
Zwangsfinanzierung	zwangsfinanzieren	ung
Zwangsimpfung	Zwang	s	Impfung
Zwangskollektivierung	Zwang	s	Kollektivierung
Zwangslage	Zwang	s	Lage
Zwangsläufigkeit	zwangsläufig	keit
Zwangsmedikation	Zwang	s	Medikation
Zwangsversteigerung	Zwang	s	Versteigerung
Zwanzigcentstück	zwanzig	Cent	Stück
Zwanzigeck	zwanzig	Ecke
Zwanzigflächner	zwanzig	Flächen	er
Zwanzigtausendstel	zwanzig	tausendstel
Zweckdienlichkeit	zweckdienlich	keit
Zweckehe	Zweck	Ehe
Zweckentfremdung	zweckentfremden	ung
Zwecklosigkeit	zwecklos	igkeit
Zweckmäßigkeit	zweckmäßig	keit
Zweckoptimismus	Zweck	Optimismus
Zweckpessimismus	Zweck	Pessimismus
Zweibeiner	zwei	Beine	er
Zweibrücker	Zweibrücken	er
Zweicentstück	zwei	Cent	Stück
Zweideutigkeit	zweideutig	keit
Zweier	zwei	er
Zweifamilienhaus	zwei	Familie	n	Haus
Zweifamilienwohnhaus	zwei	Familie	n	Wohnhaus
Zweifelsfall	Zweifel	Fall
Zweiflügler	Zwei	Flügel	er
Zweigeschlecht	zwei	Geschlecht
Zweihundertjahrfeier	zweihundert	Jahr	Feier
Zweiklang	zwei	Klang
Zweimarkstück	zwei	Mark	Stück
Zweipfennigstück	zwei	Pfennig	Stück
Zweispitz	zwei	Spitz
Zweisprachigkeit	zweisprachig	keit
Zweistaatenlösung	zwei	Staat	en	Lösung
Zweistromland	Zwei	Strom	Land
Zweistärkenbrille	zwei	Stärken	Brille
Zweitagebart	zwei	Tage	Bart
Zweitausendstel	zwei	tausendstel
Zweitfrau	zweit	Frau
Zweitor	zwei	Tor
Zweitrangigkeit	zweitrangig	keit
Zweitsprache	zweite	Sprache
Zweitspracherwerb	Zweitsprache	Erwerb
Zweitstimme	zweit	Stimme
Zweiunddreißigeck	zweiunddreißig	Ecke
Zweiundzwanzigeck	zweiundzwanzig	Ecke
Zwerchfell	zwerch	Fell
Zwerchhaus	zwerch	Haus
Zwergara	Zwerg	Ara
Zwergfledermaus	Zwerg	Fledermaus
Zwergin	Zwerg	in
Zwergkaninchen	Zwerg	Kaninchen
Zwergkäfer	Zwerg	Käfer
Zwergmispel	Zwerg	Mispel
Zwergpinscher	Zwerg	Pinscher
Zwergplanet	Zwerg	Planet
Zwergpudel	Zwerg	Pudel
Zwergschimpanse	Zwerg	Schimpanse
Zwergschnäpper	Zwerg	schnappen	er
Zwergschwan	Zwerg	Schwan
Zwergsechsaugenspinne	Zwerg	Sechsaugenspinne
Zwergspecht	Zwerg	Specht
Zwergspinne	Zwerg	Spinne
Zwergspitz	Zwerg	Spitz
Zwergstrandläufer	Zwerg	Strandläufer
Zwergzikade	Zwerg	Zikade
Zwetschgendatschi	Zwetschgen	Datschi
Zwickeltag	Zwickel	Tag
Zwickmühle	ficken	Mühle
Zwiebelfisch	Zwiebel	Fisch
Zwiebelkuchen	Zwiebel	Kuchen
Zwiebelmett	Zwiebel	Mett
Zwiebelring	Zwiebel	Ring
Zwiebelsuppe	Zwiebel	Suppe
Zwiebelturm	Zwiebel	Turm
Zwielaut	zwie	Laut
Zwielicht	zwie	Licht
Zwiespalt	zwie	Spalt
Zwiesprache	zwie	Sprache
Zwillingsformel	Zwilling	s	Formel
Zwillingsstudie	Zwilling	s	Studie
Zwingburg	zwingen	Burg
Zwinger	zwingen	er
Zwischenbilanz	zwischen	Bilanz
Zwischenergebnis	zwischen	Ergebnis
Zwischenfall	zwischen	Fall
Zwischenfrucht	zwischen	Frucht
Zwischenkriegszeit	zwischen	Krieg	Zeit
Zwischenlage	zwischen	Lage
Zwischenlager	zwischen	Lager
Zwischenlösung	zwischen	Lösung
Zwischenraum	zwischen	Raum
Zwischenschicht	zwischen	Schicht
Zwischenspeicher	Zwischen	speicher
Zwischenspiel	zwischen	Spiel
Zwischenstopp	zwischen	Stopp
Zwischenstufe	zwischen	Stufe
Zwischenton	zwischen	Ton
Zwischenzeit	zwischen	Zeit
Zwischenzeugnis	zwischen	Zeugnis
Zwistigkeit	zwistig	keit
Zwittrigkeit	zwittrig	keit
Zwölfeck	zwölf	Ecke
Zwölfer	sechs	er
Zwölfflächner	zwölf	Flächen	er
Zylinderkopf	Zylinder	Kopf
Zylinderkopfdeckel	Zylinderkopf	Deckel
Zylinderkopfdichtung	Zylinderkopf	Dichtung
Zyprerin	Zyprer	in
Zypressenholz	Zypresse	n	Holz
Zähflüssigkeit	zähflüssig	keit
Zähler	zählen	er
Zählerstand	Zähler	Stand
Zähnchen	Zahn	chen
Zähnlein	Zahn	lein
Zäpfchen	Zapfen	chen
Zögerer	zögern	er
Zögerin	Zögerer	in
Zögerlichkeit	zögerlich	keit
Zöllnerin	Zöllner	in
Züchter	züchten	er
Züchtigung	züchtigen	ung
Züchtung	züchten	ung
Zügellosigkeit	zügellos	igkeit
Zügelpinguin	Zügel	Pinguin
Zündfunke	zünden	Funke
Zündhölzlein	Zündholz	lein
Zündkerze	zünden	Kerze
Zündmasse	zünden	Masse
Zündquelle	zünden	Quelle
Zündschlüssel	zünden	Schlüssel
Zündschnur	zünden	Schnur
Zündstrick	zünden	Strick
Zündtemperatur	Zündung	Temperatur
Zündung	zünden	ung
Zünslerfalter	Zünsler	Falter
a-Schwa	a	Schwa
aalartig	Aal	artig
aalförmig	Aal	förmig
aalglatt	Aal	glatt
aargauisch	Aargau	isch
aasen	Aas	en
abakteriell	a	bakteriell
abarten	ab	arten
abaxial	ab	axial
abbaggern	ab	baggern
abballern	ab	ballern
abbaubar	abbauen	bar
abbauen	ab	bauen
abbauwürdig	Abbau	würdig
abbehalten	ab	behalten
abberufen	ab	berufen
abbestellen	ab	bestellen
abbeuteln	ab	beuteln
abbezahlen	ab	bezahlen
abbinden	ab	binden
abbitten	ab	bitten
abblassen	ab	blassen
abbleiben	ab	bleiben
abblenden	ab	blenden
abblocken	ab	blocken
abblättern	ab	blättern
abbrechen	ab	brechen
abbremsen	ab	bremsen
abbrennen	ab	brennen
abbrummen	ab	brummen
abbröckeln	ab	bröckeln
abbrühen	ab	brühen
abbuchen	ab	buchen
abbügeln	ab	bügeln
abbüßen	ab	büßen
abcashen	ab	Cash	en
abchecken	ab	checken
abdachen	ab	Dach	en
abdampfen	ab	dampfen
abdanken	ab	danken
abdecken	ab	decken
abdestillieren	ab	destillieren
abdichten	ab	dichten
abdrehen	ab	drehen
abdreschen	ab	dreschen
abdriften	ab	driften
abdringen	ab	dringen
abdrucken	ab	drucken
abdrängen	ab	drängen
abdämpfen	ab	dämpfen
abeisen	ab	Eis	en
abendessen	Abend	essen
abendländisch	Abendland	isch
abendwärts	Abend	wärts
abenteuerlich	Abenteuer	lich
aberkennen	ab	erkennen
aberwitzig	Aberwitz	ig
abfackeln	ab	fackeln
abfahren	ab	fahren
abfangen	ab	fangen
abfassen	ab	fassen
abfaulen	ab	faulen
abfedern	ab	federn
abfertigen	ab	fertigen
abfeuern	ab	feuern
abfiltern	ab	filtern
abfinden	ab	finden
abflachen	ab	flach	en
abflauen	ab	flau	en
abfliegen	ab	fliegen
abfließen	ab	fließen
abflusslos	Abfluss	los
abfordern	ab	fordern
abfragen	ab	fragen
abfretten	ab	fretten
abfräsen	ab	fräsen
abfrühstücken	ab	frühstücken
abfällig	Abfall	ig
abfälschen	ab	fälschen
abfärben	ab	färben
abfüllen	ab	füllen
abgeben	ab	geben
abgebrüht	ab	gebrüht
abgehackt	ab	hacken
abgehen	ab	gehen
abgeschmackt	ab	Geschmack	t
abgestufte Integration	abgestuft	Integration
abgewinnen	ab	gewinnen
abgewöhnen	ab	gewöhnen
abgleichen	ab	gleichen
abgraben	ab	graben
abgrenzen	ab	grenzen
abgrundtief	Abgrund	tief
abgründig	Abgrund	ig
abgöttisch	Abgott	isch
abhacken	ab	hacken
abhalten	ab	halten
abhandeln	ab	handeln
abhauen	ab	hauen
abhelfen	ab	helfen
abhobeln	ab	hobeln
abhocken	ab	hocken
abholen	ab	holen
abholzen	ab	Holz	en
abhusten	ab	husten
abhängen	ab	hängen
abhängig	abhängen	ig
abhärten	ab	härten
abhäuten	ab	häuten
abhören	ab	hören
abiotisch	a	biotisch
abirren	ab	irren
abiturieren	abiī	turiō
abjagen	ab	jagen
abkacken	ab	kacken
abkanzeln	ab	Kanzel	n
abkapseln	ab	kapseln
abkarten	ab	Karte	en
abkaufen	ab	kaufen
abkehlen	ab	Kehle	en
abkehren	ab	kehren
abklappern	ab	klappern
abklatschen	ab	klatschen
abklingen	ab	klingen
abklären	ab	klären
abknabbern	ab	knabbern
abknallen	ab	knallen
abknicken	ab	knicken
abknipsen	ab	knipsen
abknöpfen	ab	knöpfen
abkochen	ab	kochen
abkommandieren	ab	kommandieren
abkriegen	ab	kriegen
abkämmen	ab	kämmen
abkühlen	ab	kühlen
abkürzen	ab	kürzen
abladen	ab	laden
ablagern	ab	lagern
ablassen	ab	lassen
ablativisch	Ablativ	isch
ablaufen	ab	laufen
ablegen	ab	legen
ablehnen	ab	lehnen
ableisten	ab	leisten
ableitbar	ableiten	bar
ableiten	ab	leiten
ablenken	ab	lenken
ablesen	ab	lesen
abliegen	ab	liegen
abluchsen	ab	luchsen
ablöschen	ab	löschen
ablösen	ab	lösen
abmachen	ab	machen
abmagern	ab	mager
abmahnen	ab	mahnen
abmatten	ab	matt	en
abmeiern	ab	Meier
abmelden	ab	melden
abmelken	ab	melken
abmessen	ab	messen
abmähen	ab	mähen
abmühen	ab	mühen
abnagen	ab	nagen
abneigen	ab	neigen
abnicken	ab	nicken
abnudeln	ab	nudeln
abnutzen	ab	nutzen
abnötigen	ab	nötigen
abordnen	ab	ordnen
abpassen	ab	passen
abpausen	ab	pausen
abprallen	ab	prallen
abprüfen	ab	prüfen
abquatschen	ab	quatschen
abrackern	ab	rackern
abraten	ab	raten
abreagieren	ab	reagieren
abrechnen	ab	rechnen
abregen	ab	regen
abreiben	ab	reiben
abreichern	ab	reich	ern
abreisen	ab	reisen
abreißen	ab	reißen
abriegeln	ab	riegeln
abringen	ab	ringen
abrinnen	ab	rinnen
abrissreif	Abriss	reif
abrollen	ab	rollen
abrufbar	abrufen	bar
abrufen	ab	rufen
abrunden	ab	runden
abräumen	ab	räumen
abrücken	ab	rücken
abrüsten	ab	rüsten
absagen	ab	sagen
absahnen	ab	sahnen
absatteln	ab	satteln
absatzweise	Absatz	weise
absaufen	ab	saufen
absaugen	ab	saugen
abschaffen	ab	schaffen
abschalten	ab	schalten
abscheiden	ab	scheiden
abscheren	ab	scheren
abscheulich	Abscheu	lich
abschichten	ab	stocken
abschicken	ab	schicken
abschieben	ab	schieben
abschießen	ab	schießen
abschinden	ab	schinden
abschirmen	ab	schirmen
abschlachten	ab	schlachten
abschlagen	ab	schlagen
abschleifen	ab	schleifen
abschleppen	ab	schleppen
abschliessen	ab	schliessen
abschließen	ab	schließen
abschmecken	ab	schmecken
abschmettern	ab	schmettern
abschminken	ab	schminken
abschnallen	ab	schnallen
abschneiden	ab	schneiden
abschnittsweise	Abschnitt	weise
abschnittweise	Abschnitt	weise
abschrauben	ab	schrauben
abschrecken	ab	schrecken
abschreiben	ab	schreiben
abschreiten	ab	schreiten
abschuften	ab	schuften
abschweifen	ab	schweifen
abschwellen	ab	schwellen
abschwören	ab	schwören
abschälen	ab	schälen
abschätzen	ab	schätzen
abschöpfen	ab	schöpfen
abschüssig	Abschuss	ig
abschütteln	ab	schütteln
abschütten	ab	schütten
absehbar	absehen	bar
absehen	ab	sehen
abseihen	ab	seihen
abseilen	ab	Seil	en
abseits	ab	seits
abseitsverdächtig	Abseits	verdächtig
absenkbar	absinken	bar
absenken	ab	senken
absentieren	absent	ieren
absetzen	ab	setzen
absichern	ab	sichern
absichtlich	Absicht	lich
absichtslos	Absicht	los
absiedeln	ab	siedeln
absinken	ab	sinken
absitzen	ab	sitzen
absolutistisch	Absolutist	isch
absondern	ab	sondern
abspalten	ab	spalten
abspannen	ab	spannen
abspecken	ab	Speck	en
absperren	ab	sperren
abspielbar	abspielen	bar
abspielen	ab	spielen
abspringen	ab	springen
abspritzen	ab	spritzen
abspulen	ab	spulen
abspülen	ab	spülen
abstammen	ab	stammen
abstatten	ab	statten
abstauben	ab	stauben
abstauen	ab	stauen
abstecken	ab	stecken
absteigen	ab	steigen
abstellen	ab	stellen
abstempeln	ab	stempeln
absterben	ab	sterben
abstillen	ab	stillen
abstimmen	ab	stimmen
abstocken	ab	stocken
abstrafen	ab	strafen
abstrahieren	abstrahō	ieren
abstreichen	ab	streichen
abstreifen	ab	streifen
abstreitbar	abstreiten	bar
abstreiten	ab	streiten
abstreuen	ab	streuen
abstufen	ab	stufen
abstumpfen	ab	stumpf	en
abstürzen	ab	stürzen
abstützen	ab	stützen
absuchen	ab	suchen
absägen	ab	sägen
absättigen	ab	sättigen
abtasten	ab	tasten
abtauschen	ab	tauschen
abteilen	ab	teilen
abtippen	ab	tippen
abtragen	ab	tragen
abtransportieren	ab	transportieren
abtreiben	ab	treiben
abtrennbar	abtrennen	bar
abtrennen	ab	trennen
abtrinken	ab	trinken
abtrocknen	ab	trocknen
abtropfen	ab	tropfen
abträglich	abtragen	lich
abtun	ab	tun
abtupfen	ab	tupfen
abtönen	ab	tönen
abtöten	ab	töten
abverlangen	ab	verlangen
abwandeln	ab	wandeln
abwandern	ab	wandern
abwarten	ab	warten
abwaschen	ab	waschen
abwechseln	ab	wechseln
abwehren	ab	wehren
abweichen	ab	weichen
abweisen	ab	weisen
abweisungsreif	Abweisung	s	reif
abwenden	ab	wenden
abwendig	abwenden	ig
abwerben	ab	werben
abwerfen	ab	werfen
abwerten	ab	werten
abwetzen	ab	wetzen
abwickeln	ab	wickeln
abwiegen	ab	wiegen
abwinken	ab	winken
abwischbar	abwischen	bar
abwischen	ab	wischen
abwracken	ab	Wrack	en
abwägen	ab	wägen
abwärts	ab	wärts
abwürgen	ab	würgen
abzapfen	ab	zapfen
abzeichnen	ab	zeichnen
abzielen	ab	zielen
abzocken	ab	zocken
abzweigen	ab	zweigen
abzwingen	ab	zwingen
abzählbar	abzählen	bar
abzählen	ab	zählen
abzäumen	ab	zäumen
abänderbar	abändern	bar
abänderlich	abändern	lich
abändern	ab	ändern
abäschern	ab	äschern
abätzen	ab	ätzen
acetonämisch	Acetonämie	isch
acetylieren	Acetyl	ieren
achaten	Achat	en
acherontisch	Acheron	isch
achromatisch	a	chromatisch
achtarmig	acht	Arm	ig
achtbar	Acht	bar
achteckig	Achteck	ig
achten	Acht	en
achtfach	acht	fach
achtfüßig	acht	Fuß	ig
achtgeschossig	acht	Geschoss	ig
achthaben	Acht	haben
achthundert	acht	hundert
achthundertjährig	achthundert	jährig
achthunderttausend	acht	hundert	tausend
achthäufigste	acht	häufigste
achtjährig	acht	jährig
achtkantig	acht	Kante	ig
achtköpfig	acht	köpfig
achtmal	acht	mal
achtminütig	acht	Minute	ig
achtprozentig	acht	prozentig
achtsprachig	acht	sprachen	ig
achttausend	acht	tausend
achttausendfach	acht	tausendfach
achttausendmal	acht	tausendmal
achttausendste	acht	tausendste
achttägig	acht	tägig
achtundachtzigste	achtundachtzig	ste
achtunddreißigfach	achtunddreißig	fach
achtunddreißigjährig	achtunddreißig	jährig
achtunddreißigmal	achtunddreissig	mal
achtunddreißigminütig	achtunddreißig	Minute	ig
achtunddreißigste	achtunddreißig	ste
achtundfünfzigfach	achtundfünfzig	fach
achtundfünfzigjährig	achtundfünfzig	jährig
achtundfünfzigmal	achtundfünfzig	mal
achtundfünfzigste	achtundfünfzig	ste
achtundneunzigste	achtundneunzig	ste
achtundsechzigste	achtundsechzig	ste
achtundsiebzigste	achtundsiebzig	ste
achtundvierzigeckig	Achtundvierzigeck	ig
achtundvierzigfach	achtundvierzig	fach
achtundvierzigjährig	achtundvierzig	jährig
achtundvierzigköpfig	achtundvierzig	köpfig
achtundvierzigmal	achtundvierzig	mal
achtundvierzigminütig	achtundvierzig	Minute	ig
achtundvierzigmonatig	achtundvierzig	Monat	ig
achtundvierzigste	achtundvierzig	ste
achtundvierzigstündig	achtundvierzig	Stunde	ig
achtundvierzigtägig	achtundvierzig	tägig
achtundvierzigwöchig	achtundvierzig	Woche	ig
achtundzwanzigeckig	Achtundzwanzigeck	ig
achtundzwanzigfach	achtundzwanzig	fach
achtundzwanzigjährig	achtundzwanzig	jährig
achtundzwanzigmal	achtundzwanzig	mal
achtundzwanzigminütig	achtundzwanzig	Minute	ig
achtundzwanzigste	achtundzwanzig	ste
achtundzwanzigstündig	achtundzwanzig	Stunde	ig
achtundzwanzigtägig	achtundzwanzig	tägig
achtundzwanzigwöchig	achtundzwanzig	Woche	ig
achtwertig	acht	wertig
achtzehn	acht	zehn
achtzehneckig	Achtzehneck	ig
achtzehnfach	achtzehn	fach
achtzehnjährig	achtzehn	jährig
achtzehnköpfig	achtzehn	köpfig
achtzehnmal	achtzehn	mal
achtzehnminütig	achtzehn	Minute	ig
achtzehnstündig	achtzehn	Stunde	ig
achtzehntägig	achtzehn	tägig
achtzehnwöchig	achtzehn	Woche	ig
achtzigfach	achtzig	fach
achtzigjährig	achtzig	jährig
achtzigmal	achtzig	mal
achtzigminütig	achtzig	Minute	ig
achtzigprozentig	achtzig	prozentig
achtzigste	achtzig	ste
achtzigtausend	achtzig	tausend
achtzigtausendfach	achtzig	tausendfach
achtzigtausendmal	achtzig	tausendmal
achtzigtausendste	achtzig	tausendste
achtzigtägig	achtzig	tägig
ackerbaulich	Ackerbau	lich
adeln	Adel	n
adlerartig	Adler	artig
adverbial	Adverb	ial
aerodynamisch	aero	dynamisch
affektiv	Affekt	iv
affenstark	affen	stark
affentittengeil	Affe	Titte	geil
affixlos	Affix	los
afrikanisch	Afrika	anisch
afroamerikanisch	afro	amerikanisch
afroasiatisch	afro	asiatisch
afrodeutsch	afro	deutsch
afterreden	after	reden
agitatorisch	Agitator	isch
agrobiologisch	agro	biologisch
agrochemisch	agro	chemisch
ahistorisch	a	historisch
ahnungslos	Ahnung	s	los
ahnungsvoll	Ahnung	s	voll
ahornblättrig	Ahorn	blättrig
akalorisch	a	kalorisch
akatalektisch	a	katalektisch
akausal	a	kausal
akkubetrieben	Akku	betrieben
akribisch	Akribie	isch
aktivieren	aktiv	ieren
aktivisch	Aktiv	isch
akzentfrei	Akzent	frei
alabasterfarben	Alabaster	farben
alaunhaltig	Alaun	haltig
albanisch	Albanien	isch
albtraumhaft	Albtraum	haft
alexandrowisch	Alexandrow	isch
alexithymisch	Alexithymie	isch
algerisch	Algerien	isch
algorithmisch	Algorithmus	isch
aliquotieren	aliquot	ieren
alkoholhaltig	Alkohol	haltig
alkoholkrank	Alkohol	krank
alkoholsüchtig	Alkoholsucht	ig
allda	all	da
alleinerziehend	allein	erziehend
alleinlassen	allein	lassen
allelopathisch	Allel	pathisch
allemachen	alle	machen
allenfalls	all	en	falls
allenfallsig	allenfalls	ig
allerbest	aller	besten
allerdurchlauchtig	aller	durchlauchtig
allergewöhnlichst	aller	gewöhnlichsten
allergisch	Allergie	isch
allerlei	all	erlei
allerleiweise	allerlei	weise
allerliebst	aller	liebst
allerseits	aller	seits
alles	all	es
allewege	alle	Wege
allgegenwärtig	all	gegenwärtig
allgemein	all	gemein
allgütig	all	gütig
allhier	all	hier
allmälig	all	Mal	ig
allophonisch	Allophon	isch
allseitig	alle	Seite	ig
alltagstauglich	Alltag	s	tauglich
allwissend	all	wissend
allwo	all	wo
allzeit	alle	Zeit
allzumal	all	zumal
alphabetisch	Alphabet	isch
alphabetisieren	Alphabet	isieren
alptraumhaft	Alptraum	haft
altarmenisch	alt	armenisch
altbewährt	alt	bewährt
altblau	alt	blau
altbraun	alt	braun
altbulgarisch	alt	bulgarisch
altdeutsch	alt	deutsch
altdänisch	alt	dänisch
alteingesessen	alt	eingesessen
altenglisch	alt	englisch
alternativlos	alternativ	los
altersbedingt	Alter	s	bedingt
altersentsprechend	Alter	s	entsprechend
altertumskundlich	Altertumskunde	lich
altertümeln	Altertum	eln
altertümlich	Altertum	lich
altfranzösisch	alt	französisch
altfriesisch	alt	friesisch
altgedient	alt	gedient
altgeorgisch	alt	georgisch
altgriechisch	alt	griechisch
altindisch	alt	indisch
altirisch	alt	irisch
altisländisch	alt	isländisch
altjapanisch	alt	japanisch
altjiddisch	alt	jiddisch
altkatalanisch	alt	katalanisch
altkatholisch	alt	katholisch
altkirchenslawisch	alt	kirchenslawisch
altkoreanisch	alt	koreanisch
altmachen	alt	machen
altniederdeutsch	alt	niederdeutsch
altniederländisch	alt	niederländisch
altnorwegisch	alt	norwegisch
altorientalisch	alt	orientalisch
altostslawisch	alt	ostslawisch
altpersisch	alt	persisch
altportugiesisch	alt	portugiesisch
altpreußisch	alt	preußisch
altrosa	alt	rosa
altrot	alt	rot
altrömisch	alt	römisch
altschwedisch	alt	schwedisch
altschwäbisch	alt	schwäbisch
altslawisch	alt	slawisch
altsorbisch	alt	sorbisch
altspanisch	alt	spanisch
altsprachlich	alt	sprachlich
altsteinzeitlich	Altsteinzeit	lich
altsächsisch	alt	sächsisch
alttestamentlich	Altes Testament	lich
alttürkisch	alt	türkisch
altweiß	alt	weiß
altweltlich	alt	weltlich
altägyptisch	alt	ägyptisch
altäthiopisch	alt	äthiopisch
aluminiumhaltig	Aluminium	haltig
aluminiumorganisch	Aluminium	organisch
amateurhaft	Amateur	haft
amerikanisch	Amerika	anisch
amerikanisieren	Amerika	n	isieren
amoralisch	a	moralisch
ampelografisch	ampelo	grafisch
ampelographisch	Ampelographie	isch
amphipathisch	amphi	pathisch
amtlich	Amt	lich
amtsbekannt	Amt	s	bekannt
anakreontisch	Anakreon	isch
analphabetisch	an	alphabetisch
analysieren	Analyse	ieren
anapästisch	Anapäst	isch
anatomisch	Anatomie	isch
anbaggern	an	baggern
anbahnen	an	bahnen
anbandeln	an	Bandl	en
anbauen	an	bauen
anbefehlen	an	befehlen
anbehalten	an	behalten
anbeißen	an	beißen
anbelangen	an	belangen
anbellen	an	bellen
anbeten	an	beten
anbetreffen	an	betreffen
anbieten	an	bieten
anbinden	an	binden
anblicken	an	blicken
anbraten	an	braten
anbrechen	an	brechen
anbrennen	an	brennen
anbringen	an	bringen
anbräunen	an	bräunen
anbändeln	an	Bändel	en
andauern	an	dauern
andenken	an	denken
andererseits	anderer	seits
anderweitig	anderweit	ig
anderwärts	ander	wärts
andeuten	an	deuten
andichten	an	dichten
andocken	an	docken
andorranisch	Andorra	isch
andrehen	an	drehen
androhen	an	drohen
androphil	andro	phil
androzentrisch	andro	zentrisch
andrücken	an	drücken
anecken	an	Ecke	en
aneignen	an	eignen
aneinanderhalten	aneinander	halten
anekeln	an	ekeln
anerkennen	an	erkennen
anessen	an	essen
anfachen	an	fachen
anfangs	Anfang	s
anfassen	an	fassen
anfertigen	an	fertigen
anfeuern	an	feuern
anflehen	an	flehen
anfordern	an	fordern
anfragen	an	fragen
anfressen	an	fressen
anfreunden	an	Freund	en
anfunkeln	an	funkeln
anfänglich	Anfang	lich
anfügen	an	fügen
anfühlen	an	fühlen
anführen	an	führen
anfüllen	an	füllen
anfüttern	an	füttern
angeberisch	Angeber	isch
angeheiratet	an	geheiratet
angehen	an	gehen
angehören	an	gehören
angelangen	an	ge	langen
angemessen	an	messen
angenehm	an	genehm
angewöhnen	an	gewöhnen
angleichen	an	gleichen
angliedern	an	gliedern
anglonormannisch	anglo	normannisch
anglotzen	an	glotzen
angolanisch	Angola	n	isch
angreifbar	angreifen	bar
angrenzen	an	grenzen
angstfrei	Angst	frei
angstvoll	Angst	voll
angucken	an	gucken
angurten	an	gurten
anhaften	an	haften
anhalten	an	halten
anhauchen	an	hauchen
anheben	an	heben
anheften	an	heften
anheim-	an	heim
anheimfallen	anheim	fallen
anheimgeben	anheim	geben
anheimstellen	anheim	stellen
anheuern	an	heuern
anhupen	an	hupen
anhusten	an	husten
anhänglich	anhängen	lich
anhäufen	an	häufen
anhören	an	hören
anikonisch	an	ikonisch
anisotop	an	isotop
anisotrop	an	isotrop
anitzo	an	itzo
anjetzt	an	jetzt
ankaufen	an	kaufen
anketten	an	Kette	en
anklagen	an	klagen
ankleben	an	kleben
ankleiden	an	kleiden
anklicken	an	klicken
anklingeln	an	klingeln
anklingen	an	klingen
anklopfen	an	klopfen
anknipsen	an	knipsen
ankohlen	an	Kohle	en
ankotzen	an	kotzen
ankratzen	an	kratzen
ankreuzen	an	kreuzen
ankucken	an	kucken
ankurbeln	an	kurbeln
ankämpfen	an	kämpfen
ankündigen	an	kündigen
anlachen	an	lachen
anlagern	an	lagern
anlangen	an	langen
anlassen	an	lassen
anlasslos	Anlass	los
anlaufbeständig	Anlauf	beständig
anlauten	an	lauten
anlegen	an	legen
anlegieren	an	legieren
anlehnen	an	lehnen
anleiten	an	leiten
anlesen	an	lesen
anlocken	an	locken
anlullen	an	lullen
anmachen	an	machen
anmalen	an	malen
anmelden	an	melden
anmerken	an	merken
anmischen	an	mischen
anmutig	Anmut	ig
annalistisch	Annalen	istisch
annehmbar	annehmen	bar
annehmen	an	nehmen
annehmlich	annehmen	lich
annullierbar	annullieren	bar
annähern	an	nähern
anodisch	Anode	isch
anonymisieren	anonym	isieren
anorektisch	Anorexie	isch
anorganisch	an	organisch
anpacken	an	packen
anpassen	an	passen
anprangern	an	Pranger	en
anpreisen	an	preisen
anprobieren	an	probieren
anprüfen	an	prüfen
anpusten	an	pusten
anpöbeln	an	pöbeln
anquatschen	an	quatschen
anrechenbar	anrechnen	bar
anreden	an	reden
anregen	an	regen
anreihen	an	reihen
anreißen	an	reißen
anrufen	an	rufen
anrücken	an	rücken
ansagen	an	sagen
ansammeln	an	sammeln
ansandeln	an	sandeln
ansatzweise	Ansatz	weise
anschaffen	an	schaffen
anschalten	an	schalten
anschauen	an	schauen
anschaulich	anschauen	lich
anschicken	an	schicken
anschießen	an	schießen
anschlagen	an	schlagen
anschleichen	an	schleichen
anschliessen	an	schliessen
anschließen	an	schließen
anschmeissen	an	schmeissen
anschmeißen	an	schmeißen
anschnallen	an	schnallen
anschnauzen	an	schnauzen
anschrauben	an	schrauben
anschuldigen	an	schuldigen
anschwellen	an	schwellen
anschwitzen	an	schwitzen
anschwärzen	an	schwärzen
ansehen	an	sehen
ansengen	an	sengen
ansetzen	an	setzen
ansiedeln	an	siedeln
ansinnen	an	sinnen
anspeien	an	speien
anspielen	an	spielen
anspitzen	an	spitzen
anspornen	an	Sporn	en
ansprechen	an	sprechen
anspruchsberechtigt	Anspruch	s	berechtigt
anspucken	an	spucken
anspülen	an	spülen
anstacheln	an	stacheln
anstandslos	Anstand	s	los
anstauen	an	stauen
anstechen	an	stechen
anstehen	an	stehen
ansteigen	an	steigen
anstiften	an	stiften
anstoßen	an	stoßen
anstreben	an	streben
anstrebenswert	anstreben	wert
anstupsen	an	stupsen
anständig	Anstand	ig
anstößig	Anstoß	ig
ansuchen	an	suchen
ansumpfen	an	sumpfen
ansässig	Ansasse	ig
ansäuern	an	säuern
antagonistisch	Antagonist	isch
antanzen	an	tanzen
antasten	an	tasten
antauchen	an	tauchen
antauen	an	tauen
anteilig	Anteil	ig
anteilsmäßig	Anteil	s	mäßig
anthrazitfarben	Anthrazit	farben
anthropisch	anthropo	isch
anthropozentrisch	anthropo	zentrisch
antiamerikanisch	anti	amerikanisch
antiautoritär	anti	autoritär
antibakteriell	anti	bakteriell
antibindend	anti	bindend
antibolschewistisch	anti	bolschewistisch
antichretisch	Antichrese	isch
antichristlich	anti	christlich
antidemokratisch	anti	demokratisch
antidepressiv	anti	depressiv
antideutsch	anti	deutsch
antieuropäisch	anti	europäisch
antifaschistisch	anti	faschistisch
antiferromagnetisch	anti	ferromagnetisch
antigrippal	anti	grippe	al
antiimperialistisch	anti	imperialistisch
antiinflammatorisch	anti	inflammatorisch
antijüdisch	anti	jüdisch
antiklerikal	anti	klerikal
antikolonial	anti	kolonial
antikommutativ	anti	kommutativ
antimagnetisch	anti	magnetisch
antimanisch	anti	manisch
antimikrobiell	anti	mikrobiell
antimilitaristisch	anti	militaristisch
antimonhaltig	Antimon	haltig
antimykotisch	anti	mykotisch
antinoetisch	anti	noetisch
antinomisch	Antinomie	isch
antipathisch	Antipathie	isch
antippen	an	tippen
antirussisch	anti	russisch
antischiitisch	anti	schiitisch
antiseptisch	anti	septisch
antisozial	anti	sozial
antistatisch	anti	statisch
antisymmetrisch	anti	symmetrisch
antiviral	anti	viral
antonymisch	Antonymie	isch
antragen	an	tragen
antreten	an	treten
antriebslos	Antrieb	los
antönen	an	tönen
anvertrauen	an	vertrauen
anwachsen	an	wachsen
anwarten	an	warten
anweisen	an	weisen
anwendbar	anwenden	bar
anwenden	an	wenden
anwenderfreundlich	Anwender	freundlich
anwerben	an	werben
anwidern	an	widern
anwärmen	an	wärmen
anzapfen	an	zapfen
anzeigen	an	zeigen
anzweifeln	an	zweifeln
anzählen	an	zählen
anzünden	an	zünden
anöden	an	öde	en
aperiodisch	a	periodisch
apfelartig	Apfel	artig
apfelförmig	Apfel	förmig
apfelgrün	Apfel	grün
apfelig	Apfel	ig
apikal	Apex	al
apnoisch	Apnoe	isch
apokalyptisch	Apokalypse	isch
apophthegmatisch	Apophthegma	isch
apostelgleich	Apostel	gleich
apostolisch	Apostel	isch
apostrophieren	Apostroph	ieren
apothekenfrei	Apotheke	frei
apothekenpflichtig	Apotheke	pflichtig
apotheotisch	Apotheose	isch
appetitlich	Appetit	lich
appetitlos	Appetit	los
aprikosenfarben	Aprikose	farben
apulisch	Apulien	isch
aquamarinblau	Aquamarin	blau
aquamarinfarben	Aquamarin	farben
arational	a	rational
arawakisch	Arawak	isch
arbeitsam	Arbeit	sam
arbeitsaufwändig	Arbeit	s	aufwändig
arbeitsfähig	Arbeit	s	fähig
arbeitsmedizinisch	Arbeit	s	medizinisch
arbeitsrechtlich	Arbeitsrecht	lich
archetypisch	Archetyp	isch
aretologisch	Aretologie	isch
arglistig	Arglist	ig
argwöhnisch	Argwohn	isch
arisch	Arier	isch
aristotelisch	Aristoteles	isch
armförmig	Arm	förmig
armmachen	arm	machen
arrangieren	arranger	ieren
arrondieren	arrondir	ieren
arschig	Arsch	ig
arschkalt	arsch	kalt
arschlaut	arsch	laut
arschteuer	arsch	teuer
arsenhaltig	Arsen	haltig
arsenig	Arsen	ig
arten	Art	en
artenreich	Art	reich
arthritisch	Arthritis	isch
arthrotisch	Arthrose	isch
artig	Art	ig
asbestfrei	Asbest	frei
aschblond	Asche	blond
aschearm	Asche	arm
aschen	Asche	en
aschfahl	Asche	fahl
aschfarben	Asche	farben
aschgrau	Asche	grau
aseismisch	a	seismisch
aseptisch	a	septisch
asexual	a	sexual
asexuell	a	sexuell
askanisch	Askanier	isch
asozial	a	sozial
aspergertypisch	Asperger	typisch
assyrisch	Assyrien	isch
asthenisch	a	sthenisch
asthmatisch	Asthma	atisch
astrachanisch	Astrachan	isch
astrein	Ast	rein
astrologisch	Astrologie	isch
asymmetrisch	a	symmetrisch
asymptotisch	Asymptote	isch
asynchron	a	synchron
asyndetisch	a	syndetisch
atembar	atmen	bar
atemberaubend	Atem	beraubend
atemlos	Atem	los
atemraubend	Atem	raubend
athenisch	Athen	isch
athermisch	a	thermisch
athletisch	Athlet	isch
atlassen	Atlas	en
atmosphärisch	Atmosphäre	isch
atmungsaktiv	Atmung	aktiv
atombetrieben	Atom	betrieben
atomgetrieben	Atom	getrieben
atomisieren	Atom	isieren
atomistisch	Atom	istisch
atoxisch	a	toxisch
atrophisch	Atrophie	isch
attisch	Attika	isch
auberginefarben	Aubergine	farben
auditieren	audit	ieren
auf Wiederschauen	wieder	schauen
auf Wiedertreffen	wieder	treffen
aufaddieren	auf	addieren
aufarbeiten	auf	arbeiten
aufatmen	auf	atmen
aufbauen	auf	bauen
aufbauschen	auf	bauschen
aufbegehren	auf	begehren
aufbehalten	auf	behalten
aufbekommen	auf	bekommen
aufbellen	auf	bellen
aufbessern	auf	bessern
aufbetten	auf	betten
aufbewahren	auf	bewahren
aufbiegen	auf	biegen
aufbieten	auf	bieten
aufbinden	auf	binden
aufblasbar	aufblasen	bar
aufblasen	auf	blasen
aufbleiben	auf	bleiben
aufblitzen	auf	blitzen
aufblähen	auf	blähen
aufblühen	auf	blühen
aufbraten	auf	braten
aufbrauchen	auf	brauchen
aufbrausen	auf	brausen
aufbrechen	auf	brechen
aufbürden	auf	Bürde	en
aufdecken	auf	decken
aufdrehen	auf	drehen
aufdringen	auf	dringen
aufdrängen	auf	drängen
aufeinanderprallen	aufeinander	prallen
auferwecken	auf	erwecken
auferziehen	auf	erziehen
aufessen	auf	essen
auffahren	auf	fahren
auffallenderweise	auffallend	erweise
auffangen	auf	fangen
auffassen	auf	fassen
auffindbar	auffinden	bar
auffinden	auf	finden
aufflammen	auf	flammen
auffliegen	auf	fliegen
auffordern	auf	fordern
aufforsten	auf	Forst	en
auffrischen	auf	frischen
auffälligerweise	auffällig	erweise
aufführen	auf	führen
auffüllen	auf	füllen
aufganseln	auf	Gans	eln
aufgeben	auf	geben
aufgedunsen	auf	gedunsen
aufgehen	auf	gehen
aufgrund	auf	Grund
aufhaben	auf	haben
aufhalsen	auf	halsen
aufheben	auf	heben
aufhelfen	auf	helfen
aufhellen	auf	hellen
aufholen	auf	holen
aufhorchen	auf	horchen
aufhussen	auf	hussen
aufhältlich	aufhalten	lich
aufhängen	auf	hängen
aufhäufen	auf	häufen
aufhören	auf	hören
aufkeimen	auf	keimen
aufklappen	auf	klappen
aufklauben	auf	klauben
aufkleben	auf	kleben
aufklingen	auf	klingen
aufklären	auf	klären
aufknöpfen	auf	Knopf	en
aufknüpfen	auf	knüpfen
aufkommensneutral	aufkommen	neutral
aufkonzentrieren	auf	konzentrieren
aufkreuzen	auf	kreuzen
aufkündigen	auf	kündigen
auflachen	auf	lachen
aufladen	auf	laden
auflandig	auf	Land	ig
auflassen	auf	lassen
auflauern	auf	lauern
auflegen	auf	legen
auflehnen	auf	lehnen
auflesen	auf	lesen
auflisten	auf	listen
auflockern	auf	lockern
auflösen	auf	lösen
aufmachen	auf	machen
aufmerksamkeitsgeil	Aufmerksamkeit	s	geil
aufmuntern	auf	munter
aufopfern	auf	opfern
aufopferungsvoll	Aufopferung	voll
aufpassen	auf	passen
aufplatzen	auf	platzen
aufplustern	auf	plustern
aufprallen	auf	prallen
aufprägen	auf	prägen
aufpumpen	auf	pumpen
aufpäppeln	auf	päppeln
aufrechnen	auf	rechnen
aufrecht	auf	recht
aufrechterhalten	aufrecht	erhalten
aufregen	auf	regen
aufreihen	auf	Reihe	n
aufreißen	auf	reißen
aufrichtig	auf	richtig
aufrufen	auf	rufen
aufrunden	auf	runden
aufräumen	auf	räumen
aufrücken	auf	rücken
aufrührerisch	Aufrührer	isch
aufrüsten	auf	rüsten
aufsammeln	auf	sammeln
aufsatteln	auf	satteln
aufsaugen	auf	saugen
aufschauen	auf	schauen
aufscheinen	auf	scheinen
aufscheuchen	auf	scheuchen
aufschichten	auf	schichten
aufschieben	auf	schieben
aufschießen	auf	schießen
aufschliessen	auf	schliessen
aufschlitzen	auf	schlitzen
aufschlussreich	Aufschluss	reich
aufschlüsseln	auf	Schlüssel	en
aufschrauben	auf	schrauben
aufschreiben	auf	schreiben
aufschweißen	auf	schweißen
aufschäumen	auf	schäumen
aufsehenerregend	Aufsehen	erregend
aufspalten	auf	spalten
aufspannen	auf	spannen
aufspeichern	auf	speichern
aufsperren	auf	sperren
aufspielen	auf	spielen
aufspießen	auf	Spieß	en
aufspüren	auf	spüren
aufstacheln	auf	stacheln
aufstehen	auf	stehen
aufsteigen	auf	steigen
aufstellen	auf	stellen
aufstocken	auf	stocken
aufstoßen	auf	stoßen
aufstören	auf	stören
aufsuchen	auf	suchen
auftanken	auf	tanken
auftauchen	auf	tauchen
auftauen	auf	tauen
aufteilen	auf	teilen
auftischen	auf	Tisch	en
auftragsgemäß	Auftrag	s	gemäß
auftrennen	auf	trennen
auftreten	auf	treten
auftunken	auf	tunken
auftürmen	auf	türmen
aufwachen	auf	wachen
aufwachsen	auf	wachsen
aufwarten	auf	warten
aufwaschen	auf	waschen
aufwecken	auf	wecken
aufweichen	auf	weichen
aufweisen	auf	weisen
aufwenden	auf	wenden
aufwendig	aufwenden	ig
aufwerfen	auf	werfen
aufwerten	auf	werten
aufwickeln	auf	wickeln
aufwiegeln	auf	wiegeln
aufwiegen	auf	wiegen
aufwirbeln	auf	wirbeln
aufwischen	auf	wischen
aufwärts	auf	wärts
aufwühlen	auf	wühlen
aufzehren	auf	zehren
aufzeichnen	auf	zeichnen
aufzeigen	auf	zeigen
aufziehen	auf	ziehen
aufzählbar	aufzählen	bar
aufzählen	auf	zählen
augenblicklich	Augenblick	lich
augenfällig	Augen	fällig
augenscheinlich	Augenschein	lich
augusteisch	August	isch
auratisch	Aura	isch
ausarten	aus	arten
ausatmen	aus	atmen
ausbaden	aus	baden
ausbaldowern	aus	Baldower	n
ausbeinen	aus	Bein	en
ausbessern	aus	bessern
ausbeten	aus	beten
ausbeuterisch	Ausbeuter	isch
ausbitten	aus	bitten
ausbleiben	aus	bleiben
ausblenden	aus	blenden
ausbluten	aus	bluten
ausbooten	aus	Boot	en
ausbrechen	aus	brechen
ausbreiten	aus	breiten
ausbrennen	aus	brennen
ausbrüten	aus	brüten
ausbuchten	aus	buchten
ausbuddeln	aus	buddeln
ausbuhen	aus	buhen
ausbügeln	aus	bügeln
ausbürgern	aus	Bürger	en
auschecken	aus	checken
ausdauern	aus	dauern
ausdehnen	aus	dehnen
ausdenken	aus	denken
ausdeuten	aus	deuten
ausdiskutieren	aus	diskutieren
ausdrucken	aus	drucken
ausdrucksstark	Ausdruck	stark
ausdrucksvoll	Ausdruck	voll
ausdrücken	aus	drücken
ausdrücklich	ausdrücken	lich
ausdörren	aus	dörren
auseinanderbauen	auseinander	bauen
auseinanderfallen	auseinander	fallen
auseinanderhalten	auseinander	halten
auseinandernehmen	auseinander	nehmen
auserkiesen	aus	erkiesen
auserlesen	aus	erlesen
auserwählen	aus	erwählen
ausfahren	aus	fahren
ausfechten	aus	fechten
ausfegen	aus	fegen
ausfliegen	aus	fliegen
ausfließen	aus	fließen
ausfolgen	aus	folgen
ausforschen	aus	forschen
ausfragen	aus	fragen
ausfällen	aus	fällen
ausführbar	ausführen	bar
ausführlich	ausführen	lich
ausfüllen	aus	füllen
ausgeben	aus	geben
ausgehen	aus	gehen
ausgießen	aus	gießen
ausgleichen	aus	gleichen
ausgleiten	aus	gleiten
ausgraben	aus	graben
ausgreifen	aus	greifen
ausharren	aus	harren
aushauchen	aus	hauchen
aushauen	aus	hauen
ausheben	aus	heben
ausheimisch	aus	Heim	isch
ausholen	aus	holen
aushorchen	aus	horchen
aushändigen	aus	Hand	igen
aushärten	aus	härten
ausixen	aus	X	en
auskennen	aus	kennen
ausklammern	aus	klammern
auskleiden	aus	kleiden
ausklopfen	aus	klopfen
ausklügeln	aus	klügeln
auskommen	aus	kommen
auskosten	aus	kosten
auskotzen	aus	kotzen
auskurieren	aus	kurieren
auskämpfen	aus	kämpfen
auslachen	aus	lachen
auslandsdeutsch	Ausland	s	deutsch
auslassen	aus	lassen
auslasten	aus	lasten
auslaufsicher	Auslauf	sicher
auslauten	aus	lauten
ausleeren	aus	leeren
ausleiern	aus	leiern
auslernen	aus	lernen
auslesen	aus	lesen
ausliefern	aus	liefern
ausloben	aus	loben
ausloten	aus	loten
ausländerfeindlich	Ausländer	feindlich
ausländerfrei	Ausländer	frei
ausländisch	Ausland	isch
auslöffeln	aus	löffeln
auslöschen	aus	löschen
auslösen	aus	lösen
ausmachen	aus	machen
ausmanövrieren	aus	manövrieren
ausmerzen	merken	sen
ausmessen	aus	messen
ausmisten	aus	misten
ausmustern	aus	mustern
ausnahmlos	Ausnahme	los
ausnahmslos	Ausnahme	los
ausnutzen	aus	nutzen
ausnützen	aus	nützen
auspacken	aus	packen
ausparken	aus	parken
auspfeifen	aus	pfeifen
ausplappern	aus	plappern
auspowern	aus	powern
auspressen	aus	pressen
ausprägen	aus	prägen
auspusten	aus	pusten
ausquartieren	aus	quartieren
ausradieren	aus	radieren
ausrangieren	aus	rangieren
ausrasten	aus	rasten
ausrauben	aus	rauben
ausrechnen	aus	rechnen
ausreichen	aus	reichen
ausreifen	aus	reifen
ausreizen	aus	reizen
ausreuten	aus	reuten
ausrinnen	aus	rinnen
ausrollen	aus	rollen
ausrotten	aus	rotten
ausrufen	aus	rufen
ausrupfen	aus	rupfen
ausrutschen	aus	rutschen
ausräuchern	aus	räuchern
ausräumen	aus	räumen
ausrücken	aus	rücken
ausrüsten	aus	rüsten
aussagefähig	Aussage	fähig
ausschauen	aus	schauen
ausschicken	aus	schicken
ausschildern	aus	Schilder	n
ausschimpfen	aus	schimpfen
ausschlafen	aus	schlafen
ausschliesslich	ausschliessen	lich
ausschließen	aus	schließen
ausschließlich	ausschließen	lich
ausschmücken	aus	schmücken
ausschneiden	aus	schneiden
ausschreiben	aus	schreiben
ausschweifen	aus	schweifen
ausschweigen	aus	schweigen
ausschwimmen	aus	schwimmen
ausschwärmen	aus	schwärmen
ausschöpfen	aus	schöpfen
ausschütteln	aus	schütteln
aussehen	aus	sehen
aussenden	aus	senden
aussetzen	aus	setzen
aussichtsreich	Aussicht	s	reich
aussiedeln	aus	siedeln
aussitzen	aus	sitzen
aussondern	aus	sondern
aussortieren	aus	sortieren
ausspannen	aus	spannen
aussparen	aus	sparen
ausspeichern	aus	speichern
ausspeien	aus	speien
aussperren	aus	sperren
aussprechen	aus	sprechen
ausspucken	aus	spucken
ausstaffieren	aus	staffieren
ausstechen	aus	stechen
aussteigen	aus	steigen
ausstellen	aus	stellen
aussterben	aus	sterben
ausstopfen	aus	stopfen
ausstoßen	aus	stoßen
ausstrahlen	aus	strahlen
ausstrecken	aus	strecken
ausströmen	aus	strömen
aussuchen	aus	suchen
aussätzig	Aussatz	ig
austarieren	aus	Tara	ieren
austauschbar	austauschen	bar
austauschen	aus	tauschen
austicken	aus	ticken
austilgen	aus	tilgen
australisch	Australien	isch
austreiben	aus	treiben
austricksen	aus	tricksen
austrocknen	aus	trocknen
austrofaschistisch	austro	faschistisch
ausufern	aus	Ufer	en
ausverkaufen	aus	verkaufen
auswachsen	aus	wachsen
auswalzen	aus	walzen
auswandern	aus	wandern
auswaschen	aus	waschen
ausweglos	Ausweg	los
ausweichen	aus	weichen
ausweinen	aus	weinen
ausweislich	ausweisen	lich
ausweiten	aus	weiten
auswellen	aus	wellen
auswendig	aus	wenden	ig
auswertbar	auswerten	bar
auswiegen	aus	wiegen
auswischen	aus	wischen
auswählen	aus	wählen
auswärts	aus	wärts
auszeichnen	aus	zeichnen
ausziehbar	ausziehen	bar
auszucken	aus	zucken
auszählen	aus	zählen
ausüben	aus	üben
autistisch	Autist	isch
autobiografisch	auto	biografisch
autobiographisch	auto	biographisch
autodidaktisch	auto	didaktisch
autodynamisch	auto	dynamisch
autoerotisch	auto	erotisch
autofrei	Auto	frei
autografisch	auto	grafisch
autographisch	auto	graphisch
autokratisch	Autokrat	isch
autolytisch	Autolyse	isch
automationsunterstützt	Automation	unterstützt
automobilistisch	Automobil	istisch
autopoietisch	Autopoiese	isch
autoritätsgläubig	Autorität	gläubig
autosemantisch	auto	semantisch
autosexuell	auto	sexuell
autosuggestiv	auto	suggestiv
autotypisch	auto	typisch
autovegetativ	auto	vegetativ
autozentriert	auto	zentriert
außbreiten	auß	breiten
außendeichs	außen	Deich	s
außengelegen	außen	gelegen
außenweltlich	Außenwelt	lich
außerbewusst	außer	bewusst
außereuropäisch	außer	europäisch
außergerichtlich	außer	gerichtlich
außerirdisch	außer	irdisch
außerordentlich	außer	ordentlich
außerorts	außer	Ort	s
außerplanmäßig	außer	planmäßig
averbal	a	verbal
aviatisch	Aviatik	isch
avirulent	a	virulent
avisieren	Avis	ieren
axiomatisch	Axiom	isch
axonometrisch	Axonometrie	isch
azentrisch	a	zentrisch
azonal	a	zonal
azurblau	Azur	blau
azyklisch	a	zyklisch
babyeinfach	Baby	einfach
babyleicht	Baby	leicht
bachmutisch	Bachmut	isch
bagatellisieren	Bagatelle	isieren
bahnbrechend	Bahn	brechend
bahnen	Bahn	en
bahnhofsnah	Bahnhof	nah
bahrainisch	Bahrain	isch
bakteriologisch	Bakteriologie	isch
bakteriolytisch	Bakteriolyse	isch
baldestmöglich	bald	st	möglich
baldig	bald	ig
baldmöglichst	bald	möglich	st
balkanisch	Balkan	isch
balkanisieren	Balkan	isieren
ballförmig	Ball	förmig
ballsicher	Ball	sicher
baltoslawisch	balto	slawisch
balzen	Balz	en
bananig	Banane	ig
bangalisch	Bangale	isch
bangladeschisch	Bangladesch	isch
barbusig	bar	busig
barfüßig	barfuß	ig
bargeldlos	Bargeld	los
barhäuptig	bar	Haupt
barometrisch	Barometer	isch
basalten	Basalt	en
basalthaltig	Basalt	haltig
basaltisch	Basalt	isch
basslastig	Bass	lastig
basten	Bast	en
bastfarben	Bast	farben
batiken	Batik	en
batisten	Batist	en
batteriebetrieben	Batterie	betrieben
bauchig	Bauch	ig
bauchreden	Bauch	reden
bauernschlau	Bauer	n	schlau
baufällig	Baufall	ig
baugleich	bauen	gleich
baulich	Bau	lich
baumartig	Baum	artig
baumbestanden	Baum	bestanden
baumlang	Baum	lang
baumlos	Baum	los
baumreich	Baum	reich
bauschen	Bausch	en
bauschig	Bausch	ig
bautznisch	Bautzen	isch
beabsichtigen	be	Absicht	igen
beachten	be	achten
beachtlich	beachten	lich
beanspruchen	be	Anspruch	en
beantragen	be	Antrag	en
bearbeitbar	bearbeiten	bar
bearbeiten	be	arbeiten
beatmen	be	atmen
beauftragen	be	Auftrag	en
bebartet	be	Bart	t
bebauen	be	bauen
bebildern	be	Bild	ern
beblümt	be	Blume	t
bebuscht	be	Busch	t
bebust	be	Busen	t
becherförmig	Becher	förmig
beckenförmig	Becken	förmig
beckmesserisch	Beckmesser	isch
bedachen	be	Dach	en
bedanken	be	danken
bedauerlich	bedauern	lich
bedauerlicherweise	bedauerlich	erweise
bedauern	be	dauern
bedauernswert	bedauern	wert
bedecken	be	decken
bedenken	be	denken
bedenkenlos	Bedenken	los
bedeuten	be	deuten
bedeutsam	bedeuten	sam
bedeutungsgleich	Bedeutung	gleich
bedeutungslos	Bedeutung	los
bedeutungsvoll	Bedeutung	voll
bedienen	be	dienen
bedienerfreundlich	Bediener	freundlich
bedingen	be	dingen
bedingungslos	Bedingung	los
bedrohen	be	drohen
bedrohlich	bedrohen	lich
bedrängen	be	drängen
bedrücken	be	drücken
beduseln	be	duseln
bedächtig	Bedacht	ig
bedünken	be	dünken
bedürftig	bedürfen	ig
beehren	be	ehren
beeidigen	be	Eid
beeifern	be	eifern
beeilen	be	eilen
beeinflussbar	beeinflussen	bar
beenden	be	enden
beengen	be	engen
beerben	be	erben
beerdigen	be	erdig	en
befahrbar	befahren	bar
befahren	be	fahren
befangen	be	fangen
befassen	be	fassen
befehden	be	Fehde	en
befehligen	Befehl	igen
befestigen	be	festigen
befeuchten	be	feuchten
befeuern	be	feuern
befinden	be	finden
befindlich	befinden	lich
befingern	be	Finger	en
befleckbar	beflecken	bar
beflegeln	be	Flegel
beflügeln	be	flügeln
befolgen	be	folgen
befotzt	be	Fotze
befrackt	be	Frack
befragen	be	fragen
befranst	be	Franse
befreien	be	frei	en
befremdlich	befremden	lich
befrieden	be	Friede	n
befriedigen	be	Friede	igen
befristen	be	Frist	en
befruchten	be	Frucht	en
befugen	be	Fug	en
befummeln	be	fummeln
befähigen	be	fähig	en
befürchten	be	fürchten
begatten	be	Gatte	en
begeben	be	geben
begegnen	be	gegnen	en
begehbar	begehen	bar
begehen	be	gehen
begehrenswert	begehren	wert
begeistern	be	Geist	ern
begeißelt	be	Geißel	t
begierig	Begier	ig
begießen	be	gießen
beglaubigen	be	Glaube	ig	en
begleichen	be	gleichen
begleiten	be	Geleit	en
begnaden	be	gnaden
begnügen	be	genügen
begraben	be	graben
begrannt	be	Granne	t
begrapschen	be	grapschen
begreifen	be	greifen
begreiflicherweise	begreiflich	erweise
begrenzen	be	grenzen
begriffsstutzig	Begriff	stutzig
begriffsstützig	Begriff	s	stutzig
begründen	be	gründen
begünstigen	be	günstig	en
behaaren	be	haaren
behaart	be	Haar	t
behacken	be	hacken
behaglich	behagen	lich
behalten	be	halten
behandeln	be	handeln
behandschuht	be	Handschuh	t
beharren	be	harren
beharrlich	beharren	lich
beharrsam	beharren	sam
behauchen	be	hauchen
behauen	be	hauen
behaupten	be	Haupt	en
beheben	be	heben
beheizbar	beheizen	bar
beheizen	be	heizen
behelfsmäßig	Behelf	s	mäßig
behelfsweise	Behelf	weise
behelligen	be	helligen
behelmt	be	Helm	t
behemdet	be	Hemd	t
beherrschen	be	herrschen
beherzigen	be	herzig	en
beherzigenswert	beherzigen	wert
beherzt	be	Herz	t
behirnen	be	Hirn	en
behorchen	be	horchen
behost	be	Hose	t
behufen	be	Huf	en
behutsam	behüten	sam
behüten	be	hüten
beibehalten	bei	behalten
beibleiben	bei	bleiben
beiderseits	beide	seits
beidrehen	bei	drehen
beidseitig	beide	Seite
beieinanderhalten	beieinander	halten
beifällig	bei	fallen	ig
beifügen	bei	fügen
beigeben	bei	geben
beigefarben	Beige	farben
beigehen	bei	gehen
beigesellen	bei	gesellen
beikommen	bei	kommen
beilegen	bei	legen
beiliegen	bei	liegen
beimengen	bei	mengen
beimessen	bei	messen
beinahe	bei	nah
beinfarben	Bein	farben
beinhalten	be	Inhalt	en
beinhart	Bein	hart
beinlos	Bein	los
beirren	be	irren
beiseitelassen	beiseite	lassen
beiseitelegen	beiseite	legen
beiseiteschieben	beiseite	schieben
beisetzen	bei	setzen
beispielhaft	Beispiel	haft
beispielshalber	Beispiel	s	halber
beispielsweise	Beispiel	weise
beispringen	bei	springen
beistehen	bei	stehen
beistellen	bei	stellen
beisteuern	bei	steuern
beistimmen	bei	stimmen
beitragen	bei	tragen
beitreten	bei	treten
beiwohnen	bei	wohnen
beiziehen	bei	ziehen
bejagen	be	jagen
bejahen	be	ja	en
bejahrt	be	Jahr	t
bejubeln	be	jubeln
bekanntgeben	bekannt	geben
bekanntgegeben	bekannt	gegeben
bekanntmachen	bekannt	machen
bekennen	be	kennen
beklagen	be	klagen
beklagenswert	beklagen	wert
bekleiden	be	kleiden
beknackt	be	knacken
beknien	be	Knie	en
bekochen	be	kochen
bekommen	be	kommen
bekoten	be	Kot	en
bekrallt	be	Kralle	t
bekreuzen	be	Kreuz	en
bekreuzigen	be	Kreuz	ig	en
bekriegen	be	kriegen
bekräftigen	be	kräftigen
bekränzen	be	kränzen
bekämpfen	be	kämpfen
bekömmlich	bekommen	lich
belanglos	Belang	los
belangvoll	Belang	voll
belarusisch	Belarus	isch
belarussisch	Belarus	isch
belassen	be	lassen
belastbar	belasten	bar
belasten	be	Last	en
belauern	be	lauern
belauschen	be	lauschen
belegbar	belegen	bar
belegtes Brötchen	belegtes Brot	chen
belehren	be	lehren
beleidigen	be	leidig	en
beleihen	be	leihen
beleumundet	be	Leumund	t
belgienweit	Belgien	weit
belichten	be	lichten
belizisch	Belize	isch
bellizistisch	Bellizist	isch
belobigen	be	Lob	igen
belohnen	be	Lohn	en
belustigen	be	lustig	en
belächeln	be	lächeln
belästigen	be	lästig
belüften	be	lüften
belügen	be	lügen
bemerkbar	bemerken	bar
bemerken	be	merken
bemitleiden	be	Mitleid	en
bemitleidenswert	bemitleiden	wert
bemittelt	be	Mittel	t
bemoost	be	Moos	t
bemähnt	be	Mähn	t
bemängeln	be	Mangel
bemänteln	be	Mantel	en
bemühen	be	Mühe	en
bemützt	be	Mütze	t
benagen	be	nagen
benamsen	be	Name	en
benebeln	be	nebeln
benehmen	be	nehmen
beneiden	be	Neid	en
beneidenswert	beneiden	wert
benennen	be	nennen
benetzbar	benetzen	bar
benetzen	be	netzen
bengalisch	Bengalen	isch
beninisch	Benin	isch
benutzbar	benutzen	bar
benutzen	be	nutzen
benutzerdefiniert	Benutzer	definiert
benutzerfreundlich	Benutzer	freundlich
benzinbetrieben	Benzin	betrieben
benötigen	be	nötigen
beobachtbar	beobachten	bar
beobachten	be	Obacht	en
bepelzt	be	Pelz	t
bepflanzen	be	pflanzen
bepissen	be	pissen
bequatschen	be	quatschen
berauschen	be	rauschen
berauscht	be	Rausch	t
berechenbar	berechnen	bar
berechnen	be	rechnen
beredsam	bereden	sam
beregnen	be	regnen
bereichern	be	reicher	en
bereifen	be	Reifen
bereinigen	be	reinigen
bereisen	be	reisen
bereiterklären	bereit	erklären
bereits	bereit	s
bereitstellen	bereit	stellen
bereitwillig	bereit	willig
bergab	Berg	ab
bergamaskisch	Bergamaske	isch
bergauf	Berg	auf
bergig	Berg	ig
bergisch	Berg	isch
bergmännisch	Bergmann	isch
berichten	be	richten
berichtigen	be	richtig	en
berichtspflichtig	Bericht	s	pflichtig
berindet	be	Rinde	t
berlinerisch	Berliner	isch
berlinern	Berliner	n
berlinfern	Berlin	fern
berlinisch	Berlin	isch
berlinnah	Berlin	nah
bernisch	Bern	isch
bernsteinfarben	Bernstein	farben
berufen	be	rufen
beruhigen	be	ruhig	en
berußen	be	rußen
beryllhaltig	Beryll	haltig
berylliumhaltig	Beryllium	haltig
berücken	be	rücken
berühmen	be	rühmen
berühren	be	rühren
berührungslos	Berührung	los
berüscht	be	Rüsche	t
besaiten	be	Saiten
besamen	be	Samen
besaufen	be	saufen
beschallen	be	schallen
beschatten	be	schatten
beschauen	be	schauen
beschaulich	beschauen	lich
bescheidungsfähig	Bescheidung	s	fähig
bescheidungsreif	Bescheidung	s	reif
bescheinen	be	scheinen
bescheinigen	be	*skainijan
beschichten	be	schichten
beschicken	be	schicken
beschießen	be	schießen
beschilft	be	Schilf	t
beschimpfen	be	schimpfen
beschlafen	be	schlafen
beschlagen	be	schlagen
beschleunigen	be	schleunig	en
beschliessen	be	schliessen
beschließen	be	schließen
beschmutzen	be	schmutzen
beschneiden	be	schneiden
beschreiben	be	schreiben
beschreiten	be	schreiten
beschuldigen	be	schuldig	en
beschulen	be	schulen
beschusshemmend	Beschuss	hemmend
beschwatzen	be	schwatzen
beschweigen	be	schweigen
beschwerdefrei	Beschwerde	frei
beschwerlich	beschweren	lich
beschwindeln	be	schwindeln
beschwägern	be	Schwager	en
beschwören	be	schwören
beschädigen	be	schädigen
beschämen	be	schämen
beschämend	beschämen	end
beschönigen	be	schön	igen
beschürzt	be	Schürze	t
beschützen	be	schützen
besehen	be	sehen
beseitigen	be	Seite	igen
besenrein	Besen	rein
besetzen	be	setzen
besichtigen	be	Sicht	igen
besiegen	be	Sieg	en
besinnen	be	sinnen
besinnlich	Besinnung	lich
besinnungslos	Besinnung	los
besitzanzeigend	Besitz	anzeigend
besitzen	be	sitzen
besitzlos	Besitz	los
besorgen	be	sorgen
besorgniserregend	Besorgnis	erregend
bespaßen	be	spaßen
bespeien	be	speien
bespielbar	be	Spiel	bar
bespitzeln	be	spitzeln
besprechen	be	sprechen
besprenkeln	be	sprenkeln
besprühen	be	sprühen
bespucken	be	spucken
bespötteln	be	spötteln
bespülen	be	spülen
bessarabiendeutsch	Bessarabien	deutsch
besserstellen	besser	stellen
bestaunen	be	staunen
bestbezahlt	beste	bezahlt
bestechen	be	stechen
bestechlich	bestechen	lich
bestehen	be	stehen
bestehlen	be	stehlen
besteigen	be	steigen
bestellen	be	stellen
bestenfalls	best	en	falls
besternährt	best	ernährt
bestialisch	bestialis	isch
bestiefelt	be	Stiefel	t
bestimmbar	bestimmen	bar
bestimmen	be	stimmen
bestirnt	be	Stern	t
bestoßen	be	stoßen
bestrahlen	be	strahlen
bestreben	be	streben
bestreichen	be	streichen
bestreitbar	bestreiten	bar
bestreiten	be	streiten
bestreuen	be	streuen
bestrumpft	be	Strumpf	t
bestusst	be	Stuss	t
beständig	Bestand	ig
bestäuben	be	stäuben
bestücken	be	Stück	en
bestürzen	be	stürzen
besudeln	be	Sudel
besänftigen	be	sanft	ig	en
betakeln	be	takeln
betanken	be	tanken
beteuern	be	teuer
betragen	be	tragen
betrauen	be	trauen
betrauern	be	trauern
betreffen	be	treffen
betreiben	be	treiben
betresst	be	Tresse	t
betreten	be	treten
betriebsam	Betrieb	sam
betriebssystemübergreifend	Betriebssystem	übergreifend
betriebswirtschaftlich	Betriebswirtschaft	lich
betrinken	be	trinken
beträchtlich	betrachten	lich
beträufeln	beträufen	eln
betrüben	be	trüben
betrüblich	betrüben	lich
betrüblicherweise	betrüblich	erweise
betrügen	be	trügen
betrügerisch	Betrüger	isch
betrüglich	betrügen	lich
betulich	betun	lich
betupfen	be	tupfen
betätigen	be	tätigen
betäuben	be	töuben
beulen	Beule	en
beunruhigen	be	unruhig	en
beurkunden	be	urkunden
beurlauben	be	urlauben
bevorstehen	bevor	stehen
bevorzugen	be	Vorzug	en
bewachen	be	wachen
bewaffnen	be	Waffe	en
bewahrheiten	be	Wahrheit	en
beweglich	bewegen	lich
bewegungslos	Bewegung	s	los
beweihräuchern	be	Weihrauch	ern
beweinen	be	weinen
beweisbar	beweisen	bar
beweisen	be	weisen
bewerben	be	werben
bewerfen	be	werfen
bewerten	be	werten
bewilligen	be	willig	en
bewillkommnen	be	willkommen	en
bewirken	be	wirken
bewirten	be	Wirt	en
bewittert	be	Witterung	t
bewohnbar	bewohnen	bar
bewohnen	be	wohnen
bewusstlos	bewusst	los
bewältigen	waltig	en
bewölken	be	wölken
bezahlbar	bezahlen	bar
bezastert	be	Zaster	t
bezaubern	be	zaubern
bezeichnen	be	zeichnen
bezeichnenderweise	bezeichnend	erweise
bezeigen	be	zeigen
bezeugen	be	zeugen
beziehen	be	ziehen
beziffern	be	Ziffer
bezirzen	be	Circe	en
bezopft	be	Zopf	t
bezuschussen	be	Zuschuss	en
bezwecken	be	Zweck	en
bezweifeln	be	zweifeln
bezwingen	be	zwingen
bezähmen	be	zähmen
beängstigen	be	ängstigen
beäugen	be	äugen
bhutanisch	Bhutan	isch
bibelfest	Bibel	fest
bibliophob	biblio	phob
biblisch	Bibel	isch
bidirektional	bi	direktional
biegsam	biegen	sam
biereifrig	Bier	eifrig
bierernst	Bier	ernst
bierselig	Bier	selig
bilateral	bi	lateral
bilateralsymmetrisch	bilateral	symmetrisch
bilderstürmerisch	Bilderstürmer	isch
bildgewaltig	Bild	gewaltig
bildhaft	Bild	haft
bildlich	Bild	lich
bildschön	Bild	schön
bildungsfern	Bildung	s	fern
bilingual	bi	lingual
billiardste	Billiarde	ste
billionste	Billion	ste
bimaxillär	bi	maxillär
bimsen	Bims	en
binational	bi	national
bindig	binden	ig
binnendeichs	binnen	Deich	s
binnendeutsch	binnen	deutsch
binnenländisch	Binnenland	isch
binokular	bi	okular
binärkompatibel	binär	kompatibel
bioakkumulativ	bio	akkumulativ
biochemisch	bio	chemisch
bioelektrisch	bio	elektrisch
biogeochemisch	bio	geochemisch
biografisch	Biografie	isch
biologisch	Biologie	isch
bioorganisch	bio	organisch
biophysikalisch	bio	physikalisch
biostratigrafisch	bio	stratigrafisch
biostratigraphisch	bio	stratigraphisch
bioverfügbar	bio	verfügbar
birken	Birke	en
birmanisch	Birmane	isch
birnenförmig	Birne	förmig
bischöflich	Bischof	lich
bisexuell	bi	sexuell
bisher	bis	her
bisherig	bisher	ig
bisschen	Bissen	chen
bissfest	Biss	fest
bissken	Biss	ken
bistabil	bi	stabil
bitburgisch	Bitburg	isch
bitterarm	bitter	arm
bitterböse	bitter	böse
bitterkalt	bitter	kalt
bittersüß	bitter	süß
bituminös	Bitumen	ös
bitweise	Bit	weise
biwakieren	Biwak	ieren
bizyklisch	bi	zyklisch
blakig	blaken	ig
blankpoliert	blank	poliert
blankziehen	blank	ziehen
blasig	Blase	ig
blassgelb	blass	gelb
blassgrün	blass	grün
blasslila	blass	lila
blau machen	blau	machen
blaugrau	blau	grau
blaugrün	blau	grün
blaumachen	blau	machen
blaurot	blau	rot
blauschwarz	blau	schwarz
blaustrümpfig	Blaustrumpf	ig
blauviolett	blau	violett
blauäugig	blau	Auge	ig
blechern	Blech	ern
bleibbar	bleiben	bar
bleichrot	bleich	rot
bleichsüchtig	Bleichsucht	ig
bleifarben	Blei	farben
bleigrau	Blei	grau
bleihaltig	Blei	haltig
bleischwer	Blei	schwer
blindlings	blind	lings
blitzblank	blitzen	blank
blitzdingsen	Blitz	Dings	en
blitzgescheit	Blitz	gescheit
blitzsauber	blitzen	sauber
blocken	Block	en
bloßfüßig	bloß	Fuß	ig
bloßhäuptig	bloß	Haupt
bloßlegen	bloß	legen
blumig	Blume	ig
blutbeschmiert	Blut	beschmiert
blutdruckerhöhend	Blutdruck	erhöhend
blutdrucksenkend	Blutdruck	senkend
blutdrucksteigernd	Blutdruck	steigernd
bluterkrank	Bluter	krank
blutgetränkt	Blut	getränkt
blutig	Blut	ig
blutjung	blut	jung
blutleer	Blut	leer
blutrot	Blut	rot
blutrünstig	Blut	Runse	ig
blutwenig	Blut	wenig
blutähnlich	Blut	ähnlich
bläuen	blau	en
bläulich	blau	lich
blödeln	blöd	eln
blöderweise	blöd	erweise
blödsinnigerweise	blödsinnig	erweise
bocken	Bock	en
bockig	Bock	ig
bodenlang	Boden	lang
bodenlos	Boden	los
bodennah	Boden	nah
bodenständig	Boden	ständig
bogenförmig	Bogen	förmig
bogomilisch	Bogomile	isch
bohlenhaft	Bohlen	haft
bohnenförmig	Bohne	förmig
bolivianisch	Bolivien	anisch
bomben	Bombe	en
bombensicher	Bombe	n	sicher
bongen	Bon	en
boolesch	Boole	sch
bordeauxfarben	Bordeaux	farben
borstig	Borste	ig
bosnisch	Bosnien	isch
bosnisch-herzegowinisch	bosnisch	herzegowinisch
bostitchen	Bostitch	en
botrytisiert	Botrytis	iert
botsuanisch	Botsuana	isch
boykottieren	Boykott	ieren
brachliegen	Brache	liegen
bramarbasieren	Bramarbas	ieren
branchenübergreifend	Branche	übergreifend
brandaktuell	Brand	aktuell
brandenburgisch	Brandenburg	isch
brandgefährlich	Brand	gefährlich
brandneu	Brand	neu
brasilianisch	Brasilien	anisch
brauchbar	Brauch	bar
braungebrannt	braun	gebrannt
braungelb	braun	gelb
braunrot	braun	rot
braunschwarz	braun	schwarz
braunviolett	braun	violett
braunäugig	braun	äugig
bravourös	Bravour	ös
brechreizerregend	Brechreiz	erregend
breiig	Brei	ig
breiten	breit	en
breitschlagen	breit	schlagen
breitschulterig	breit	Schulter	ig
bremsbereit	Bremse	bereit
brennbar	brennen	bar
brennheiß	brennen	heiß
brettleben	Brettl	eben
briefadelig	Briefadel	ig
brillanten	Brillant	en
britannisch	Britannien	isch
brokaten	Brokat	en
bromhaltig	Brom	haltig
bromieren	Brom	ieren
bromig	Brom	ig
bronchial	Bronchie	al
bronzefarben	Bronze	farben
bronzefarbig	Bronze	farbig
bronzen	Bronze	en
bruchstückhaft	Bruchstück	haft
brummeln	brummen	eln
brummig	brummen	ig
bruneiisch	Brunei	isch
bräunlich	braun	lich
bröckelig	bröckeln	ig
bröckeln	Brocken	eln
bröselig	Brösel	ig
bröseln	Brösel	en
brüderlich	Bruder	lich
buchbar	buchen	bar
buchen	Buche	en
buchenlanddeutsch	Buchenland	deutsch
buchhalterisch	Buchhalter	isch
buchstabengetreu	Buchstabe	getreu
buchstabieren	Buchstabe	ieren
buchstäblich	Buchstabe	lich
buckelig	Buckel	ig
bucklig	Buckel	ig
bukowinadeutsch	Bukowina	deutsch
bulgarisch	Bulgare	isch
bullig	Bulle	ig
bummelig	bummeln	ig
bummvoll	bumm	voll
bundesrechtlich	Bundesrecht	lich
bundesstaatlich	Bundesstaat	lich
bundesunmittelbar	Bund	unmittelbar
bunkerbrechend	Bunker	brechend
bunkern	Bunker	n
buntfarben	bunt	farben
buntfarbig	bunt	farbig
burgenländisch	Burgenland	isch
burgunderrot	Burgunder	rot
burkinisch	Burkiner	isch
burmesisch	Burmese	isch
burschenschaftlich	Burschenschaft	lich
burundisch	Burundi	isch
buschig	Busch	ig
busig	Busen	ig
buttern	Butter	en
butterweich	Butter	weich
byzantinisch	Byzanz	inisch
bärbeißig	Bärenbeißer	ig
bäuchlings	Bauch	lings
bäuerlich	Bauer	lich
bäurisch	Bauer	isch
böig	Bö	ig
bönnsch	Bonn	sch
bördeln	Bord	eln
börsengehandelt	Börse	gehandelt
börsennotiert	Börse	notiert
bündnisfrei	Bündnis	frei
bünzlig	Bünzli	ig
bürgen	Bürge	en
bürgerlich	Bürger	lich
büschelförmig	Büschel	förmig
cadmiumhaltig	Cadmium	haltig
cadmiumreich	Cadmium	reich
calciumarm	Calcium	arm
calciumbindend	Calcium	bindend
calciumhaltig	Calcium	haltig
calciumreich	Calcium	reich
campen	Camping	en
campieren	Camp	ieren
champagnerfarben	Champagner	farben
chancenlos	Chance	los
chaplinesk	Chaplin	esk
charakteristischerweise	charakteristisch	erweise
charakterlos	Charakter	los
chargenweise	Charge	weise
charkowisch	Charkow	isch
chasarisch	Chasar, Chasare	isch
chemisch	Chemie	isch
chemoautotroph	chemo	autotroph
chemometrisch	chemo	metrisch
chevaleresk	Chevalier	esk
chimärisch	Chimäre	isch
chinakritisch	China	kritisch
chinesisch	Chinese	isch
chirurgisch	Chirurgie	isch
chlorfrei	Chlor	frei
chlorhaltig	Chlor	haltig
chloridisch	Chlorid	isch
chloroformieren	Chloroform	ieren
chlororganisch	Chlor	organisch
chlorähnlich	Chlor	ähnlich
chondritisch	Chondrit	isch
chorisch	Chor	isch
chromhaltig	Chrom	haltig
cineastisch	Cineast	isch
citynah	City	nah
coblenzisch	Coblenz	isch
cognacfarben	Cognac	farben
computergesteuert	Computer	gesteuert
computerlinguistisch	Computer	linguistisch
containerweise	Container	weise
cremeartig	Creme	artig
cremefarben	Creme	farben
cremefarbig	Creme	farbig
cremig	Creme	ig
crèmefarben	Crème	farben
cytostatisch	cyto	statisch
dabei	da	bei
dabeibleiben	dabei	bleiben
dabeihaben	dabei	haben
dabeistehen	dabei	stehen
dableiben	da	bleiben
dadaistisch	Dadaist	isch
dafürstehen	dafür	stehen
dahaben	da	haben
daheim	da	heim
daherreden	daher	reden
daherschwimmen	daher	schwimmen
dahin	da	hin
dahinfahren	dahin	fahren
dahinmähen	dahin	mähen
dahinraffen	dahin	raffen
dahinschmelzen	dahin	schmelzen
dahinschwinden	dahin	schwinden
dahinsiechen	dahin	siechen
dahinsterben	dahin	sterben
dahinten	da	hinten
dahinter	da	hinter
daktylisch	Daktylus	isch
daktyloskopisch	Daktyloskopie	isch
dalassen	da	lassen
damals	da	Mal	s
damasten	Damast	en
damenhaft	Dame	n	haft
damit	da	mit
dampfförmig	Dampf	förmig
dandyhaft	Dandy	haft
daneben	da	neben
danebenschießen	daneben	schießen
danisieren	Däne	isieren
dankbar	Dank	bar
danksagen	Dank	sagen
dantesk	Dante	esk
daranmachen	daran	machen
daransetzen	daran	setzen
darauf	dar	auf
darauffolgend	darauf	folgend
daraus	dar	aus
darbieten	dar	bieten
darein	dar	ein
darin	dar	in
darlegen	dar	legen
darniederliegen	dar	nieder	liegen
darob	dar	ob
darreichen	dar	reichen
darstellbar	darstellen	bar
darstellen	dar	stellen
darunten	dar	unten
darunter	dar	unter
darwinistisch	Darwin	istisch
darwägen	dar	wägen
darüber	dar	über
darüberliegen	darüber	liegen
daselbst	da	selbst
dasig	da	ig
dastehen	da	stehen
datenschutzrechtlich	Datenschutzrecht	lich
dauerhaft	Dauer	haft
dauerkrank	Dauer	krank
davon	da	von
davoneilen	davon	eilen
davonfahren	davon	fahren
davongehen	davon	gehen
davonkommen	davon	kommen
davonlaufen	davon	laufen
davonmachen	davon	machen
davonrennen	davon	rennen
davonstehlen	davon	stehlen
davor	da	vor
dawider	da	wider
dazufügen	dazu	fügen
dazugeben	dazu	geben
dazugehören	dazu	gehören
dazukommen	dazu	kommen
dazutun	dazu	tun
dazwischen	da	zwischen
dazwischengehen	dazwischen	gehen
deaktivieren	de	aktivieren
deamerikanisieren	de	amerikanisieren
debitorisch	Debitor	isch
decken	Dach	en
deckungsgleich	Deckung	gleich
defragmentieren	de	fragmentieren
defätistisch	Defätist	isch
dehnbar	dehnen	bar
dehydrieren	de	hydrieren
deichseln	Deichsel	en
deiktisch	Deixis	isch
deinesgleichen	deines	gleich
deinige	dein	ig
dekagrammweise	Dekagramm	weise
dekantieren	décanter	ieren
deklinierbar	deklinieren	bar
dekomponieren	de	komponieren
dekomprimieren	de	komprimisieren
delirieren	dēlīrō	ieren
demaskieren	de	maskieren
demgegenüber	dem	gegenüber
demgemäß	dem	gemäß
demissionieren	Demission	ieren
demiurgisch	Demiurg	isch
demographisch	Demographie	isch
demokratisch	Demokrat	isch
demoskopisch	Demoskopie	isch
demotivieren	de	motivieren
demzufolge	dem	zufolge
demütig	Demut	ig
demütigen	demütig	en
dendrologisch	Dendrologie	isch
denkbar	denken	bar
denkfaul	denken	faul
denkmalschützen	Denkmal	schützen
denkste	denkst	e
denkwürdig	denken	würdig
dennoch	denn	noch
deontisch	Deontik	isch
deontologisch	Deontologie	isch
deportieren	deporto	ieren
deppert	Depp	ert
derart	der	Art
deregulieren	de	regulieren
derenthalben	deren	t	halben
derentwegen	deren	wegen
dergleichen	der	gleich	en
derhalben	der	halben
dermalen	der	Malen
derohalben	dero	halben
derowegen	dero	wegen
derzeitig	derzeit	ig
desensibilisieren	de	sensibel	isieren
dessenthalben	dessen	t	halben
desto	des	die
detachieren	détacher	ieren
detailliert	Detail	iert
detailverliebt	Detail	verliebt
deuteln	deuten	eln
deutsch-deutsch	deutsch	deutsch
deutschlandweit	Deutschland	weit
deutschnational	deutsch	national
deutschschweizerisch	Deutschschweizer	isch
deutschstämmig	deutsch	stämmig
deutschtümeln	Deutschtum	eln
dezentral	de	zentral
dezisionistisch	Dezision	istisch
diabetisch	Diabetes	isch
diachronisch	Diachronie	isch
diagnostisch	Diagnose	isch
dialektal	Dialekt	al
dialogarm	Dialog	arm
dialogfähig	Dialog	fähig
diamanten	Diamant	en
diamantenhaltig	Diamant	haltig
diamanthart	Diamant	hart
dichtmachen	dicht	machen
dichtschließend	dicht	schließend
dickbäuchig	dick	bäuchig
dickflüssig	dick	flüssig
dickköpfig	Dickkopf	ig
dickleibig	dick	Leib	ig
dicklich	dick	lich
dienlich	dienen	lich
dienstbeflissen	Dienst	beflissen
diensthabend	Dienst	habend
dienstunfähig	Dienst	unfähig
dieselelektrisch	Diesel	elektrisch
dieweil	die	weil
digitale Kluft	digitale	Kluft
dilemmatisch	Dilemma	isch
dilettantisch	Dilettant	isch
dingfest	Ding	fest
dionysisch	Dionysos	isch
diploid	diplo	id
diskretionär	Diskretion	är
diskutabel	diskutieren	abel
disponieren	dispōnō	ieren
dissidentisch	Dissident	isch
distanzlos	Distanz	los
distelicht	Distel	licht
disziplinübergreifend	Disziplin	übergreifend
ditrigonal	di	trigonal
docken	Dock	en
doktern	Doktor	n
doldenförmig	Dolde	n	förmig
dollarisieren	Dollar	isieren
dominicanisch	Dominica	isch
donauisch	Donau	isch
donjuanesk	Don Juan	esk
dornig	Dorn	ig
dorther	dort	her
dorthin	dort	hin
dortig	dort	ig
dortwärts	dort	wärts
dosenförmig	Dosen	förmig
dosieren	doser	ieren
dosisabhängig	Dosis	abhängig
dottergelb	Dotter	gelb
doubeln	Double	n
downloadbar	Download	bar
drahten	Draht	en
drahtlos	Draht	los
dramatisieren	Drama	isieren
dramaturgisch	Dramaturgie	isch
drangehen	dran	gehen
drangsalieren	Drangsal	ieren
drankommen	dran	kommen
draufdrücken	drauf	drücken
draufgängerisch	Draufgänger	isch
draufhaben	drauf	haben
drauflos-	drauf	los
drauflosarbeiten	drauflos	arbeiten
drauflosfahren	drauflos	fahren
drauflosreden	drauf	los	reden
draufstehen	drauf	stehen
dreckig	Dreck	ig
drehbar	drehen	bar
dreiarmig	drei	Arm	ig
dreibeinig	drei	Bein	ig
dreiblättrig	drei	blättrig
dreieckig	Dreieck	ig
dreierlei	drei	erlei
dreifach	drei	fach
dreifüßig	drei	Fuß	ig
dreihundertjährig	dreihundert	jährig
dreihundertste	drei	hundertste
dreihunderttausend	drei	hundert	tausend
dreijährig	drei	jährig
dreiköpfig	drei	köpfig
dreimal	drei	mal
dreimalig	dreimal	ig
dreiminütig	drei	Minute	ig
dreimonatig	drei	Monat	ig
dreimonatlich	drei	monatlich
dreimotorig	drei	Motor	ig
dreiprozentig	drei	prozentig
dreirädrig	drei	rädrig
dreiseitig	drei	Seite
dreisprachig	drei	sprach	ig
dreispurig	drei	Spur	ig
dreissigtausend	dreissig	tausend
dreissigtausendste	dreissig	tausendste
dreistellig	drei	Stelle	ig
dreisterweise	dreist	erweise
dreistrahlig	drei	Strahl	ig
dreistufig	drei	stufig
dreistöckig	drei	Stock	ig
dreistündig	drei	Stunde	ig
dreitausend	drei	tausend
dreitausendfach	drei	tausendfach
dreitausendmal	drei	tausendmal
dreitausendste	drei	tausendste
dreiteilen	drei	teilen
dreiteilig	drei	Teil	ig
dreitägig	drei	Tag	ig
dreitürig	drei	Tür	ig
dreiundachtzig	drei	und	achtzig
dreiundachtzigste	dreiundachtzig	ste
dreiunddreißigfach	dreiunddreißig	fach
dreiunddreißigjährig	dreiunddreißig	jährig
dreiunddreißigmal	dreiunddreißig	mal
dreiunddreißigminütig	dreiunddreißig	Minute	ig
dreiunddreißigste	dreiunddreißig	ste
dreiunddreißigtägig	dreiunddreißig	tägig
dreiundfünfzigfach	dreiundfünfzig	fach
dreiundfünfzigjährig	dreiundfünfzig	jährig
dreiundfünfzigmal	dreiundfünfzig	mal
dreiundfünfzigminütig	dreiundfünfzig	Minute	ig
dreiundfünfzigste	dreiundfünfzig	ste
dreiundneunzig	drei	und	neunzig
dreiundneunzigste	dreiundneunzig	ste
dreiundsechzigfach	dreiundsechzig	fach
dreiundsechzigjährig	dreiundsechzig	jährig
dreiundsechzigste	dreiundsechzig	ste
dreiundsiebzigste	dreiundsiebzig	ste
dreiundvierzigfach	dreiundvierzig	fach
dreiundvierzigjährig	dreiundvierzig	jährig
dreiundvierzigmal	dreiundvierzig	mal
dreiundvierzigminütig	dreiundvierzig	Minute	ig
dreiundvierzigste	dreiundvierzig	ste
dreiundzwanzigfach	dreiundzwanzig	fach
dreiundzwanzigjährig	dreiundzwanzig	jährig
dreiundzwanzigköpfig	dreiundzwanzig	köpfig
dreiundzwanzigmal	dreiundzwanzig	mal
dreiundzwanzigminütig	dreiundzwanzig	Minute	ig
dreiundzwanzigste	dreiundzwanzig	ste
dreiundzwanzigstündig	dreiundzwanzig	Stunde	ig
dreiundzwanzigwöchig	dreiundzwanzig	Woche	ig
dreiwertig	drei	wertig
dreiwöchig	drei	Woche	ig
dreizehneckig	Dreizehneck	ig
dreizehnfach	dreizehn	fach
dreizehnhundert	dreizehn	hundert
dreizehnjährig	dreizehn	jährig
dreizehnköpfig	dreizehn	köpfig
dreizehnmal	dreizehn	mal
dreizehnminütig	dreizehn	Minute	ig
dreizehnmonatig	dreizehn	Monat	ig
dreizehnstündig	dreizehn	Stunde	ig
dreizehntägig	dreizehn	tägig
dreizehnwöchig	dreizehn	Woche	ig
dreizeilig	drei	Zeile
dreißigeckig	Dreißigeck	ig
dreißigfach	dreißig	fach
dreißigjährig	dreißig	Jahr	ig
dreißigköpfig	dreißig	köpfig
dreißigmal	dreißig	mal
dreißigminütig	dreißig	Minute	ig
dreißigmonatig	dreißig	Monat	ig
dreißigprozentig	dreißig	prozentig
dreißigstündig	dreißig	Stunde	ig
dreißigtausend	dreißig	tausend
dreißigtausendfach	dreißig	tausendfach
dreißigtausendmal	dreißig	tausendmal
dreißigtausendste	dreißig	tausendste
dreißigtägig	dreißig	tägig
dreißigwöchig	dreißig	Woche	ig
dringlich	dringen	lich
drittelzahlig	Drittel	Zahl	ig
drittgrößte	dritte	größte
drittklassig	dritte	Klasse	ig
drittrangig	dritte	Rang	ig
drogensüchtig	Drogensucht	ig
drosseln	Drossel	en
druff	dr	uff
drumherum	drum	herum
drängeln	drängen	eln
drüsig	Drüse	ig
dschibutisch	Dschibuti	isch
dschihadistisch	Dschihadist	isch
duftig	Duft	ig
duldsam	dulden	sam
dummdreist	dumm	dreist
dummerweise	dumm	erweise
dunkelblau	dunkel	blau
dunkelbraun	dunkel	braun
dunkelfarben	Dunkel	farben
dunkelgelb	dunkel	gelb
dunkelgrau	dunkel	grau
dunkelgrün	dunkel	grün
dunkelhaarig	dunkel	haarig
dunkelhäutig	dunkel	Haut	ig
dunkelorange	dunkel	orange
dunkelrot	dunkel	rot
dunkelschwarz	dunkel	schwarz
dunkelviolett	dunkel	violett
dunkelweiß	dunkel	weiß
dunstig	Dunst	ig
durchackern	durch	ackern
durcharbeiten	durch	arbeiten
durchatmen	durch	atmen
durchaus	durch	aus
durchblicken	durch	blicken
durchbluten	durch	bluten
durchblättern	durch	blättern
durchbohren	durch	bohren
durchbrechen	durch	brechen
durchbrennen	durch	brennen
durchdenken	durch	denken
durchdringen	durch	dringen
durcheinanderwürfeln	durcheinander	würfeln
durchessen	durch	essen
durchficken	durch	ficken
durchfließen	durch	fließen
durchforsten	durch	forsten
durchfärben	durch	färben
durchführbar	durchführen	bar
durchführen	durch	führen
durchgehen	durch	gehen
durchgeistigt	durch	geistig	t
durchgraben	durch	graben
durchgreifen	durch	greifen
durchhalten	durch	halten
durchhängen	durch	hängen
durchklingen	durch	klingen
durchknallen	durch	knallen
durchkoppeln	durch	koppeln
durchkreuzen	durch	kreuzen
durchkriechen	durch	kriechen
durchkämmen	durch	kämmen
durchlassen	durch	lassen
durchlauchtig	Durchlaucht	ig
durchlaufen	durch	laufen
durchleben	durch	leben
durchleiten	durch	leiten
durchlesen	durch	lesen
durchleuchten	durch	leuchten
durchliegen	durch	liegen
durchläutern	durch	läutern
durchlöchern	durch	löchern
durchlüften	durch	lüften
durchmachen	durch	machen
durchmessen	durch	messen
durchmischen	durch	mischen
durchmüssen	durch	müssen
durchnagen	durch	nagen
durchnehmen	durch	nehmen
durchnudeln	durch	nudeln
durchpausen	durch	pausen
durchqueren	durch	queren
durchrasseln	durch	rasseln
durchreisen	durch	reisen
durchrinnen	durch	rinnen
durchrütteln	durch	rütteln
durchschlafen	durch	schlafen
durchschlagen	durch	schlagen
durchschnittlich	Durchschnitt	lich
durchschwimmen	durch	schwimmen
durchsehen	durch	sehen
durchsetzen	durch	setzen
durchsickern	durch	sickern
durchsieben	durch	sieben
durchstehen	durch	stehen
durchsteigen	durch	steigen
durchstellen	durch	stellen
durchströmbar	durchströmen	bar
durchströmen	durch	strömen
durchstöbern	durch	stöbern
durchsuchbar	durchsuchen	bar
durchsuchen	durch	suchen
durchwachsen	durch	wachsen
durchwandern	durch	wandern
durchwaten	durch	waten
durchweg	durch	Weg
durchwursteln	durch	worsteln
durchwühlen	durch	wühlen
durchziehen	durch	ziehen
durchzählen	durch	zählen
durstig	Durst	ig
duseln	Dusel	en
dusselig	Dussel	ig
dutzendfach	Dutzend	fach
dysfunktional	Dysfunktion	al
dystopisch	Dystopie	isch
dämlicherweise	dämlich	erweise
dämmerungsaktiv	Dämmerung	aktiv
dämonisch	Dämon	isch
dämonisieren	Dämon	isieren
dörflich	Dorf	lich
dübeln	Dübel	en
dümmlich	dumm	lich
dünkelhaft	Dünkel	haft
dünnflüssig	dünn	flüssig
dünnhäutig	dünn	Haut	ig
ebendann	eben	dann
ebendeshalb	eben	deshalb
ebenholzfarben	Ebenholz	farben
ebenso	eben	so
ebensowenig	ebenso	wenig
ebnen	eben	en
eckig	Ecke	ig
ecuadorianisch	Ecuador	ianisch
edaphisch	Edaphon	isch
edelmütig	edel	mutig
edelsüß	edel	süß
editorisch	Editor	isch
ehebrechen	Ehe	brechen
ehebrecherisch	Ehebrecher	isch
ehedem	ehe	dem
ehelich	Ehe	lich
ehemalig	ehemals	ig
ehemals	ehe	Mal	s
ehrbar	Ehre	bar
ehrenamtlich	Ehrenamt	lich
ehrenhaft	Ehre	haft
ehrenkäsig	Ehre	käsig
ehrenrührig	Ehre	rührig
ehrenvoll	Ehre	n	voll
ehrenwert	Ehre	wert
ehrenwörtlich	Ehre	wörtlich
ehrerbietig	Ehr	erbietig
ehrlich	Ehre	lich
ehrlicherweise	ehrlich	erweise
ehrlos	Ehre	los
ehrpusselig	Ehre	pusselig
ehrrührig	Ehre	rührig
ehrsam	Ehre	sam
ehrwürdig	Ehre	würdig
eibenartig	Eibe	n	artig
eidgenössisch	Eidgenosse	isch
eiern	Ei	ern
eierschalenfarben	Eierschale	farben
eifern	Eifer	en
eifersüchtig	Eifersucht	ig
eifrig	Eifer	ig
eiförmig	Ei	förmig
eigenartigerweise	eigenartig	erweise
eigenbrötlerisch	Eigenbrötler	isch
eigeninitiativ	eigen	Initiative
eigennützig	Eigennutz	ig
eigensinnig	Eigensinn	ig
eigensprachlich	eigen	sprachlich
eigensüchtig	eigen	süchtig
eigentlich	eigen	lich
eigenwillig	eigen	willig
eilfertig	Eile	fertig
eimerweise	Eimer	weise
ein paar	ein	paar
einander	ein	andar
einarbeiten	ein	arbeiten
einarmig	ein	Arm	ig
einatmen	ein	atmen
einatomig	ein	atomig
einbalsamieren	ein	balsamieren
einbauen	ein	bauen
einbegreifen	ein	begreifen
einbehalten	ein	behalten
einbeinig	ein	Bein	ig
einberufen	ein	berufen
einbestellen	ein	bestellen
einbetonieren	ein	Beton	ieren
einbetten	ein	betten
einbeziehen	ein	beziehen
einbilden	ein	bilden
einbinden	ein	binden
einblasen	ein	blasen
einblenden	ein	blenden
einbrechen	ein	brechen
einbremsen	ein	bremsen
einbrennen	ein	brennen
einbrocken	ein	brocken
einbuchten	ein	Bucht	en
einbürgern	ein	Bürger	en
einbüßen	ein	büßen
einchecken	ein	checken
eindampfen	ein	dampfen
eindecken	ein	decken
eindenken	ein	denken
eindeutig	eins	deuten	ig
eindeutschen	ein	deutsch	en
eindosen	ein	Dose	en
eindringen	ein	dringen
eindringlich	eindringen	lich
eindrucken	ein	drucken
eindrücken	ein	drücken
eindrücklich	Eindruck	lich
eindämmen	ein	dämmen
eindämmern	ein	dämmern
eineiig	ein	Ei	ig
eineindeutig	ein	eindeutig
einengen	ein	eng	en
einenglischen	ein	englisch	en
einerlei	ein	erlei
einernten	ein	ernten
einerseits	einer	seits
einfach	ein	fach
einfahren	ein	fahren
einfallen	ein	fallen
einfallsreich	Einfall	reich
einfetten	ein	fetten
einfinden	ein	finden
einflechten	ein	flechten
einfließen	ein	fließen
einflusslos	Einfluss	los
einflussreich	Einfluss	reich
einflußlos	Einfluß	los
einflüstern	ein	flüstern
einfrieren	ein	frieren
einfältig	Einfalt	ig
einfältigerweise	einfältig	erweise
einfärben	ein	färben
einförmig	ein	förmig
einfügen	ein	fügen
einfühlsam	einfühlen	sam
einführen	ein	führen
einfüllen	ein	füllen
einfüßig	ein	Fuß	ig
eingangs	Eingang	s
eingeben	ein	geben
eingeboren	ein	geboren
eingebunden	ein	gebunden
eingeschlechtig	ein	Geschlecht	ig
eingestehen	ein	gestehen
eingießen	ein	gießen
eingleisig	ein	Gleis	ig
eingliedern	ein	gliedern
eingraben	ein	graben
eingreifen	ein	greifen
eingängig	Eingang	ig
einhalten	ein	halten
einhauchen	ein	hauchen
einheitlich	Einheit	lich
einhellig	ein	hallen	ig
einher	ein	her
einherfahren	einher	fahren
einhergehen	einher	gehen
einherschreiten	einher	schreiten
einholen	ein	holen
einhunderterste	einhundert	erste
einhundertprozentig	einhundert	prozentig
einhundertste	einhundert	ste
einhunderttausend	ein	hunderttausend
einhunderttausendfach	ein	hundert	tausendmal
einhunderttausendmal	ein	hundert	tausendmal
einhunderttausendste	ein	hundert	tausendste
einhämmern	ein	hämmern
einhändig	ein	händig
einhüllen	ein	hüllen
einimpfen	ein	impfen
einjährig	ein	jährig
einkapseln	ein	kapseln
einkaufen	ein	kaufen
einkehren	ein	kehren
einkesseln	ein	Kessel	en
einkettig	ein	kettig
einknicken	ein	knicken
einkochen	ein	kochen
einkommen	ein	kommen
einkommensschwach	Einkommen	s	schwach
einkriegen	ein	kriegen
einkühlen	ein	kühlen
einladen	ein	laden
einlagern	ein	lagern
einlassen	ein	lassen
einlaufen	ein	laufen
einlegen	ein	legen
einleiten	ein	leiten
einlenken	ein	lenken
einlesen	ein	lesen
einliefern	ein	liefern
einlochen	ein	lochen
einlullen	ein	lullen
einläuten	ein	läuten
einlösen	ein	lösen
einmachen	ein	machen
einmahnen	ein	mahnen
einmal	ein	mal
einmalig	einmal	ig
einmauern	ein	mauern
einmeißeln	ein	meißeln
einmengen	ein	mengen
einminütig	ein	Minute	ig
einmonatig	ein	Monat	ig
einmotorig	ein	Motor	ig
einmotten	ein	Motte
einmummen	ein	mummen
einnicken	ein	nicken
einnisten	ein	nisten
einnorden	ein	Nord	en
einnässen	ein	nässen
einordnen	ein	ordnen
einpacken	ein	packen
einparken	ein	parken
einplanen	ein	planen
einpreisen	ein	preisen
einpressen	ein	pressen
einprogrammieren	ein	programmieren
einprozentig	ein	prozentig
einprägen	ein	prägen
einprägsam	einprägen	sam
einquartieren	ein	quartieren
einrechnen	ein	rechnen
einreden	ein	reden
einreichen	ein	reichen
einreihig	ein	Reihe	ig
einreißen	ein	reißen
einrenken	ein	renken
einrichten	ein	richten
einrollen	ein	rollen
einräumen	ein	räumen
einrücken	ein	rücken
einrühren	ein	rühren
einsagen	ein	sagen
einsam	ein	sam
einsammeln	ein	sammeln
einsargen	ein	Sarg
einsatzbereit	Einsatz	bereit
einschaltbereit	einschalten	bereit
einschauen	ein	schauen
einschenken	ein	schenken
einschieben	ein	schieben
einschießen	ein	schießen
einschlafen	ein	schlafen
einschlagen	ein	schlagen
einschleppen	ein	schleppen
einschleusen	ein	schleusen
einschließen	ein	schließen
einschließlich	einschließen	lich
einschlummern	ein	schlummern
einschlägig	Einschlag	ig
einschmeicheln	ein	schmeicheln
einschmelzen	ein	schmelzen
einschneiden	ein	schneiden
einschneien	ein	schneien
einschreiben	ein	schreiben
einschreiten	ein	schreiten
einschränken	ein	Schrank	en
einschulen	ein	schulen
einschwören	ein	schwören
einschärfen	ein	schärfen
einschätzen	ein	schätzen
einsegnen	ein	segnen
einsehbar	einsehen	bar
einsehen	ein	sehen
einseifen	ein	Seife	en
einseitig	Seite	ig
einsetzbar	einsetzen	bar
einsetzen	ein	setzen
einsitzen	ein	sitzen
einspannen	ein	spannen
einspeisen	ein	speisen
einsperren	ein	sperren
einspielen	ein	spielen
einspringen	ein	springen
einspritzen	ein	spritzen
einspurig	ein	Spur	ig
einstecken	ein	stecken
einsteigen	ein	steigen
einstellen	ein	stellen
einstellig	ein	stellen	ig
einstimmen	ein	stimmen
einstoßen	ein	stoßen
einstreuen	ein	streuen
einstufig	ein	Stufe	ig
einsturzgefährdet	Einsturz	gefährdet
einstämmig	ein	stämmig
einstündig	ein	Stunde	ig
einstürzen	ein	stürzen
eintauchen	ein	tauchen
eintauschen	ein	tauschen
eintausend	ein	tausend
eintausendste	eintausend	ste
eintippen	ein	tippen
eintragen	ein	tragen
eintreffen	ein	treffen
eintreiben	ein	treiben
eintreten	ein	treten
eintrichtern	ein	Trichter	n
eintrittfrei	Eintritt	frei
einträchtig	Eintracht	ig
eintrüben	ein	trüben
eintunken	ein	tunken
eintägig	ein	Tag	ig
eintönig	ein	Ton	ig
eintüten	ein	Tüte	en
einundachtzig	eins	und	achtzig
einundachtzigste	einundachtzig	ste
einunddreißigeckig	Einunddreißigeck	ig
einunddreißigfach	einunddreißig	fach
einunddreißigjährig	einunddreißig	jährig
einunddreißigmal	einunddreißig	mal
einunddreißigminütig	einunddreißig	Minute	ig
einunddreißigste	einunddreißig	ste
einunddreißigstündig	einunddreißig	Stunde	ig
einunddreißigtägig	einunddreißig	tägig
einundfünfzigfach	einundfünfzig	fach
einundfünfzigjährig	einundfünfzig	jährig
einundfünfzigmal	einundfünfzig	mal
einundfünfzigminütig	einundfünfzig	Minute	ig
einundfünfzigste	einundfünfzig	ste
einundneunzig	eins	und	neunzig
einundneunzigste	einundneunzig	ste
einundsechzigfach	einundsechzig	fach
einundsechzigjährig	einundsechzig	jährig
einundsechzigmal	einundsechzig	mal
einundsechzigste	einundsechzig	ste
einundsiebzigste	einundsiebzig	ste
einundvierzigfach	einundvierzig	fach
einundvierzigjährig	einundvierzig	jährig
einundvierzigmal	einundvierzig	mal
einundvierzigminütig	einundvierzig	Minute	ig
einundvierzigste	einundvierzig	ste
einundzwanzig	ein	und	zwanzig
einundzwanzigeckig	Einundzwanzigeck	ig
einundzwanzigfach	einundzwanzig	fach
einundzwanzigjährig	einundzwanzig	jährig
einundzwanzigköpfig	einundzwanzig	köpfig
einundzwanzigmal	einundzwanzig	mal
einundzwanzigminütig	einundzwanzig	Minute	ig
einundzwanzigste	einundzwanzig	ste
einundzwanzigstündig	einundzwanzig	Stunde	ig
einundzwanzigtägig	einundzwanzig	tägig
einundzwanzigwöchig	einundzwanzig	Woche	ig
einvernehmlich	Einvernehmen	lich
einverstanden	ein	verstanden
einwandern	ein	wandern
einwandfrei	Einwand	frei
einweg-	ein	Weg
einweichen	ein	weichen
einweihen	ein	weihen
einweisen	ein	weisen
einwenden	ein	wenden
einwerfen	ein	werfen
einwertig	ein	wertig
einwickeln	ein	wickeln
einwohnerarm	Einwohner	arm
einwohnerreich	Einwohner	reich
einwärts	ein	wärts
einwöchig	ein	Woche	ig
einzahlen	ein	zahlen
einzeilig	ein	Zeile	ig
einzelgängerisch	Einzelgänger	isch
einzelsprachlich	Einzelsprache	lich
einziehbar	einziehen	bar
einziehen	ein	ziehen
einäschern	ein	Asche	ern
einäugig	ein	äugig
einölen	ein	Öl	en
eisbedeckt	Eis	bedeckt
eisen	Eis	en
eisenbewehrt	Eisen	bewehrt
eisenfarben	Eisen	farben
eisenreich	Eisen	reich
eisfrei	Eis	frei
eisgekühlt	Eis	gekühlt
eisig	Eis	ig
eiskalt	Eis	kalt
eiterig	Eiter	ig
eitern	Eiter	en
eiterweiß	Eiter	weiß
eitrig	Eiter	ig
eiweißhaltig	Eiweiß	haltig
ekelerregend	Ekel	erregend
ekelhaft	Ekel	haft
ekelig	Ekel	ig
eklektizistisch	Eklektizismus	isch
eklig	Ekel	ig
ekliptisch	Eklipse	isch
ektropisch	Ektropie	isch
elbisch	Elbe	isch
elefantös	Elefant	ös
elegisch	Elegie	isch
elektrifizieren	Elektrik	fizieren
elektronegativ	elektro	negativ
elektronenstrahlgeschmolzen	Elektronenstrahl	geschmolzen
elenktisch	Elenktik	isch
eleusinisch	Eleusis	isch
elfeckig	Elfeck	ig
elfengleich	Elfe	n	gleich
elffach	elf	fach
elfhundert	elf	hundert
elfköpfig	elf	köpfig
elfmal	elf	mal
elfminütig	elf	Minute	ig
elfmonatig	elf	Monat	ig
elfseitig	elf	Seite
elfstellig	elf	Stelle	ig
elfstündig	elf	Stunde	ig
elftägig	elf	tägig
elfwöchig	elf	Woche	ig
elfzehn	elf	zehn
elitär	Elite	är
ellenlang	Ellen	lang
ellipsenförmig	Ellipse	n	förmig
elterlich	Eltern	lich
elternlos	Eltern	los
emissionsarm	Emission	arm
emotionslos	Emotion	los
empfangen	emp	fangen
empfehlenswert	empfehlen	wert
empfindsam	empfinden	sam
empfänglich	empfangen	lich
emphatisch	Emphase	isch
emporblicken	empor	blicken
emporfahren	empor	fahren
emporheben	empor	heben
emporhelfen	empor	helfen
emporkommen	empor	kommen
emporragen	empor	ragen
emporschnellen	empor	schnellen
emporsteigen	empor	steigen
emporstreben	empor	streben
emportragen	empor	tragen
emporwachsen	empor	wachsen
emporwirbeln	empor	wirbeln
enden	Ende	en
endesgefertigt	Ende	s	gefertigt
endgültig	Ende	gültig
endlagern	Ende	lagern
endlich	Ende	lich
endlos	Ende	los
endogenetisch	endo	genetisch
endophytisch	Endophyt	isch
endoskopisch	Endoskopie	isch
endozentrisch	endo	zentrisch
endsunterschrieben	Ende	s	unterschrieben
energiearm	Energie	arm
energieaufwändig	Energie	aufwändig
energieintensiv	Energie	intensiv
energieliefernd	Energie	liefernd
energiepolitisch	Energie	politisch
energierelevant	Energie	relevant
energiesparend	Energie	sparend
energieverbrauchsrelevant	Energieverbrauch	relevant
engelgleich	Engel	gleich
engelhaft	Engel	haft
engelsgleich	Engel	s	gleich
engherzig	eng	Herz	ig
enigmatisch	Enigma	isch
entamerikanisieren	ent	amerikanisieren
entarten	ent	Art	en
entbehren	ent	*behren
entbehrlich	entbehren	lich
entbehrungsreich	Entbehrung	reich
entbittern	ent	bitter	en
entbrennen	ent	brennen
entdecken	ent	decken
entdunkeln	ent	dunkel	en
entdärmen	ent	Darm	en
entehren	ent	Ehre	en
enteignen	ent	eignen
enteisen	ent	Eis	en
entenartig	Ente	n	artig
enterben	ent	erben
enterohepatisch	entero	hepatisch
enterohämorrhagisch	entero	hämorrhagisch
entfachen	ent	fachen
entfahren	ent	fahren
entfallen	ent	fallen
entfernen	ent	fern
entfesseln	ent	fesseln
entfetten	ent	fetten
entflammbar	entflammen	bar
entflammen	ent	flammen
entflechten	ent	flechten
entfliehen	ent	fliehen
entfließen	ent	fließen
entflohen	ent	Floh	en
entfolgen	ent	folgen
entfremden	ent	fremd
entfärben	ent	färben
entgegenarbeiten	entgegen	arbeiten
entgegenkommen	entgegen	kommen
entgegennehmen	entgegen	nehmen
entgegenschlagen	entgegen	schlagen
entgegensetzen	entgegen	setzen
entgegenstehen	entgegen	stehen
entgegenstellen	entgegen	stellen
entgegenstreben	entgegen	streben
entgegenwirken	entgegen	wirken
entgehen	ent	gehen
entgelten	ent	gelten
entgeltlich	Entgelt	lich
entgleiten	ent	gleiten
enthaupten	ent	Haupt	en
entheben	ent	heben
enthemmen	ent	hemmen
enthüllen	ent	hüllen
entionisieren	ent	ionisieren
entkernen	ent	Kern	en
entkleiden	ent	kleiden
entknoten	ent	knoten
entkolonisieren	ent	kolonisieren
entkommen	ent	kommen
entkoppeln	ent	koppeln
entkreuzigen	ent	kreuzigen
entkräften	ent	Kraft	en
entkräftigen	ent	kräftigen
entkuppeln	ent	kuppeln
entlangfahren	entlang	fahren
entlanggehen	entlang	gehen
entlarven	ent	Larve	en
entlassen	ent	lassen
entlasten	ent	lasten
entlaufen	ent	laufen
entlausen	ent	lausen
entledigen	ent	ledigen
entleeren	ent	leeren
entlehnen	ent	lehnen
entleiben	ent	Leib	en
entleihen	ent	leihen
entlieben	ent	lieben
entmachten	ent	Macht	en
entmannen	ent	Mann	en
entmenschlichen	ent	menschlich	en
entmilitarisieren	ent	militarisieren
entmineralisieren	ent	mineralisieren
entmischen	ent	mischen
entmutigen	ent	mutig
entnazifizieren	ent	nazifizieren
entnehmen	ent	nehmen
entnerven	ent	nerven
entnervt	ent	nervt
entomologisch	Entomologie	isch
entpacken	ent	packen
entpuppen	ent	Puppe	en
entraten	ent	raten
entreißen	ent	reißen
entropisch	Entropie	isch
enträtseln	ent	rätseln
entrücken	ent	rücken
entrüsten	ent	rüsten
entsaften	ent	Saft	en
entsagen	ent	sagen
entsahnen	ent	sahnen
entscheidungsreif	Entscheidung	s	reif
entschlacken	ent	Schlacke	en
entschlafen	ent	schlafen
entschleiern	ent	Schleier	en
entschliessen	ent	schliessen
entschließen	ent	schließen
entschlummern	ent	schlummern
entschlüsseln	ent	Schlüssel	en
entschulden	ent	schulden
entschwinden	ent	schwinden
entschädigen	ent	schädigen
entschärfen	ent	schärfen
entseelen	ent	Seele	en
entsenden	ent	senden
entsetzen	ent	setzen
entsetzlich	entsetzen	lich
entseuchen	ent	Seuche	en
entsichern	ent	sichern
entsinnen	ent	sinnen
entsorgen	ent	sorgen
entsperren	ent	sperren
entspiegeln	ent	spiegeln
entsprechen	ent	sprechen
entsprießen	ent	sprießen
entspringen	ent	springen
entstammen	ent	stammen
entstauben	ent	stauben
entstehen	ent	stehen
entsteinen	ent	Stein	en
entstellen	ent	stellen
entstielen	ent	Stiel	en
entströmen	ent	strömen
entstören	ent	stören
entsäuern	ent	säuern
enttarnen	ent	tarnen
entteeren	ent	teeren
enttäuschen	ent	täuschen
entwaffnen	ent	waffnen
entwalden	ent	Wald	en
entwarnen	ent	warnen
entweichen	ent	weichen
entweihen	ent	weihen
entwenden	ent	wenden
entwerten	ent	werten
entwesen	ent	wesen
entwickeln	ent	wickeln
entwicklungsretardiert	Entwicklung	s	retardiert
entwinden	ent	winden
entwischen	ent	wischen
entwunden	ent	wunden
entwässern	ent	wässern
entwürdigen	ent	würdigen
entzaubern	ent	zaubern
entziehen	ent	ziehen
entzweibrechen	entzwei	brechen
entzweireißen	entzwei	reißen
entzücken	ent	zücken
entzünden	ent	zünden
entzündlich	entzünden	lich
entzündungshemmend	Entzündung	hemmend
entäußern	ent	äußern
enzymkatalysiert	Enzym	katalysiert
ephebisch	Ephebe	isch
epidemiologisch	Epidemiologie	isch
epidemisch	Epidemie	isch
epifaszial	epi	faszial
epigastrisch	epi	gastrisch
epigenetisch	epi	genetisch
epigonisch	Epigone	isch
epigrammatisch	Epigramm	isch
epikureisch	Epikureismus	isch
episodisch	Episode	isch
epistemologisch	Epistemologie	isch
epithetisch	Epithese	isch
eponymisch	Eponym	isch
erahnen	er	ahnen
erarbeiten	er	arbeiten
erbarmungslos	Erbarmung	s	los
erbeben	er	beben
erbeten	er	beten
erbetteln	er	betteln
erbeuten	er	beuten
erbgesund	Erbe	gesund
erbieten	er	bieten
erbitten	er	bitten
erbittern	er	bitter	en
erbkrank	erben	krank
erblassen	er	blass	en
erblich	erben	lich
erblicken	er	blicken
erblonden	er	blond	en
erblühen	er	blühen
erbrechen	er	brechen
erbringen	er	bringen
erbrüten	er	brüten
erbsenzählerisch	Erbsenzähler	isch
erdbebengefährdet	Erdbeben	gefährdet
erdbebensicher	Erdbeben	sicher
erdbeerfarben	Erdbeere	farben
erdbeerrot	Erdbeere	rot
erden	Erde	en
erdfarben	Erde	farben
erdfeucht	Erde	feucht
erdgeschichtlich	Erde	geschichtlich
erdhaltig	Erde	haltig
erdnah	Erde	nah
erdreisten	er	dreist	en
erdrosseln	er	drosseln
erdröhnen	er	dröhnen
erdrücken	er	drücken
erdulden	er	dulden
erdunkeln	er	dunkel	n
erdähnlich	Erde	ähnlich
erdölreich	Erdöl	reich
ereifern	er	eifern
ereignen	er	Auge	en
ereignisreich	Ereignis	reich
ereilen	er	eilen
eremitisch	Eremit	isch
ererben	er	erben
erfahrungsgemäß	Erfahrung	s	gemäß
erfangen	er	fangen
erfassen	er	fassen
erfinden	er	finden
erflehen	er	flehen
erfließen	er	fließen
erfolgen	er	folgen
erfolglos	Erfolg	los
erfolgreich	Erfolg	reich
erfolgversprechend	Erfolg	versprechend
erforderlich	erfordern	lich
erfordern	er	fordern
erfragen	er	fragen
erfreuen	er	freuen
erfreulich	erfreuen	lich
erfreulicherweise	erfreulich	erweise
erfrieren	er	frieren
erfrischen	er	frisch	en
erfühlen	er	fühlen
erfüllbar	erfüllen	bar
erfüllen	er	füllen
ergaunern	er	gaunern
ergeben	er	geben
ergebnislos	Ergebnis	los
ergebnisoffen	Ergebnis	offen
ergießen	er	gießen
ergreifen	er	greifen
ergrünen	er	grünen
ergänzen	er	ganz
erhalten	er	halten
erhaltungswürdig	Erhaltung	würdig
erharren	er	harren
erheben	er	heben
erheischen	er	heischen
erheitern	er	heiter	en
erhenken	er	henken
erhitzen	er	hitzen
erhoffen	er	hoffen
erholen	er	holen
erholsam	erholen	sam
erhorchen	er	horchen
erhängen	er	hängen
erhärten	er	härten
erhören	er	hören
erinnerlich	erinnern	lich
eritreisch	Eritrea	isch
erkalten	er	kalt	en
erkaufen	er	kaufen
erkennen	er	kennen
erkenntlich	erkennen	lich
erkiesen	er	kiesen
erklimmen	er	klimmen
erklingen	er	klingen
erklärlich	erklären	lich
erkranken	er	krank
erkunden	er	kunden
erkälten	er	kalt	en
erkämpfen	er	kämpfen
erküren	er	küren
erlaben	er	laben
erlahmen	er	lahmen
erlangen	er	langen
erlassen	er	lassen
erleben	er	leben
erlebnisreich	Erlebnis	reich
erledigen	er	ledig	en
erlegen	er	legen
erleiden	er	leiden
erlernen	er	lernen
erleschen	er	leschen
erleuchten	er	leuchten
erliegen	er	liegen
erlosen	er	losen
erläutern	er	läutern
erlöschen	er	löschen
erlügen	er	lügen
ermahnen	er	mahnen
ermangeln	er	mangeln
ermannen	er	Mann	en
ermatten	er	matt	en
ermittelbar	ermitteln	bar
ermitteln	er	Mittel
ermittlungsgegenständlich	Ermittlung	s	Gegenstand	lich
ermuntern	er	munter	en
ermutigen	er	mutig	en
ermächtigen	er	mächtig
ermöglichen	er	möglich	en
ermüden	er	müde	en
ernennbar	ernennen	bar
ernennen	er	nennen
erneuerbar	erneuern	bar
erniedrigen	er	niedrig	en
ernähren	er	nähren
erotomanisch	Erotomanie	isch
erpichen	er	pichen
erpressen	er	pressen
erproben	er	proben
erraten	er	raten
errechenbar	errechnen	bar
errechnen	er	rechnen
erregen	er	regen
erreichbar	erreichen	bar
erreichen	er	reichen
erretten	er	retten
errichten	er	richten
erringen	er	ringen
ersatzlos	Ersatz	los
ersaufen	er	saufen
erschaffen	er	schaffen
erschallen	er	schallen
erschaudern	er	schaudern
erschauen	er	schauen
erscheinen	er	scheinen
erschießen	er	schießen
erschlaffen	er	schlaffen
erschlagen	er	schlagen
erschliessen	er	schliessen
erschließen	er	schließen
erschnüffeln	er	schnüffeln
erschrecken	er	schrecken
erschröcklich	erschrocken	lich
erschwingen	er	schwingen
erschwinglich	erschwingen	lich
erschöpfen	er	schöpfen
erschütterungsfrei	Erschütterung	frei
ersehen	er	sehen
ersehnen	er	sehnen
ersetzbar	ersetzen	bar
ersetzen	er	setzen
ersprießlich	ersprießen	lich
erspähen	er	spähen
erstarren	er	starr
erstaufführen	erste	aufführen
erstaunen	er	staunen
erstaunlich	erstaunen	lich
erstaunlicherweise	erstaunlich	erweise
erstbester	erster	bester
erstechen	er	stechen
ersteigen	er	steigen
erstellen	er	stellen
ersterben	er	sterben
ersticken	er	sticken
erstinken	er	stinken
erstklassig	erste	Klasse	ig
erstmals	erst	mals
erstrangig	erste	Rang	ig
erstreben	er	streben
erstrebenswert	erstreben	wert
erstrebsam	erstreben	sam
erstrecken	er	strecken
erstreiten	er	streiten
erstürmen	er	stürmen
ersättigen	er	sättigen
ertanzen	er	tanzen
ertasten	er	tasten
ertauben	er	taub	en
erteilen	er	teilen
ertragen	er	tragen
erträglich	ertragen	lich
ertränken	er	tränken
erträumen	er	träumen
ertönen	er	tönen
ertüchtigen	er	tüchtig	en
eruptiv	Eruption	iv
erwachen	er	wachen
erwachsen	er	wachsen
erwartbar	erwarten	bar
erwarten	er	warten
erwartungsfroh	Erwartung	froh
erwartungsgemäß	Erwartung	s	gemäß
erwecken	er	wecken
erwehren	er	wehren
erweichen	er	weich	en
erweisen	er	weisen
erweitern	er	weitern
erweiterte Realität	erweitert	Realität
erwerben	er	werben
erwerbsmäßig	Erwerb	mäßig
erwerbstätig	Erwerb	tätig
erwidern	er	wider	n
erwirken	er	wirken
erwirtschaften	er	Wirtschaft
erwischen	er	wischen
erwägen	er	wägen
erwählen	er	wählen
erwärmen	er	wärmen
erwürgen	er	würgen
erythematös	Erythem	ös
erzdumm	erz	dumm
erzeigen	er	zeigen
erzeugen	er	zeugen
erzgebirgisch	Erzgebirge	isch
erziehbar	erziehen	bar
erziehen	er	ziehen
erzieherisch	Erziehung	isch
erzielen	er	zielen
erzkonservativ	erz	konservativ
erzwingen	er	zwingen
erzählen	er	zählen
erzürnen	er	zürnen
eröffnen	er	öffnen
erübrigen	er	übrig	en
eschatologisch	Eschatologie	isch
eschen	Esche	en
essayistisch	Essay	istisch
essbar	essen	bar
essensmäßig	Essen	mäßig
essenziell	Essenz	iell
esslingisch	Esslingen	isch
esslöffelweise	Esslöffel	weise
etatmäßig	Etat	mäßig
ethnisch	ἔθνος	isch
ethnologisch	Ethnologie	isch
ethologisch	Ethologie	isch
etikettieren	Etikett	ieren
etwaig	etwa	ig
etwas	edde	waz
etymologisch	Etymologie	isch
euklidisch	Euklid	isch
eulenartig	Eulen	artig
eulenspiegelhaft	Eulenspiegel	haft
euphemistisch	Euphemismus	istisch
euphonisch	Euphonie	isch
euresgleichen	eures	gleich
eurige	euer	ig
europamüde	Europa	müde
europatauglich	Europa	tauglich
europaweit	Europa	weit
europazentriert	Europa	zentriert
europäische Wildkatze	europäisch	Wildkatze
euroskeptisch	euro	skeptisch
eurozentrisch	euro	zentrisch
evakuieren	ē	vacuus
evasiv	Evasion	iv
evozieren	ēvocō	ieren
ewigerweise	ewig	erweise
ewiggestrig	ewig	gestrig
ewiglich	ewig	lich
exegetisch	Exegese	isch
exerzieren	exerceō	ieren
exmatrikulieren	ex	matrikulieren
exogenetisch	exo	genetisch
exozentrisch	exo	zentrisch
experimentierfreudig	experimentieren	freudig
explosionsartig	Explosion	s	artig
exportorientiert	Export	orientiert
extradiegetisch	extra	diegetisch
extragalaktisch	extra	galaktisch
extramundan	extra	mundan
extraordinär	extra	ordinär
extrazellulär	extra	zellulär
exzessiv	Exzess	iv
eßlingisch	Eßlingen	isch
fabelhaft	Fabel	haft
fabisch	Fabier	isch
fabrikneu	Fabrik	neu
facebooken	Facebook	en
facettenartig	Facette	n	artig
fachkundig	Fachkunde	ig
fachsimpeln	Fach	simpeln
fachsprachlich	Fachsprache	lich
fackeln	Fackel	en
fadennackend	Faden	nackend
fadennackt	Faden	nackt
fadisieren	fad	isieren
fahlblau	fahl	blau
fahrbar	fahren	bar
fahrbarer Untersatz	fahrbar	Untersatz
fahrbereit	fahren	bereit
fahrdynamisch	fahren	dynamisch
fahrig	fahren	ig
fahrtauglich	fahren	tauglich
fahruntauglich	fahren	untauglich
fairerweise	fair	erweise
faktisch	Fakt	isch
fallsüchtig	Fallsucht	ig
fallweise	Fall	weise
faltenfrei	Falte	frei
falzlos	Falz	los
familienfreundlich	Familie	freundlich
familiär	Familie	är
fangfrisch	fangen	frisch
fantasievoll	fantasie	voll
farbecht	Farbe	echt
farbenblind	Farbe	blind
farbenfroh	Farbe	froh
farbenreich	Farbe	reich
farbig	Farbe	ig
farblich	Farbe	lich
farblos	Farbe	los
faschieren	Fasch	ieren
fasernackt	Faser	nackt
fassbar	fassen	bar
fasslich	fassen	lich
fassungslos	Fassung	s	los
faszial	Faszie	al
faulig	faul	ig
faustdick	Faust	dick
faustisch	Faust	isch
federführend	feder	führend
federleicht	Feder	leicht
feengleich	Fee	n	gleich
fehlbar	fehlen	bar
fehleranfällig	Fehler	anfällig
fehlerfrei	Fehler	frei
fehlerhaft	Fehler	haft
fehlerlos	Fehler	los
fehlgehen	fehl	gehen
fehlinterpretieren	fehl	interpretieren
fehlleiten	fehl	leiten
fehlsam	fehlen	sam
fehlsichtig	fehlen	Sicht	ig
feien	Fei Fee >	en
feierlich	Feier	lich
feilbieten	feil	bieten
feilhaben	feil	haben
feilhalten	feil	halten
feinabstimmen	fein	abstimmen
feindlich	Feind	lich
feindselig	Feind	selig
feinfühlend	fein	fühlend
feingemahlen	fein	gemahlen
feinherb	fein	herb
feinkörnig	fein	körnig
feinmaschig	fein	Masche	ig
feinporig	fein	Pore	ig
feinpulvrig	fein	pulvrig
feinsinnig	Feinsinn	ig
feinstofflich	fein	stofflich
feinverteilt	fein	verteilt
feixen	Feix	en
feldaus	Feld	aus
feldein	Feld	ein
feldgrau	Feld	grau
felsenfest	Felsen	fest
fensterlos	Fenster	los
fermionisch	Fermion	isch
fernab	fern	ab
fernbleiben	fern	bleiben
ferngucken	fern	gucken
fernhin	fern	hin
fernliegen	fern	liegen
fernmündlich	fern	mündlich
fernsehen	fern	sehen
fernsteuern	fern	steuern
fertigbringen	fertig	bringen
fertigkriegen	fertig	kriegen
fertigmachen	fertig	machen
fertigstellen	fertig	stellen
fertigwerden	fertig	werden
festfragen	fest	fragen
festlich	Fest	lich
festnageln	fest	nageln
festquatschen	fest	quatschen
feststellbar	feststellen	bar
fetthaltig	Fett	haltig
fettig	Fett	ig
fettlöslich	Fett	löslich
fettsüchtig	Fettsucht	ig
fetzendeppert	Fetzen	deppert
feuchtfröhlich	feucht	fröhlich
feuchtheiß	feucht	heiß
feuchtigkeitableitend	Feuchtigkeit	ableitend
feuchtkalt	feucht	kalt
feuerfarben	Feuer	farben
feuerfest	Feuer	fest
feuergefährlich	Feuer	gefährlich
feuerrot	Feuer	rot
feurig	Feuer	ig
fidschianisch	Fidschianer	isch
fieberfrei	Fieber	frei
fieberhaft	Fieber	haft
fieberig	Fieber	ig
fiebern	Fieber	en
fiedeln	Fiedel	en
figurbetont	Figur	betont
figurbewusst	Figur	bewusst
figürlich	Figur	lich
fiktional	Fiktion	al
filamentartig	Filament	artig
filmgeschichtlich	Film	geschichtlich
filmhistorisch	Film	historisch
filterlos	Filter	los
filzig	Filz	ig
finanziell	Finanz	ell
finanzkräftig	Finanz	kräftig
finanzpolitisch	Finanz	politisch
finassieren	finasser	ieren
findig	finden	ig
fingerbreit	Finger	breit
fingerfertig	Finger	fertig
finnländisch	Finnland	isch
fintenreich	Finten	reich
fintieren	Finte	ieren
fischeln	Fisch	eln
fischfressend	Fisch	fressend
fischreich	Fisch	reich
fischähnlich	Fisch	ähnlich
fiskalisch	Fiskus	isch
fistelig	Fistel	ig
flachbrüstig	flach	Brust	ig
flachen	flach	en
flachlegen	flach	legen
flachsfarben	Flachs	farben
flackern	flacken	ern
flackrig	flackern	ig
flammen	Flamme	en
flammenphotometrisch	Flammenphotometrie	isch
flaschenförmig	Flasche	n	förmig
flaschengrün	Flasche	grün
flatterhaft	flattern	haft
flauschig	Flausch	ig
flechtenbewohnend	Flechte	bewohnend
flechtenbildend	Flechte	n	bildend
fleckig	Fleck	ig
flegelhaft	Flegel	haft
flehentlich	flehen	lich
fleischfarben	Fleisch	farben
fleischig	Fleisch	ig
flensburgisch	Flensburg	isch
fliederfarben	Flieder	farben
fliegbar	fliegen	bar
fliegender Teppich	fliegend	Teppich
floristisch	Florist	isch
fluchtartig	Flucht	artig
fluchtbereit	Flucht	bereit
fluchtverdächtig	Flucht	verdächtig
fluchtwillig	Flucht	willig
flugfähig	Flug	fähig
flugtüchtig	Flug	tüchtig
fluguntüchtig	Flug	untüchtig
fluorhaltig	Fluor	haltig
fluoridhaltig	Fluorid	haltig
fluorieren	Fluo	rie	ren
flussab	Fluss	ab
flussauf	Fluss	auf
fluvioglazial	fluvio	glazial
flächendeckend	Fläche	deckend
flächengleich	Fläche	n	gleich
flächengroß	Fläche	groß
flächenmäßig	Fläche	mäßig
flächenzentriert	Fläche	zentriert
fläzen	Fläz	en
flößbar	Floß	bar
flüchtlingsfeindlich	Flüchtling	s	feindlich
flüchtlingsfrei	Flüchtling	frei
flüchtlingspolitisch	Flüchtling	s	politisch
flügellahm	Flügel	lahm
flügellos	Flügel	los
flügeln	Flügel	en
fokussieren	Fokus	ieren
folgenlos	Folge	los
folgenreich	Folgen	reich
folgenschwer	Folgen	schwer
folgerichtig	Folge	richtig
folgewidrig	Folge	widrig
folgsam	folgen	sam
foltern	Folter	en
formal	Form	al
formalisieren	formal	isieren
formbeständig	Form	beständig
formlos	Form	los
formschön	Form	schön
formstabil	Form	stabil
forstwirtschaftlich	Forstwirtschaft	lich
fortbestehen	fort	bestehen
fortbewegen	fort	bewegen
fortbilden	fort	bilden
fortbleiben	fort	bleiben
fortdauern	fort	dauern
forteilen	fort	eilen
fortekeln	fort	ekeln
fortfahren	fort	fahren
fortführen	fort	führen
forthin	fort	hin
fortjagen	fort	jagen
fortkommen	fort	kommen
fortleben	fort	leben
fortlegen	fort	legen
fortlocken	fort	locken
fortmüssen	fort	müssen
fortpflanzen	fort	pflanzen
fortpflanzungsgefährdend	Fortpflanzung	gefährdend
fortschaffen	fort	schaffen
fortschleifen	fort	schleifen
fortschreiben	fort	schreiben
fortschreiten	fort	schreiten
fortschrittlich	Fortschritt	lich
fortschwemmen	fort	schwemmen
fortsetzen	fort	setzen
fortspülen	fort	spülen
fortwerfen	fort	werfen
fortwähren	fort	währen
fortziehen	fort	ziehen
fotodokumentieren	Foto	dokumentieren
foulen	Foul	en
fraglich	Frage	lich
fraglos	Frage	los
fragmentarisch	Fragment	arisch
fraktionslos	Fraktion	los
frankreichweit	Frankreich	weit
franziskanisch	Franziskaner	isch
frauenfeindlich	Frau	en	feindlich
fraulich	Frau	lich
freakig	Freak	ig
frei laufend	frei	laufend
freiberuflich	Freiberufler	lich
freibleibend	frei	bleibend
freiburgisch	Freiburg	isch
freigeben	frei	geben
freihaben	frei	haben
freihalten	frei	halten
freiheitlich	Freiheit	lich
freihändig	frei	Hände	ig
freikaufen	frei	kaufen
freikommen	frei	kommen
freilassen	frei	lassen
freilebend	frei	lebend
freimachen	frei	machen
freimütig	Freimut	ig
freipressen	frei	pressen
freireligiös	frei	religiös
freischalten	frei	schalten
freisetzen	frei	setzen
freisprechen	frei	sprechen
freistellen	frei	stellen
freizügig	frei	zügig
freiäugig	frei	Auge	ig
fremdartig	fremd	artig
fremdeln	fremd	eln
fremdenfeindlich	Fremder	en	feindlich
fremdficken	fremd	ficken
fremdgehen	fremd	gehen
fremdländisch	fremd	Land	isch
fremdsprachig	fremd	Sprache	ig
fremdsprachlich	Fremdsprache	lich
fresssüchtig	Fresssucht	ig
freudianisch	Freudianer	isch
freudig	Freude	ig
freudlos	Freude	los
freuen	froh	en
freundlich	Freund	lich
freundlicherweise	freundlich	erweise
freundschaftlich	Freundschaft	lich
freveln	Frevel	en
friedfertig	Friede	fertig
friedlich	Frieden	lich
friedliebend	Friede	liebend
friedsam	Frieden	sam
friedvoll	Friede	voll
friesisch	Friese	isch
friesländisch	Friesland	isch
fringsen	Frings	en
frischgebacken	frisch	gebacken
fristen	Frist	en
fristgerecht	Frist	gerecht
fristlos	Frist	los
frohsinnig	Frohsinn	ig
froschen	Frosch	en
frostfrei	Frost	frei
frostig	Frost	ig
fruchtbar	Frucht	bar
fruchtig	Frucht	ig
fruchtlos	Frucht	los
fruchtschädigend	Frucht	schädigend
frömmeln	fromm	eln
frömmlerisch	Frömmler	isch
frösteln	Frost	eln
frühblühend	früh	blühend
frühdynastisch	früh	dynastisch
frühestmöglich	frühesten	möglich
frühlingshaft	Frühling	haft
frühmittelhochdeutsch	früh	mittelhochdeutsch
frühmorgens	früh	morgens
frühs	früh	s
frühstücken	Frühstück	en
frühzeitig	früh	Zeit	ig
fuchsig	Fuchs	ig
fuchsteufelswild	Fuchs	Teufel	s	wild
fuchteln	Fuchtel	en
fugenlos	Fugen	los
fummelig	fummeln	ig
fungibel	fungieren	ibel
funken	Funke	en
funkenfrei	Funke	frei
funklig	funkeln	ig
funktional	Funktion	al
funktionell	funktion	ell
funktionieren	Funktion	ieren
funktionstüchtig	Funktion	s	tüchtig
funzelig	Funzel	ig
furchtbar	Furcht	bar
furchteinflößend	Furcht	einflößend
furchterregend	Furcht	erregend
furchtlos	Furcht	los
furchtsam	Furcht	sam
furztrocken	Furz	trocken
fußballbegeistert	Fußball	begeistert
fußkrank	Fuß	krank
fußläufig	Fuß	läufig
fächerartig	Fächer	artig
fächerförmig	Fächer	förmig
fädeln	Faden	eln
fälschlicherweise	fälschlich	erweise
fängig	Fang	ig
färingisch	Färinger	isch
förderlich	fördern	lich
fördern	fürder	n
förmlich	Form	lich
fühlbar	fühlen	bar
fühlerförmig	Fühler	förmig
fündig	Fund	ig
fünfeckig	Fünfeck	ig
fünffach	fünf	fach
fünfhundert	fünf	hundert
fünfhundertjährig	fünfhundert	jährig
fünfhundertmal	fünfhundert	mal
fünfhundertste	fünf	hundertste
fünfhunderttausend	fünf	hundert	tausend
fünfjährig	fünf	jährig
fünfköpfig	fünf	köpfig
fünfmal	fünf	mal
fünfminütig	fünf	Minute	ig
fünfmonatig	fünf	Monat	ig
fünfmonatlich	fünf	monatlich
fünfprozentig	fünf	prozentig
fünfseitig	fünf	Seite
fünfsprachig	fünf	sprachen	ig
fünfstöckig	fünf	Stock	ig
fünfstündig	fünf	Stunde	ig
fünftausend	fünf	tausend
fünftausendfach	fünf	tausendfach
fünftausendmal	fünf	tausendmal
fünftausendste	fünf	tausendste
fünfteilig	fünf	Teil	ig
fünftägig	fünf	Tag	ig
fünftürig	fünf	Tür	ig
fünfundachtzig	fünf	und	achtzig
fünfundachtzigste	fünfundachtzig	ste
fünfunddreißigfach	fünfunddreißig	fach
fünfunddreißigjährig	fünfunddreißig	jährig
fünfunddreißigmal	fünfunddreißig	mal
fünfunddreißigminütig	fünfunddreißig	Minute	ig
fünfunddreißigste	fünfunddreißig	ste
fünfunddreißigstündig	fünfunddreißig	Stunde	ig
fünfundfünfzigfach	fünfundfünfzig	fach
fünfundfünfzigjährig	fünfundfünfzig	jährig
fünfundfünfzigmal	fünfundfünfzig	mal
fünfundfünfzigminütig	fünfundfünfzig	Minute	ig
fünfundfünfzigste	fünfundfünfzig	ste
fünfundneunzig	fünf	und	neunzig
fünfundneunzigste	fünfundneunzig	ste
fünfundsechzigste	fünfundsechzig	ste
fünfundsiebzigste	fünfundsiebzig	ste
fünfundvierzigfach	fünfundvierzig	fach
fünfundvierzigjährig	fünfundvierzig	jährig
fünfundvierzigmal	fünfundvierzig	mal
fünfundvierzigminütig	fünfundvierzig	Minute	ig
fünfundvierzigste	fünfundvierzig	ste
fünfundvierzigstündig	fünfundvierzig	Stunde	ig
fünfundvierzigtägig	fünfundvierzig	tägig
fünfundzwanzig	fünf	und	zwanzig
fünfundzwanzigfach	fünfundzwanzig	fach
fünfundzwanzigjährig	fünfundzwanzig	jährig
fünfundzwanzigköpfig	fünfundzwanzig	Kopf	ig
fünfundzwanzigmal	fünfundzwanzig	mal
fünfundzwanzigminütig	fünfundzwanzig	Minute	ig
fünfundzwanzigste	fünfundzwanzig	ste
fünfundzwanzigstündig	fünfundzwanzig	Stunde	ig
fünfundzwanzigwöchig	fünfundzwanzig	Woche	ig
fünfwertig	fünf	wertig
fünfwöchig	fünf	Woche	ig
fünfzehneckig	Fünfzehneck	ig
fünfzehnfach	fünfzehn	fach
fünfzehnhundert	fünfzehn	hundert
fünfzehnjährig	fünfzehn	jährig
fünfzehnköpfig	fünfzehn	köpfig
fünfzehnmal	fünfzehn	mal
fünfzehnminütig	fünfzehn	Minute	ig
fünfzehnmonatig	fünfzehn	Monat	ig
fünfzehnstündig	fünfzehn	Stunde	ig
fünfzehntägig	fünfzehn	tägig
fünfzehnwöchig	fünfzehn	Woche	ig
fünfzigeckig	Fünfzigeck	ig
fünfzigfach	fünfzig	fach
fünfzigjährig	fünfzig	jährig
fünfzigköpfig	fünfzig	köpfig
fünfzigmal	fünfzig	mal
fünfzigminütig	fünfzig	Minute	ig
fünfzigmonatig	fünfzig	Monat	ig
fünfzigprozentig	fünfzig	prozentig
fünfzigseitig	fünfzig	Seite
fünfzigste	fünfzig	ste
fünfzigstündig	fünfzig	Stunde	ig
fünfzigtausend	fünfzig	tausend
fünfzigtausendfach	fünfzig	tausendfach
fünfzigtausendmal	fünfzig	tausendmal
fünfzigtausendste	fünfzig	tausendste
fünfzigtägig	fünfzig	tägig
fünfzigwöchig	fünfzig	Woche	ig
fürsorglich	Fürsorge	lich
fürstlich	Fürst	lich
fürstäbtlich	Fürstabt	lich
füttern	Futter	n
gabunisch	Gabun	isch
gallertartig	Gallert	artig
gallertig	Gallert	ig
gallig	Galle	ig
galliumhaltig	Gallium	haltig
galliumnitridbasiert	Galliumnitrid	basiert
galliumorganisch	Gallium	organisch
galliumreich	Gallium	reich
galloromanisch	gallo	romanisch
gallorömisch	gallo	römisch
gangbar	Gang	bar
ganzheitlich	Ganzheit	lich
ganzjährig	ganz	jährig
ganzseitig	ganz	Seite
ganzstündig	ganz	stündig
ganztägig	ganz	Tag	ig
ganzzahlig	ganz	Zahl	ig
gargantuesk	Gargantua	esk
gasbetrieben	Gas	betrieben
gasdicht	Gas	dicht
gasförmig	Gas	förmig
gashaltig	Gas	haltig
gasig	Gas	ig
gastfrei	Gast	frei
gastfreundlich	Gast	freundlich
gastroenterisch	gastro	enterisch
gaunern	Gauner	en
ge- -en	ge	en
ge- -t	ge	t
geartet	ge	Art	t
gebbar	geben	bar
gebetsmühlenartig	Gebetsmühle	artig
gebieten	ge	bieten
gebietsweise	Gebiet	weise
gebrauchen	ge	brauchen
gebresthaft	Gebresten	haft
gebräuchlich	Gebrauch	lich
gebuchtet	ge	Bucht	t
gebuckelt	ge	Buckel	t
gebärden	Gebärde	en
gebärfreudig	gebären	freudig
gebührenfrei	Gebühr	n	frei
gebührenpflichtig	Gebühr	pflichtig
gebührlich	gebühren	lich
gecken	Geck	en
gedankenlos	Gedanke	los
gedankenverloren	Gedanke	verloren
gedanklich	Gedanke	lich
gedeihlich	gedeihen	lich
gefahrenreich	Gefahren	reich
gefahrlos	Gefahr	los
gefahrvoll	Gefahr	voll
geflügelt	ge	Flügel	t
gefrieren	ge	frieren
gefriergetrocknet	gefrieren	getrocknet
gefährlich	Gefahr	lich
gefühllos	Gefühl	los
gefühlsbetont	Gefühls	betont
gefühlsblind	Gefühls	blind
gefühlsselig	Gefühls	selig
gefühlvoll	Gefühl	voll
gegenbeschuldigen	gegen	beschuldigen
gegenchecken	gegen	checken
gegeneinander	gegen	einander
gegengeschlechtlich	gegen	geschlechtlich
gegengleich	gegen	gleich
gegenläufig	gegen	läufig
gegenseitig	Gegenseite	ig
gegensinnig	Gegensinn	ig
gegenständlich	Gegenstand	lich
gegenteilig	Gegenteil	ig
gegenzeichnen	gegen	zeichnen
gegenüber	gegen	über
gegenüberstehen	gegenüber	stehen
gegenüberstellen	gegenüber	stellen
gegiebelt	ge	Giebel	t
gegnerisch	Gegner	isch
geheim	ge	Heim
geheimnisvoll	Geheimnis	voll
gehenkelt	ge	Henkel	t
gehirnamputiert	Gehirn	amputiert
gehäusetragend	Gehäuse	tragend
gehörig	gehören	ig
gehörlos	Gehör	los
geigen	Geige	en
geisterhaft	Geister	haft
geisteswissenschaftlich	Geisteswissenschaft	lich
geistlich	Geist	lich
geistlos	Geist	los
geistreich	Geist	reich
geizen	Geiz	en
geköpert	ge	Köper	t
gelatinös	Gelatine	ös
gelaunt	ge	Laune	t
gelbbraun	gelb	braun
gelbgrün	gelb	grün
gelbgrünlich	gelb	grünlich
gelblich	gelb	lich
gelbrot	gelb	rot
gelbsüchtig	Gelbsucht	ig
geldgeil	Geld	geil
geldgierig	Geldgier	ig
geldhungrig	Geld	hungrig
geldlich	Geld	lich
geldpolitisch	Geld	politisch
geldwert	Geld	wert
gelegentlich	gelegen	lich
geleiten	ge	leiten
gelenkig	Gelenk	ig
gelinde	ge	lind
gelingbar	gelingen	bar
geltungssüchtig	Geltung	Sucht	ig
geländegängig	Gelände	gängig
geläufig	ge	laufen	ig
gemeinfasslich	gemein	fasslich
gemeinfrei	gemein	frei
gemeingefährlich	gemein	gefährlich
gemeingermanisch	gemein	germanisch
gemeinnützig	Gemeinnutz	ig
gemeinsam	gemein	sam
gemeinschaftlich	Gemeinschaft	lich
gemeinslawisch	gemein	slawisch
genauso	genau	so
genauso gut	genauso	gut
gendergerecht	Gender	gerecht
generalüberholen	general	überholen
genießbar	genießen	bar
genießen	ge	nießen
genitivisch	Genitiv	isch
genossenschaftlich	Genossenschaft	lich
genotypisch	Genotyp	isch
gentechnikfrei	Gentechnik	frei
gentechnisch	Gentechnik	isch
genueser	Genua	er
genugsam	genug	sam
genusssüchtig	Genuss	süchtig
genüsslich	Genuss	lich
geochemisch	geo	chemisch
geodynamisch	geo	dynamisch
geografisch	Geografie	isch
geologisch	Geologie	isch
geometrisch	Geometrie	isch
geopolitisch	geo	politisch
georgisch	Georgien	isch
geostationär	geo	stationär
geostrategisch	geo	strategisch
geowissenschaftlich	geo	wissenschaftlich
geozentrisch	geo	zentrisch
gepfeffert	ge	Pfeffer	t
gepunktet	ge	Punkt
geradebiegen	gerade	biegen
geradestehen	gerade	stehen
geradkettig	gerade	kettig
geradlinig	Geradlinie	ig
gerechterweise	gerecht	erweise
gereuen	ge	reuen
gerichtlich	Gericht	lich
gerichtsmedizinisch	Gerichtsmedizin	isch
gerinnen	ge	rinnen
germanisch	Germane	isch
germaniumhaltig	Germanium	haltig
gern haben	gern	haben
gernhaben	gern	haben
gertenschlank	Gerte	schlank
geruchfrei	Geruch	frei
geruchlich	Geruch	lich
geruchlos	Geruch	los
geruchsfrei	Geruch	frei
geruchslos	Geruch	s	los
geruchsneutral	Geruch	neutral
geruchsspezifisch	Geruch	spezifisch
geruchtilgend	Geruch	tilgend
geruhsam	geruhen	sam
geräteübergreifend	Gerät	übergreifend
geräuscharm	Geräusch	arm
gerötet	ge	röten	t
gerüchteweise	Gerüchte	weise
gesamtdeutsch	gesamt	deutsch
geschichtlich	Geschichte	lich
geschlechtlich	Geschlecht	lich
geschlechtsreif	Geschlecht	s	reif
geschlechtsuntypisch	Geschlecht	s	untypisch
geschmacklich	Geschmack	lich
geschmacklos	Geschmack	los
geschmacksneutral	Geschmack	neutral
geschwätzig	Geschwätz	ig
geschäftig	Geschäft	ig
gesellschaftlich	Gesellschaft	lich
gesetzestreu	Gesetz	es	treu
gesetzlich	Gesetz	lich
gesetzwidrig	Gesetz	widrig
gesichtslos	Gesicht	s	los
gesinnt	er	sin	et
gesinnungsethisch	Gesinnung	ethisch
gespenstisch	Gespenst	isch
gestaltlos	Gestalt	los
gestehen	ge	stehen
gesteinsbildend	Gestein	bildend
gestiefelt	ge	Stiefel	t
gestielt	ge	Stiel	t
gestirnt	ge	Stern	t
gesundbeten	gesund	beten
gesundheitlich	Gesundheit	lich
gesundheitsfördernd	Gesundheit	s	fördernd
gesundmelden	gesund	melden
getriebelos	Getriebe	los
gewalmt	ge	Walm	t
gewaltbereit	Gewalt	bereit
gewaltig	Gewalt	ig
gewaltsam	Gewalt	sam
gewalttätig	Gewalttat	ig
gewarten	ge	warten
geweckt	ge	Wecke	t
gewerblich	Gewerbe	lich
gewerbsmäßig	Gewerbe	mäßig
gewinnbar	gewinnen	bar
gewinnsüchtig	Gewinn	süchtig
gewissenhaft	Gewissen	haft
gewissenlos	Gewissen	los
gewittrig	Gewitter	ig
gewohnheitsrechtlich	Gewohnheitsrecht	lich
gewährleisten	Gewähr	leisten
gewöhnlich	gewohn	lich
gewöhnlicherweise	gewöhnlich	erweise
gewöhnungsbedürftig	Gewöhnung	s	bedürftig
geziemen	ge	ziemen
ghanaisch	Ghana	isch
gibraltarisch	Gibraltar	isch
gießbar	gießen	bar
giftfrei	Gift	frei
giftgrün	Gift	grün
gifthaltig	Gift	haltig
giftig	Gift	ig
gigantisch	Gigant	isch
gigantomanisch	Gigantomanie	isch
gigerlhaft	Gigerl	haft
gilben	gelb	en
gipfeln	Gipfel	en
glamourös	Glamour	ös
glanzhell	Glanz	hell
glasieren	Glas	ieren
glasig	Glas	ig
glasklar	Glas	klar
glattbügeln	glatt	bügeln
glattflächig	glatt	flächig
glattstellen	glatt	stellen
glaubhaft	glauben	haft
glaublich	glauben	lich
glaubwürdig	glauben	würdig
gleichalterig	gleich	Alter	ig
gleichartig	gleich	Art	ig
gleichbedeutend	gleich	bedeutend
gleichbehandeln	gleich	behandeln
gleichberechtigt	gleich	berechtigt
gleicherweise	gleich	erweise
gleichfalls	gleich	falls
gleichfarbig	gleich	farbig
gleichgeschlechtlich	gleich	geschlechtlich
gleichgültig	gleich	gültig
gleichkommen	gleich	kommen
gleichlautend	gleich	lautend
gleichmachen	gleich	machen
gleichmütig	Gleichmut	ig
gleichsam	gleich	sam
gleichschalten	gleich	schalten
gleichschenklig	gleich	Schenkel	ig
gleichsehen	gleich	sehen
gleichseitig	gleich	Seite	ig
gleichsetzen	gleich	setzen
gleichstellen	gleich	stellen
gleichtun	gleich	tun
gleichursprünglich	gleich	ursprünglich
gleichwertig	gleich	wertig
gleichwie	gleich	wie
gleichwinklig	gleich	winklig
gleichzeitig	gleich	Zeit	ig
gleichziehen	gleich	ziehen
glimpflich	Glimpf	lich
globalgalaktisch	global	galaktisch
glockenhell	Glocke	hell
glutenfrei	Gluten	frei
glutrot	Glut	rot
gläsern	Glas	ern
gläubig	glauben	ig
glückbringend	Glück	bringend
glücklich	Glück	lich
glücklicherweise	glücklich	erweise
glücklos	Glück	los
glückselig	Glück	selig
gnadenlos	Gnade	los
gnoseologisch	Gnoseologie	isch
gnosiologisch	Gnosiologie	isch
gnädig	Gnade	ig
goldfarbig	Gold	farbig
goldglänzend	Gold	glänzend
goldgrün	Gold	grün
goldhaltig	Gold	haltig
goldig	Gold	ig
goldrichtig	Gold	richtig
gotifizieren	Gote	fizieren
gotisch	Gote	isch
gottergeben	Gott	ergeben
gottesfürchtig	Gottesfurcht	ig
gottesgläubig	Gott	es	gläubig
gotteslästerlich	Gott	lästerlich
gottfroh	Gott	froh
gottgefällig	Gott	gefällig
gottgegeben	Gott	gegeben
gottgleich	Gott	gleich
gottgläubig	Gott	gläubig
gottselig	Gott	selig
gottverdammt	Gott	verdammt
grafithaltig	Grafit	haltig
grammatikalisch	Grammatik	al	isch
grammatisch	Grammatik	isch
gramvoll	Gram	voll
granatenvoll	Granate	voll
graphematisch	Graphematik	isch
graphitfarben	Graphit	farben
graphithaltig	Graphit	haltig
graphitieren	Graphit	ieren
grasbewachsen	Gras	bewachsen
grasgrün	Gras	grün
graublau	grau	blau
graubraun	grau	braun
grauenhaft	Grauen	haft
grauenvoll	Grauen	voll
graufarben	grau	farben
graupeln	Graupel	en
grauschwarz	grau	schwarz
grauweiß	grau	weiß
gravitativ	Gravitation	iv
graziös	Grazie	ös
greifbar	greifen	bar
grellfarben	grell	farben
grenadisch	Grenada	isch
grenzdebil	Grenze	debil
grenznah	Grenze	nah
grenzwertig	Grenzwert	ig
griesgrämig	Griesgram	ig
griffbereit	Griff	bereit
griffig	Griff	ig
grippeähnlich	Grippe	ähnlich
grippoid	Grippe	oid
grippös	Grippe	ös
grobgemahlen	grob	gemahlen
grobianisch	Grobian	isch
grobkörnig	grob	körnig
grobporig	grob	Pore	ig
groovig	Groove	ig
grotten-	Krotte	n
grottenhässlich	grotten	hässlich
grottenschlecht	grotten	schlecht
großbritannisch	Großbritannien	isch
großbürgerlich	Großbürger	lich
großdeutsch	groß	deutsch
großenteils	groß	Teil
großflächig	groß	flächig
großfürstlich	Großfürst	lich
großgermanisch	groß	germanisch
großherzig	groß	Herz	ig
großherzoglich	Großherzog	lich
großjährig	groß	Jahr	ig
großkalibrig	groß	Kaliber
großmütterlich	Großmutter	lich
großschreiben	groß	schreiben
großstädtisch	groß	städtisch
großtechnisch	groß	technisch
großväterlich	Großvater	lich
großäugig	groß	äugig
grundbar	Grund	bar
grundfalsch	Grund	falsch
grundgütig	Grund	gütig
grundlos	Grund	los
grundständig	Grund	ständig
grundvernünftig	grund	vernünftig
gruppendynamisch	Gruppe	dynamisch
gruppenweise	Gruppen	weise
gruseln	grausen	eln
grußlos	Gruß	los
grätig	Gräte	ig
gräulich	grau	lich
gräzistisch	Gräzistik	isch
grüblerisch	Grübler	isch
grünblau	grün	blau
gründeln	Grund	eln
gründlich	Grund	lich
grüngelb	grün	gelb
grünlich	grün	lich
grünlichgelb	grünlich	gelb
grünschnäblig	Grünschnabel	ig
grünstichig	Grünstich	ig
guinea-bissauisch	Guinea-Bissau	isch
guineisch	Guinea	isch
gummieren	Gummi	ieren
gummös	Gumma	ös
gunstvoll	Gunst	voll
gustiös	Gusto	ös
gutachterlich	Gutachter	lich
gutachtlich	Gutachten	lich
gutartig	gut	artig
gutaussehend	gut	aussehend
gutbesucht	gut	besucht
guterhalten	gut	erhalten
gutgehen	gut	gehen
gutgelaunt	gut	gelaunt
gutgläubig	gut	gläubig
gutheißen	gut	heißen
gutmachen	gut	machen
gutschreiben	gut	schreiben
gutsituiert	gut	situiert
gutsitzend	gut	sitzend
guttun	gut	tun
gutunterrichtet	gut	unterrichtet
gutverdienend	gut	verdienend
gutwillig	gut	willig
guyanisch	Guyana	isch
gymnastisch	Gymnastik	isch
gynandrisch	Gynandrie	isch
gynozentrisch	gyno	zentrisch
gyromagnetisch	gyro	magnetisch
gyroskopisch	Gyroskop	isch
gönnen	*ga	*unnan
gönnerhaft	Gönner	haft
göttlich	Gott	lich
haarartig	Haar	artig
haargenau	Haar	genau
haarig	Haar	ig
haarklein	Haar	klein
haarsträubend	Haar	sträubend
haarähnlich	Haar	ähnlich
hafenaus	Hafen	aus
hafenein	Hafen	ein
hakelig	haken	ig
halbautomatisch	halb	automatisch
halbbacken	halb	gebacken
halbblind	halb	blind
halbfertig	halb	fertig
halbfett	halb	fett
halbflüssig	halb	flüssig
halbgar	halb	gar
halbgefüllt	halb	gefüllt
halbimmergrün	halb	immergrün
halbjährig	halb	jährig
halbkreisförmig	Halbkreis	förmig
halbleer	halb	leer
halbleitend	halb	leitend
halblustig	halb	lustig
halbmast	halb	Mast
halbmetallisch	Halbmetall	isch
halbnackt	halb	nackt
halboffen	halb	offen
halboffiziell	halb	offiziell
halbquantitativ	halb	quantitativ
halbseiden	halb	seiden
halbstaatlich	halb	staatlich
halbstündig	halb	Stunde	ig
halbstündlich	halb	Stunde	lich
halbtags	Halbtag	s
halbtrocken	halb	trocken
halbtägig	halb	Tag	ig
halbverklungen	halb	verklungen
halbvoll	halb	voll
halbwegs	halb	Weg
halbwollen	halb	wollen
halbwüchsig	halb	Wuchs	ig
halluzinieren	halluciner	ieren
hallöchen	hallo	chen
halogenhaltig	Halogen	haltig
halogenieren	Halogen	ieren
halsabschneiderisch	Halsabschneider	isch
haltbar	halten	bar
haltlos	Halt	los
haltmachen	halt	machen
hamburgern	Hamburger	en
hamburgisch	Hamburg	isch
hammerhart	Hammer	hart
hammermäßig	Hammer	mäßig
hamstern	Hamster	en
hanbalitisch	Hanbaliten	isch
handelseinig	Handel	s	einig
handelseins	Handel	s	eins
handelsrechtlich	Handelsrecht	lich
handelsüblich	Handel	üblich
handfest	Hand	fest
handgeführt	Hand	geführt
handgeschrieben	Hand	geschrieben
handgreiflich	Hand	greif	lich
handlich	Hand	lich
handlungsutilitaristisch	Handlung	utilitaristisch
handsam	Hand	sam
handschriftlich	Handschrift	lich
handtellergroß	Handteller	groß
handverlesen	Hand	verlesen
handwarm	Hand	warm
handwerklich	Handwerk	lich
handyfrei	Handy	frei
handzahm	Hand	zahm
hangeln	Hang	eln
hanseatisch	Hanseat	isch
hansisch	Hanse	isch
hantelförmig	Hantel	förmig
haplologisch	Haplologie	isch
harmlos	Harm	los
harntreibend	Harn	treibend
hartgesotten	hart	gesotten
hartherzig	hart	herzig
hartvergoldet	hart	vergoldet
hartversilbert	hart	versilbert
hasenfüßig	Hasenfuß	ig
haspeln	Haspel	en
haten	hate	en
hau ruck	hau	ruck
hauchdünn	Hauch	dünn
haufenweise	Haufen	weise
hauptamtlich	Hauptamt	lich
hauptberuflich	haupt	beruflich
hauptsächlich	Hauptsache	lich
hausartig	Haus	artig
hausbacken	Haus	gebacken
hauseigen	Haus	eigen
hausförmig	Haus	förmig
hausgebacken	Haus	gebacken
hausgemacht	Haus	gemacht
hausgesessen	Haus	gesessen
haushalten	Haus	halten
haushaltlich	Haushalt	lich
haushaltspolitisch	Haushalt	politisch
haushoch	Haus	hoch
hausieren	Haus	ieren
hausintern	Haus	intern
haussieren	Hausse	ieren
hauteng	Haut	eng
hautfarben	Haut	farben
hautfreundlich	Haut	freundlich
hautnah	Haut	nah
hautschonend	Haut	schonend
hautverträglich	Haut	verträglich
hawaiisch	Hawaii	isch
hebbar	heben	bar
hebeln	Hebel	en
hedonistisch	Hedonist	isch
hegelianisch	Hegelianismus	isch
hegelsch	Hegel	sch
hegemonial	Hegemonie	al
hegen und pflegen	hegen	und	pflegen
heilbar	Heil	bar
heilbringend	Heil	bringend
heiligsprechen	heilig	sprechen
heilkundlich	Heilkunde	lich
heillos	Heil	los
heimatkundlich	Heimatkunde	lich
heimatlos	Heimat	los
heimatvertrieben	Heimat	vertrieben
heimfahren	heim	fahren
heimleuchten	heim	leuchten
heimlich	Heim	lich
heimlichtun	heimlich	tun
heimtückisch	Heim	tückisch
heimwärts	Heim	wärts
heizbar	heizen	bar
heißgeliebt	heiß	geliebt
heißmachen	heiß	machen
heldenhaft	Held	haft
heldisch	Held	isch
heliumgekühlt	Helium	gekühlt
hellauf	hell	auf
hellblau	hell	blau
hellbraun	hell	braun
hellfarben	helle	farben
hellgelb	hell	gelb
hellgoldgelb	hell	goldgelb
hellgrau	hell	grau
hellgrün	hell	grün
hellhäutig	hell	Haut	ig
hellhörig	hell	hören	ig
helllicht	hell	licht
hellorange	hell	orange
hellrosa	hell	rosa
hellrot	hell	rot
hellrötlich	hell	rötlich
hellsehen	hell	sehen
hellseherisch	Hellseher	isch
hellviolett	hell	violett
hellwach	hell	wach
hellweiß	hell	weiß
helvetisch	Helvetien	isch
hemdsärmelig	Hemdsärmel	ig
hemizygot	hemi	Zygote
hepatotoxisch	hepato	toxisch
herabblicken	herab	blicken
herablassen	herab	lassen
herabsetzen	herab	setzen
herabsteigen	herab	steigen
herabwürdigen	herab	würdigen
heran	her	an
heranbilden	heran	bilden
heranbrechen	heran	brechen
heranführen	heran	führen
herangehen	heran	gehen
herankommen	heran	kommen
herannahen	heran	nahen
heranreichen	heran	reichen
herantreten	heran	treten
heranwachsen	heran	wachsen
heranwachsend	heranwachsen	end
heraufbeschwören	herauf	beschwören
herauffahren	herauf	fahren
heraufsetzen	herauf	setzen
heraus	her	aus
heraus-	her	aus
herausbekommen	heraus	bekommen
herausbringen	heraus	bringen
herausdringen	heraus	dringen
herausfordern	heraus	fordern
herausgeben	heraus	geben
herausgehen	heraus	gehen
herausgreifen	heraus	greifen
herausheben	heraus	heben
herausholen	heraus	holen
herauskitzeln	heraus	kitzeln
herauskommen	heraus	kommen
herauskriegen	heraus	kriegen
herauslösen	heraus	lösen
herausplatzen	heraus	platzen
herausprusten	heraus	prusten
herausragen	heraus	ragen
herausreden	heraus	reden
herausreißen	heraus	reißen
herausschaffen	heraus	schaffen
herausschmeißen	heraus	schmeißen
herausschneiden	heraus	schneiden
herausschreiben	heraus	schreiben
herausschöpfen	heraus	schöpfen
herausstechen	heraus	stechen
herausstellen	heraus	stellen
herausstreichen	heraus	streichen
heraussuchen	heraus	suchen
herauszoomen	heraus	zoomen
herbeieilen	herbei	eilen
herbeiführen	herbei	führen
herbeikommen	herbei	kommen
herbeilocken	herbei	locken
herbeirufen	herbei	rufen
herbeischaffen	herbei	schaffen
herbeiziehen	herbei	ziehen
herbringen	her	bringen
herbsteln	Herbst	eln
herbstfarben	Herbst	farben
herbstlich	Herbst	lich
herein	her	ein
hereinfallen	herein	fallen
hereingehen	herein	gehen
hereinkommen	herein	kommen
hereinlassen	herein	lassen
hereinlegen	herein	legen
hereinplatzen	herein	platzen
hereinrufen	herein	rufen
hereinstecken	herein	stecken
herfallen	her	fallen
herführen	her	führen
hergeben	her	geben
herhalten	her	halten
herholen	her	holen
heringsähnlich	Hering	ähnlich
herkommen	her	kommen
herlangen	her	langen
herlaufen	her	laufen
herleiten	her	leiten
hermachen	her	machen
hernach	her	nach
heroinsüchtig	Heroin	süchtig
heroisch	Heros	isch
heroisieren	Heros	isieren
herrisch	Herr	isch
herrlich	hehr	lich
herrühren	her	rühren
hersagen	her	sagen
herstellbar	herstellen	bar
herstellen	her	stellen
herumballern	herum	ballern
herumbewegen	herum	bewegen
herumdoktern	herum	doktern
herumdrehen	herum	drehen
herumeiern	herum	eiern
herumexperimentieren	herum	experimentieren
herumfliegen	herum	fliegen
herumfragen	herum	fragen
herumführen	herum	führen
herumknapsen	herum	knapsen
herumkommandieren	herum	kommandieren
herumkrabbeln	herum	krabbeln
herumlaufen	herum	laufen
herumlungern	herum	lungern
herumnudeln	herum	nudeln
herumschlagen	her	um	schlagen
herumsitzen	herum	sitzen
herumspinnen	herum	spinnen
herumsprechen	herum	sprechen
herumspringen	herum	springen
herumtappen	herum	tappen
herumtreiben	herum	treiben
herumwirbeln	herum	wirbeln
herumwuseln	herum	wuseln
herumzicken	herum	zicken
herumzupfen	herum	zupfen
herunter	her	unter
herunterdrücken	herunter	drücken
herunterfahren	herunter	fahren
herunterfallen	herunter	fallen
herunterhandeln	herunter	handeln
herunterkurbeln	herunter	kurbeln
herunterladen	herunter	laden
herunterlassen	herunter	lassen
heruntermachen	herunter	machen
herunternudeln	herunter	nudeln
herunterrutschen	herunter	rutschen
heruntersetzen	herunter	setzen
herunterspielen	herunter	spielen
herunterstoßen	herunter	stoßen
herunterwärts	herunter	wärts
herunterziehen	herunter	ziehen
hervor	her	vor
hervorbrechen	hervor	brechen
hervorgehen	hervor	gehen
hervorragen	hervor	ragen
hervorrufen	hervor	rufen
hervorstechen	hervor	stechen
hervortreten	hervor	treten
hervortun	hervor	tun
hervorziehen	hervor	ziehen
herzallerliebst	Herz	allerliebst
herzegowinisch	Herzegowina	isch
herzeigen	her	zeigen
herzen	Herz	en
herzerfreuend	Herz	erfreuend
herzerfrischend	Herz	erfrischend
herzerquickend	Herz	erquickend
herzförmig	Herz	förmig
herzhaft	Herz	haft
herziehen	her	ziehen
herzig	Herz	ig
herzlich	Herz	lich
herzlos	Herz	los
herzoglich	Herzog	lich
heteroklitisch	hetero	klitisch
heteronormativ	hetero	normativ
heterozygot	hetero	zygot
heuchlerisch	Heuchler	isch
heuen	Heu	en
heutig	heute	ig
heutigentags	heutig	Tag	s
hexakisoktaedrisch	Hexakisoktaeder	isch
hibbelig	hibbeln	ig
hicksen	hick	sen
hiebfest	Hieb	fest
hienieden	hie	nieden
hierauf	hier	auf
hieraus	hier	aus
hierbei	hier	bei
hierbleiben	hier	bleiben
hierdurch	hier	durch
hierher	hier	her
hierhergehören	hierher	gehören
hierhergehörig	hierhergehören	ig
hierhin	hier	hin
hiermit	hier	mit
hierokratisch	Hierokratie	isch
hierselbst	hier	selbst
hierwärts	hier	wärts
hilfebedürftig	Hilfe	bedürftig
hilflos	Hilfe	los
hilfsweise	Hilfe	s	weise
himbeerfarben	Himbeere	farben
himmelangst	Himmel	Angst
himmelblau	Himmel	blau
himmelhoch	Himmel	hoch
himmelschreiend	Himmel	schreiend
himmelskundlich	Himmelskunde	lich
himmelweit	Himmel	weit
himmelwärts	Himmel	wärts
hinabklettern	hinab	klettern
hinabsteigen	hinab	steigen
hinan	hin	an
hinarbeiten	hin	arbeiten
hinaufgehen	hinauf	gehen
hinaufsteigen	hinauf	steigen
hinaus-	hin	aus
hinausbringen	hinaus	bringen
hinausgehen	hinaus	gehen
hinauskommen	hinaus	kommen
hinauslaufen	hinaus	laufen
hinauslehnen	hinaus	lehnen
hinausragen	hinaus	ragen
hinausschiebbar	hinausschieben	bar
hinausschieben	hinaus	schieben
hinauswollen	hinaus	wollen
hinauszögern	hinaus	zögern
hinbekommen	hin	bekommen
hinderlich	hindern	lich
hindeuten	hin	deuten
hindurchgehen	hindurch	gehen
hinein	hin	ein
hineinbewegen	hinein	bewegen
hineinblättern	hinein	blättern
hineingehen	hinein	gehen
hineingezogen	hinein	gezogen
hineinhorchen	hinein	horchen
hineininterpretieren	hinein	interpretieren
hineinkommen	hinein	kommen
hineinmusen	hinein	musen
hineinoptieren	hinein	optieren
hineinpassen	hinein	passen
hineinrufen	hinein	rufen
hineinspielen	hinein	spielen
hineinwollen	hinein	wollen
hineinziehen	hinein	ziehen
hineinzoomen	hinein	zoomen
hinfahren	hin	fahren
hinfallen	hin	fallen
hinfort	hin	fort
hingeben	hin	geben
hingehen	hin	gehen
hingehören	hin	gehören
hinhalten	hin	halten
hinhauen	hin	hauen
hinhören	hin	hören
hinkommen	hin	kommen
hinkünftig	hin	künftig
hinlänglich	hinlangen	lich
hinmorden	hin	morden
hinnehmbar	hinnehmen	bar
hinnehmen	hin	nehmen
hinreissen	hin	reissen
hinrichten	hin	richten
hinrücken	hin	rücken
hinschreiben	hin	schreiben
hinsehen	hin	sehen
hinsetzen	hin	setzen
hinstarren	hin	starren
hinstellen	hin	stellen
hinsterben	hin	sterben
hinstrecken	hin	strecken
hinstürzen	hin	stürzen
hintanhalten	hintan	halten
hintanlegen	hintan	legen
hintansetzen	hintan	setzen
hintanstellen	hintan	stellen
hintergehbar	hintergehen	bar
hintergehen	hinter	gehen
hinterherpfeifen	hinterher	pfeifen
hinterherspionieren	hinterher	spionieren
hinterhertelefonieren	hinterher	telefonieren
hinterherwerfen	hinterher	werfen
hinterhältig	Hinterhält	ig
hinterlegen	hinter	legen
hinterwäldlerisch	Hinterwäldler	isch
hinterziehen	hinter	ziehen
hinunter	hin	unter
hinunterdrücken	hinunter	drücken
hinunterklettern	hinunter	klettern
hinunterlassen	hinunter	lassen
hinunterrutschen	hinunter	rutschen
hinunterschlucken	hinunter	schlucken
hinunterspülen	hinunter	spülen
hinunterziehen	hinunter	ziehen
hinweg	hin	weg
hinwegfegen	hinweg	fegen
hinweggehen	hinweg	gehen
hinwegkommen	hinweg	kommen
hinwegraffen	hinweg	raffen
hinwegschauen	hinweg	schauen
hinwegsehen	hinweg	sehen
hinwegtrösten	hinweg	trösten
hinwegtäuschen	hinweg	täuschen
hinweisen	hin	weisen
hinwollen	hin	wollen
hinzu	hin	zū
hinzubekommen	hinzu	bekommen
hinzufügen	hinzu	fügen
hinzukommen	hinzu	kommen
hippokratisch	Hippokrates	isch
hirnlos	Hirn	los
hirntot	Hirn	tot
hirschledern	Hirschleder	n
hitlerisch	Hitler	isch
hitzefrei	Hitze	frei
hitzen	Hitze	en
hitzig	Hitze	ig
hobbymäßig	Hobby	mäßig
hobeln	Hobel	en
hochaktuell	hoch	aktuell
hochalpin	hoch	alpin
hocharbeiten	hoch	arbeiten
hochauflösend	hoch	auflösend
hochbeamen	hoch	beamen
hochbeansprucht	hoch	beansprucht
hochbeglückt	hoch	beglückt
hochbetagt	hoch	betagt
hochdekoriert	hoch	dekoriert
hochdeutsch	hoch	deutsch
hochdienen	hoch	dienen
hochdosiert	hoch	dosiert
hochdramatisch	hoch	dramatisch
hochelegant	hoch	elegant
hochempfindlich	hoch	empfindlich
hochenergetisch	hoch	energetisch
hochentwickelt	hoch	entwickelt
hochentzündlich	hoch	entzündlich
hochexplosiv	hoch	explosiv
hochfahren	hoch	fahren
hochfein	hoch	fein
hochfest	hoch	fest
hochgeachtet	hoch	geachtet
hochgefährlich	hoch	gefährlich
hochgehen	hoch	gehen
hochgelegen	hoch	gelegen
hochgelobt	hoch	gelobt
hochgestellt	hoch	gestellt
hochgiftig	hoch	giftig
hochhackig	hoch	Hacke	ig
hochhalten	hoch	halten
hochheben	hoch	heben
hochheilig	hoch	heilig
hochherzig	hoch	herzig
hochintelligent	hoch	intelligent
hochinteressant	hoch	interessant
hochklappen	hoch	klappen
hochklassig	hoch	Klasse	ig
hochkochen	hoch	kochen
hochkommen	hoch	kommen
hochkompliziert	hoch	kompliziert
hochkonzentriert	hoch	konzentriert
hochkrempeln	hoch	krempeln
hochkriechen	hoch	kriechen
hochmittelalterlich	Hochmittelalter	lich
hochmodern	hoch	modern
hochmolekular	hoch	molekular
hochmögend	hoch	mögend
hochnäsig	hoch	Nase	ig
hochprozentig	hoch	prozentig
hochqualitativ	hoch	qualitativ
hochreaktiv	hoch	reaktiv
hochrein	hoch	rein
hochrot	hoch	rot
hochschlafen	hoch	schlafen
hochschmelzend	hoch	schmelzend
hochschwanger	hoch	schwanger
hochspielen	hoch	spielen
hochsprachlich	hoch	sprachlich
hochstapeln	hoch	stapeln
hochstehend	hoch	stehend
hochstellen	hoch	stellen
hochstufen	hoch	stufen
hochtechnologisch	hoch	technologisch
hochtourig	hoch	Tour	ig
hochtoxisch	hoch	toxisch
hochtrabend	hoch	trabend
hochtragen	hoch	tragen
hochverarbeitet	hoch	verarbeitet
hochverehrt	hoch	verehrt
hochverräterisch	hoch	verräterisch
hochverschuldet	hoch	verschuldet
hochwarmfest	hoch	warmfest
hochwassergefährdet	Hochwasser	gefährdet
hochwertig	hoch	wertig
hochzeitlich	hoch	zeitlich
hoffnungsvoll	Hoffnung	voll
hofieren	Hof	ieren
hoheitlich	Hoheit	lich
hohenzollernsch	Hohenzollern	sch
holografisch	Holografie	isch
holperig	holpern	ig
holprig	holpern	ig
holzfarben	Holz	farben
holzfarbig	Holz	farbig
holzfrei	Holz	frei
holzhaltig	Holz	haltig
holzig	Holz	ig
holzschlifffrei	Holzschliff	frei
homerisch	Homer	isch
homiletisch	homiletik	isch
homocyclisch	homo	cyclisch
homoerotisch	homo	erotisch
homogen	homo	gen
homonom	homo	nom
homonuklear	homo	nuklear
homophob	homo	phob
homosexuell	homo	sexuell
homozygot	homo	zygot
homöopathisch	homöo	pathisch
homöostatisch	Homöostase	isch
honigfarben	Honig	farben
honigsüß	Honig	süß
hordenweise	Horde	weise
hormonhaltig	Hormon	haltig
hospitalisieren	Hospital	isieren
hucken	Hucke	en
hufeisenförmig	Hufeisen	förmig
humanistisch	Humanist	isch
humorig	Humor	ig
humoristisch	Humorist	isch
humorlos	Humor	los
humorvoll	Humor	voll
humusreich	Humus	reich
hunde-	Hund	e
hundekalt	hunde	kalt
hundemüde	hunde	müde
hunderteins	hundert	eins
hunderterlei	hundert	erlei
hunderterste	hundert	erste
hundertfach	hundert	fach
hundertjährig	hundert	jährig
hundertköpfig	hundert	köpfig
hundertmal	hundert	mal
hundertprozentig	hundert	prozentig
hunderttausend	hundert	tausend
hunderttausendfach	hundert	tausendfach
hunderttausendmal	hundert	tausendmal
hunderttausendste	hundert	tausendste
hunderttägig	hundert	tägig
hundertundzweite	hundert	und	zweite
hundertzweite	hundert	zweite
hunds-	Hund	s
hundsmüde	hunds	müde
hunsrückisch	Hunsrück	isch
huronisch	Huron	isch
hydraulisch	Hydraulik	isch
hydrolysieren	Hydrolyse	ieren
hydroponisch	Hydroponik	isch
hygienisch	Hygiene	isch
hyperaktiv	hyper	aktiv
hyperbolisch	hyper	bolisch
hyperkatalektisch	hyper	katalektisch
hyperkomplex	hyper	komplex
hypermetropisch	Hypermetropie	isch
hyperventilieren	hyper	ventilieren
hypobromig	hypo	bromig
hypochlorig	hypo	chlorig
hypodorisch	hypo	dorisch
hypoionisch	hypo	ionisch
hypolokrisch	hypo	lokrisch
hypolydisch	hypo	lydisch
hypomixolydisch	hypo	mixolydisch
hypophrygisch	hypo	phrygisch
hypoäolisch	hypo	äolisch
hypsometrisch	Hypsometrie	isch
hysterisch	hystericus	isch
häbig	haben	ig
hämmerbar	hämmern	bar
hämolytisch	Hämolyse	isch
hämorrhagisch	Hämorrhagie	isch
händisch	Hand	isch
hängenlassen	hängen	lassen
häppchenweise	Häppchen	weise
hären	Haar	en
härmen	Harm	en
härtbar	hart	bar
hässlich	Hass	lich
hätscheln	hatschen	eln
häufig	häufen	ig
häuslich	Haus	lich
höchlich	hoch	lich
höchst	hoch	st
höchstrein	höchst	rein
höfisch	Hof	isch
höhenkrank	Höhe	krank
höhenverstellbar	Höhe	verstellbar
höherstufen	höher	stufen
höhlen	Höhle	en
höhlenkundlich	Höhlenkunde	lich
höhnen	Hohn	en
höllisch	Hölle	isch
hölzern	Holz	ern
hörbar	hören	bar
hörenswert	hören	wert
hörig	hören	ig
hüfthoch	Hüfte	hoch
hüftsteif	Hüfte	steif
hügelig	Hügel	ig
hühnermüde	Huhn	müde
i-Tüpferl-Reiter	i-Tüpferl	Reiter
iahen	ia	en
ich-synton	ich	synton
ichbezogen	ich	bezogen
idealerweise	ideal	erweise
idealistisch	Ideal	istisch
identifizierbar	identifizieren	bar
ideographisch	Ideographie	isch
ideologiekritisch	Ideologiekritik	isch
idiosynkratisch	Idiosynkrasie	isch
idolisieren	Idol	isieren
idyllisch	Idylle	isch
ihresgleichen	ihres	gleichen
ihrige	ihr	ig
ihrzen	ihr	zen
ikonisch	Ikon	isch
illusionär	Illusion	är
im Nullkommanichts	null	Komma	nichts
imkern	Imker	en
immer	io	mer
immer gleich	immer	gleich
immerdar	immer	dar
immerfort	immer	fort
immerwährend	immer	während
immobil	im	mobil
immunologisch	Immunologie	isch
impardonnabel	im	pardonnabel
imperatorisch	Imperator	isch
imperfektiv	im	perfektiv
imperialistisch	Imperialist	isch
impfmüde	impfen	müde
importieren	Import	ieren
importorientiert	Import	orientiert
inaktiv	in	aktiv
inaktivieren	inaktiv	ieren
indefinibel	in	definibel
indeklinabel	in	deklinabel
indezent	in	dezent
indigoblau	Indigo	Blau
indigofarben	Indigo	farben
indiskret	in	diskret
indiskutabel	in	diskutabel
indisponiert	in	disponiert
indiumhaltig	Indium	haltig
indiumorganisch	Indium	organisch
indogermanisch	indo	germanisch
indossierbar	indossieren	bar
induzierbar	induzieren	bar
ineffektiv	in	effektiv
infallibel	in	fallibel
inflationsbereinigt	Inflation	bereinigt
inflationär	Inflation	är
informell	in	formell
infrarot	infra	rot
infrarotempfindlich	infrarot	empfindlich
infrastrukturell	infra	strukturell
ingenieurwissenschaftlich	Ingenieurwissenschaft	lich
inhabergeführt	Inhaber	geführt
inhomogen	in	homogen
injizieren	injicio	ieren
inkommensurabel	in	kommensurabel
inkommod	in	kommod
inkompatibel	in	kompatibel
inkompatibilistisch	in	kompatibilistisch
inkompressibel	in	kompressibel
inkongruent	in	kongruent
inkonsistent	in	konsistent
inländerfreundlich	Inländer	freundlich
inländisch	Inland	isch
innehalten	inne	halten
innerlich	inner	lich
inniglich	innig	lich
innovativ	Innovation	iv
inoffiziell	in	offiziell
inoperabel	in	operabel
inschriftlich	Inschrift	lich
insektenfressend	Insekt	fressend
insektenkundlich	Insektenkunde	lich
inselbegabt	Insel	begabt
instabil	in	stabil
instand halten	instand	halten
instand setzen	instand	setzen
instinktiv	Instinkt	iv
institutionell	Institution	ell
instrumental	Instrument	al
instrumentalisieren	instrumental	isieren
insuffizient	in	suffizient
intelligenterweise	intelligent	erweise
intensivieren	intensiv	ieren
interdisziplinär	inter	disziplinär
interessanterweise	interessant	erweise
interglazial	inter	glazial
interimistisch	Interim	istisch
interkonfessionell	inter	konfessionell
interkontinental	inter	kontinental
interkranial	inter	kranial
interkristallin	inter	kristallin
interkrustal	inter	krustal
interkulturell	inter	kulturell
intermenstruell	inter	menstruell
intermetallisch	inter	metallisch
intermezzoartig	Intermezzo	artig
interministeriell	inter	ministeriell
intermolekular	inter	molekular
internetbasiert	Internet	basiert
internetsüchtig	Internet	süchtig
interozeanisch	inter	ozeanisch
interparlamentarisch	inter	parlamentarisch
interpersonell	inter	personell
interplanetar	inter	planetar
interpretativ	Interpretation	iv
interpretierbar	interpretieren	bar
intersektoral	inter	sektoral
intersexuell	inter	sexuell
intersubjektiv	inter	subjektiv
intervallisch	Intervall	isch
interventionistisch	Interventionist	isch
intervokalisch	inter	vokalisch
interzellular	inter	zellular
interzellulär	inter	zellulär
intradiegetisch	intra	diegetisch
intrakrustal	intra	krustal
intrakulturell	intra	kulturell
intramolekular	intra	molekular
intraoperativ	intra	operativ
intraossär	intra	ossär
intrauterin	intra	uterin
intravenös	intra	venös
intrazellulär	intra	zellulär
involvieren	involvō	ieren
inzestuös	Inzest	ös
inzwischen	in	zwischen
inzüchtig	Inzucht	ig
iodhaltig	Jod	haltig
iodidhaltig	Iodid	haltig
iodometrisch	Iodometrie	isch
ionenabsorbierend	Ionen	absorbierend
irakisch	Irak	isch
iranfeindlich	Iran	feindlich
irgendjemand	irgend	jemand
irgendwie	irgend	wie
irgendwo	irgend	wo
irgendwoher	irgend	woher
irländisch	Irland	isch
irokesisch	Irokese	isch
irregehen	irre	gehen
irregularisieren	irregulär	isieren
irregulär	in	regulär
irremachen	irre	machen
irreversibel	ir	reversibel
irrig	irre	ig
irrsinnig	Irrsinn	ig
irrsinnigerweise	irrsinnig	erweise
irrtümlich	Irrtum	lich
irrtümlicherweise	irrtümlich	erweise
irrwitzig	Irrwitz	ig
islamisch	Islam	isch
islamisieren	Islam	isieren
isländisch	Island	isch
isodiametrisch	iso	diametrisch
isoelektronisch	iso	elektronisch
isokinetisch	iso	kinetisch
isomerisieren	Isomer	isieren
israelisch	Israel	isch
israelitisch	Israelit	isch
italienweit	Italien	weit
jadegrün	Jade	grün
jaden	Jade	en
jagdbar	jagen	bar
jagdberechtigt	Jagd	berechtigt
jagdbesessen	Jagd	besessen
jagdgerecht	Jagd	gerecht
jagdlich	Jagd	lich
jagdrechtlich	Jagd	rechtlich
jahrhundertelang	Jahrhundert	e	lang
jahrtausendelang	Jahrtausend	lang
jahrzehntelang	Jahrzehnte	lang
jamaikanisch	Jamaika	isch
jambisch	Jambus	isch
jammerschade	Jammer	Schade
japanisch	Japan	isch
jazzig	Jazz	ig
jazzoid	Jazz	oid
je nachdem	je nach	dem
jeansfarben	Jeans	farben
jeckisch	Jecke	isch
jedenfalls	jeder	en	falls
jedoch	je	doch
jeher	je	her
jekaterinisch	Jekaterinburg	isch
jemenitisch	Jemenit	isch
jenseitig	jene	Seite	ig
jenseits	jene	Seite	s
jesuitisch	Jesuit	isch
jettschwarz	Jett	schwarz
jetzig	jetzt	ig
jetzt	je	zu
jiddeln	Jiddisch	eln
jiddischistisch	Jiddischist	isch
jihadistisch	Jihadist	isch
jodhaltig	Jod	haltig
jodidhaltig	Jodid	haltig
journalistisch	Journalist	isch
jubeln	Jubel	en
juchten	юфть	en
judaistisch	Judaistik	isch
judenfeindlich	Jude	feindlich
jugendfrei	Jugend	frei
jugendgefährdend	Jugend	gefährdend
jugendsprachlich	Jugendsprache	lich
julianisch	Julian	isch
jungenhaft	Junge	haft
jungsteinzeitlich	Jungsteinzeit	lich
jungtürkisch	jung	türkisch
jupitergroß	Jupiter	groß
juristisch	Jurist	isch
juxtarenal	juxta	renal
jägergrün	Jäger	grün
jägersprachlich	Jägersprache	lich
jählings	jäh	lings
jähren	Jahr	en
jährig	Jahr	ig
jähzornig	Jähzorn	ig
jämmerlich	Jammer	lich
jüdeln	Jude	eln
kabbalistisch	Kabbalist	isch
kabellos	Kabel	los
kacheln	Kachel	en
kackbraun	Kacke	braun
kadscharisch	Kadschar	isch
kaffeebraun	Kaffee	braun
kafkaesk	Kafka	esk
kahlscheren	kahl	scheren
kaiserlich	Kaiser	lich
kaisertreu	Kaiser	treu
kakifarben	Kaki	farben
kakophonisch	Kakophonie	isch
kalabrisch	Kalabrien	isch
kalendertäglich	Kalender	täglich
kalihaltig	Kali	haltig
kalkhaltig	Kalk	haltig
kalkulatorisch	Kalkulator	isch
kalkweiß	Kalk	weiß
kalligraphisch	Kalligraphie	isch
kalorienbewusst	Kalorien	bewusst
kalorienreich	Kalorien	reich
kalter Kaffee	kalt	Kaffee
kaltgemäßigt	kalt	gemäßigt
kaltherzig	kalt	Herz
kaltschnäuzig	kalt	Schnauze	ig
kalziumhaltig	Kalzium	haltig
kameradschaftlich	Kameradschaft	lich
kamerascheu	Kamera	scheu
kameraüberwacht	Kamera	überwacht
kamerunisch	Kamerun	isch
kampfeslustig	Kampfeslust	ig
kampflos	Kampf	los
kampflustig	Kampf	Lust	ig
kampieren	Kamp	ieren
kanadisch	Kanada	isch
kanariengelb	Kanari	gelb
kandidieren	Kandidat	ieren
kanonisch	Kanon	isch
kantianisch	Kant	ianisch
kantig	Kante	ig
kantonesisch	Kantonese	isch
kapitalkräftig	Kapital	kräftig
kapseln	Kapsel	en
kaputtlachen	kaputt	lachen
kaputtreißen	kaputt	reißen
kaputtreparieren	kaputt	reparieren
kaputtsparen	kaputt	sparen
kapuzenförmig	Kapuze	förmig
kapverdisch	Kap Verde	isch
karamellfarben	Karamell	farben
kardiologisch	Kardiologie	isch
kardiovaskulär	kardio	vaskulär
karelisch	Karelien	isch
karibisch	Karibik	isch
kariespräventiv	Karies	präventiv
karikaturartig	Karikatur	artig
karikaturistisch	Karikaturist	isch
karlistisch	Karl	istisch
karminrot	Karmin	rot
karmisch	Karma	isch
karolingisch	Karolinger	isch
karpatisch	Karpaten	isch
karrieregeil	Karriere	geil
karriolen	Karriole	en
kartoffelig	Kartoffel	ig
kasachisch	Kasache	isch
kassieren	Kasse	ieren
kastanienbraun	Kastanie	n	Braun
kastanienfarbig	Kastanie	farbig
kastenförmig	Kasten	förmig
kasuistisch	Kasuist	isch
katarisch	Katar	isch
kathartisch	Katharsis	isch
katherinoslawisch	Katherinoslaw	isch
kathodisch	Kathode	isch
kationisch	Kation	isch
katzbuckeln	Katzenbuckel	en
katzenfreundlich	Katze	n	freundlich
kaufsüchtig	kauf	süchtig
kaufweise	Kauf	weise
kaukasisch	Kaukasien	isch
kauzig	Kauz	ig
kegelförmig	Kegel	förmig
kegeln	Kegel	en
kehlig	Kehle	ig
kehrtmachen	kehrt	machen
keilförmig	Keil	förmig
keimfrei	Keim	frei
keimtötend	Keim	tötend
keinerlei	kein	erlei
keinesfalls	kein	es	falls
keinmal	kein	mal
kelchförmig	Kelch	förmig
kenianisch	Kenia	isch
kennenlernen	kennen	lernen
kenntnisreich	Kenntnis	reich
kennzeichnen	Kennzeichen	en
kerngesund	Kern	gesund
kernlos	Kern	los
kernphysikalisch	Kern	physikalisch
kernspintomografisch	Kernspin	tomografisch
ketogen	Keton	gen
ketteln	ketten	eln
ketten	Kette	en
kettenförmig	Ketten	förmig
ketzerisch	Ketzer	isch
keulen	Keule	en
keulenförmig	Keule	n	förmig
kiefernartig	Kiefer	n	artig
kieselsäurehaltig	Kieselsäure	haltig
kieshaltig	Kies	haltig
kiesig	Kies	ig
kiffen	Kif	en
kilometerhoch	Kilometer	hoch
kilometerlang	Kilometer	lang
kiltbekleidet	Kilt	bekleidet
kimmerisch	Kimmerer	isch
kinderlos	Kind	er	los
kinderreich	Kinder	reich
kindgemäß	Kind	gemäß
kindgerecht	Kind	gerecht
kindlich	Kind	lich
kinematographisch	Kinematographie	isch
kinästhetisch	Kinästhetic	isch
kippeln	kippen	eln
kirchenlateinisch	Kirchenlatein	isch
kirchenslawisch	Kirche	slawisch
kirchlich	Kirche	lich
kiribatisch	Kiribati	isch
kirren	kirre	en
kirschrot	Kirsche	rot
kitschig	Kitsch	ig
kitten	Kitt	en
klageberechtigt	Klage	berechtigt
klageweise	Klage	weise
klaglos	Klage	los
klangvoll	Klang	voll
klappbar	klappen	bar
klapsen	Klaps	en
klarerweise	klar	erweise
klarkommen	klar	kommen
klarlegen	klar	legen
klarmachen	klar	machen
klarspülen	klar	spülen
klarträumen	klar	träumen
klassischerweise	klassisch	erweise
klassizistisch	Klassizisimus	istisch
klatschnass	klatschen	nass
klatschsüchtig	Klatsch	süchtig
kleidsam	Kleid	sam
kleiehaltig	Kleie	haltig
kleinasiatisch	Kleinasien	isch
kleinbürgerlich	Kleinbürger	lich
kleindeutsch	klein	deutsch
kleingeistig	klein	geistig
kleingläubig	klein	gläubig
kleinhalten	klein	halten
kleinkariert	klein	kariert
kleinkriegen	klein	kriegen
kleinkrämerisch	klein	krämerisch
kleinlaut	klein	laut
kleinlich	klein	lich
kleinmaschig	klein	Masche	ig
kleinrechnen	klein	rechnen
kleinreden	klein	reden
kleinschreiben	klein	schreiben
kleinschrittig	klein	Schritt	ig
kleinst	klein	st
kleinteilig	Kleinteile	ig
kleinwüchsig	Kleinwuchs	ig
klimatisch	Klima	tisch
klingeln	klingen	eln
klinisch	Klinik	isch
klippenreich	Klippe	reich
klippig	Klippe	ig
klonisch	Klonus	isch
klugerweise	klug	erweise
klugreden	klug	reden
klöppeln	Klöppel	en
klösterlich	Kloster	lich
klügeln	klug	eln
knabenhaft	Knabe	haft
knackfrisch	knacken	frisch
knackig	knacken	ig
knallhart	knallen	hart
knallrot	knallen	rot
knatschig	knatschen	ig
kneipen	Kneipe	n
knickern	knicken	ern
knicksen	Knicks	en
knietief	Knie	tief
knifflig	Kniff	ig
knitterfrei	knittern	frei
knittrig	knittern	ig
knixen	Knix	en
knochendürr	Knochen	dürr
knochentrocken	Knochen	trocken
knollenförmig	Knolle	förmig
knollig	Knolle	ig
knospen	Knospe	en
knuddelig	knuddeln	ig
knuffig	knuffen	ig
knäblich	Knabe	lich
knöchelfrei	Knöchel	frei
knöcheltief	Knöchel	tief
knöchern	Knochen	ern
knöpfen	Knopf	en
knüppeln	Knüppel	en
koalitionstreu	Koalition	treu
koaxial	ko	axial
koblenzisch	Koblenz	isch
kochsalzhaltig	Kochsalz	haltig
kodrig	Koder	ig
koedukativ	ko	edukativ
koffeinhaltig	Koffein	haltig
kohlehaltig	Kohle	haltig
kohlenhydratreich	Kohlenhydrat	reich
kohlenstofffaserverstärkt	Kohlenstofffaser	verstärkt
kohlenstofffrei	Kohlenstoff	frei
kohlenstoffhaltig	Kohlenstoff	haltig
kohlenstoffreich	Kohlenstoff	reich
kohlensäurehaltig	Kohlensäure	haltig
kohlpechrabenschwarz	Kohle	pechrabenschwarz
kohlrabenschwarz	Kohle	Rabe	schwarz
kohlschwarz	Kohle	schwarz
kokainsüchtig	Kokain	süchtig
kollabieren	collābor	ieren
kollateral	kol	lateral
kollegial	Kollege	ial
kollern	Koller	en
kolloidal	Kolloid	al
kolonialpolitisch	Kolonialpolitik	isch
kolonisieren	Kolonie	isieren
kolossal	Koloss	al
komatös	Koma	ös
kombinierbar	kombinieren	bar
kometenhaft	Komet	haft
komfortabel	Komfort	abel
komischerweise	komisch	erweise
kommentarlos	Kommentar	los
kommersieren	Kommers	ieren
kommissarisch	Kommissar	isch
komorbid	ko	morbid
kompatibilistisch	Kompatibilist	isch
komplexgebunden	Komplex	gebunden
komplexieren	komplex	ieren
kompostierbar	kompostieren	bar
kompromissbereit	Kompromiss	bereit
kompromisslos	Kompromiss	los
konditional	Kondition	al
kondolieren	condoleo	ieren
konfessionell	Konfession	ell
konfliktär	Konflikt	är
konformistisch	Konformist	isch
konfrontativ	Konfrontation	iv
konfuzianisch	Konfuzianismus	isch
kongenial	kon	genial
kongolesisch	Kongolese	isch
konisch	Konus	isch
konkretisieren	konkret	isieren
konkretistisch	Konkretismus	isch
konkurrenzfähig	Konkurrenz	fähig
konkurrenzlos	Konkurrenz	los
konkursreif	Konkurs	reif
konservieren	Konserve	ieren
konserviert	Konserve	iert
konsonantisch	Konsonant	isch
konsumierbar	konsumieren	bar
kontaktfreudig	Kontakt	freudig
kontaktscheu	Kontakt	scheu
konterfeien	Konterfei	en
konterrevolutionär	Konterrevolution	är
kontextfrei	Kontext	frei
kontextsensitiv	Kontext	sensitiv
kontrafaktisch	kontra	faktisch
kontraindiziert	kontra	indiziert
kontraproduktiv	kontra	produktiv
kontrastarm	Kontrast	arm
kontrasterhöhend	Kontrast	erhöhend
kontrastreich	Kontrast	reich
kontrollierbar	kontrollieren	bar
kontrolllos	Kontrolle	los
konturlos	Kontur	los
konvenient	Konvenienz	t
konvulsivisch	konvulsiv	isch
konzessionieren	Konzession	ieren
kopfballstark	Kopfball	stark
kopflastig	Kopf	lastig
kopflos	Kopf	los
kopfscheu	Kopf	scheu
kopfüber	Kopf	über
korallen	Koralle	en
koranisch	Koran	isch
korkig	Kork	ig
kornblumenblau	Kornblume	blau
koronal	Korona	al
korrigierbar	korrigieren	bar
korrosionsbeständig	Korrosion	beständig
korrosionsfest	Korrosion	s	fest
korrosionsfördernd	Korrosion	fördernd
korrosionsschützend	Korrosion	schützend
korrumpierbar	korrumpieren	bar
korsisch	Korse	isch
kosakisch	Kosak	isch
kosmetisch	Kosmetik	isch
kosovarisch	Kosovare	isch
kostbar	Kosten	bar
kostendeckend	kosten	deckend
kostenfrei	Kosten	frei
kostenlos	Kosten	los
kostenmäßig	kosten	mäßig
kostenpflichtig	kosten	pflichtig
kotieren	coter	ieren
kotranslational	ko	translational
kotzübel	Kotze	übel
kraftlos	Kraft	los
kraftvoll	Kraft	voll
kragenlos	Kragen	los
krakeelig	krakeelen	ig
kramen	Kram	en
krampfen	Krampf	en
krampfhaft	Krampf	haft
krampfig	Krampf	ig
krankenversichert	Kranker	versichert
krankhaft	krank	haft
krankheitsbedingt	Krankheit	bedingt
krankheitserregend	Krankheit	s	erregen
krankheitswertig	Krankheit	s	wertig
krankmachen	krank	machen
krankmelden	krank	melden
krankschreiben	krank	schreiben
kranzförmig	Kranz	förmig
kratzfest	kratzen	fest
krautig	Kraut	ig
kraxeln	Kraxe	eln
kreationistisch	Kreationismus	istisch
krebsauslösend	Krebs	auslösend
krebserzeugend	Krebs	erzeugend
krebskrank	Krebs	krank
kreditorisch	Kreditor	isch
kreditwürdig	Kredit	würdig
kreidebleich	Kreide	bleich
kreidehaltig	Kreide	haltig
kreideweiß	Kreide	weiß
kreidig	Kreide	ig
kreisfrei	Kreis	frei
kreisförmig	Kreis	förmig
kreisrund	Kreis	rund
kreolisch	Kreole	isch
kretisch	Kreta	isch
kreuzbrav	Kreuz	brav
kreuzen	Kreuz	en
kreuzfidel	Kreuz	fidel
kreuzförmig	Kreuz	förmig
kreuzigbar	kreuzigen	bar
kreuzlahm	Kreuz	lahm
kreuzweise	Kreuz	weise
krickeln	kritzeln	en
kriegerisch	Krieg	isch
kriegsbedingt	Krieg	bedingt
kriegsbeschädigt	Krieg	beschädigt
kriegsentscheidend	Krieg	entscheidend
kriegsgebeutelt	Krieg	gebeutelt
kriegsgeplagt	Krieg	geplagt
kriegsgewohnt	Kriegs	gewohnt
kriegsmüde	Krieg	müde
kriegsversehrt	Krieg	versehrt
kriegswichtig	Krieg	wichtig
kriegszerstört	Krieg	zerstört
kriminalistisch	Kriminalist	isch
kringelig	Kringel	ig
kriseln	Krise	eln
krisenfest	Krise	fest
krisensicher	Krise	n	sicher
kristallen	Kristall	en
kristallklar	Kristall	klar
kritikfähig	Kritik	fähig
kritikwürdig	Kritik	würdig
krumm machen	krumm	machen
krumpelig	Krumpel	ig
krustal	Kruste	al
kryoskopisch	Kryoskopie	isch
kryptographisch	Kryptographie	isch
kränklich	krank	lich
krätzig	Krätze	ig
kräuseln	krausen	eln
kröpfen	Kropf	en
krümeln	Krümel	en
krümmen	krumm	en
kugelförmig	Kugel	förmig
kugelig	Kugel	ig
kugeln	Kugel	en
kugelsicher	Kugel	sicher
kugelsymmetrisch	Kugel	symmetrisch
kuhhackig	Kuh	Hacke	ig
kulanzhalber	Kulanz	s	halber
kultisch	Kult	isch
kulturalistisch	Kulturalist	isch
kulturell	Kultur	ell
kulturfreundlich	Kultur	freundlich
kulturgeschichtlich	Kulturgeschichte	lich
kulturhistorisch	Kultur	historisch
kulturkritisch	Kultur	kritisch
kulturlos	Kultur	los
kulturpolitisch	Kultur	politisch
kumpelhaft	Kumpel	haft
kundgeben	kund	geben
kundmachen	kund	machen
kundschaften	Kundschaft	en
kundtun	kund	tun
kunstgeschichtlich	Kunst	geschichtlich
kunstreich	Kunst	reich
kunststoffähnlich	Kunststoff	ähnlich
kunstvoll	Kunst	voll
kupferhaltig	Kupfer	haltig
kupferig	Kupfer	ig
kupferrot	Kupfer	rot
kupfersteinzeitlich	Kupfersteinzeit	lich
kurabgabepflichtig	Kurabgabe	pflichtig
kurbeln	Kurbel	en
kurländisch	Kurland	isch
kurzarbeiten	kurz	arbeiten
kurzatmig	kurz	Atem	ig
kurzkettig	kurz	kettig
kurzmachen	kurz	machen
kurzschließen	kurz	schließen
kurzstielig	kurz	Stiel	ig
kurzweilig	Kurzweil	ig
kurzwellig	Kurzwelle	ig
kuschelig	kuscheln	ig
kussecht	Kuss	echt
kuwaitisch	Kuwait	isch
kälbrig	Kalb	ig
kälteempfindlich	Kälte	empfindlich
kälteliebend	Kälte	liebend
kärntnerisch	Kärntner	isch
käuflich	kaufen	lich
köcheln	kochen	eln
kölnisch	Köln	isch
königlich	König	lich
königsblau	König	blau
köpfeln	Kopf	eln
köpfen	Kopf	en
körnerfressend	Korn	fressend
körperlich	Körper	lich
kübeln	Kübel	n
kühlgemäßigt	kühl	gemäßigt
kümmerlich	Kummer	lich
kündbar	künden	bar
künden	kund	en
künsteln	Kunst	eln
künstlerisch	Künstler	isch
künstlerische Leiterin	künstlerischer Leiter	in
künstlich	Kunst	lich
kürzlich	kurz	lich
küstennah	Küste	nah
labeln	Label	en
labyrinthartig	Labyrinth	artig
labyrinthisch	Labyrinth	isch
lachhaft	lachen	haft
lachlustig	lachen	lustig
ladyhaft	Lady	haft
lagerbar	lagern	bar
lagern	Lager	ern
lahmarschig	Lahmarsch	ig
lahmen	lahm	en
laichen	Laich	en
laienhaft	Laie	haft
laktieren	lacto	ieren
laktosefrei	Laktose	frei
lamarckistisch	Lamarckismus	isch
lamellenförmig	Lamelle	n	förmig
landesbedeutsam	Land	bedeutsam
landespolitisch	Land	politisch
landesrechtlich	Landesrecht	lich
landesverräterisch	Landesverräter	isch
landesweit	Land	s	weit
landlos	Land	los
landschaftlich	Landschaft	lich
landständisch	Landstände	isch
landwirtschaftlich	Landwirtschaft	lich
langanhaltend	lang	anhaltend
langdauernd	lang	dauernd
langersehnt	lang	ersehnt
langkettig	lang	kettig
langmachen	lang	machen
langsam	lang	sam
langstielig	lang	Stiel	ig
langstängelig	lang	Stängel	ig
langweilig	lang	Weile
langwährend	lang	während
laotisch	Laos	isch
laserinduziert	Laser	induziert
lasieren	Lasur	ieren
lasterhaft	Laster	haft
lateinamerikanisch	Lateinamerika	isch
lateinisch	Latein	isch
lattenstramm	Latte	stramm
laubabwerfend	Laub	abwerfend
launenhaft	Laune	haft
launig	Laune	ig
launisch	Laune	isch
lauschig	lauschen	ig
lausen	Laus	en
laut denken	laut	denken
lauten	Laut	en
lautgerecht	Laut	gerecht
lautlich	Laut	lich
lautlos	Laut	los
lautmalerisch	Lautmalerei	isch
lautstark	Laut	stark
lauwarm	lau	warm
lavendelfarben	Lavendel	farben
leaven	leave	en
lebendig	lebend	ig
lebensbedrohlich	Leben	bedrohlich
lebensecht	Leben	s	echt
lebenserfahren	Leben	erfahren
lebensfeindlich	Leben	s	feindlich
lebensgefährlich	Lebensgefahr	lich
lebenslang	Leben	s	lang
lebensmittelkundlich	Lebensmittelkunde	lich
lebensmüde	Leben	s	müde
lebensnotwendig	Leben	s	notwendig
lebensrettend	Leben	s	rettend
lebenswert	leben	s	wert
lebenswichtig	Leben	wichtig
leberkrank	Leber	krank
leberspezifisch	Leber	spezifisch
lebhaft	leb	haft
ledern	Leder	n
lediglich	ledig	lich
leeressen	leer	essen
leerlaufen	leer	laufen
leewärts	Lee	wärts
legendenumwoben	Legende	woben
legendär	Legende	är
legierbar	legieren	bar
legitimieren	legitim	ieren
legitimistisch	Legitimismus	isch
lehmhaltig	Lehm	haltig
lehmig	Lehm	ig
lehrbuchmäßig	Lehrbuch	mäßig
lehren	*lizaną	*-janą
lehrreich	Lehre	reich
leibeigen	Leib	eigen
leibhaftig	leibhaft	ig
leiblich	Leib	lich
leichenblass	Leiche	blass
leichtentzündlich	leicht	entzündlich
leichtfallen	leicht	fallen
leichtfertig	leicht	fertig
leichtflüssig	leicht	flüssig
leichtfüßig	leicht	Fuß	ig
leichtherzig	leicht	herzig
leichtlebig	leicht	leben	ig
leichtlöslich	leicht	löslich
leichtsinnigerweise	leichtsinnig	erweise
leichttun	leicht	tun
leidenschaftlich	Leidenschaft	lich
leidenschaftslos	Leidenschaft	s	los
leidig	Leid	ig
leidlich	leiden	lich
leidtun	leid	tun
leiern	Leier	en
leihweise	Leihe	weise
leistungsstark	Leistung	stark
lenkbar	lenken	bar
lepidopterologisch	Lepidopterologie	isch
leprös	Lepra	ös
lernbegierig	lernen	begierig
lesbar	lesen	bar
lesenswert	lesen	wert
leserlich	Leser	lich
lesothisch	Lesotho	isch
lethargisch	Lethargie	isch
lettisch	Lette	isch
letztens	letzt	ens
letzter Schliff	letzt	Schliff
letztgültig	letzter	gültig
letztjährig	letzt	jährig
leugbar	leugnen	bar
leutselig	Leute	selig
levantinisch	Levantiner	isch
leveln	Level	en
lexikographisch	Lexikographie	isch
liberalisieren	liberal	isieren
lichtbrechend	Licht	brechend
lichtdurchlässig	Licht	durchlässig
lichtecht	Licht	echt
lichtempfindlich	licht	empfindlich
lichtensteinisch	Lichtenstein	isch
lichtfunkelnd	Licht	funkelnd
lichtgrau	licht	grau
lichtgrün	licht	grün
lichtingsch	Lichting	sch
lichtscheu	Licht	scheu
lieb haben	lieb	haben
lieben	lieb	en
liebeshungrig	Liebe	hungrig
liebeskrank	Liebe	s	krank
liebestoll	Liebe	toll
liebevoll	Liebe	voll
liebgewinnen	lieb	gewinnen
liebhaben	lieb	haben
lieblos	Liebe	los
liebreizend	Liebe	reizend
lieferbar	liefern	bar
liegenbleiben	liegen	bleiben
liegenlassen	liegen	lassen
ligurisch	Ligurien	isch
lilafarben	lila	farben
lilafarbig	lila	farbig
limnologisch	Limnologie	isch
lindgrün	Linde	grün
linguistisch	Linguistik	isch
linientreu	Linie	treu
linksalternativ	links	alternativ
linksdonauisch	links	donauisch
linksdrehend	links	drehend
linksdünisch	links	dünisch
linkselbisch	links	elbisch
linksextrem	links	extrem
linksextremistisch	links	extremistisch
linkslastig	links	lastig
linksmaasisch	links	maasisch
linksodrisch	links	odrisch
linksrekursiv	links	rekursiv
linksrheinisch	links	rheinisch
linksseitig	links	Seite	ig
linkstotal	links	total
linksversifft	links	versifft
linksweserisch	links	weserisch
listen	Liste	en
litauisch	Litauen	isch
lithiumorganisch	Lithium	organisch
lobbyieren	Lobby	ieren
lobpreisen	Lob	preisen
lobsagen	Lob	sagen
lobsingen	Lob	singen
lockermachen	locker	machen
loggen	Log	en
logischerweise	logisch	erweise
logografisch	Logografie	isch
lohnenswert	lohnen	wert
lokrisch	Lokris	isch
lokutiv	Lokution	iv
lombardisch	Lombardei	isch
losbrechen	los	brechen
loseisen	los	Eis	en
losfahren	los	fahren
losgeben	los	geben
losgehen	los	gehen
loskaufen	los	kaufen
losketten	los	Kette	en
loslachen	los	lachen
loslassen	los	lassen
loslaufen	los	laufen
loslegen	los	legen
loslösen	los	lösen
losmachen	los	machen
losmarschieren	los	marschieren
losmüssen	los	müssen
losprügeln	los	prügeln
lossagen	los	sagen
losschießen	los	schießen
losschlagen	los	schlagen
losschrauben	los	schrauben
loswerden	los	werden
losziehen	los	ziehen
loten	Lot	en
lotsen	Lotse	en
luftdicht	Luft	dicht
luftdurchlässig	Luft	durchlässig
luftempfindlich	Luft	empfindlich
luftgefüllt	Luft	gefüllt
luftgekühlt	Luft	gekühlt
lufthaltig	Luft	haltig
lufttechnisch	Lufttechnik	isch
lukullisch	Lucullus	isch
luministisch	Luminismus	isch
lumpig	Lump	ig
lungengängig	Lunge	gängig
lupenrein	Lupe	rein
lustgetrieben	Lust	getrieben
lustigerweise	lustig	erweise
lustlos	Lust	los
lutherisch	Luther	isch
luvwärts	Luv	wärts
lächerlich	lachen	er	lich
ländlich	Land	lich
länglich	lang	lich
läppern	lappen	ern
läppisch	Lapp	isch
lärmen	Lärm	en
lästern	Laster	n
lästig	Last	ig
läuten	Laut	en
läutern	lauter	en
löblich	loben	lich
löcherig	Löcher	ig
löchern	Löcher	en
löffeln	Löffel	en
löffelrein	Löffel	rein
löffelweise	Löffel	weise
löslich	lösen	lich
lückenhaft	Lücke	haft
lückenlos	Lücke	los
lüftbar	lüften	bar
lüftungstechnisch	Lüftungstechnik	isch
lügnerisch	Lügner	isch
lümmeln	Lümmel	en
machbar	machen	bar
machtlos	Macht	los
machtvoll	Macht	voll
mafiös	Mafia	ös
magdeburgisch	Magdeburg	isch
magensaftresistent	Magensaft	resistent
magersüchtig	Magersucht	ig
maghrebinisch	Maghreb	inisch
magisch	Magie	isch
magmatisch	Magma	atisch
magnetisch	Magnet	isch
magnetisierbar	magnetisieren	bar
mainstreamig	Mainstream	ig
mainzisch	Mainz	isch
maisgelb	Mais	gelb
majestätisch	Majestät	isch
makedonisch	Makedonien	isch
makellos	Makel	los
makeln	maken	eln
malawisch	Malawi	isch
maledivisch	Malediven	isch
malerisch	Maler	isch
malisch	Mali	isch
malnehmen	mal	nehmen
malthusisch	Malthus	isch
mamertinisch	Mamertiner	isch
mancherlei	manch	erlei
manchmal	manch	Mal
mandeläugig	Mandelauge	ig
manganhaltig	Mangan	haltig
manganometrisch	Manganometrie	isch
manganreich	Mangan	reich
mangelhaft	Mangel	haft
manieriert	Manier	iert
manierlich	Manier	lich
manifestieren	manifēstō	ieren
manipulierbar	manipulieren	bar
mannhaft	Mann	haft
mannigfach	manch	fach
mannigfaltig	manch	faltig
mannmännlich	Mann	männlich
mannstoll	Mann	toll
manövrieren	Manöver	ieren
markenrechtlich	Markenrecht	lich
markentypisch	Marke	n	typisch
markerschütternd	Mark	erschütternd
markig	Mark	ig
marktbar	Markt	bar
markten	Markt	en
marktwirtschaftlich	Marktwirtschaft	lich
marmorn	Marmor	en
maronitisch	Maronit	isch
marshallisch	Marshallinseln	isch
marxistisch	Marxist	isch
maschinenlesbar	Maschine	lesbar
maschinenmäßig	Maschine	n	mäßig
maschinenschriftlich	Maschinenschrift	lich
masochistisch	Masochist	isch
massentauglich	Masse	tauglich
massieren	Masse	ieren
massig	Masse	ig
masturbatorisch	Masturbation	isch
materialistisch	Materialist	isch
mathematisch	Mathematik	isch
mattgolden	Mattgold	en
mattgrau	matt	grau
mattsetzen	matt	setzen
maulwurfgrau	Maulwurf	grau
mauretanisch	Mauretanien	isch
maurisch	Maure	isch
mauritisch	Mauritius	isch
mauscheln	Mauschel	en
mausgrau	Maus	grau
mautfrei	Maut	frei
mazedonisch	Mazedonien	isch
maßeinheitslos	Maßeinheit	s	los
maßgebend	Maß	gebend
maßhalten	Maß	halten
maßnehmen	Maß	nehmen
maßstabsgerecht	Maßstab	gerecht
maßstabsgetreu	Maßstab	getreu
maßvoll	Maß	voll
mecklenburgisch	Mecklenburg	isch
medialseitig	medial	Seite	ig
mediatorisch	Mediator	isch
mediengeil	Medien	geil
medienpolitisch	Medienpolitik	isch
medienrechtlich	Medienrecht	lich
medienscheu	Medien	scheu
medienwirksam	Medien	wirksam
medizinisch	Medizin	isch
medizinische Chemie	medizinisch	Chemie
meeresgrün	Meer	es	grün
meerwärts	Meer	wärts
megakurz	mega	kurz
megalomanisch	megaloman	isch
mehlig	Mehl	ig
mehratomig	mehr	atomig
mehrdimensional	mehr	dimensional
mehren	mehr	en
mehrenteils	mehr	Teil
mehrerlei	mehr	erlei
mehrfach	mehr	fach
mehrfarbig	mehr	farbig
mehrgeschossig	mehr	Geschoss	ig
mehrgewichtig	Mehrgewicht	ig
mehrgleisig	mehr	Gleis	ig
mehrjährig	mehr	jährig
mehrköpfig	mehr	köpfig
mehrlappig	mehr	lappig
mehrmotorig	mehr	Motor	ig
mehrreihig	mehr	Reihe	ig
mehrschichtig	mehr	Schicht	ig
mehrseitig	mehr	seitig
mehrsilbig	mehr	Silbe	ig
mehrsprachig	mehr	Sprache	ig
mehrstufig	mehr	stufig
mehrstämmig	mehr	stämmig
mehrteilig	mehr	Teil	ig
mehrtägig	mehr	Tag	ig
mehrweg-	mehrere	Weg
mehrwöchig	mehr	wöchig
meilenweit	Meile	weit
meinesgleichen	meines	gleichen
meinige	mein	ig
meistbesucht	meist	besucht
meistenteils	meist	Teil
meisterhaft	Meister	haft
meisterlich	Meister	lich
meistern	Meister	n
meistgebraucht	meist	gebraucht
meistgeklickt	meist	geklickt
meistverkauft	meist	verkauft
meistverwendet	meist	verwendet
meißeln	Meißel	en
meißenisch	Meißen	isch
melanistisch	Melanismus	istisch
meldungspflichtig	Meldung	pflichtig
meliorativ	Melioration	iv
melodiös	Melodie	ös
membranartig	Membran	artig
membranständig	Membran	ständig
menscheln	Mensch	eln
menschenfeindlich	Mensch	en	feindlich
menschenfressend	Menschen	fressend
menschengemacht	Mensch	n	gemacht
menschenleer	Mensch	en	leer
menschenverachtend	Menschen	verachtend
menschenähnlich	Menschen	ähnlich
menschlich	Mensch	lich
mentalitätsgeschichtlich	Mentalitätsgeschichte	lich
meritokratisch	Meritokratie	isch
merkantilistisch	Merkantilismus	istisch
merkbar	merken	bar
merkmalhaltig	Merkmal	haltig
merkmallos	Merkmal	los
merkwürdig	merken	würdig
merkwürdigerweise	merkwürdig	erweise
merowingisch	Merowinger	isch
mesenchymal	Mesenchym	al
mesmerisieren	Mesmer	isieren
messbar	messen	bar
messerscharf	Messer	scharf
messingen	Messing	en
messingfarben	Messing	farben
messingfarbig	Messing	farbig
messingummantelt	Messing	ummantelt
metabolisieren	Metabolismus	ieren
metadiegetisch	meta	diegetisch
metallen	Metall	en
metallhaltig	metall	haltig
metallisch	Metall	isch
metallorganisch	Metall	organisch
metallurgisch	Metallurgie	isch
metallähnlich	Metall	ähnlich
metamorphisch	metamorph	isch
metaphysisch	meta	physisch
metastabil	meta	stabil
metatheoretisch	meta	theoretisch
meteorologisch	Meteorologie	isch
meterdick	Meter	dick
meterhoch	Meter	hoch
methodistisch	Methodist	isch
metonymisch	Metonymie	isch
metrologisch	Metrologie	isch
meuchlerisch	meucheln	isch
meutern	Meute	ern
mexikanisch	Mexiko	isch
miesepetrig	Miesepeter	ig
mietfrei	Miete	frei
mietweise	Miete	weise
migrantisch	Migrant	isch
migrationspolitisch	Migration	s	politisch
mikrobiologisch	mikro	biologisch
mikrokristallin	mikro	kristallin
mikromechanisch	mikro	mechanisch
mikronesisch	Mikronesien	isch
milchig	Milch	ig
mildiglich	mildig	lich
militarisieren	Militär	isieren
militaristisch	Militarist	isch
millenarisch	Millenarismus	isch
milliardenschwer	Milliarden	schwer
millionenfach	Millionen	fach
millionenschwer	Million	schwer
millionste	Million	ste
mimosenhaft	Mimose	haft
minderbemittelt	minder	bemittelt
minderjährig	minder	Jahr
minderqualitativ	minder	qualitativ
minderwertig	minder	wertig
mineralisch	Mineral	isch
minieren	Mine	ieren
ministrabel	Minister	abel
minniglich	minnig	lich
minoisch	Minos	isch
minutengenau	Minute	n	genau
minutenlang	Minuten	lang
minütlich	Minute	lich
missachten	miss	achten
missbehagen	miss	behagen
missbilden	miss	bilden
missbilligen	miss	billigen
missbrauchen	miss	brauchen
missbräuchlich	Missbrauch	lich
missbräuchlicherweise	missbräuchlich	erweise
missdeuten	miss	deuten
missfallen	miss	fallen
missfarben	miss	farben
missfarbig	miss	farbig
missfällig	Missfallen	ig
missgebildet	miss	gebildet
missgelaunt	miss	gelaunt
missgestaltet	miss	gestaltet
missgestimmt	miss	gestimmt
missglückt	miss	glückt
missgönnen	miss	gönnen
missgünstig	miss	günstig
misshandeln	miss	handeln
misshellig	missehel	ig
missinterpretieren	miss	interpretieren
missionarisch	Missionar	isch
missklingen	miss	klingen
misslaunig	miss	launig
missleiten	miss	leiten
missliebig	miss	Liebe	ig
missmutig	Missmut	ig
missourisch	Missouri	isch
missraten	miss	raten
misstrauen	miss	trauen
misstrauisch	Misstrauen	isch
misstönend	miss	tönend
missvergnügt	miss	vergnügt
missverstehen	miss	verstehen
missverständlich	missverstehen	lich
misten	Mist	en
mitabstimmen	mit	abstimmen
mitarbeiten	mit	arbeiten
mitbringen	mit	bringen
mitdenken	mit	denken
miterleben	mit	erleben
mitessen	mit	essen
mitfahren	mit	fahren
mitfinanzieren	mit	finanzieren
mitfolgen	mit	folgen
mitfühlen	mit	fühlen
mitgeben	mit	geben
mitgehen	mit	gehen
mithalten	mit	halten
mithelfen	mit	helfen
mithin	mit	hin
mithören	mit	hören
mitklingen	mit	klingen
mitkommen	mit	kommen
mitleiderregend	Mitleid	erregend
mitleidig	Mitleid	ig
mitmachen	mit	machen
mitmischen	mit	mischen
mitnehmen	mit	nehmen
mitreden	mit	reden
mitschneiden	mit	schneiden
mitschuldig	Mitschuld	ig
mitschwingen	mit	schwingen
mitsingen	mit	singen
mitspielen	mit	spielen
mittagessen	Mittag	Essen
mittagwärts	Mittag	wärts
mitteilen	mit	teilen
mitteilsam	mitteilen	sam
mittelalterig	Mittelalter	ig
mittelalterlich	Mittelalter	lich
mittelaltrig	Mittelalter	ig
mittelamerikanisch	Mittelamerika	isch
mittelatlantisch	mittel	atlantisch
mitteldeutsch	mittel	deutsch
mittelenglisch	mittel	englisch
mitteleuropäisch	mittel	europäisch
mittelfranzösisch	mittel	französisch
mittelfristig	mittel	Frist	ig
mittelfränkisch	mittel	fränkisch
mittelgradig	mittlerem Grade	ig
mittelgroß	mittel	groß
mittelirisch	mittel	irisch
mittellateinisch	Mittellatein	isch
mittellos	Mittel	los
mittelniederdeutsch	mittel	niederdeutsch
mittelniederländisch	mittel	niederländisch
mittelnorwegisch	mittel	norwegisch
mittelozeanisch	mittel	ozeanisch
mittelpersisch	mittel	persisch
mittelprächtig	mittel	prächtig
mittelrheinisch	Mittelrhein	isch
mittelstark	mittel	stark
mittelsteinzeitlich	Mittelsteinzeit	lich
mittelständig	Mittel	ständig
mittelständisch	Mittelstand	isch
mittenmang	mitten	mang
mitternachtsblau	Mitternacht	blau
mitternachtwärts	Mitternacht	wärts
mittlerzeit	mittler	Zeit
mittragen	mit	tragen
mittschiffs	Mitschiff	s
mittun	mit	tun
mittäglich	Mittag	lich
mitunterzeichnen	mit	unterzeichnen
mitverantwortlich	mit	verantwortlich
mitwirken	mit	wirken
mitzeichnen	mit	zeichnen
mitziehen	mit	ziehen
mixolydisch	mixo	lydisch
mißbräuchlich	Mißbrauch	lich
mißbräuchlicherweise	mißbräuchlich	erweise
mnemonisch	Mnemonik	isch
mobilmachen	mobil	machen
modebewusst	Mode	bewusst
modeln	Model	en
modernisieren	modern	isieren
modisch	Mode	isch
modrig	Moder	ig
mohnrot	Mohn	rot
mohrenschwarz	Mohr	schwarz
moldauisch	Moldau	isch
molekulardynamisch	molekular	dynamisch
molekulargenetisch	Molekulargenetik	isch
molekularpathologisch	molekular	pathologisch
molybdathaltig	Molybdat	haltig
molybdänhaltig	Molybdän	haltig
molybdänreich	Molybdän	reich
monadisch	Monade	isch
monatelang	Monat	lang
monatlich	Monat	lich
mondhell	Mond	hell
mondlos	Mond	los
mondsüchtig	Mond	süchtig
mongolid	Mongole	id
monogrammieren	Monogramm	ieren
monokausal	mono	kausal
monokristallin	mono	kristallin
monokular	mono	okular
monolithisch	Monolith	isch
monomanisch	Monomanie	isch
monomolekular	mono	molekular
monophyletisch	mono	phyletisch
monopolartig	Monopol	artig
monopolistisch	Monopolist	isch
monopolkapitalistisch	Monopol	kapitalistisch
monotheistisch	Monotheist	isch
montenegrinisch	Montenegro	isch
montäglich	Montag	lich
monözisch	Monözie	isch
moppen	Mopp	en
moralisch	Moral	isch
morastig	Morast	ig
morden	Mord	en
mordsgefährlich	Mord	s	gefährlich
mordsmäßig	Mord	mäßig
morgendlich	Morgen	lich
morgenrötlich	Morgenröte	lich
morgenwärts	Morgen	wärts
morphemisch	Morphem	isch
morphiumsüchtig	Morphium	süchtig
morphosyntaktisch	morpho	syntaktisch
mosaikartig	Mosaik	artig
mosambikanisch	Mosambik	isch
moselfränkisch	Mosel	fränkisch
moselromanisch	Mosel	romanisch
moslemisch	Moslem	isch
motorbetrieben	Motor	betrieben
motorisch	Motor	isch
mucksmäuschenstill	Mucks	Mäuschen	still
muffeln	moppen	eln
multifunktionell	multi	funktionell
multikausal	multi	kausal
multimedial	multi	medial
multitaskingfähig	Multitasking	fähig
mummen	Mumme	en
mundartlich	Mundart	lich
mundgerecht	Mund	gerecht
munitionsverseucht	Munition	verseucht
museal	Museum	al
musisch	Muse	isch
musizieren	Musik	ieren
muslimisch	Muslim	isch
musselinen	Musselin	en
mustergültig	Muster	gültig
musterhaft	Muster	haft
muten	mute	en
mutig	Mut	ig
mutistisch	Mutismus	istisch
mutlos	Mut	los
mutmaßlich	mutmaßen	lich
mutterlos	Mutter	los
mutterseelenallein	Mutterseele	n	allein
muttersprachlich	Muttersprache	lich
myanmarisch	Myanmar	isch
mykenisch	Mykene	isch
mykologisch	Mykologie	isch
mylonitisch	Mylonit	isch
myoelektrisch	myo	elektrisch
myopathisch	Myopathie	isch
myrmekologisch	Myrmekologie	isch
mystisch	Mystik	isch
mystizistisch	Mystizismus	isch
mythisch	Mythos	isch
myxomartig	Myxom	artig
mäanderartig	Mäander	artig
mäanderförmig	Mäander	förmig
mäandrisch	Mäander	isch
mächtig	Macht	ig
mädchenhaft	Mädchen	haft
mährisch	Mähren	isch
männermordend	Mann	ermordend
männisch	Mann	isch
märchenhaft	Märchen	haft
märkisch	Mark	isch
mäzenatisch	Mäzen	atisch
mäßig	Maß	ig
möblieren	Möbel	ieren
möbliert	Möbel	iert
möglich	mögen	lich
möglicherweise	möglich	erweise
möglichst	möglich	st
mönchisch	Mönch	isch
mörderisch	Mörder	isch
mörteln	Mörtel	en
mühelos	Mühe	los
mühen	Mühe	en
mühevoll	Mühe	voll
mühsam	Mühe	sam
müllen	Müll	en
mündlich	Mund	lich
münzen	Münze	en
mürrisch	murren	isch
mütterlicherseits	mütterlich	seits
nacharten	nach	arten
nachbacken	nach	backen
nachbauen	nach	bauen
nachbehandeln	nach	behandeln
nachbeten	nach	beten
nachbilden	nach	bilden
nachbleiben	nach	bleiben
nachblicken	nach	blicken
nachbörslich	nach	Börse	lich
nachchristlich	nach	christlich
nachdenken	nach	denken
nachdichten	nach	dichten
nachdrücklich	Nachdruck	lich
nachdrücklichst	nachdrücklich	st
nacheifern	nach	eifern
nacheilen	nach	eilen
nachempfinden	nach	empfinden
nacherzählen	nach	erzählen
nachfahren	nach	fahren
nachfinanzieren	nach	finanzieren
nachfolgen	nach	folgen
nachforschen	nach	forschen
nachfragen	nach	fragen
nachfühlen	nach	fühlen
nachführen	nach	führen
nachfüllen	nach	füllen
nachgeben	nach	geben
nachgefragt	nach	gefragt
nachgehen	nach	gehen
nachgeraten	nach	geraten
nachgiebig	nachgeben	ig
nachgießen	nach	gießen
nachhaken	nach	haken
nachhallen	nach	hallen
nachherig	nachher	ig
nachholen	nach	holen
nachhängen	nach	hängen
nachjagen	nach	jagen
nachkaufen	nach	kaufen
nachklingen	nach	klingen
nachkommen	nach	kommen
nachladen	nach	laden
nachlaufen	nach	laufen
nachleisten	nach	leisten
nachlesen	nach	lesen
nachmachen	nach	machen
nachmessen	nach	messen
nachnehmen	nach	nehmen
nachpfeifen	nach	pfeifen
nachplappern	nach	plappern
nachproduzieren	nach	produzieren
nachrechnen	nach	rechnen
nachreisen	nach	reisen
nachrennen	nach	rennen
nachrichtenorientiert	Nachricht	orientiert
nachrichtlich	Nachricht	lich
nachrüsten	nach	rüsten
nachsagen	nach	sagen
nachsalzen	nach	salzen
nachschieben	nach	schieben
nachschlagen	nach	schlagen
nachsetzen	nach	setzen
nachsichtig	Nachsicht	ig
nachsingen	nach	singen
nachsinnen	nach	sinnen
nachsitzen	nach	sitzen
nachsprechen	nach	sprechen
nachspringen	nach	springen
nachspüren	nach	spüren
nachstehen	nach	stehen
nachsteigen	nach	steigen
nachstellen	nach	stellen
nachstürmen	nach	stürmen
nachtaktiv	Nacht	aktiv
nachtblind	Nacht	blind
nachteilig	Nachteil	ig
nachtragen	nach	tragen
nachtrauern	nach	trauern
nachträglich	Nachtrag	lich
nachtschwarz	Nacht	schwarz
nachtun	nach	tun
nachtwandeln	Nacht	wandeln
nachverfolgen	nach	verfolgen
nachverhandeln	nach	verhandeln
nachvollziehbar	nachvollziehen	bar
nachvollziehen	nach	vollziehen
nachwachsen	nach	wachsen
nachwandeln	nach	wandeln
nachweinen	nach	weinen
nachweisbar	Nachweis	bar
nachweisen	nach	weisen
nachweislich	Nachweis	lich
nachwürzen	nach	würzen
nachzählen	nach	zählen
nadelbaumartig	Nadelbaum	artig
nadelförmig	Nadel	förmig
nageln	Nagel	n
nahekommen	nahe	kommen
naheliegen	nahe	liegen
nahen	nah	en
nahestehen	nahe	stehen
nahrhaft	nähren	haft
nahtfrei	Naht	frei
nahtlos	Naht	los
naiverweise	naiv	erweise
naja	na	ja
namensgleich	Namen	s	gleich
namentlich	Name	n	lich
namibisch	Namibia	isch
nanoelektromechanisch	nano	elektromechanisch
nanoelektronisch	nano	elektronisch
nanopartikulär	nano	partikulär
napoleonisch	Napoleon	isch
narkotisieren	Narkose	isieren
narratorisch	Narrator	isch
narzisstisch	Narzisst	isch
naschhaft	naschen	haft
naschsüchtig	naschen	süchtig
nasenlos	Nasen	los
nass spritzen	nass	spritzen
nasschemisch	nass	chemisch
nasskalt	nass	kalt
nationalbewusst	national	bewusst
nationalsozialistisch	national	sozialistisch
natriumarm	Natrium	arm
natriumhaltig	Natrium	haltig
naturalistisch	Naturalist	isch
naturbelassen	Natur	belassen
naturblond	Natur	blond
naturgeschichtlich	Naturgeschichte	lich
naturkundlich	Naturkunde	lich
naturnah	Natur	nah
naturtrüb	Natur	trüb
naturverbunden	Natur	verbunden
naturwissenschaftlich	Naturwissenschaft	lich
natürlicherweise	natürlich	erweise
nauruisch	Nauru	isch
nazifreundlich	Nazi	freundlich
nebelhaft	Nebel	haft
nebelverhangen	Nebel	verhängen
nebenamtlich	Nebenamt	lich
nebenan	neben	an
nebenberuflich	Nebenberuf	lich
nebenschalten	neben	schalten
nebensächlich	Nebensache	lich
nebenwirkungsarm	Nebenwirkung	s	arm
neckisch	necken	isch
necksen	necken	sen
neidlos	Neid	los
neidvoll	Neid	voll
nein danke	nein	danke
nennenswert	nennen	Wert
neodarwinistisch	neo	darwinistisch
neoklassisch	neo	klassisch
neokolonialistisch	neo	kolonialistisch
neolamarckistisch	neo	lamarckistisch
neoliberal	neo	liberal
neonatologisch	neo	natologisch
neongrün	Neon	grün
neovitalistisch	neo	vitalistisch
nephrotoxisch	nephro	toxisch
nerval	Nerv	al
nervenaufreibend	Nerven	aufreibend
nervenkrank	Nerven	krank
nervenstark	Nerv	en	stark
nervenzerfetzend	Nerven	zerfetzend
nervig	Nerv	ig
nervlich	Nerv	lich
nervtötend	Nerv	tötend
nervös	Nerv	ös
netzförmig	Netz	förmig
netzpolitisch	Netz	politisch
neuartig	neu	artig
neudeutsch	neu	deutsch
neuenburgisch	Neuenburg	isch
neuenglisch	neu	englisch
neuerdings	neu	dings
neugeboren	neu	geboren
neugierig	neu	gierig
neugriechisch	neu	griechisch
neuhochdeutsch	neu	hochdeutsch
neuisländisch	neu	isländisch
neulateinisch	neu	lateinisch
neulich	neu	lich
neumodig	neu	Mode	ig
neumodisch	neu	modisch
neuneckig	Neuneck	ig
neunfach	neun	fach
neunhundertfach	neunhundert	fach
neunhundertjährig	neunhundert	jährig
neunhundertmal	neunhundert	mal
neunhunderttausend	neun	hundert	tausend
neuniederländisch	neu	niederländisch
neunjährig	neun	jährig
neunköpfig	neun	köpfig
neunmal	neun	mal
neunmalklug	neunmal	klug
neunminütig	neun	Minute	ig
neunmonatig	neun	Monat	ig
neunmonatlich	neun	monatlich
neunprozentig	neun	prozentig
neunsprachig	neun	sprachen	ig
neunstündig	neun	Stunde	ig
neuntausend	neun	tausend
neuntausendfach	neun	tausendfach
neuntausendmal	neun	tausendmal
neuntausendste	neun	tausendste
neuntägig	neun	tägig
neunundachtzig	neun	und	achtzig
neunundachtzigste	neunundachtzig	ste
neununddreißigfach	neununddreißig	fach
neununddreißigjährig	neununddreißig	jährig
neununddreißigmal	neununddreissig	mal
neununddreißigminütig	neununddreißig	Minute	ig
neununddreißigste	neununddreißig	ste
neunundfünfzigfach	neunundfünfzig	fach
neunundfünfzigjährig	neunundfünfzig	jährig
neunundfünfzigmal	neunundfünfzig	mal
neunundfünfzigste	neunundfünfzig	ste
neunundneunzigste	neunundneunzig	ste
neunundsechzigste	neunundsechzig	ste
neunundsiebzigste	neunundsiebzig	ste
neunundvierzigfach	neunundvierzig	fach
neunundvierzigjährig	neunundvierzig	jährig
neunundvierzigmal	neunundvierzig	mal
neunundvierzigminütig	neunundvierzig	Minute	ig
neunundvierzigste	neunundvierzig	ste
neunundzwanzig	neun	und	zwanzig
neunundzwanzigfach	neunundzwanzig	fach
neunundzwanzigjährig	neunundzwanzig	jährig
neunundzwanzigmal	neunundzwanzig	mal
neunundzwanzigminütig	neunundzwanzig	Minute	ig
neunundzwanzigste	neunundzwanzig	ste
neunundzwanzigstündig	neunundzwanzig	Stunde	ig
neunundzwanzigtägig	neunundzwanzig	tägig
neunwöchig	neun	Woche	ig
neunzehneckig	Neunzehneck	ig
neunzehnfach	neunzehn	fach
neunzehnjährig	neunzehn	jährig
neunzehnköpfig	neunzehn	köpfig
neunzehnmal	neunzehn	mal
neunzehnminütig	neunzehn	Minute	ig
neunzehnseitig	neunzehn	Seite
neunzehnstündig	neunzehn	Stunde	ig
neunzehntägig	neunzehn	tägig
neunzehnwöchig	neunzehn	Woche	ig
neunzigfach	neunzig	fach
neunzigjährig	neunzig	jährig
neunzigmal	neunzig	mal
neunzigminütig	neunzig	Minute	ig
neunzigprozentig	neunzig	prozentig
neunzigste	neunzig	ste
neunzigstündig	neunzig	Stunde	ig
neunzigtausend	neunzig	tausend
neunzigtausendfach	neunzig	tausendfach
neunzigtausendmal	neunzig	tausendmal
neunzigtausendste	neunzig	tausendste
neunzigtägig	neunzig	tägig
neunzigwöchig	neunzig	Woche	ig
neuplatonisch	neu	platonisch
neurasthenisch	Neurasthenie	isch
neureich	neu	reich
neuroanatomisch	Neuroanatomie	isch
neurologisch	Neurologie	isch
neuromuskulär	neuro	muskulär
neurotoxisch	Neurotoxin	isch
neuseeländisch	Neuseeland	isch
neusilbern	Neusilber	n
neusprachlich	neu	sprachlich
neustarten	neu	starten
neustrisch	Neustrien	isch
neusumerisch	neu	sumerisch
neutestamentlich	Neues Testament	lich
neuweltlich	neu	weltlich
neuwertig	neu	wertig
neuzeitlich	Neuzeit	lich
nicht einmal	nicht	einmal
nichtbinär	nicht	binär
nichtenzymatisch	nicht	enzymatisch
nichtessentiell	nicht	essentiell
nichteuklidisch	nicht	euklidisch
nichtexistierend	nicht	existierend
nichtig	nicht	ig
nichtionisch	nicht	ionisch
nichtjüdisch	nicht	jüdisch
nichtkristallin	nicht	kristallin
nichtleitend	nicht	leitend
nichtleuchtend	nicht	leuchtend
nichtlinear	nicht	linear
nichtmagnetisch	nicht	magnetisch
nichtmagnetisierbar	nicht	magnetisierbar
nichtmenschlich	nicht	menschlich
nichtmetallisch	nicht	metallisch
nichtnegativ	nicht	negativ
nichtoxidierend	nicht	oxidierend
nichtperturbativ	nicht	perturbativ
nichtpositiv	nicht	positiv
nichtrelativistisch	nicht	relativistisch
nichtrostend	nicht	rostend
nichtsnutzig	Nichtsnutz	ig
nichtssagend	nichts	sagend
nichtstaatlich	nicht	staatlich
nichtswürdig	nicht	würdig
nichtsymbiotisch	nicht	symbiotisch
nickelfrei	Nickel	frei
niederbayerisch	nieder	bayerisch
niederbrechen	nieder	brechen
niederbrennen	nieder	brennen
niederdrücken	nieder	drücken
niederenergetisch	nieder	energetisch
niederfallen	nieder	fallen
niederfränkisch	nieder	fränkisch
niederführen	nieder	führen
niederhauen	nieder	hauen
niederknieen	nieder	knieen
niederknien	nieder	knien
niederkommen	nieder	kommen
niederlassen	nieder	lassen
niederländisch	Niederlande	isch
niedermachen	nieder	machen
niedermetzeln	nieder	metzeln
niedermolekular	nieder	molekular
niedermähen	nieder	mähen
niederreden	nieder	reden
niederreißen	nieder	reißen
niederschauen	nieder	schauen
niederschießen	nieder	schießen
niederschlagen	nieder	schlagen
niederschlagsarm	Niederschlag	arm
niederschlagsfrei	Niederschlag	frei
niederschlagsreich	Niederschlag	reich
niederschreiben	nieder	schreiben
niederschreien	nieder	schreien
niedersetzen	nieder	setzen
niederstechen	nieder	stechen
niederstürzen	nieder	stürzen
niederwerfen	nieder	werfen
niederwärts	nieder	wärts
niederösterreichisch	nieder	österreichisch
niedlich	nied	lich
niemals	nie	mals
nierenförmig	Niere	förmig
nigrisch	Niger	isch
nikotinarm	Nikotin	arm
nikotinfrei	Nikotin	frei
nikotingelb	Nikotin	gelb
nikotinhaltig	Nikotin	haltig
nikotinsüchtig	Nikotin	süchtig
nilisch	Nil	isch
nillenkrank	Nille	krank
nimmermehr	nimmer	mehr
niobhaltig	Niob	haltig
niueanisch	Niue	anisch
niveaulos	Niveau	los
niveauvoll	Niveau	voll
nobelpreiswürdig	Nobelpreis	würdig
noetisch	Noetik	isch
nomadisch	Nomade	isch
nominalistisch	Nominalismus	istisch
nonchalant	non	calēre
nonkonform	non	konform
nonkonformistisch	Nonkonformist	isch
norddeutsch	Nord	deutsch
norddonauisch	Nord	donauisch
nordelbisch	Nord	elbisch
nordfriesisch	Nord	friesisch
nordniederfränkisch	Nord	niederfränkisch
nordostchinesisch	Nordostchina	isch
nordrhein-westfälisch	Nordrhein-Westfalen	isch
nordrheinisch	Nord	rheinisch
nordwärts	Nord	wärts
normalerweise	normal	erweise
normalgewichtig	Normalgewicht	ig
normalisieren	Normal	isieren
normannisch	Normanne	isch
normen	Norm	en
normgerecht	Norm	gerecht
normieren	Norm	ieren
normwidrig	Norm	widrig
nosologisch	Nosologie	isch
nostalgisch	Nostalgie	isch
notariell	Notar	iell
notdürftig	Not	dürftig
notgedrungen	Not	gedrungen
notgeil	Not	geil
notgezwungen	Not	gezwungen
notlanden	Not	landen
notleidend	Not	leidend
notleidender Kredit	notleidend	er	Kredit
nottun	Not	tun
notwendig	Not	wendig
notwendigerweise	notwendig	erweise
nowomoskowskisch	Nowomoskowsk	isch
nubisch	Nubien	isch
nuklearmedizinisch	nuklear	medizinisch
nullachtfünfzehn	null	acht	fünfzehn
nulldimensional	null	dimensional
nullkommajosef	null	Komma	Josef
nullmal	null	mal
nullwertig	null	wertig
numismatisch	Numismatik	isch
nummerisch	Nummer	isch
nun ja	nun	ja
nunmehrig	nunmehr	ig
nussartig	Nuss	artig
nussförmig	Nuss	förmig
nussig	Nuss	ig
nuttig	Nutte	ig
nutzbar	nutzen	bar
nutzerfreundlich	Nutzer	freundlich
nutznießerisch	Nutznießer	isch
nymphenhaft	Nymphe	haft
nymphomanisch	nymphoman	isch
nächtlich	Nacht	lich
näherbringen	näher	bringen
näherkommen	näher	kommen
näherrücken	näher	rücken
näherstehen	näher	stehen
nähertreten	näher	treten
näherungsweise	Näherung	weise
nährstoffarm	Nährstoff	arm
nährstoffreich	Nährstoff	reich
nämlich	Name	lich
näseln	Nase	eln
nördlich	Nord	lich
nörgelig	nörgeln	ig
nötigen	nötig	en
o-beinig	O-Bein	ig
ob's	ob	es
obdachlos	Obdach	los
obendrauf	oben	drauf
obendrein	oben	drein
oberaffengeil	ober	affengeil
oberbayerisch	ober	bayerisch
oberfaul	ober	faul
oberflächennah	Oberfläche	n	nah
oberflächlich	Oberfläche	lich
obergärig	ober	gären	ig
oberhalb	ober	halb
oberlausitzisch	Oberlausitz	isch
oberpfälzisch	Oberpfalz	isch
oberschlächtig	ober	schlagen	ig
obersächsisch	ober	sächsisch
obgenannt	oben	genannt
obs	ob	es
obsiegen	ob	siegen
obwalten	ob	walten
ockerbraun	Ocker	braun
ockergelb	Ocker	gelb
ofenfrisch	Ofen	frisch
offenbar	offen	bar
offenbleiben	offen	bleiben
offenhalten	offen	halten
offenherzig	offen	herzig
offenkettig	offen	kettig
offenlegen	offen	legen
offensichtlich	offen	sichtlich
offenstehen	offen	stehen
ohrfeigen	Ohrfeige	en
okkultistisch	Okkultist	isch
oktaederförmig	Oktaeder	förmig
oktillionste	Oktillion	ste
oligopolistisch	Oligopolist	isch
olivbraun	Oliv	braun
olivgrün	Oliv	grün
omanisch	Oman	isch
ominös	Omen	ös
onkelhaft	Onkel	haft
onomasiologisch	Onomasiologie	isch
onomatopoetisch	Onomatopoesie	isch
ontisch	Ontik	isch
ontogenetisch	Ontogenese	isch
ontologisch	Ontologie	isch
opiumsüchtig	Opium	süchtig
optimistisch	Optimist	isch
optisch	Optik	isch
orakeln	Orakel	en
orangefarben	orange	farben
orangefarbig	Orange	farbig
orangegelb	orange	gelb
orangerot	orange	rot
ordentlich	ordnen	lich
ordern	Order	n
ordnungsgemäß	Ordnung	s	gemäß
ordnungspolitisch	Ordnungspolitik	isch
organismisch	Organismus	isch
organologisch	Organologie	isch
orgeln	Orgel	n
originalgetreu	original	getreu
orkanartig	Orkan	artig
ornithochor	ornitho	chor
ornithologisch	Ornithologie	isch
orographisch	Orographie	isch
orthografisch	Orthografie	isch
orthomolekular	ortho	molekular
orthorhombisch	ortho	rhombisch
osmanisch	Osmane	isch
ostafrikanisch	Ostafrika	n	isch
ostasiatisch	Ostasien	atisch
ostdeutsch	Ost	deutsch
ostelbisch	Ost	elbisch
osterländisch	Osterland	isch
ostfränkisch	Ost	fränkisch
ostgrönländisch	Ostgrönland	isch
ostpreußisch	Ostpreußen	isch
ostrheinisch	Ost	rheinisch
ostslawisch	Ostslawen	isch
ostukrainisch	Ostukraine	isch
ostweserisch	Ost	weserisch
ostwärts	Ost	wärts
ostösterreichisch	Ostösterreich	isch
ottonisch	Ottone	isch
ovovegetarisch	ovo	vegetarisch
oxidierbar	oxidieren	bar
oxidisch	Oxid	isch
ozeanisch	Ozean	isch
ozonhaltig	Ozon	haltig
paarig	Paar	ig
paarmal	paar	mal
paarweise	Paar	Weise
pachtweise	Pacht	weise
pakistanisch	Pakistan	isch
paktieren	Pakt	ieren
palatal	Palatum	al
palauisch	Palau	isch
palisandern	Palisander	n
palladiumhaltig	Palladium	haltig
paläontologisch	Paläontologie	isch
paläozoisch	Paläozoikum	isch
pampig	Pampe	ig
panamaisch	Panama	isch
panchronisch	pan	chronisch
pandeistisch	Pandeist	isch
pandemisch	Pandemie	isch
panegyrisch	Panegyrikus	isch
paneuropäisch	pan	europäisch
panhellenisch	pan	hellenisch
panikartig	Panik	artig
panislamisch	pan	islamisch
panphotometrisch	pan	photometrisch
panresistent	pan	resistent
pansexuell	pan	sexuell
pantheistisch	Pantheist	isch
pantomimisch	Pantomime	isch
panzerartig	Panzer	artig
panzerbrechend	Panzer	brechend
panzern	Panzer	en
papierdeutsch	Papier	deutsch
papieren	Papier	en
papierlos	Papier	los
pappig	Papp	ig
pappsatt	Papp	satt
paprizieren	Paprika	ieren
papstfähig	Papst	fähig
papsttreu	Papst	treu
papua-neuguineisch	Papua-Neuguinea	isch
parabelförmig	Parabel	förmig
paradieren	parade	ieren
paradigmatisch	Paradigma	atisch
paradoxerweise	paradox	erweise
paraguayanisch	Paraguay	isch
paraguayisch	Paraguay	isch
paralinguistisch	Paralinguistik	isch
paralympisch	Paralympics	isch
paralytisch	Paralyse	isch
parametrisch	Parameter	isch
paramilitärisch	para	militärisch
paraphrasieren	Paraphrase	ieren
parasitisch	Parasit	isch
parasprachlich	Parasprache	lich
pardonieren	Pardon	ieren
paritätisch	Parität	isch
parteiintern	Partei	intern
parteiisch	Partei	isch
parteilos	Partei	los
parteinah	Partei	nah
parteipolitisch	Partei	politisch
parteiübergreifend	Partei	übergreifend
parthenogenetisch	Parthenogenese	isch
parthisch	Parther	isch
partnerschaftlich	Partnerschaft	lich
parvenühaft	Parvenü	haft
passen	Pass	en
passgenau	passen	genau
passivisch	Passiv	isch
pastellen	Pastell	en
pastös	Paste	ös
patentieren	Patent	ieren
patentrechtlich	Patentrecht	lich
patriarchalisch	patriarchal	isch
patrologisch	Patrologie	isch
patronymisch	Patronym	isch
pausbäckig	Pausbacke	ig
pauschalieren	Pauschale	ieren
pauschalisieren	pauschal	isieren
pausenlos	Pause	los
pechrabenschwarz	Pech	Rabe	schwarz
pechschwarz	Pech	schwarz
pedantisch	Pedant	isch
peinlich	Pein	lich
peinsam	Pein	sam
pellen	Pelle	en
peloponnesisch	Peloponnes	isch
pelzig	Pelz	ig
pensionieren	Pension	ieren
perfektivisch	perfektiv	isch
perfluoriert	per	fluoriert
pergamenisch	Pergamon	isch
pergamenten	Pergament	en
periphrastisch	Periphrase	isch
perkutan	per	kutan
perlenförmig	Perle	förmig
perlmuttern	Perlmutter	n
perlokutionär	per	lokutionär
perlokutiv	per	lokutiv
perlustrieren	perlūstrāre	ieren
personell	Person	ell
perspektivlos	Perspektive	los
peruanisch	Peru	isch
pessimistisch	Pessimist	isch
pestilenzartig	Pestilenz	artig
pfefferig	Pfeffer	ig
pfeffern	Pfeffer	en
pfeffrig	Pfeffer	ig
pfeilförmig	Pfeil	förmig
pfeilschnell	Pfeil	schnell
pfenniggut	Pfennig	gut
pferchen	Pferch	en
pfiffig	Pfiff	ig
pfirsichfarben	Pfirsich	farben
pflanzenfressend	Pflanze	n	fressend
pflanzenkundlich	Pflanzenkunde	lich
pflanzlich	Pflanze	lich
pflegebedürftig	Pflege	bedürftig
pflegeleicht	Pflege	leicht
pfleglich	Pflege	lich
pflichtbewusst	Pflicht	bewusst
pflichtig	Pflicht	ig
pflichtmäßig	Pflicht	mäßig
pflichtschuldig	Pflicht	schuldig
pflichtvergessen	Pflicht	vergessen
pflichtversichert	Pflicht	versichert
pflichtwidrig	Pflicht	widrig
pflückreif	pflücken	reif
pfundig	Pfund	ig
pfälzisch	Pfalz	isch
pharmakologisch	Pharmakologie	isch
pharyngalisieren	Pharyngal	ieren
philatelistisch	Philatelie	istisch
philiströs	Philister	ös
philologisch	Philologie	isch
phonematisch	Phonem	atisch
phonemisch	Phonem	isch
phoniatrisch	Phoniatrie	isch
phonologisch	Phonologie	isch
phonotaktisch	Phonotaktik	isch
phosphathaltig	Phosphat	haltig
phosphorhaltig	phosphor	haltig
photoaktiv	photo	aktiv
photoaktiviert	photo	aktiviert
photochemisch	photo	chemisch
photometrisch	Photometrie	isch
photonisch	Photon	isch
photospektrometrisch	photo	spektrometrisch
photovoltaisch	photo	voltaisch
phrygisch	Phrygien	isch
phylogenetisch	Phylogenese	isch
phytosanitär	phyto	sanitär
phytotoxisch	phyto	toxisch
phänomenologisch	Phänomenologie	isch
phänotypisch	Phänotyp	isch
picheln	Pegel	en
pickelig	Pickel	ig
pickig	picken	ig
picklig	Pickel	ig
picksüß	pickig	süß
pieksig	Pieks	ig
pietätlos	Pietät	los
piksen	piken	sen
pilzförmig	Pilz	förmig
pilzkundlich	Pilzkunde	lich
pinseln	Pinsel	en
pistaziengrün	Pistazien	grün
pixelig	Pixel	ig
plakativ	Plakat	iv
planlos	Plan	los
planmäßig	Plan	mäßig
planstellenneutral	Planstelle	neutral
platinfarben	Platin	farben
platinhaltig	Platin	haltig
plattdeutsch	platt	deutsch
plattformabhängig	Plattform	abhängig
plattformunabhängig	Plattform	unabhängig
plattformübergreifend	Plattform	übergreifend
plattfüßig	Plattfuß	ig
plattmachen	platt	machen
platzmäßig	Platz	mäßig
plebejisch	Plebs	isch
plinianisch	Plinius	isch
ploppen	plopp	en
plumpsen	plumpen	sen
pluralisch	Plural	isch
pluralistisch	Pluralismus	istisch
plurizentrisch	pluri	zentrisch
plänkeln	blenken	en
plättchenförmig	Plättchen	förmig
plüschen	Plüsch	en
pneumologisch	Pneumologie	isch
poemisch	Poem	isch
polen	Pol	en
politikverdrossen	Politik	verdrossen
politikwissenschaftlich	Politikwissenschaft	lich
polizeibekannt	Polizei	bekannt
polizeilich	Polizei	lich
polizeitaktisch	Polizei	taktisch
polizeiähnlich	Polizei	ähnlich
polnisch	Polen	isch
polstern	Polster	en
poltawisch	Poltawa	isch
polybromiert	poly	bromiert
polychloriert	poly	chloriert
polycyclisch	poly	cyclisch
polydispers	poly	dispers
polyedrisch	Polyeder	isch
polykristallin	poly	kristallin
polyphyletisch	poly	phyletisch
polysynthetisch	poly	synthetisch
polytechnisch	poly	technisch
polytoxikoman	poly	toxikoman
polyurisch	poly	urisch
polyzentrisch	poly	zentrisch
polyzyklisch	poly	zyklisch
pomadig	Pomade	ig
pommerisch	Pommern	isch
pompös	Pomp	ös
popelig	Popel	ig
popeln	Popel	en
populärwissenschaftlich	Populärwissenschaft	lich
porig	Pore	ig
pornografiesüchtig	Pornografiesucht	ig
pornografisch	Pornografie	isch
pornographisch	Pornographie	isch
portionieren	Portion	ieren
portionsweise	Portion	weise
portofrei	Porto	frei
portogerecht	Porto	gerecht
porzellanen	Porzellan	en
porös	Pore	ös
posaunen	Posaune	en
positivistisch	Positivismus	istisch
possierlich	possieren	lich
postamtlich	Postamt	lich
postapokalyptisch	post	apokalyptisch
postdemokratisch	post	demokratisch
postfaktisch	post	faktisch
postfrisch	Post	frisch
postkommunistisch	post	kommunistisch
postkranial	post	kranial
postlagernd	Post	lagernd
postmodern	post	modern
postmortal	post	mortal
postoperativ	post	operativ
postponieren	postpōnō	ieren
postsexuell	post	sexuell
postsynaptisch	post	synaptisch
posttraumatisch	post	traumatisch
postwendend	Post	wendend
potentiometrisch	Potentiometrie	isch
potenzieren	Potenz	ieren
potenzsteigernd	Potenz	steigernd
potthässlich	Pott	hässlich
prachtvoll	Pracht	voll
praktischerweise	praktisch	erweise
praxisfern	Praxis	fern
praxisfremd	Praxis	fremd
praxisnah	Praxis	nah
preisbewusst	Preis	bewusst
preisgeben	Preise	geben
preisgekrönt	Preis	gekrönt
preisgünstig	preis	günstig
preislich	Preis	lich
preisverdächtig	Preis	verdächtig
preiswürdig	Preis	würdig
pressesprachlich	Pressesprache	lich
preußisch	Preuße	isch
priapeisch	Priapus	isch
priapisch	Priapus	isch
prickeln	pricken	eln
priesterlich	Priester	lich
prinzipienfrei	Prinzip	frei
prismatisch	Prisma	tisch
prismenförmig	Prismen	förmig
privatrechtlich	Privatrecht	lich
proaktiv	pro	aktiv
probeweise	Probe	weise
problemlos	Problem	los
prodromal	Prodrom	al
proeuropäisch	pro	europäisch
professoral	Professor	al
prognostizierbar	prognostizieren	bar
programmierbar	programmieren	bar
proinflammatorisch	pro	inflammatorisch
proiranisch	pro	iranisch
projektieren	Projekt	ieren
prollig	Proll	ig
prometheisch	Prometheus	isch
promiskuitiv	Promiskuität	iv
promyelozytär	pro	myelozytär
prononcieren	prononcer	ieren
propagandistisch	Propaganda	istisch
prophetisch	Prophet	isch
proponieren	prōpōnō	ieren
proportional	Proportion	al
propositional	Proposition	al
proppenvoll	Proppen	voll
prorussisch	pro	russisch
prosodisch	Prosodie	isch
prosopografisch	Prosopografie	isch
proteisch	Proteus	isch
protektionistisch	Protektionismus	istisch
proto-indogermanisch	proto	indogermanisch
prototypisch	Prototyp	isch
prototürkisch	proto	türkisch
proviantieren	Proviant	ieren
prowestlich	pro	westlich
prozentual	Prozent	al
prunken	Prunk	en
prunksüchtig	Prunk	süchtig
prunkvoll	Prunk	voll
prußisch	Prußen	isch
prädisponieren	prä	disponieren
präfaschistisch	prä	faschistisch
präfigieren	Präfix	ieren
prähistorisch	Prähistorie	isch
präkambrisch	prä	kambrisch
präkolumbisch	prä	kolumbisch
präkomatös	prä	komatös
prämarital	prä	marital
prämieren	Prämie	ieren
prämonetär	prä	monetär
pränatal	prä	natal
präoperativ	prä	operativ
präpandemisch	prä	pandemisch
präparativ	Präparat	iv
präplanetar	prä	planetar
präponieren	praepōnō	ieren
präpositional	Präposition	al
präpotent	prä	potent
präpubertierend	prä	pubertierend
präpubertär	prä	pubertär
präsentisch	Präsens	isch
präsupponieren	prä	supponieren
prösterchen	prost	er	chen
prügeln	Prügel	n
pseudowissenschaftlich	pseudo	wissenschaftlich
psychoanalytisch	psycho	analytisch
psychologisch	Psychologie	isch
psychometrisch	psycho	metrisch
psychopathisch	Psychopath	isch
psychosomatisch	psycho	somatisch
psychosozial	psycho	sozial
psychotaktisch	psycho	taktisch
ptolemäisch	Ptolemäus	isch
pubertieren	Pubertät	ieren
publikmachen	publik	machen
publizistisch	Publizist	isch
pudelnackt	Pudel	nackt
pudelnass	Pudel	nass
pulmologisch	Pulmologie	isch
pulverförmig	Pulver	förmig
pulverig	Pulver	ig
pulvrig	Pulver	ig
pumpen	Pumpe	en
punisch	Punier	isch
punktförmig	Punkt	förmig
punktiert-gestreift	punktiert	gestreift
puristisch	Purismus	istisch
puritanisch	Puritaner	isch
purpurn	Purpur	n
purpurrot	Purpur	rot
pyramidenförmig	Pyramide	förmig
pyromanisch	Pyromanie	isch
pyrotechnisch	pyro	technisch
pythonesk	Python	esk
pädagogisch	Pädagoge	isch
pädophil	pädo	phil
pädosexuell	pädo	sexuell
päpstlich	Papst	lich
pöbeln	Pöbel	en
pökeln	Pökel	en
pünktlich	Punkt	lich
quabbelig	Quabbel	ig
quaderförmig	Quader	förmig
quadratförmig	Quadrat	förmig
quadrillionste	Quadrillion	ste
qualitätsbewusst	Qualität	bewusst
quantenmechanisch	Quant	n	mechanisch
quantenphysikalisch	Quant	n	physikalisch
quantentheoretisch	Quant	n	theoretisch
quantifizierbar	quantifizieren	bar
quarantänisieren	Quarantäne	isieren
quartalsmäßig	Quartal	s	mäßig
quartieren	Quartier	en
quarzhaltig	Quarz	haltig
quasichemisch	quasi	chemisch
quasistationär	quasi	stationär
quasistatisch	quasi	statisch
quastenförmig	Quaste	förmig
quecksilberhaltig	Quecksilber	haltig
quelloffen	quell	offen
quengelig	quengeln	ig
querfeldein	quer	Feld	ein
querschlagen	quer	schlagen
querschnittsgelähmt	Querschnitt	s	gelähmt
quickfidel	quick	fidel
quicklebendig	quick	lebendig
quietistisch	Quietismus	istisch
quintillionste	Quintillion	ste
quirlig	Quirl	ig
quittegelb	Quitte	gelb
quittieren	quitt	ieren
quotal	Quote	al
rabbinisch	Rabbiner	isch
rabelaisisch	Rabelais	isch
rabulistisch	Rabulist	isch
rachgierig	Rachgier	ig
rachitisch	Rachitis	isch
rackern	Racker	en
radförmig	Rad	förmig
radialsymmetrisch	radial	symmetrisch
radiumhaltig	Radium	haltig
raffgierig	Raffgier	ig
rahmig	Rahm	ig
raiden	raid	en
rammdösig	Ramme	dösig
randalieren	Randal	ieren
randlos	Rand	los
randomisiert	randomisieren	t
randständig	Rand	ständig
randvoll	Rand	voll
ranggleich	Rang	gleich
rangig	Rang	ig
rasiermesserscharf	Rasiermesser	scharf
rasiert	Rasur	iert
rassenkundlich	Rassenkunde	lich
rassig	Rasse	ig
rassistisch	Rassist	isch
rastlos	Rast	los
ratierlich	Rate	lich
rationalisieren	rational	isieren
ratsam	Rat	sam
rattenscharf	Ratte	n	scharf
ratzen	Ratz	en
raubauzig	Raubauz	ig
raubeinig	Raubein	ig
raubkopieren	Raub	kopieren
rauchfrei	Rauch	frei
rauchig	Rauch	ig
rauchlos	Rauch	los
raumhoch	Raum	hoch
raumlos	Raum	los
raumzentriert	Raum	zentriert
rausbekommen	raus	bekommen
rausbringen	raus	bringen
rauscharm	Rauschen	arm
rauschgiftsüchtig	Rauschgift	süchtig
rauschig	Rausch	ig
rausfiltern	raus	filtern
rausfinden	raus	finden
rausgehen	raus	gehen
raushauen	raus	hauen
rausholen	raus	holen
rauskommen	raus	kommen
rausschmeißen	raus	schmeißen
rausschöpfen	raus	schöpfen
rauswaschen	raus	waschen
rautenförmig	Raute	förmig
reaktionsfreudig	Reaktion	freudig
reaktionsträg	Reaktion	träg
reaktionär	Reaktion	är
reaktivieren	re	aktivieren
reaktorproduziert	Reaktor	produziert
realisierbar	realisieren	bar
realitätsfremd	Realität	fremd
realpolitisch	Realpolitik	isch
realsozialistisch	real	sozialistisch
rebellisch	Rebell	isch
rebenumsponnen	Rebe	umsponnen
rebsortenrein	Rebsorte	rein
rechnergesteuert	Rechner	gesteuert
rechnerisch	Rechner	isch
rechtens	recht	ens
rechthaberisch	Rechthaber	isch
rechtlich	recht	lich
rechtmäßig	Recht	mäßig
rechtschreiblich	Rechtschreibung	lich
rechtsdonauisch	rechts	donauisch
rechtsdrehend	rechts	drehend
rechtsdünisch	rechts	dünisch
rechtselbisch	rechts	elbisch
rechtsextremistisch	rechtsextrem	istisch
rechtsfehlerhaft	Rechtsfehler	haft
rechtsfrei	Recht	frei
rechtskräftig	Rechtskräft	ig
rechtsmaasisch	rechts	maasisch
rechtsodrisch	rechts	odrisch
rechtspolitisch	Recht	politisch
rechtspopulistisch	recht	populistisch
rechtsradikal	recht	radikal
rechtsrheinisch	rechts	rheinisch
rechtsseitig	recht	Seite	ig
rechtstotal	rechts	total
rechtstreu	Recht	treu
rechtsweserisch	rechts	weserisch
rechtswissenschaftlich	Rechtswissenschaft	lich
recycelbar	recyceln	bar
redaktionell	Redaktion	ell
redefreudig	reden	freudig
redlich	reden	lich
reduktionistisch	Reduktionismus	istisch
reduzierbar	reduzieren	bar
reformatorisch	Reformator	isch
refundieren	refundō	ieren
regelbar	regeln	bar
regelgemäß	Regel	gemäß
regelgerecht	Regel	gerecht
regelkonform	Regel	konform
regelmäßig	Regel	mäßig
regeln	Regel	en
regelrecht	Regel	recht
regelwidrig	Regel	widrig
regenarm	Regen	arm
regennass	Regen	nass
regensburgisch	Regensburg	isch
regierungsnah	Regierung	s	nah
regimetreu	Regime	treu
regnerisch	Regen	isch
regsam	regen	sam
regungslos	Regung	s	los
rehledern	Rehleder	n
reibungslos	Reibung	los
reichhaltig	reich	haltig
reichisch	Reich	isch
reichlich	reichen	lich
reichsdeutsch	Reich	s	deutsch
reifen	Reif	en
reiflich	reif	lich
reihenweise	Reihe	weise
reihern	Reiher	n
reihum	Reihe	um
reinfizieren	re	infizieren
reingehen	rein	gehen
reinhauen	rein	hauen
reinhängen	rein	hängen
reinkommen	rein	kommen
reinlich	rein	lich
reinmachen	rein	machen
reinpiksen	rein	piksen
reinplatzen	rein	platzen
reinrassig	rein	rassig
reinspucken	rein	spucken
reinstecken	rein	stecken
reintun	rein	tun
reinwaschen	rein	waschen
reisefähig	Reise	fähig
reiselustig	Reise	lustig
reizbar	reizen	bar
reizlos	Reiz	los
reizvoll	Reiz	voll
reißfest	reißen	fest
rekonstruieren	re	konstruieren
rekordverdächtig	Rekord	verdächtig
relational	Relation	al
relativieren	relativ	ieren
relevieren	relevare	ieren
religionsphilosophisch	Religionsphilosophie	isch
rempeln	Rämpel	eln
rentenpolitisch	Rentenpolitik	isch
rentieren	Rente	ieren
reparierbar	reparieren	bar
reproduktionstoxisch	Reproduktion	toxisch
reproduzieren	re	produzieren
resigniert	resignieren	t
resonieren	resono	ieren
resorbierbar	resorbieren	bar
respektlos	Respekt	los
respektvoll	Respekt	voll
restlos	Rest	los
restringieren	restringō	ieren
resultatlos	Resultat	los
retikulär	Retikulum	är
retrobulbär	retro	bulbär
retrofuturistisch	retro	futuristisch
revanchieren	Revanche	ieren
rezeptfrei	Rezept	frei
rezeptorvermittelt	Rezeptor	vermittelt
rezeptpflichtig	Rezept	pflichtig
rhapsodisch	Rhapsodie	isch
rheinabwärts	Rhein	abwärts
rheinaufwärts	Rhein	aufwärts
rheinfränkisch	Rhein	fränkisch
rheinisch	Rhein	isch
rheinland-pfälzisch	Rheinland-Pfalz	isch
rheinländisch	Rheinland	isch
rheologisch	Rheologie	isch
rhodiumbeschichtet	Rhodium	beschichtet
rhombisch	Rhombus	isch
rhomboedrisch	Rhomboeder	isch
ribbeln	ribben	eln
richterlich	Richter	lich
richtigerweise	richtig	erweise
richtigliegen	richtig	liegen
richtigstellen	richtig	stellen
richtungsweisend	Richtung	s	weisend
riechbar	riechen	bar
riesengroß	riesen	groß
rindsledern	Rindsleder	n
ringförmig	Ring	förmig
ringöffnend	Ring	öffnend
ripostieren	Riposte	ieren
rippenförmig	Rippe	förmig
risikoaffin	Risiko	affin
risikoavers	Risiko	avers
risikofrei	Risiko	frei
risikolos	Risiko	los
risikoreich	Risiko	reich
risikoscheu	Risiko	scheu
rispenförmig	Rispe	förmig
rissfest	Riss	fest
rissig	Riss	ig
ritterbürtig	Ritter	bürtig
ritterlich	Ritter	lich
rittlings	Ritt	lings
rochieren	Roch	ieren
rodelfrei	rodeln	frei
rohstoffarm	Rohstoff	arm
rollenförmig	Rolle	förmig
romanhaft	Roman	haft
romanistisch	Romanistik	isch
romfreundlich	Rom	freundlich
rosarot	rosa	rot
rosettenförmig	Rosette	förmig
rostbraun	Rost	braun
rostfrei	Rost	frei
rostig	Rost	ig
rostrot	Rost	rot
roséfarben	rosé	farben
rot-gelb	rot	gelb
rot-grün	rot	grün
rotblau	rot	blau
rotbraun	rot	braun
rotbräunlich	rot	bräunlich
rotgefärbt	rot	gefärbt
rotgelb	rot	gelb
rotglühend	rot	glühend
rotgolden	Rotgold	en
rothaarig	rot	haarig
rothäutig	rot	Haut	ig
rotsehen	rot	sehen
rotviolett	rot	violett
rotwangig	rot	Wange	ig
rotzig	Rotz	ig
routinemäßig	Routine	mäßig
ruandisch	Ruanda	isch
rubbeldiekatz	rubbeln	Geldkatze
rubbeln	rubben	eln
rubinrot	Rubin	rot
ruckelfrei	ruckeln	frei
ruckelig	ruckeln	ig
ruckeln	rucken	eln
rucken	Ruck	en
ruhelos	Ruhe	los
ruhmreich	Ruhm	reich
ruhmsüchtig	Ruhm	süchtig
ruhmvoll	Ruhm	voll
rumbringen	rum	bringen
rumeiern	rum	eiern
rumexperimentieren	rum	experimentieren
rumgammeln	rum	gammeln
rumhängen	rum	hängen
rumkommen	rum	kommen
rumkrabbeln	rum	krabbeln
rumkümmeln	rum	kümmeln
rumlaufen	rum	laufen
rumlecken	rum	lecken
rumlungern	rum	lungern
rumoxidieren	rum	oxidieren
rumpfuschen	rum	pfuschen
rumschmeißen	rum	schmeißen
rumsen	rums	en
rumsitzen	rum	sitzen
rumspringen	rum	springen
rumänophob	Rumäne	o	phob
runden	rund	en
rundgehen	rund	gehen
rundlich	rund	lich
runisch	Rune	isch
runterfallen	runter	fallen
runterholen	runter	holen
runterkippen	runter	kippen
runtermachen	runter	machen
runterschlucken	runter	schlucken
runterstellen	runter	stellen
runterwürgen	runter	würgen
russischstämmig	Russisch	stämmig
russlanddeutsch	Russland	deutsch
russlandfeindlich	Russland	feindlich
russlandfreundlich	Russland	freundlich
russlandweit	Russland	weit
russländisch	Russland	isch
rutheniumhaltig	Ruthenium	haltig
rußig	Ruß	ig
rußlandfeindlich	Rußland	feindlich
rußlandfreundlich	Rußland	freundlich
rätisch	Rätien	isch
rätoromanisch	Rätoromane	isch
rätselhaft	Rätsel	haft
rätseln	Rätsel	en
räuberisch	Räuber	isch
räumlich	Raum	lich
röhrenförmig	Röhre	förmig
römisch	Rom	isch
römisch-deutsch	römisch	deutsch
röntgenabsorbierend	Röntgen	absorbierend
rötlich	rot	lich
rötlichbraun	rötlich	braun
rüberwachsen	rüber	wachsen
rückbesinnen	rück	besinnen
rückdrehen	rück	drehen
rückfällig	Rückfall	ig
rückgratlos	Rückgrat	los
rückgängig	Rückgang	ig
rückhaltlos	Rückhalt	los
rücklaufend	rück	laufen	end
rücklings	Rücken	lings
rückläufig	rück	laufen	ig
rücksichtslos	Rücksicht	s	los
rücksichtsvoll	Rücksicht	s	voll
rückwärtig	Rücken	wärtig
rückwärts	rück	wärts
rückwärtsfahren	rückwärts	fahren
rückwärtsgekrümmt	rückwärts	gekrümmt
rückwärtsgewandt	rückwärts	gewandt
rückzu	rück	zu
rücküberweisen	rück	überweisen
rügenswert	rügen	wert
rühmen	Ruhm	en
rühmlich	rühm	lich
rührselig	rühren	selig
rüpelhaft	Rüpel	haft
rüsselförmig	Rüssel	förmig
rüstig	rüsten	ig
rütteln	rütten	eln
s-förmig	s	förmig
saarländisch	Saarland	isch
sachbezogen	Sache	bezogen
sachdienlich	Sache	dienlich
sachgemäß	Sache	gemäß
sachkundig	Sache	kundig
sachsen-anhaltinisch	Sachsen	Anhaltiner	isch
sachverständig	Sachverstand	ig
sackartig	Sack	artig
sacken	Sack	en
sackförmig	Sack	förmig
saftig	Saft	ig
sagenumwoben	Sage	n	umwoben
sahnen	Sahne	en
sahnig	Sahne	ig
salafistisch	Salafist	isch
salben	Salbe	en
salomonisch	Salomo	isch
salonfähig	Salon	fähig
salpeterhaltig	Salpeter	haltig
salzarm	Salz	arm
salzburgerisch	Salzburger	isch
salzburgisch	Salzburg	isch
salzfrei	Salz	frei
salzig	Salz	ig
salzlos	Salz	los
salztolerant	Salz	tolerant
sambisch	Sambia	isch
samisch	Same	isch
samoanisch	Samoa	isch
samstäglich	Samstag	lich
samten	Samt	en
samtig	Samt	ig
samtweich	Samt	weich
san-marinesisch	San Marino	isch
sandfarben	Sand	farben
sandig	Sand	ig
sanftfühlig	sanft	fühlen	ig
sanskritisch	Sanskrit	isch
saphirblau	Saphir	blau
saphiren	Saphir	en
sapphisch	Sappho	isch
sarazenisch	Sarazene	isch
sardinisch	Sardinien	isch
satanisch	Satan	isch
sathmarschwäbisch	Sathmar	schwäbisch
satisfaktionsfähig	Satisfaktion	s	fähig
sattelfest	Sattel	fest
satthaben	satt	haben
sattsehen	satt	sehen
satzinitial	Satz	initial
satzungsgemäß	Satzung	s	gemäß
satzwertig	Satz	wertig
saubermachen	sauber	machen
saubillig	sau	billig
saudi-arabisch	Saudi-Arabien	isch
saudisch	Saudi	isch
sauerstoffangereichert	Sauerstoff	angereichert
sauerstoffarm	Sauerstoff	arm
sauerstofffrei	Sauerstoff	frei
sauerstoffproduzierend	Sauerstoff	produzierend
sauerstoffreich	Sauerstoff	reich
sauerstofftransportierend	Sauerstoff	transportierend
sauertöpfisch	Sauertöpf	isch
saugefährlich	sau	gefährlich
saugut	sau	gut
saumselig	Saumsal	ig
saunen	Sauna	en
saunieren	Sauna	ieren
sauteuer	sau	teuer
sautieren	sauter	ieren
schablonenhaft	Schablone	haft
schachteln	Schachtel	en
schadenfroh	Schaden	froh
schadhaft	Schaden	haft
schadlos	Schaden	los
schadstoffarm	Schadstoff	arm
schadstofffrei	Schadstoff	frei
schadstoffhaltig	Schadstoff	haltig
schaffnerlos	Schaffner	los
schalenförmig	Schale	förmig
schalkhaft	Schalk	haft
schalldicht	Schall	dicht
schaltungsintern	Schaltung	s	intern
schamhaft	Scham	haft
schamlos	Scham	los
schamvoll	Scham	voll
schandlos	Schande	los
schandvoll	Schande	voll
scharenweise	Scharen	weise
scharfkantig	scharf	kantig
scharfzüngig	scharf	Zunge	ig
scharlachen	Scharlach	en
scharlachrot	Scharlach	rot
schartig	Scharte	ig
schasfreundlich	Schas	freundlich
schattenhaft	Schatten	haft
schattenspendend	Schatten	spendend
schattig	Schatten	ig
schauderhaft	Schauder	haft
schauerlich	schauern	lich
schaufelförmig	Schaufel	förmig
schaurig	Schauer	ig
schauspielerisch	Schauspieler	isch
scheckiglachen	scheckig	lachen
scheelsüchtig	Scheelsucht	ig
scheffeln	Scheffel	en
scheibchenförmig	Scheibchen	förmig
scheibchenweise	Scheibchen	weise
scheibenförmig	Scheibe	förmig
scheinheilig	Schein	heilig
scheinselbständig	Schein	selbständig
schelmisch	Schelm	isch
schemenhaft	Schemen	haft
schenkweise	schenken	weise
scherzhaft	Scherz	haft
schichtweise	Schicht	weise
schicklich	schicken	lich
schicksalhaft	Schicksal	haft
schiefergrau	Schiefer	grau
schiefgehen	schief	gehen
schieflachen	schief	lachen
schiefliegen	schief	liegen
schienen	Schiene	en
schiffbar	schiffen	bar
schiffbrüchig	Schiffbruch	ig
schikanös	Schikane	ös
schildern	Schild	er	n
schildförmig	Schild	förmig
schimmelig	Schimmel	ig
schimmlig	Schimmelpilz	ig
schimärisch	Schimäre	isch
schintoistisch	Schintoist	isch
schirmförmig	Schirm	förmig
schlachtfertig	Schlacht	fertig
schlaflos	Schlaf	los
schlafmützig	Schlafmütze	ig
schlafwandeln	Schlaf	wandeln
schlagfertig	Schlag	fertig
schlagzeilen	Schlagzeile	en
schlaksig	Schlaks	ig
schlammig	Schlamm	ig
schlampig	schlampen	ig
schlapplachen	schlapp	lachen
schlappmachen	schlapp	machen
schlauchen	Schlauch	en
schlauchförmig	Schlauch	förmig
schlauerweise	schlau	erweise
schlechthin	schlecht	hin
schlechtreden	schlecht	reden
schleierhaft	Schleier	haft
schleimig	Schleim	ig
schlesisch	Schlesien	isch
schleswig-holsteinisch	Schleswig-Holstein	isch
schleusen	Schleuse	en
schlichtweg	schlicht	weg
schliefbar	schliefen	bar
schliefig	Schlief	ig
schließbar	schließen	bar
schließlich	schließen	lich
schlimmstenfalls	schlimmsten	Falls
schlitzäugig	Schlitzauge	ig
schluderig	schludern	ig
schlumpfen	Schlumpf	en
schlunzig	Schlunze	ig
schlusig	Schluse	ig
schlussfolgern	Schluss	folgern
schläfrig	Schläfer	ig
schlängeln	Schlange	eln
schlüsselfertig	Schlüssel	fertig
schlüsseln	Schlüssel	en
schmachten	Schmacht	en
schmachvoll	Schmach	voll
schmalbrüstig	schmal	Brust	ig
schmallippig	schmal	Lippe	ig
schmalzig	Schmalz	ig
schmeichelhaft	schmeicheln	haft
schmerzarm	Schmerz	arm
schmerzempfindlich	Schmerz	empfindlich
schmerzfrei	Schmerz	frei
schmerzhaft	Schmerz	haft
schmerzlich	Schmerz	lich
schmerzlos	Schmerz	los
schmerzvoll	Schmerz	voll
schmetterlingskundlich	Schmetterlingskunde	lich
schmiegsam	schmiegen	sam
schmirgeln	Schmirgel	en
schmökern	Schmöker	n
schnabelförmig	Schnabel	förmig
schnabulieren	Schnabel	ieren
schnatzen	Schnatz	en
schnauzen	Schnauze	en
schneckenartig	Schnecke	artig
schneebedeckt	Schnee	bedeckt
schneeblind	Schnee	blind
schneefrei	Schnee	frei
schneegekrönt	Schnee	gekrönt
schneeig	Schnee	ig
schneereich	Schnee	reich
schneesicher	Schnee	sicher
schneeweiß	Schnee	weiß
schneidbar	schneiden	bar
schnellstens	schnellsten	ens
schnellstmöglich	schnell	möglich
schnellwachsend	schnell	wachsend
schnodderig	Schnodder	ig
schnorcheln	Schnorchel	n
schnurgerade	Schnur	gerade
schnurlos	Schnur	los
schnurrbärtig	Schnurrbart	ig
schnurstracks	Schnur	stracks
schnäukig	schnäuken	ig
schnörkellos	Schnörkel	los
schofelig	schofel	ig
schokoladen	Schokolade	en
schokolieren	Schokolade	ieren
schorfig	Schorf	ig
schossfest	schoss	fest
schotenförmig	Schote	förmig
schrammen	Schramme	en
schreckenerregend	Schrecken	erregend
schreckensblass	Schrecken	blass
schreckhaft	Schreck	haft
schrecklich	Schreck	lich
schreddern	Schredder	n
schreibfaul	schreiben	faul
schreibgeschützt	schreib	geschützt
schriftlos	Schrift	los
schriftstellerisch	Schriftsteller	isch
schrittweise	Schritt	weise
schrotten	Schrott	en
schrottreif	Schrott	reif
schrullig	Schrulle	ig
schrundig	Schrunde	ig
schubsen	Schupp	s
schuftig	Schuft	ig
schulautonom	Schule	autonom
schulbuchmäßig	Schulbuch	mäßig
schuldenfrei	Schulden	frei
schuldgeplagt	Schuld	geplagt
schuldig	Schuld	ig
schulen	Schule	en
schulfrei	Schule	frei
schulpflichtig	Schule	pflichtig
schuppenförmig	Schuppe	förmig
schussbereit	Schuss	bereit
schusselig	Schussel	ig
schussfertig	Schuss	fertig
schussfest	Schuss	fest
schustern	Schuster	en
schutzlos	Schutz	los
schwabbelig	schwabbeln	ig
schwabbeln	schwabben	eln
schwachköpfig	Schwachkopf	ig
schwachsinnig	Schwachsinn	ig
schwadronieren	Schwadron	ieren
schwammig	Schwamm	ig
schwanzgesteuert	Schwanz	gesteuert
schwarzarbeiten	schwarz	arbeiten
schwarzbraun	schwarz	brown
schwarzbrennen	schwarz	brennen
schwarzfahren	schwarz	fahren
schwarzgrau	schwarz	grau
schwarzsehen	schwarz	sehen
schwarzweiß	schwarz	weiß
schwarzäugig	schwarz	äugig
schwatzhaft	Schwatz	haft
schwefelarm	Schwefel	arm
schwefelgelb	Schwefel	gelb
schwefelhaltig	Schwefel	haltig
schwefeln	Schwefel	en
schwefelorganisch	Schwefel	organisch
schwefelreich	Schwefel	reich
schwefelähnlich	Schwefel	ähnlich
schweigsam	schweigen	sam
schweinchenrosa	Schweinchen	rosa
schweinekalt	schweine	kalt
schweinern	Schwein	ern
schweineteuer	schweine	teuer
schweinisch	Schwein	isch
schweizerisch	Schweizer	isch
schweizweit	Schweiz	weit
schweißbar	schweißen	bar
schweißüberströmt	Schweiß	überströmt
schwererziehbar	schwer	erziehbar
schwerfallen	schwer	fallen
schwerhörig	schwer	hören
schwerkrank	schwer	krank
schwerkriegsbeschädigt	schwer	kriegsbeschädigt
schwerlich	schwer	lich
schwerlöslich	schwer	löslich
schwermetallfrei	Schwermetall	frei
schwerpunktmäßig	Schwerpunkt	mäßig
schwerreich	schwer	reich
schwertförmig	Schwert	förmig
schwertun	schwer	tun
schwesterlich	Schwester	lich
schwindelfrei	Schwindel	frei
schwulenfeindlich	schwul	en	feindlich
schwungvoll	Schwung	voll
schwäbeln	Schwabe	eln
schwächeln	schwach	eln
schwächlich	schwach	lich
schwärmerisch	Schwärmer	isch
schwärzen	schwarz	en
schwärzlich	schwarz	lich
schäbig	Schabe	ig
schädlich	Schaden	lich
schämen	Scham	en
schändlich	Schande	lich
schätzungsweise	Schätzung	weise
schäumbar	schäumen	bar
schönfärben	schön	färben
schönreden	schön	reden
schöntun	schön	tun
schürzen	Schurz	en
schützenswert	schützen	wert
sechsarmig	sechs	Arm	ig
sechsbeinig	sechs	Bein	ig
sechseckig	Sechseck	ig
sechsflächig	sechs	flächig
sechsfüßig	sechs	Fuß	ig
sechshundert	sechs	hundert
sechshundertjährig	sechshundert	jährig
sechshunderttausend	sechs	hundert	tausend
sechsjährig	sechs	jährig
sechsköpfig	sechs	köpfig
sechsmal	sechs	mal
sechsminütig	sechs	Minute	ig
sechsmonatig	sechs	Monat	ig
sechsmonatlich	sechs	monatlich
sechsprozentig	sechs	prozentig
sechsseitig	sechs	Seite
sechssprachig	sechs	sprachen	ig
sechsstellig	sechs	Stelle	ig
sechsstrahlig	sechs	Strahl	ig
sechsstündig	sechs	Stunde	ig
sechstausend	sechs	tausend
sechstausendfach	sechs	tausendfach
sechstausendmal	sechs	tausendmal
sechstausendste	sechs	tausendste
sechsthäufigste	sechst	häufigste
sechstägig	sechs	tägig
sechsundachtzig	sechs	und	achtzig
sechsundachtzigste	sechsundachtzig	ste
sechsunddreißigeckig	Sechsunddreißigeck	ig
sechsunddreißigfach	sechsunddreißig	fach
sechsunddreißigjährig	sechsunddreißig	jährig
sechsunddreißigmal	sechsunddreißig	mal
sechsunddreißigminütig	sechsunddreißig	Minute	ig
sechsunddreißigmonatig	sechsunddreißig	Monat	ig
sechsunddreißigste	sechsunddreißig	ste
sechsunddreißigstündig	sechsunddreißig	Stunde	ig
sechsundfünfzigfach	sechsundfünfzig	fach
sechsundfünfzigjährig	sechsundfünfzig	jährig
sechsundfünfzigmal	sechsundfünfzig	mal
sechsundfünfzigste	sechsundfünfzig	ste
sechsundneunzig	sechs	und	neunzig
sechsundneunzigste	sechsundneunzig	ste
sechsundsechzigste	sechsundsechzig	ste
sechsundsiebzigste	sechsundsiebzig	ste
sechsundvierzigfach	sechsundvierzig	fach
sechsundvierzigjährig	sechsundvierzig	jährig
sechsundvierzigmal	sechsundvierzig	mal
sechsundvierzigminütig	sechsundvierzig	Minute	ig
sechsundvierzigste	sechsundvierzig	ste
sechsundvierzigstündig	sechsundvierzig	Stunde	ig
sechsundzwanzigfach	sechsundzwanzig	fach
sechsundzwanzigjährig	sechsundzwanzig	jährig
sechsundzwanzigköpfig	sechsundzwanzig	Kopf	ig
sechsundzwanzigmal	sechsundzwanzig	mal
sechsundzwanzigminütig	sechsundzwanzig	Minute	ig
sechsundzwanzigste	sechsundzwanzig	ste
sechsundzwanzigstündig	sechsundzwanzig	Stunde	ig
sechsundzwanzigwöchig	sechsundzwanzig	Woche	ig
sechswertig	sechs	wertig
sechswöchig	sechs	Woche	ig
sechzehneckig	Sechzehneck	ig
sechzehnfach	sechzehn	fach
sechzehnhundert	sechzehn	hundert
sechzehnjährig	sechzehn	Jahr	ig
sechzehnköpfig	sechzehn	köpfig
sechzehnmal	sechzehn	mal
sechzehnminütig	sechzehn	Minute	ig
sechzehnstündig	sechzehn	Stunde	ig
sechzehntägig	sechzehn	tägig
sechzehnwöchig	sechzehn	Woche	ig
sechzigeckig	Sechzigeck	ig
sechzigfach	sechzig	fach
sechzigjährig	sechzig	jährig
sechzigmal	sechzig	mal
sechzigminütig	sechzig	Minute	ig
sechzigmonatig	sechzig	Monat	ig
sechzigprozentig	sechzig	prozentig
sechzigste	sechzig	ste
sechzigstündig	sechzig	Stunde	ig
sechzigtausend	sechzig	tausend
sechzigtausendfach	sechzig	tausendfach
sechzigtausendmal	sechzig	tausendmal
sechzigtausendste	sechzig	tausendste
sechzigtägig	sechzig	tägig
sechzigwöchig	sechzig	Woche	ig
seeklar	See	klar
seekrank	See	krank
seelenlos	Seele	los
seelenruhig	Seele	ruhig
seelisch	Seele	isch
seemannssprachlich	Seemann	sprachlich
seerechtlich	Seerecht	lich
seeschwäbisch	See	schwäbisch
seeseitig	Seeseite	ig
seewärtig	See	wärtig
seewärts	See	wärts
segensreich	Segen	reich
sehenswert	sehen	wert
sehnig	Sehne	ig
sehnlich	sehnen	lich
sehnsüchtig	Sehnsucht	ig
seiden	Seide	en
seidenmatt	Seide	n	matt
seidig	Seide	ig
seifenfrei	Seife	frei
seilspringen	Seil	springen
seinesgleichen	seines	gleichen
seinige	sein	ig
seismographisch	Seismograph	isch
seitdem	seit	dem
seitenverkehrt	Seite	n	verkehrt
seitlich	Seite	lich
seitlings	Seite	lings
seitwärtig	Seite	wärtig
seitwärts	Seite	wärts
sektoral	Sektor	al
sekundengenau	Sekunde	genau
sekundenlang	Sekunden	lang
sekundenschnell	Sekunde	n	schnell
sekündlich	Sekunde	lich
selbstbestimmt	selbst	bestimmt
selbstbewusst	selbst	bewusst
selbstbezüglich	selbst	bezüglich
selbstentzündlich	selbst	entzündlich
selbsterklärend	selbst	erklärend
selbstgebaut	selbst	gebaut
selbstgefällig	selbst	gefällig
selbstgerecht	selbst	gerecht
selbstherrlich	selbst	herrlich
selbstironisch	selbst	ironisch
selbstisch	selbst	isch
selbstklebend	selbst	klebend
selbstkritisch	selbst	kritisch
selbstmörderisch	Selbstmörder	isch
selbstsicher	selbst	sicher
selbstsüchtig	selbst	süchtig
selbsttragend	selbst	tragend
selbstverliebt	selbst	verliebt
selbstverständlich	selbst	verständlich
seldschukisch	Seldschuk	isch
selektionistisch	Selektion	istisch
selenhaltig	Selen	haltig
selenreich	Selen	reich
seligmachen	selig	machen
seligsprechen	selig	sprechen
seltsamerweise	seltsam	erweise
semasiologisch	Semasiologie	isch
semesterbegleitend	Semester	begleitend
semigut	semi	gut
senfartig	Senf	artig
seniorentauglich	Senior	tauglich
senkrecht	senken	recht
sensationslüstern	Sensation	lüstern
sensibilisieren	sensibel	isieren
sentimentalisch	sentimental	isch
septillionste	Septillion	ste
septisch	Sepsis	isch
seraphisch	Seraph	isch
serbisch-montenegrinisch	Serbien und Montenegro	isch
serienmäßig	Serie	mäßig
serienreif	Serie	reif
serifenlos	Serife	los
servicieren	Service	ieren
servieren	servir	en
sexbesessen	Sex	besessen
sexsüchtig	Sexsucht	ig
sextillionste	Sextillion	ste
seychellisch	Seychellen	isch
sezessionistisch	Sezession	istisch
sibirisch	Sibirien	isch
sichelförmig	Sichel	förmig
sicherheitshalber	Sicherheit	s	halber
sicherlich	sicher	lich
sicherstellen	sicher	stellen
sichtbar	Sicht	bar
sichtbarlich	sichtbar	lich
sickig	sicken	ig
sieben Todsünden	sieben	Tod	Sünde
siebeneckig	Siebeneck	ig
siebenfach	Sieben	fach
siebenhundertjährig	siebenhundert	jährig
siebenhunderttausend	sieben	hundert	tausend
siebenjährig	sieben	jährig
siebenköpfig	sieben	köpfig
siebenmal	sieben	mal
siebenminütig	sieben	Minute	ig
siebenmonatig	sieben	Monat	ig
siebenmonatlich	sieben	monatlich
siebenprozentig	sieben	prozentig
siebenseitig	sieben	Seite
siebensprachig	sieben	sprachen	ig
siebenstellig	sieben	Stelle	ig
siebenstündig	sieben	Stunde	ig
siebentausend	sieben	tausend
siebentausendfach	sieben	tausendfach
siebentausendmal	sieben	tausendmal
siebentausendste	sieben	tausendste
siebentägig	sieben	tägig
siebenundachtzig	sieben	und	achtzig
siebenundachtzigste	siebenundachtzig	ste
siebenunddreißigfach	siebenunddreißig	fach
siebenunddreißigjährig	siebenunddreißig	jährig
siebenunddreißigmal	siebenunddreißig	mal
siebenunddreißigminütig	siebenunddreißig	Minute	ig
siebenunddreißigste	siebenunddreißig	ste
siebenundfünfzigfach	siebenundfünfzig	fach
siebenundfünfzigjährig	siebenundfünfzig	jährig
siebenundfünfzigmal	siebenundfünfzig	mal
siebenundfünfzigste	siebenundfünfzig	ste
siebenundneunzigste	siebenundneunzig	ste
siebenundsechzigste	siebenundsechzig	ste
siebenundsiebzigste	siebenundsiebzig	ste
siebenundvierzigfach	siebenundvierzig	fach
siebenundvierzigjährig	siebenundvierzig	jährig
siebenundvierzigmal	siebenundvierzig	mal
siebenundvierzigminütig	siebenundvierzig	Minute	ig
siebenundvierzigste	siebenundvierzig	ste
siebenundzwanzig	sieben	und	zwanzig
siebenundzwanzigeckig	Siebenundzwanzigeck	ig
siebenundzwanzigfach	siebenundzwanzig	fach
siebenundzwanzigjährig	siebenundzwanzig	jährig
siebenundzwanzigköpfig	siebenundzwanzig	Kopf	ig
siebenundzwanzigmal	siebenundzwanzig	mal
siebenundzwanzigminütig	siebenundzwanzig	Minute	ig
siebenundzwanzigste	siebenundzwanzig	ste
siebenundzwanzigstündig	siebenundzwanzig	Stunde	ig
siebenundzwanzigtägig	siebenundzwanzig	tägig
siebenundzwanzigwöchig	siebenundzwanzig	Woche	ig
siebenwertig	sieben	wertig
siebenwöchig	sieben	Woche	ig
siebzehneckig	Siebzehneck	ig
siebzehnfach	siebzehn	fach
siebzehnhundert	siebzehn	hundert
siebzehnhundertste	siebzehn	hundertste
siebzehnjährig	siebzehn	jährig
siebzehnköpfig	siebzehn	köpfig
siebzehnmal	siebzehn	mal
siebzehnminütig	siebzehn	Minute	ig
siebzehnseitig	siebzehn	Seite
siebzehnstündig	siebzehn	Stunde	ig
siebzehntägig	siebzehn	tägig
siebzehnwöchig	siebzehn	Woche	ig
siebzigeckig	Siebzigeck	ig
siebzigfach	siebzig	fach
siebzigjährig	siebzig	jährig
siebzigköpfig	siebzig	köpfig
siebzigminütig	siebzig	Minute	ig
siebzigmonatig	siebzig	Monat	ig
siebzigprozentig	siebzig	prozentig
siebzigste	siebzig	ste
siebzigstündig	siebzig	Stunde	ig
siebzigtausend	siebzig	tausend
siebzigtausendfach	siebzig	tausendfach
siebzigtausendmal	siebzig	tausendmal
siebzigtausendste	siebzig	tausendste
siebzigtägig	siebzig	tägig
siebzigwöchig	siebzig	Woche	ig
siegerländisch	Siegerland	isch
siegesbewusst	Sieg	bewusst
siegesgewiss	Sieg	gewiss
siegessicher	Sieg	sicher
sieghaft	Sieg	haft
siegreich	Sieg	reich
sierra-leonisch	Sierra Leone	isch
siezen	Sie	zen
siffig	Siff	ig
silbenbildend	Silbe	bildend
silbentragend	Silbe	tragend
silberbeschichtet	Silber	beschichtet
silberempfindlich	Silber	empfindlich
silberfarben	Silber	farben
silberfarbig	Silber	farbig
silberglänzend	Silber	glänzend
silbergrau	Silber	grau
silberhaltig	Silber	haltig
silberig	Silber	ig
silberweiß	silber	weiß
silberähnlich	Silber	ähnlich
silbisch	Silbe	isch
silbrigweiß	silbrig	weiß
silicathaltig	Silicat	haltig
silicatisch	Silicat	isch
siliciumhaltig	Silicium	haltig
silikathaltig	Silikat	haltig
silikatisch	Silikat	isch
silikatreich	Silikat	reich
siliziumhaltig	Silizium	haltig
simbabwisch	Simbabwe	isch
simsen	SMS	en
simultandolmetschen	simultan	dolmetschen
sinfonisch	Sinfonie	isch
singapurisch	Singapur	isch
sinnbildlich	Sinnbild	lich
sinnentstellend	Sinn	entstellend
sinnergebend	Sinn	ergebend
sinnfrei	Sinn	frei
sinnfällig	Sinn	fällig
sinngemäß	Sinn	gemäß
sinnhaft	Sinn	haft
sinnieren	Sinn	ieren
sinnig	Sinn	ig
sinnlich	Sinn	lich
sinnlos	Sinn	los
sinnstiftend	Sinn	stiftend
sinnverwandt	Sinn	verwandt
sinnvoll	Sinn	voll
sinnvollerweise	sinnvoll	erweise
sintflutartig	Sintflut	artig
siriusfern	Sirius	fern
sittlich	Sitte	lich
sittsam	Sitte	sam
situativ	Situation	iv
sixtinisch	Sixtus	isch
sklawinisch	Sklawine	isch
skrupellos	Skrupel	los
smaragden	Smaragd	en
smaragdgrün	Smaragd	grün
sodala	so	da
sodomitisch	Sodomit	isch
sofortig	sofort	ig
sogar	so	gar
sohlen	Sohle	en
sokratisch	Sokrates	isch
solang	so	lang
solange	so	lange
solarbetrieben	solar	betrieben
solarthermisch	solar	thermisch
solcherart	solcher	Art
soldatisch	Soldat	isch
somalisch	Somalia	isch
somit	so	mit
sommerfest	Sommer	fest
sommergrün	Sommer	grün
sommerlich	Sommer	lich
sommersprossig	Sommersprosse	ig
sonderbar	sondern	bar
sondergleichen	sonder	gleich
sonderkündigen	sonder	kündigen
sonderpädagogisch	sonder	pädagogisch
sonnendurchflutet	Sonne	durchflutet
sonnenreich	Sonne	n	reich
sonnig	Sonne	ig
sonst was	sonst	was
sonstig	sonst	ig
sorgsam	Sorge	sam
sortenrein	Sorte	rein
soteriologisch	Soteriologie	isch
soulig	Soul	ig
soweit	so	weit
sowie	so	wie
sowjetisch	Sowjet	isch
sozialdarwinistisch	sozial	darwinistisch
sozialpolitisch	Sozialpolitik	isch
sozialverträglich	sozial	verträglich
soziokulturell	sozio	kulturell
soziologisch	Soziologie	isch
soziopathisch	Soziopath	isch
sozioökologisch	sozio	ökologisch
sozioökonomisch	sozio	ökonomisch
spachteln	Spachtel	n
spagirisch	Spagirik	isch
spaltbar	spalten	bar
spanienweit	Spanien	weit
spanisch	Spanien	isch
spartanisch	Sparta	isch
spatig	Spat	ig
spazieren gehen	spazieren	gehen
spaßen	Spaß	en
spaßig	Spaß	ig
speckig	Speck	ig
speicherprogrammierbar	speicher	programmierbar
speicherresident	Speicher	resident
speläologisch	Speläologie	isch
sperrangelweit	Sperrangel	weit
spesenfrei	Spesen	frei
sphärisch	Sphäre	isch
spiegelbildlich	Spiegelbild	lich
spiegelblank	spiegeln	blank
spiegelgleich	Spiegel	gleich
spiegelsymmetrisch	Spiegel	symmetrisch
spiegelverkehrt	Spiegel	verkehrt
spielbar	spielen	bar
spielsüchtig	Spiel	süchtig
spiessbürgerlich	Spiessbürger	lich
spießbürgerlich	Spießbürger	lich
spießen	Spieß	en
spillerig	Spille	ig
spindeldürr	Spindel	dürr
spiralförmig	Spirale	förmig
spitzeln	Spitzel	en
spitzfindig	Spitze	findig
spitzig	spitz	ig
spitzwinklig	spitz	Winkel	ig
spoilern	Spoiler	en
sporteln	Sport	eln
sportiv	Sport	iv
sportlich	Sport	lich
spottbillig	Spott	billig
spottschlecht	Spott	schlecht
spottsüchtig	Spott	süchtig
sprachgewaltig	Sprache	gewaltig
sprachgewandt	Sprache	gewandt
sprachkritisch	Sprache	kritisch
sprachkundig	Sprache	kundig
sprachlich	Sprache	lich
sprachlos	Sprache	los
sprachwissenschaftlich	Sprachwissenschaft	lich
sprichwörtlich	Sprichwort	lich
spritig	Sprit	ig
spruchreif	Spruch	reif
sprungbereit	Sprung	bereit
spuken	Spuk	en
spukhaft	Spuk	haft
spulen	Spule	en
spurlos	Spur	los
spätabends	spät	abends
spätbarock	spät	barock
spätmittelniederländisch	spät	mittel	niederländisch
spätnachts	spät	nachts
spötteln	spotten	eln
spöttisch	Spott	isch
sri-lankisch	Sri Lanka	isch
staatlich	Staat	lich
staatsrechtlich	Staatsrecht	lich
staatähnlich	Staat	ähnlich
staccatoartig	Staccato	artig
stachelig	Stachel	ig
stadtbekannt	Stadt	bekannt
stadtbremisch	Stadt	Bremen	isch
staffeln	Staffel	en
stahlblau	Stahl	blau
stahlgrau	Stahl	grau
staksen	staken	sen
standardmäßig	Standard	mäßig
standardsprachlich	Standardsprache	lich
standesamtlich	Standesamt	lich
standesbewusst	Stand	bewusst
standesgemäß	Stand	es	gemäß
standfest	Stand	fest
standhalten	Stand	halten
standrechtlich	Standrecht	lich
stapelbar	stapeln	bar
stapelweise	Stapel	weise
starkmachen	stark	machen
starrsinnig	Starrsinn	ig
startbereit	Start	bereit
startklar	starten	klar
stationieren	Station	ieren
stationsweit	Station	s	weit
stationär	Station	är
statistisch	Statistik	isch
stattgeben	statt	geben
statutarisch	Statut	isch
stauanfällig	Stau	anfällig
staubbeladen	Staub	beladen
staubig	Staub	ig
staubsaugen	Staub	saugen
staubtrocken	Staub	trocken
steckbrieflich	Steckbrief	lich
steckenbleiben	stecken	bleiben
stehenbleiben	stehen	bleiben
steifen	steif	en
steigerbar	steigern	bar
steinern	Stein	ern
steinhart	Stein	hart
steinig	Stein	ig
steinzeitlich	Steinzeit	lich
stellenweise	Stelle	n	weise
stemmbar	stemmen	bar
stempeln	Stempel	en
stenografieren	Stenograf	ieren
stenographisch	Stenographie	isch
sterblich	sterben	lich
stereochemisch	stereo	chemisch
sternförmig	Stern	förmig
sternkundlich	Sternkunde	lich
steuerbar	steuern	bar
steuerfrei	Steuer	frei
steuerlich	Steuer	lich
steuerpflichtig	Steuerpflicht	ig
steuerpolitisch	Steuer	politisch
steuerrechtlich	Steuerrecht	lich
sticheln	stechen	eln
stichfest	Stich	fest
stichhaltig	Stich	haltig
stichometrisch	Stichometrie	isch
stichprobenartig	Stichprobe	artig
stichprobenhaft	Stichprobe	haft
stichpunktartig	Stichpunkt	artig
stichwortartig	Stichwort	artig
sticken	er	stecken
stickig	ersticken	ig
stickstoffhaltig	Stickstoff	haltig
stiefeln	Stiefel	en
stiefmütterlich	Stiefmutter	lich
stiefväterlich	Stiefvater	lich
stiellos	Stiel	los
stierig	Stier	ig
stilistisch	Stilist	isch
stillhalten	still	halten
stillos	Stil	los
stillschweigen	still	schweigen
stillsitzen	still	sitzen
stilmäßig	Stil	mäßig
stilprägend	Stil	prägend
stilsicher	Stil	sicher
stimmgewaltig	Stimme	gewaltig
stimmhaft	Stimme	haft
stimmig	stimmen	ig
stimmlos	Stimme	los
stimmungsvoll	Stimmung	voll
stinkfaul	stinken	faul
stinklangweilig	stink	langweilig
stinknormal	stink	normal
stinkreich	stink	reich
stinksauer	stink	sauer
stochern	stochen	ern
stockbesoffen	stock	besoffen
stockdunkel	stock	dunkel
stockfinster	stock	finster
stocksteif	Stock	steif
stocktaub	stock	taub
stoffen	Stoff	en
stofflich	Stoff	lich
stolzieren	Stolz	ieren
storchen	Storch	en
stornierbar	stornieren	bar
stotterig	stottern	ig
strafbar	strafen	bar
strafbefreiend	Strafe	befreiend
strafbewehrt	Strafe	bewehrt
strafmildernd	Strafe	mildernd
strafmindernd	Strafe	mindernd
strafmündig	Strafe	mündig
strafunmündig	un	mündig
strafverdächtig	Strafe	verdächtig
strafverschärfend	Strafe	verschärfend
strafwürdig	strafen	würdig
strahlen	Strahl	en
strahlenförmig	Strahl	förmig
strammstehen	stramm	stehen
strangförmig	Strang	förmig
strapaziös	Strapaze	ös
strauchartig	Strauch	artig
straucheln	strauchen	eln
straßenbahnähnlich	Straßenbahn	ähnlich
straßenköterblond	Straßenköter	blond
strebsam	streben	sam
streichbar	streichen	bar
streiken	Streik	en
streitbar	streiten	bar
streitbefangen	Streit	befangen
streitig	streiten	ig
streitlustig	Streit	Lust	ig
strenggläubig	streng	gläubig
stressfrei	Stress	frei
stressresistent	Stress	resistent
streufähig	streuen	fähig
strichpunktiert	Strich	punktiert
strittig	Streit	ig
strohblond	Stroh	blond
strohdumm	Stroh	dumm
strohen	Stroh	en
stromab	Strom	ab
stromauf	Strom	auf
stromführend	Strom	führend
stromlos	Strom	los
strontiumhaltig	Strontium	haltig
strontiumreich	Strontium	reich
strumpfsockert	Strumpf	sockert
strumpfsockig	Strumpf	Sock	ig
strunzdumm	strunzen	dumm
sträflich	Strafe	lich
strümpfig	Strumpf	ig
stubenrein	stuben	rein
studentisch	Student	isch
stufenlos	Stufe	los
stummschalten	stumm	schalten
stumpfsinnig	Stumpfsinn	ig
stumpfwinklig	stumpf	Winkel	ig
stundenlang	Stunden	lang
stupsen	stuppen	sen
stupsnasig	Stupsnase	ig
sturmfrei	Sturm	frei
sturmgepeitscht	Sturm	gepeitscht
sturzbetrunken	Sturz	betrunken
stutenbissig	Stutenbiss	ig
städtebaulich	Städtebau	lich
städtisch	Stadt	isch
stählern	Stahl	ern
stämmig	Stamm	ig
ständisch	Stand	isch
stänkern	Stank	ern
stärkehaltig	Stärke	haltig
stärkstens	stärksten	ens
stäuben	Staub	en
stöckeln	Stöckel	en
stöpseln	Stöpsel	en
störrisch	storr	isch
störungswertig	Störung	s	wertig
stückchenweise	Stückchen	weise
stückeln	Stück	eln
stückweise	Stück	weise
stümperhaft	Stümper	haft
stürmen	Sturm	en
stürmisch	Sturm	isch
subaquatisch	sub	aquatisch
subarktisch	sub	arktisch
subatomar	sub	atomar
subchronisch	sub	chronisch
subfebril	sub	febril
subglazial	sub	glazial
subjektiv	Subjekt	iv
subkrustal	sub	krustal
subkulturell	sub	kulturell
subkutan	sub	kutan
sublunarisch	sub	lunarisch
submarin	sub	marin
submikroskopisch	sub	mikroskopisch
submukös	sub	mukös
suboptimal	sub	optimal
subperiostal	sub	periostal
subphrenisch	sub	phrenisch
substantivieren	Substantiv	ieren
substantivisch	Substantiv	isch
substanziell	Substanz	ell
subterran	sub	terran
subtropisch	sub	tropisch
suburban	sub	urban
suchtartig	Sucht	artig
suchtgefährdet	Sucht	gefährdet
suchtkrank	Sucht	krank
sudanesisch	Sudanese	isch
sudeln	sudel	en
sudetisch	Sudeten	isch
suffigieren	Suffix	ieren
suggerieren	suggerō	ieren
suizidal	Suizid	al
sulfidisch	Sulfid	isch
sumerisch	Sumer	isch
summieren	Summe	ieren
sumpfen	Sumpf	en
sumpfig	Sumpf	ig
superfein	super	fein
superkurz	super	kurz
superprovisorisch	super	provisorisch
supertoll	super	toll
superzäh	super	zäh
suppig	Suppe	ig
suprafluid	supra	fluid
supraleitend	supra	leitend
supramaxillar	supra	maxillar
supranational	supra	national
suprapubisch	supra	pubisch
surinamisch	Suriname	isch
swasiländisch	Swasiland	isch
swasisch	Swasi	isch
sybaritisch	Sybaris	isch
symbolisch	Symbol	isch
symmetrisch	Symmetrie	isch
sympathikolytisch	Sympathikolyse	isch
sympathisch	Sympathie	isch
symphonisch	Symphonie	isch
synekdochisch	Synekdoche	isch
synoptisch	Synopse	isch
synsemantisch	syn	semantisch
synsystematisch	syn	systematisch
syntaktisch	Syntax	isch
syntaxonomisch	syn	taxonomisch
synzytial	Synzytium	al
synästhetisch	Synästhesie	isch
syrisch	Syrien	isch
systemisch	System	isch
systemkonform	System	konform
systemlos	System	los
systemoid	System	oid
systemweit	System	weit
systemübergreifend	System	übergreifend
szenig	Szene	ig
szenisch	Szene	isch
são-toméisch	São Tomé	isch
säbelförmig	Säbel	förmig
säbeln	Säbel	eln
sächlich	Sache	lich
sächsisch	Sachse	isch
sägeförmig	Säge	förmig
sägen	Säge	en
säkularisieren	säkular	isieren
sämig	Seim	ig
säuberlich	sauber	lich
säuern	sauer	en
säulenförmig	Säule	förmig
säulenähnlich	Säule	n	ähnlich
säurebeständig	Säure	beständig
säurefest	Säure	fest
säurefrei	Säure	frei
säurehaltig	Säure	haltig
säurelöslich	Säure	löslich
säuseln	sausen	eln
söhlig	Sohle	ig
südafrikanisch	Südafrika	n	isch
südasiatisch	Süd	asiatisch
südatlantisch	Süd	atlantisch
südbairisch	Süd	bairisch
süddeutsch	Süd	deutsch
süddonauisch	Süd	donauisch
süddünisch	Süd	dünisch
südelbisch	Süd	elbisch
südeuropäisch	Süd	europäisch
südlich	Süd	lich
südniederfränkisch	Süd	niederfränkisch
südostasiatisch	Südosten	asiatisch
südrheinisch	Süd	rheinisch
südsudanesisch	Süd	sudanesisch
südwärts	Süd	wärts
sündhaft	Sünde	haft
sündteuer	Sünde	teuer
süßlich	süß	lich
süßsauer	süß	sauer
tabellarisch	Tabelle	isch
tabellenförmig	Tabelle	förmig
tablettenförmig	Tablette	förmig
tablettensüchtig	Tablette	süchtig
tabuisieren	Tabu	isieren
tackern	Tacker	en
tadellos	Tadel	los
tadeln	Tadel	en
tadelnswert	tadeln	wert
tafelförmig	Tafel	förmig
tafelig	Tafel	ig
taften	Taft	en
tagaktiv	Tag	aktiv
tageshell	Tag	hell
tageweise	Tag	weise
taghell	Tag	hell
tagtäglich	Tag	täglich
takten	Takt	en
talentfrei	Talent	frei
talentvoll	Talent	voll
talmudisch	Talmud	isch
tangutisch	Tangute	isch
tannen	Tanne	en
tansanisch	Tansania	isch
tantig	Tante	ig
tapen	Tape	en
tapsen	tappen	sen
tarentinisch	Tarentiner	isch
tariflich	Tarif	lich
tasmanisch	Tasmanien	isch
tassenförmig	Tasse	förmig
tatarisch	Tatar	isch
tatenfroh	Taten	froh
tatenlos	Tat	los
tatkräftig	Tatkraft	ig
tatsächlich	Tatsache	lich
tatterig	tattern	ig
tatverdächtig	Tatverdacht	ig
taubblind	taub	blind
taubenblau	Taube	blau
taubeneigroß	Taubenei	groß
taubengrau	Taube	grau
taubstumm	taub	stumm
tauchtauglich	tauchen	tauglich
taufeucht	Tau	feucht
taumelig	Taumel	ig
tausenderlei	tausend	erlei
tausendfach	Tausend	fach
tausendjährig	tausend	jährig
tausendmal	tausend	mal
tausendste	Tausend	ste
taxonomisch	Taxonomie	isch
teaken	Teak	en
teambildend	Team	bildend
teamfähig	Team	fähig
technetiumbasiert	Technetium	basiert
technikfeindlich	Technik	feindlich
technischer Notdienst	technisch	er	Notdienst
teeren	Teer	en
teigig	Teig	ig
teilbar	teilen	bar
teilbesetzt	teil	besetzt
teilhaben	Teil	haben
teilnahmeberechtigt	Teilnahme	berechtigt
teilnehmen	Teil	nehmen
teilverstaatlicht	teil	verstaatlicht
teilweise	Teil	weise
telefonisch	Telefon	isch
telegen	tele	gen
telegrafisch	Telegrafie	isch
telegraphieren	Telegraph	ieren
teleologisch	Teleologie	isch
telepathisch	Telepathie	isch
temperamentvoll	Temperament	voll
temperaturabhängig	Temperatur	abhängig
temperaturbeständig	Temperatur	beständig
temperaturempfindlich	Temperatur	empfindlich
temperieren	Temperatur	ieren
temporeich	Tempo	reich
tendenziös	Tendenz	iös
teratologisch	Teratologie	isch
termingerecht	Termin	gerecht
terrorisieren	Terror	isieren
terroristisch	Terrorist	isch
terrorverdächtig	Terror	verdächtig
tessinisch	Tessin	isch
testen	test	en
testierfähig	testieren	fähig
teufelsrot	Teufel	s	rot
teuflisch	Teufel	isch
teutonisch	Teutone	isch
textkritisch	Text	kritisch
textkritischer Apparat	textkritisch	Apparat
textlich	Text	lich
thailändisch	Thailand	isch
thebanisch	Theban	isch
thematisch	Thema	isch
thematisieren	Thema	isieren
themseaufwärts	Themse	aufwärts
theodosianisch	Theodosius	anisch
theologisch	Theologie	isch
theoretisieren	theoretisch	ieren
theorielastig	Theorie	lastig
therapierbar	therapieren	bar
therapieren	Therapie	ieren
therapieresistent	Therapie	resistent
thermochemisch	thermo	chemisch
thermodynamisch	thermo	dynamisch
thermomechanisch	thermo	mechanisch
thermonuklear	thermo	nuklear
thesenhaft	These	haft
thorakal	Thorax	al
thurgauisch	Thurgau	isch
tibetanisch	Tibet	anisch
tiefbewegt	tief	bewegt
tiefblau	tief	blau
tiefgefroren	tief	gefroren
tiefgreifend	tief	greifend
tiefgrün	tief	grün
tiefgründig	tief	Grund	ig
tiefkühlen	tief	kühlen
tiefrot	tief	rot
tiefschwarz	tief	schwarz
tiefschürfend	tief	schürfend
tiefsinnig	Tiefsinn	ig
tieftraurig	tief	traurig
tiefviolett	tief	violett
tierkundlich	Tierkunde	lich
tierlich	Tier	lich
tigern	Tiger	n
timokratisch	Timokratie	isch
timoresisch	Timor	isch
timorisch	Timor	isch
tintenschwarz	Tinte	schwarz
tirolerisch	Tiroler	isch
tirolisch	Tirol	isch
titanisch	Titan	isch
todblass	Tod	blass
todernst	Tod	ernst
todesmutig	Tod	es	mutig
todgeweiht	Tod	geweiht
todkrank	Tod	krank
todmüde	Tod	müde
todschick	Tod	schick
todsicher	Tod	sicher
togoisch	Togo	isch
togolesisch	Togolese	isch
tolerierbar	tolerieren	bar
tolldreist	toll	dreist
tollkühn	toll	kühn
tollwütig	Tollwut	ig
tombaken	Tombak	en
tonal	Ton	al
tongaisch	Tonga	isch
tonhaltig	Ton	haltig
tonig	Ton	ig
tonlos	Ton	los
tonnenförmig	Tonne	n	förmig
tonnenschwer	Tonne	schwer
topasen	Topas	en
topfförmig	Topf	förmig
toppen	top	en
torarm	Tor	arm
toreutisch	Toreutik	isch
torlos	Tor	los
torreich	Tor	reich
totarbeiten	tot	arbeiten
totenblass	Tote	blass
totengleich	Toten	gleich
totlachen	tot	lachen
totlaufen	tot	laufen
totmachen	tot	machen
totprügeln	tot	prügeln
totquetschen	tot	quetschen
totreden	tot	reden
totsagen	tot	sagen
totsaufen	tot	saufen
totschießen	tot	schießen
totschlagen	tot	schlagen
totstechen	tot	stechen
tottrinken	tot	trinken
touchieren	toucher	ieren
touristisch	Touristik	isch
toxikologisch	Toxikologie	isch
trabig	Trab	ig
traditionalistisch	Traditionalist	isch
traditionsreich	Tradition	reich
tragbar	tragen	bar
trampeln	trampen	eln
transatlantisch	trans	atlantisch
transdisziplinär	trans	disziplinär
transfeindlich	trans	feindlich
transfinit	trans	finit
transkontinental	trans	kontinental
transmembranös	trans	membranös
transnistrisch	Transnistrien	isch
transportierbar	transportieren	bar
transregional	trans	regional
transspezifisch	trans	spezifisch
trapezförmig	Trapez	förmig
trashig	Trash	ig
traubig	Traube	ig
traumlos	Traum	los
traumwandeln	Traum	wandeln
traumwandlerisch	Traum	wandlerisch
traurigerweise	traurig	erweise
trefflich	treffen	lich
treffsicher	treffen	sicher
trendig	Trend	ig
trennbar	trennen	bar
treudoof	treu	doof
treuherzig	treu	herzig
treuhänderisch	Treuhänder	isch
treuliebend	treu	liebend
treulos	Treue	los
treusorgend	treu	sorgend
trichinenhaltig	Trichine	haltig
trichterförmig	Trichter	förmig
trickreich	Trick	reich
tricksen	Trick	sen
triefnass	triefen	nass
trierisch	Trier	isch
triezen	Trieze	en
triftig	treffen	ig
trigonometrisch	Trigonometrie	isch
trilliardste	Trilliarde	ste
trillionste	Trillion	ste
trinkbar	trinken	bar
trinkfest	trinken	fest
trinkfreudig	trinken	freudig
trisubstituiert	tri	substituiert
trittfest	Tritt	fest
trivialisieren	trivial	isieren
trocknen	trocken	en
troisch	Troja	isch
tropfenförmig	Tropfen	förmig
tropfenweise	Tropfen	weise
tropfnass	tropfen	nass
trostlos	Trost	los
trottelig	Trottel	ig
trotzen	Trotz	en
trumpfen	Trumpf	en
trunksüchtig	trunken	süchtig
trägerlos	Träger	los
tränennass	Träne	nass
tränenreich	Träne	reich
träufeln	träufen	eln
trödeln	Trödel	en
tröpfeln	tropfen	eln
tröstlich	Trost	lich
trübsinnig	trüb	sinnig
trügerisch	Trüger	isch
tschadisch	Tschad	isch
tschechoslowakisch	Tschechoslowakei	isch
tugendhaft	Tugend	haft
tugendreich	Tugend	reich
tugendsam	Tugend	sam
tumorhemmend	Tumor	hemmend
tunesisch	Tunesien	isch
tunlich	tun	lich
tunneln	Tunnel	en
turbieren	turbo	ieren
turingmächtig	Turing	mächtig
turinisch	Turin	isch
turniererfahren	Turnier	erfahren
turnusgemäß	Turnus	gemäß
turnusmäßig	Turnus	mäßig
turteln	Turtel	en
tuvaluisch	Tuvalu	isch
tuwinisch	Tuwiner	isch
twittern	Twitter	n
typischerweise	typisch	erweise
typisieren	Typ	isieren
tyrannisieren	Tyrann	isieren
täglich	Tag	lich
tänzeln	tanzen	eln
tätig	Tat	ig
tätowiert	Tätowierung	iert
tätscheln	tatschen	eln
tödlich	Tod	lich
tölpelhaft	Tölpel	haft
tönern	Ton	ern
ugandisch	Uganda	isch
ugaritisch	Ugarit	isch
ultrahart	ultra	hart
ultrakalt	ultra	kalt
ultrakurz	ultra	kurz
ultramontan	ultra	montan
ultrareich	ultra	reich
umarbeiten	um	arbeiten
umbauen	um	bauen
umbiegen	um	biegen
umbilden	um	bilden
umbinden	um	binden
umblättern	um	blättern
umbringen	um	bringen
umbuchen	um	buchen
umdenken	um	denken
umdeuten	um	deuten
umdisponieren	um	disponieren
umdrehen	um	drehen
umerziehen	um	erziehen
umfahren	um	fahren
umfallen	um	fallen
umfangreich	Umfang	reich
umfließen	um	fließen
umformbar	umformen	bar
umformulieren	um	formulieren
umfärben	um	färben
umgarnen	um	Garn	en
umgeben	um	geben
umgehen	um	gehen
umgewöhnen	um	gewöhnen
umgraben	um	graben
umgucken	um	gucken
umgänglich	Umgang	lich
umhauen	um	hauen
umherbewegen	umher	bewegen
umhergehen	umher	gehen
umherziehen	umher	ziehen
umhüllen	um	hüllen
umkehren	um	kehren
umklammern	um	klammern
umkommen	um	kommen
umkreisen	um	kreisen
umkristallisieren	um	kristallisieren
umkucken	um	kucken
umlagern	um	lagern
umlauten	um	lauten
umlegbar	umlegen	bar
umlegen	um	legen
umleiten	um	leiten
umlernen	um	lernen
umläufig	Umlauf	ig
umlügen	um	lügen
ummanteln	um	Mantel	n
ummauern	um	mauern
umnutzen	um	nutzen
umparken	um	parken
umpflanzen	um	pflanzen
umpolen	um	polen
umreißen	um	reißen
umrühren	um	rühren
umrüsten	um	rüsten
umsatteln	um	satteln
umschaltbar	umschalten	bar
umschalten	um	schalten
umschauen	um	schauen
umschlagen	um	schlagen
umschliessen	um	schliessen
umschließen	um	schließen
umschlingen	um	schlingen
umschmeicheln	um	schmeicheln
umschmelzen	um	schmelzen
umschreiben	um	schreiben
umschulden	um	schulden
umschulen	um	schulen
umschütten	um	schütten
umsehen	um	sehen
umsichtig	Umsicht	ig
umso	um	so
umsonst	um	sonst
umsorgen	um	sorgen
umspannen	um	spannen
umsteigen	um	steigen
umstimmen	um	stimmen
umstoßen	um	stoßen
umstrukturieren	um	strukturieren
umständlich	Umstand	lich
umstürzen	um	stürzen
umtaufen	um	taufen
umtreiben	um	treiben
umtreten	um	treten
umverteilen	um	verteilen
umwalten	um	walten
umwandeln	um	wandeln
umweltbedingt	Umwelt	bedingt
umweltbewusst	Umwelt	bewusst
umweltfreundlich	Umwelt	freundlich
umweltgefährlich	Umwelt	gefährlich
umweltpolitisch	Umwelt	politisch
umweltrechtlich	Umweltrecht	lich
umweltschonend	Umwelt	schonend
umweltschädlich	Umwelt	schädlich
umweltverträglich	Umwelt	verträglich
umwälzen	um	wälzen
umziehen	um	ziehen
umzingeln	um	Zingel	en
umzu	um	zu
umändern	um	ändern
unabdingbar	un	abdingbar
unabhängig	un	abhängig
unabkömmlich	un	abkömmlich
unablässig	un	ablassen	ig
unabsichtlich	un	absichtlich
unabstreitbar	un	abstreiten	bar
unabänderlich	un	abänderlich
unachtsam	un	achtsam
unamerikanisch	un	amerikanisch
unanfechtbar	un	anfechtbar
unangebracht	un	angebracht
unangenehm	un	angenehm
unangepasst	un	angepasst
unangesehen	un	angesehen
unangetastet	un	angetastet
unangreifbar	un	angreifbar
unannehmbar	un	annehmbar
unanstößig	un	anstößig
unappetitlich	un	appetitlich
unartig	un	artig
unattraktiv	un	attraktiv
unauffindbar	un	auffindbar
unauffällig	un	auffällig
unaufgefordert	un	aufgefordert
unaufgeklärt	un	aufgeklärt
unaufgeräumt	un	aufgeräumt
unaufhörlich	un	aufhören	lich
unauflöslich	un	auflöslich
unaufmerksam	un	aufmerksam
unaufrichtig	un	aufrichtig
unausführbar	un	ausführbar
unausgegoren	un	ausgegoren
unausgesetzt	un	ausgesetzt
unaussprechbar	un	aussprechen	bar
unaussprechlich	un	aussprechen	lich
unausstehlich	un	ausstehlich
unausweichlich	un	ausweichen	lich
unbarmherzig	un	barmherzig
unbeantwortet	un	beantwortet
unbeaufsichtigt	un	beaufsichtigt
unbedacht	un	bedacht
unbedankt	un	bedankt
unbedenklich	un	bedenklich
unbedingt	un	bedingt
unbeeinflussbar	un	beeinflussbar
unbeeinflusst	un	beeinflusst
unbefangen	un	befangen
unbefristet	un	befristet
unbefugt	un	befugt
unbeglichen	un	beglichen
unbegreiflich	un	begreiflich
unbegrenzt	un	begrenzt
unbegründet	un	begründet
unbehaart	un	behaart
unbehaglich	un	behaglich
unbeherrscht	un	beherrscht
unbeholfen	un	beholfen
unbeirrbar	un	beirrbar
unbeirrt	un	beirrt
unbekannt	un	bekannt
unbekleidet	un	bekleidet
unbekümmert	un	bekümmert
unbelebt	un	belebt
unbelegt	un	belegt
unbeliebt	un	beliebt
unbemerkt	un	bemerkt
unbenommen	un	benommen
unbenutzbar	un	benutzbar
unbequem	un	bequem
unbeschrieben	un	beschrieben
unbeschränkt	un	beschränkt
unbeschulbar	un	beschulbar
unbesehen	un	besehen
unbesetzt	un	besetzt
unbesiegbar	un	besiegbar
unbesorgt	un	besorgt
unbespielbar	un	bespielbar
unbestechlich	un	bestechlich
unbestimmbar	un	bestimmbar
unbestreitbar	un	bestreiten	bar
unbestritten	un	bestritten
unbeständig	un	beständig
unbeteiligt	un	beteiligt
unbetont	un	betont
unbeugbar	un	beugbar
unbeugsam	un	beugsam
unbewacht	un	bewacht
unbewaffnet	un	bewaffnet
unbewehrt	un	bewehrt
unbeweibt	un	beweibt
unbeweisbar	un	beweisbar
unbewohnbar	un	bewohnbar
unbewohnt	un	bewohnt
unbewusst	un	bewusst
unbezahlt	un	bezahlt
unbezwingbar	un	bezwingbar
unbezähmbar	un	bezähmen
unbotmäßig	un	botmäßig
unbrauchbar	un	brauchbar
unbrennbar	un	brennbar
unbunt	un	bunt
unbändig	un	bändig
unchillig	un	chillig
unchristlich	un	christlich
undankbar	un	dankbar
undatiert	un	datiert
undefinierbar	un	definierbar
undeklinierbar	un	deklinierbar
undemokratisch	un	demokratisch
undenkbar	un	denkbar
undeutlich	un	deutlich
undeutsch	un	deutsch
undurchdringbar	un	durchdringbar
undurchlässig	un	durchlässig
undurchschaubar	un	durchschaubar
uneben	un	eben
unedel	un	edel
unehelich	un	ehelich
unehrlich	un	ehrlich
uneigennützig	un	eigennützig
uneigentlich	un	eigentlich
uneingeschränkt	un	eingeschränkt
uneinholbar	un	einholen	bar
uneinnehmbar	un	einnehmbar
uneitel	un	eitel
unempfindlich	un	empfindlich
unendlich	un	endlich
unendlichviel	unendlich	viel
unentbehrlich	un	entbehrlich
unentdeckt	un	entdeckt
unentgeltlich	un	entgeltlich
unentscheidbar	un	entscheidbar
unentschuldbar	un	entschuldbar
unerfindlich	un	erfindlich
unerforscht	un	erforscht
unerfreulich	un	erfreulich
unerfüllbar	un	erfüllbar
unergiebig	un	ergiebig
unergründlich	un	ergründlich
unerheblich	un	erheblich
unerkannt	un	erkannt
unerklärlich	un	erklärlich
unerlaubt	un	erlaubt
unerlässlich	un	erlassen	lich
unerquicklich	un	erquicken	lich
unerrechenbar	un	errechenbar
unerreichbar	un	erreichbar
unerreicht	un	erreicht
unerschlossen	un	erschlossen
unerschwinglich	un	erschwinglich
unerschütterlich	un	erschütterlich
unersetzlich	un	ersetzlich
unersprießlich	un	ersprießlich
unerträglich	un	erträglich
unerwartet	un	erwartet
unerwidert	un	erwidert
unethisch	un	ethisch
unfair	un	fair
unfallgefährdet	Unfall	gefährdet
unfassbar	un	fassbar
unfasslich	un	fassen	lich
unfehlbar	un	fehlbar
unfliegbar	un	fliegbar
unflätig	Unflat	ig
unfreundlich	un	freundlich
unfreundlicherweise	unfreundlich	erweise
unfruchtbar	un	fruchtbar
unfähig	un	fähig
ungalant	un	galant
ungangbar	un	gangbar
ungar	un	gar
ungeachtet	un	geachtet
ungeahnt	un	geahnt
ungebacken	un	gebacken
ungebildet	un	gebildet
ungeboren	un	geboren
ungebremst	un	gebremst
ungebrochen	un	gebrochen
ungebräuchlich	un	gebräuchlich
ungebunden	un	gebunden
ungebändigt	un	gebändigt
ungedeckt	un	gedeckt
ungefragt	un	gefragt
ungefrühstückt	un	gefrühstückt
ungefährlich	un	gefährlich
ungegessen	un	gegessen
ungehemmt	un	gehemmt
ungehindert	un	gehindert
ungehobelt	un	gehobelt
ungehörig	un	gehörig
ungeimpft	un	geimpft
ungekocht	un	gekocht
ungekämmt	un	gekämmt
ungelegen	un	gelegen
ungelenk	un	gelenk
ungelöst	un	gelöst
ungemacht	un	gemacht
ungemein	un	gemein
ungemütlich	un	gemütlich
ungeniert	un	geniert
ungenießbar	un	genießbar
ungenügend	un	genügend
ungenügsam	un	genügsam
ungeordnet	un	geordnet
ungepaart	un	gepaart
ungepflastert	un	gepflastert
ungerade	un	gerade
ungerechnet	un	gerechnet
ungerechterweise	ungerecht	erweise
ungerechtfertigt	un	gerechtfertigt
ungerechtfertigterweise	ungerechtfertigt	erweise
ungereimt	un	gereimt
ungereinigt	un	gereinigt
ungerichtet	un	gerichtet
ungern	un	gern
ungerundet	un	gerundet
ungesalzen	un	gesalzen
ungeschehen	un	geschehen
ungeschickt	un	geschickt
ungeschlechtlich	un	geschlechtlich
ungeschoren	un	geschoren
ungeschält	un	geschält
ungesetzlich	un	gesetzlich
ungesichert	un	gesichert
ungespannt	un	gespannt
ungestalt	un	Gestalt
ungestraft	un	gestraft
ungeständig	un	geständig
ungesund	un	gesund
ungesättigt	un	gesättigt
ungesäuert	un	gesäuert
ungesühnt	un	gesühnt
ungesüßt	un	gesüßt
ungetan	un	getan
ungewiss	un	gewiss
ungewohnt	un	gewohnt
ungewollt	un	gewollt
ungewöhnlich	un	gewöhnlich
ungewöhnlicherweise	ungewöhnlich	erweise
ungewünscht	un	gewünscht
ungeziemend	un	geziemend
ungezuckert	un	gezuckert
ungezähnt	un	gezähnt
ungeöffnet	un	geöffnet
ungeübt	un	geübt
ungiftig	un	giftig
unglaublich	un	glauben	lich
unglaubwürdig	un	glaubwürdig
ungleichmäßig	un	gleichmäßig
unglücklich	un	glücklich
unglücklicherweise	un	glücklicherweise
ungnädig	un	gnädig
ungrammatisch	un	grammatisch
ungustiös	un	gustiös
ungültig	un	gültig
ungünstig	un	günstig
unhaltbar	un	haltbar
unheilbar	un	heilbar
unheilig	un	heilig
unheilvoll	Unheil	voll
unhistorisch	un	historisch
unhybridisiert	un	hybridisiert
unhygienisch	un	hygienisch
unhöflich	un	höflich
unhöflicherweise	unhöflich	erweise
unhörbar	un	hörbar
unieren	ūniō	ieren
unikursal	uni	kursal
uninteressant	un	interessant
unional	Union	al
unironisch	un	ironisch
unislamisch	un	islamisch
universitär	Universität	är
universitätsübergreifend	Universität	s	übergreifend
unkalkulierbar	un	kalkulierbar
unkaputtbar	un	kaputt	bar
unkeusch	un	keusch
unklar	un	klar
unkontrolliert	un	kontrolliert
unkonventionell	un	konventionell
unkonzentriert	un	konzentriert
unkorrodiert	un	korrodiert
unkreativ	un	kreativ
unkündbar	un	kündbar
unlauter	un	lauter
unlegiert	un	legiert
unleidig	un	leidig
unlesbar	un	lesbar
unleserlich	un	leserlich
unleugbar	un	leugbar
unlimitiert	un	limitiert
unliniert	un	liniert
unliterarisch	un	literarisch
unlustig	un	lustig
unlängst	un	längst
unlöslich	un	löslich
unmenschlich	un	menschlich
unmerklich	un	merklich
unmetabolisiert	un	metabolisiert
unmilitärisch	un	militärisch
unmischbar	un	mischbar
unmissverständlich	un	missverständlich
unmittelbar	un	Mittel	bar
unmotiviert	un	motiviert
unmöglich	un	möglich
unmündig	un	mündig
unnachahmlich	un	nachahmen	lich
unnahbar	un	nahbar
unnatürlich	un	natürlich
unnötig	un	nötig
unnötigerweise	unnötig	erweise
unordentlich	un	ordentlich
unpaarig	un	paarig
unparteiisch	un	parteiisch
unparteilich	un	Partei	lich
unpassierbar	un	passierbar
unpathetisch	un	pathetisch
unpersönlich	un	persönlich
unpfändbar	un	Pfändung	bar
unplaciert	un	placiert
unplatziert	un	platziert
unpolar	un	polar
unpopulär	un	populär
unpraktisch	un	praktisch
unprätentiös	un	prätentiös
unpässlich	un	pässlich
unrasiert	un	rasiert
unreaktiv	un	reaktiv
unrealistisch	un	realistisch
unredlich	un	redlich
unreif	un	reif
unrein	un	rein
unrentabel	un	rentabel
unrettbar	un	retten	bar
unrichtig	un	richtig
unromantisch	un	romantisch
unruhig	un	ruhig
unrühmlich	un	rühmlich
unsachlich	un	sachlich
unsanft	un	sanft
unsauber	un	sauber
unscharf	un	scharf
unscheinbar	un	scheinbar
unschliefbar	un	schliefbar
unschlüssig	un	schlüssig
unschmeichelhaft	un	schmeichelhaft
unschuldsvoll	Unschuld	voll
unschwierig	un	schwierig
unschädlich	un	schädlich
unschätzbar	un	schätzen	bar
unseresgleichen	unseres	gleichen
unseriös	un	seriös
unsexy	un	sexy
unsichtbar	un	sichtbar
unsichtig	un	Sicht	ig
unsilbisch	un	silbisch
unsinkbar	un	sinken	bar
unsinnigerweise	unsinnig	erweise
unsozial	un	sozial
unspezifisch	un	spezifisch
unspielbar	un	spielen	bar
unsportlich	un	sportlich
unsrige	unser	ig
unstandesgemäß	un	standesgemäß
unstatthaft	un	statthaft
unsterblich	un	sterblich
unsternbedroht	Unstern	bedroht
unstimmig	un	stimmig
unstrittig	un	strittig
unstrukturiert	un	strukturiert
unsträflich	un	sträflich
unstöchiometrisch	un	stöchiometrisch
unsympathisch	un	sympathisch
unsystematisch	un	systematisch
untadelig	un	Tadel	ig
untalentiert	un	talentiert
untauglich	un	tauglich
untechnisch	un	technisch
unteilbar	un	teilbar
unterbelichten	unter	belichten
unterbeschäftigt	unter	beschäftigt
unterbesetzt	unter	besetzt
unterbewerten	unter	bewerten
unterbinden	unter	binden
unterbrechungsfrei	Unterbrechung	s	frei
unterbreiten	unter	breiten
unterbringen	unter	bringen
unterbuttern	unter	buttern
unterdes	unter	des
unterdrücken	unter	drücken
unterdurchschnittlich	unter	durchschnittlich
unterdöppen	unter	döppen, düppen
untereinander	unter	einander
unterfinanzieren	unter	finanzieren
unterfrankieren	unter	frankieren
unterführen	unter	führen
untergehen	unter	gehen
untergraben	unter	graben
untergriffig	unter	griffig
untergärig	unter	gären	ig
unterhalb	unter	halb
unterhalten	unter	halten
unterhaltsam	Unterhalt	sam
unterheben	unter	heben
unterhopft	unter	Hopfen	t
unterjochen	unter	Joch	en
unterjubeln	unter	jubeln
unterjährig	unter	jährig
unterklassig	Unterklasse	ig
unterkommen	unter	kommen
unterlassen	unter	lassen
unterlaufen	unter	laufen
unterliegen	unter	liegen
untermeerisch	unter	Meer	isch
unterminieren	unter	minieren
unternehmen	unter	nehmen
unterprivilegiert	unter	privilegiert
unterproportional	unter	proportional
unterqualifiziert	unter	qualifiziert
unterreden	unter	reden
untersagen	unter	sagen
unterscheiden	unter	scheiden
unterschieben	unter	schieben
unterschiedlich	Unterschied	lich
unterschlagen	unter	schlagen
unterschlächtig	unter	schlagen	ig
unterschlüpfen	unter	schlüpfen
unterschreiben	unter	schreiben
unterschreiten	unter	schreiten
unterschwellig	unter	Schwelle
unterschätzen	unter	schätzen
untersetzen	unter	setzen
untersetzt	unter	setzt
untersinken	unter	sinken
unterstellen	unter	stellen
untersteuern	unter	steuern
unterstreichen	unter	streichen
unterstöchiometrisch	unter	stöchiometrisch
unterstützen	unter	stützen
untersuchen	unter	suchen
untertauchen	unter	tauchen
unterteilen	unter	teilen
untertiteln	unter	titeln
untertreiben	unter	treiben
untertunneln	unter	Tunnel	n
untertänig	untertan	ig
unterwandern	unter	wandern
unterwasserarchäologisch	Unterwasserarchäologie	isch
unterweisen	unter	weisen
unterwerfen	unter	werfen
unterwinden	unter	winden
unterwältigen	unter	wältigen
unterwärts	unter	wärts
unterzeichnen	unter	zeichnen
unterziehen	unter	ziehen
untief	un	tief
untragbar	un	tragbar
untrennbar	un	trennen	bar
untröstlich	un	trösten	lich
untrüglich	un	trüglich
untunlich	un	tunlich
untypisch	un	typisch
untypischerweise	untypisch	erweise
untätig	un	tätig
untüchtig	un	tüchtig
unumgehbar	un	umgehbar
unumgänglich	un	umgänglich
unumkehrbar	un	umkehrbar
unumschränkt	un	umschränkt
unumstößlich	un	umstößlich
ununterbrochen	un	unterbrochen
unverantwortlich	un	verantwortlich
unverbesserlich	un	verbessern	lich
unverbindlich	un	verbindlich
unverblümt	un	verblümt
unverbraucht	un	verbraucht
unverbrüchlich	un	verbrüchlich
unverdrossen	un	verdrossen
unverdächtig	un	verdächtig
unvereinbar	un	vereinbar
unverformbar	un	verformbar
unverfroren	un	verfroren
unvergessen	un	vergessen
unvergesslich	un	vergesslich
unvergleichbar	un	vergleichen	bar
unvergleichlich	un	vergleichen	lich
unverhofft	un	verhofft
unverhältnismäßig	un	verhältnismäßig
unverkennbar	un	verkennen	bar
unverkäuflich	un	verkäuflich
unverletzbar	un	verletzbar
unverletzlich	un	verletzlich
unvermeidlich	un	vermeiden	lich
unvermindert	un	vermindert
unvermischt	un	vermischt
unvermittelt	un	vermittelt
unvernünftig	un	vernünftig
unverschuldet	un	verschuldet
unversehrt	un	versehrt
unversilbert	un	versilbert
unverständlich	un	verständlich
unverständlicherweise	unverständlich	erweise
unversucht	un	versucht
unversöhnlich	un	versöhnlich
unverträglich	un	verträglich
unverwandelbar	un	verwandelbar
unverwandt	un	verwandt
unverwertbar	un	verwertbar
unverwundbar	un	verwundbar
unverzagt	un	verzagt
unverzeihlich	un	verzeihlich
unverzichtbar	un	verzichtbar
unverändert	un	verändert
unveröffentlicht	un	veröffentlicht
unvollendet	un	vollendet
unvollkommen	un	vollkommen
unvollständig	un	vollständig
unvorbestraft	un	vorbestraft
unvordenklich	un	vordenklich
unvorhergesehen	un	vorhergesehen
unvorsichtig	un	vorsichtig
unvorteilhaft	un	vorteilhaft
unwahrscheinlich	un	wahrscheinlich
unwandelbar	un	wandelbar
unwegsam	un	wegsam
unweigerlich	un	weigerlich
unweise	un	weise
unwesentlich	un	wesentlich
unwichtig	un	wichtig
unwiderlegbar	un	widerlegbar
unwiderruflich	un	widerrufen	lich
unwiderstehlich	un	widerstehen	lich
unwiederbringlich	un	wiederbringlich
unwiederholbar	un	wiederholbar
unwillkürlich	un	willkürlich
unwirklich	un	wirklich
unwirksam	un	wirksam
unwirsch	Unwürde	isch
unwirtlich	un	wirtlich
unwirtschaftlich	un	wirtschaftlich
unwissend	un	wissend
unwissenschaftlich	un	wissenschaftlich
unwissentlich	un	wissentlich
unwohl	un	wohl
unwählbar	un	wählbar
unwürdig	un	Würde	ig
unzeitgemäß	un	zeitgemäß
unzeitig	Unzeit	ig
unzerkaut	un	zerkaut
unzerreißbar	un	zerreißbar
unzerstörbar	un	zerstören	bar
unzerstört	un	zerstört
unzertrennbar	un	zertrennbar
unzertrennlich	un	zertrennen	lich
unzivilisiert	un	zivilisiert
unzufrieden	un	zufrieden
unzugänglich	un	zugänglich
unzulänglich	un	zulänglich
unzulässig	un	zulässig
unzulässigerweise	unzulässig	erweise
unzumutbar	un	zumutbar
unzureichend	un	zureichend
unzustellbar	un	zustellbar
unzutreffend	un	zutreffend
unzuverlässig	un	zuverlässig
unzweideutig	un	zweideutig
unzweifelhaft	un	zweifelhaft
unzählbar	un	zählbar
unzähmbar	un	zähmbar
unzüchtig	Unzucht	ig
unähnlich	un	ähnlich
unüberhörbar	un	überhörbar
unüberlegt	un	überlegt
unüberschaubar	un	überschaubar
unübersehbar	un	übersehbar
unübersichtlich	un	übersichtlich
unübertrefflich	un	übertrefflich
unüberwindbar	un	überwindbar
unüblich	un	üblich
uramerikanisch	ur	amerikanisch
uranhaltig	Uran	haltig
urassen	ur	ëzzen
urbanisieren	urban	isieren
urcool	ur	cool
urgemütlich	ur	gemütlich
urgermanisch	ur	germanisch
urgeschichtlich	Urgeschichte	lich
urgesellschaftlich	Urgesellschaft	lich
urheberrechtlich	Urheberrecht	lich
urig	ur	ig
urkundlich	Urkunde	lich
urlauben	Urlaub	en
urlaubsreif	Urlaub	s	reif
urnordisch	ur	nordisch
uroborisch	Uroboros	isch
urologisch	Urologie	isch
urplötzlich	ur	plötzlich
urslawisch	ur	slawisch
ursprünglich	Ursprung	lich
ursächlich	Ursache	lich
urteilen	Urteil	en
uruguayisch	Uruguay	isch
urverwandt	ur	verwandt
urwüchsig	ur	Wuchs	ig
utilitaristisch	Utilitarist	isch
utopisch	Utopie	isch
vakuumdicht	vakuum	dicht
vakuumisoliert	Vakuum	isoliert
vanadiumhaltig	Vanadium	haltig
vanuatuisch	Vanuatu	isch
vaterlos	Vater	los
vaterländisch	Vaterland	isch
vegetarisch	Vegetarier	isch
vegetationslos	Vegetation	s	los
veilchenfarben	Veilchen	farben
veilchenfarbig	Veilchen	farbig
verabreden	ab	reden
verabscheuen	ver	Abscheu
verachten	ver	achten
verachtenswert	verachten	wert
veralbern	ver	albern
verallgemeinern	ver	allgemein	ern
veralten	ver	alt	en
verankern	ver	ankern
veranlassen	ver	Anlass	en
veranschaulichen	ver	anschaulich	en
veranschlagen	ver	Anschlag
verantworten	ver	antworten
verantwortlich	ver	Antwort	lich
verantwortungsbewusst	Verantwortung	bewusst
verantwortungsethisch	Verantwortung	ethisch
verarbeitbar	verarbeiten	bar
verarbeiten	ver	arbeiten
verarmen	ver	arm	en
verarschen	ver	Arsch	en
verballern	ver	ballern
verbannen	ver	bannen
verbauen	ver	bauen
verbeißen	ver	beißen
verbergen	ver	bergen
verbessern	ver	bessern
verbesserungswürdig	Verbesserung	würdig
verbeugen	ver	beugen
verbeulen	ver	Beule	en
verbiegen	ver	biegen
verbilden	ver	bilden
verbinden	ver	binden
verbindlich	verbinden	lich
verbittern	ver	bitter	en
verblassen	ver	blass	en
verbleiben	ver	bleiben
verbleichen	ver	bleichen
verbleien	ver	Blei	en
verblenden	ver	blenden
verbluten	ver	bluten
verbläuen	ver	bleuen
verbocken	ver	Bock	en
verbohren	ver	bohren
verborgen	ver	borgen
verbraten	ver	braten
verbrauchen	ver	brauchen
verbrauchsrelevant	Verbrauch	relevant
verbrechen	ver	brechen
verbreiten	ver	breit	en
verbrennen	ver	brennen
verbrennlich	verbrennen	lich
verbringen	ver	bringen
verbrämen	ver	brämen
verbrüderbar	verbrüdern	bar
verbrüdern	ver	Bruder
verbrühen	ver	brühen
verbuchen	ver	buchen
verbuddeln	ver	buddeln
verbürgen	ver	bürgen
verbürgerlichen	ver	bürgerlich	en
verbüßen	ver	büßen
verdammenswert	verdammen	wert
verdampfen	ver	Dampf	en
verdanken	ver	danken
verdauen	ver	tauen
verdaulich	verdauen	lich
verdecken	ver	decken
verdenken	ver	denken
verdeutlichen	ver	deutlich	en
verdeutschen	ver	deutsch	en
verdichten	ver	dicht	en
verdicken	ver	dick	en
verdienen	ver	dienen
verdonnern	ver	donnern
verdoppeln	ver	doppeln
verdorren	ver	dorren
verdrehen	ver	drehen
verdrießlich	verdrießen	lich
verdrucken	ver	drucken
verdruckst	ver	druckst
verdrücken	ver	drücken
verdummen	ver	dumm	en
verdursten	ver	dursten
verdämmern	ver	dämmern
verdünnen	ver	dünn	en
verebben	ver	ebben
veredeln	ver	edel
verehren	ver	ehren
vereinbaren	ver	ein	bar	en
vereinbarungsgemäß	Vereinbarung	s	gemäß
vereinfachen	ver	einfach	en
vereinigen	ver	einig	en
vereinslos	Verein	los
vereisen	ver	eisen
vereitern	ver	eitern
verenden	ver	enden
vererbbar	vererben	bar
vererben	ver	erben
verewigen	ver	ewig	en
verfahren	ver	fahren
verfallen	ver	fallen
verfangen	ver	fangen
verfassen	ver	fassen
verfassungsfeindlich	Verfassung	s	feindlich
verfaulen	ver	faulen
verfechten	ver	fechten
verfehlen	ver	fehlen
verfeinern	ver	feiner	en
verfemen	ver	Feme
verfertigen	ver	fertigen
verfestigen	ver	festigen
verficken	ver	ficken
verfilmen	ver	Film	en
verfilzen	ver	Filz	en
verflachen	ver	flach	en
verflechten	ver	flechten
verfliegen	ver	fliegen
verfluchen	ver	fluchen
verflüchtigen	ver	flüchtig	en
verfolgen	ver	folgen
verformbar	verformen	bar
verformen	ver	formen
verfrachten	ver	frachten
verfressen	ver	fressen
verfänglich	verfangen	lich
verfärben	ver	färben
verfügbar	verfügen	bar
verführen	ver	führen
verführerisch	Verführer	isch
vergagt	ver	Gag	t
vergammeln	ver	gammeln
vergasen	ver	Gas	en
vergeben	ver	geben
vergeblich	vergeben	lich
vergegenwärtigen	ver	Gegenwart	igen
vergeigen	ver	Geige	en
vergelten	ver	gelten
vergesslich	vergessen	lich
vergeuden	ver	giuden
vergewaltigen	ver	gewaltig	en
vergießen	ver	gießen
vergiften	ver	Gift	en
vergiftigen	ver	giftig	en
vergilben	ver	gilben
vergleichbar	vergleichen	bar
vergleichen	ver	gleich	en
vergleichsweise	Vergleich	weise
verglimmen	ver	glimmen
verglühen	ver	glühen
vergnügungssüchtig	Vergnügung	süchtig
vergolden	ver	Gold	en
vergraben	ver	graben
vergraulen	ver	graulen
vergreifen	ver	greifen
vergreisen	ver	Greis	en
vergrämen	ver	grämen
vergrößern	ver	größer	en
vergucken	ver	gucken
vergällen	ver	Galle	en
vergären	ver	gären
vergönnen	ver	gönnen
vergöttern	ver	Götter	n
vergünstigen	ver	günstig	en
verhaften	ver	haften
verhageln	ver	hageln
verhallen	ver	hallen
verhaltensgestört	Verhalten	gestört
verhandelbar	verhandeln	bar
verhandeln	ver	handeln
verharmlosen	ver	harmlos	en
verhascht	ver	Hasch	t
verhaspeln	ver	haspeln
verhauchen	ver	hauchen
verhauen	ver	hauen
verheben	ver	heben
verheimlichen	ver	heimlich	en
verheiraten	ver	heiraten
verheizen	ver	heizen
verheißen	ver	heißen
verhelfen	ver	helfen
verhetzen	ver	hetzen
verhexen	ver	hexen
verhindern	ver	hindern
verhungern	ver	hungern
verhuschen	ver	huschen
verhängen	ver	hängen
verhängnisvoll	Verhängnis	voll
verhärten	ver	härten
verhätscheln	ver	hätscheln
verhökern	ver	hökern
verhüllen	ver	hüllen
verhüten	ver	hüten
verirren	ver	irren
verjagen	ver	jagen
verjubeln	ver	jubeln
verjuden	ver	Jude	en
verjähren	ver	jähren
verkabeln	ver	kabeln
verkacken	ver	kacken
verkahlen	ver	kahl
verkapseln	ver	kapseln
verkatert	ver	Kater	t
verkaufen	ver	kaufen
verkaufsoffen	Verkauf	offen
verkehrsfähig	Verkehr	s	fähig
verkehrsgünstig	Verkehr	günstig
verkehrssicher	Verkehr	sicher
verkehrstauglich	Verkehr	s	tauglich
verkehrstüchtig	Verkehr	s	tüchtig
verkennen	ver	kennen
verklagen	ver	klagen
verklappen	ver	klappen
verklatschen	ver	klatschen
verkleiden	ver	kleiden
verkleinern	ver	klein	en
verklickern	Verklicker	en
verklinkern	ver	Klinker	n
verkloppen	ver	kloppen
verklumpen	ver	klumpen
verklären	ver	klären
verknacksen	ver	knacksen
verknallen	ver	knallen
verknautschen	ver	knautschen
verkneifen	ver	kneifen
verknittern	ver	knittern
verknoten	ver	knoten
verknöcheln	ver	Knöchel	en
verknöchern	ver	Knochen	ern
verknüpfen	ver	knüpfen
verkochen	ver	kochen
verkohlen	ver	kohlen
verkomplizieren	ver	komplizieren
verkosten	ver	kosten
verkraftbar	verkraften	bar
verkraften	ver	Kraft
verkrebst	ver	Krebs	t
verkriechen	ver	kriechen
verkrümeln	ver	krümeln
verkrüppeln	ver	Krüppel	en
verkuppeln	ver	kuppeln
verkutzen	ver	kutzen
verköstigen	ver	Kost	igen
verkühlen	ver	kühl	en
verkümmern	ver	kümmern
verkürzen	ver	kürzen
verlaborieren	ver	laborieren
verlachen	ver	lachen
verladen	ver	laden
verlagern	ver	lagern
verlangen	ver	langen
verlassen	ver	lassen
verlauten	ver	lauten
verleben	ver	leben
verleihen	ver	leihen
verleiten	ver	leiten
verlesen	ver	lesen
verletzbar	verletzen	bar
verletzen	ver	letzen
verletzlich	verletzen	lich
verleugnen	ver	leugnen
verleumderisch	Verleumder	isch
verlieben	ver	lieben
verlocken	ver	locken
verlorengehen	verloren	gehen
verlosen	ver	losen
verlustbehaftet	Verlust	behaftet
verlustig	Verlust	ig
verlustreich	Verlust	reich
verlängern	ver	länger	en
verlässlich	verlassen	lich
verlöten	ver	löten
verlügen	ver	lügen
vermachen	ver	machen
vermaledeien	ver	maledeien
vermasseln	ver	Massel
vermauern	ver	mauern
vermehren	ver	mehr	en
vermeidbar	vermeiden	bar
vermeiden	ver	meiden
vermelden	ver	melden
vermengen	ver	mengen
vermerken	ver	merken
vermessen	ver	messen
vermieft	ver	Mief	t
vermieten	ver	mieten
vermindern	ver	mindern
vermissen	ver	missen
vermittelbar	vermitteln	bar
vermodern	ver	modern
vermottet	ver	Motte	t
vermummen	ver	mummen
vermurksen	ver	murksen
vermuten	ver	muten
vermutlich	vermuten	lich
vermögen	ver	mögen
vermögenslos	Vermögen	los
vermüllen	ver	müllen
vernachlässigen	ver	nachlässig	en
vernadern	ver	nadern
vernarren	ver	narren
vernaschen	ver	naschen
vernebeln	ver	Nebel	n
vernehmen	ver	nehmen
vernehmlich	vernehmen	lich
vernetzen	ver	Netz	en
vernunftbegabt	Vernunft	begabt
vernünftig	Vernunft	ig
vernünftigerweise	vernünftig	erweise
veronesisch	Verona	isch
verordnen	ver	ordnen
verpachten	ver	pachten
verpassen	ver	passen
verpeilen	ver	peilen
verpennen	ver	pennen
verpetzen	ver	petzen
verpfeifen	ver	pfeifen
verpflegen	ver	pflegen
verpflichten	ver	Pflicht	en
verpflichtungslos	Verpflichtung	los
verpfänden	ver	Pfand
verpissen	ver	pissen
verplappern	ver	plappern
verplempern	ver	plempern
verprassen	ver	prassen
verprellen	ver	prellen
verpressen	ver	pressen
verproviantieren	ver	proviantieren
verprügeln	ver	prügeln
verpuffen	ver	puffen
verpuppen	ver	Puppe	en
verputzen	ver	putzen
verraten	ver	raten
verrechnen	ver	rechnen
verreden	ver	reden
verreiben	ver	reiben
verreisen	ver	reisen
verrenken	ver	renken
verrennen	ver	rennen
verrichten	ver	richten
verriegeln	ver	Riegel	en
verrinnen	ver	rinnen
verrosten	ver	rosten
verrunzeln	ver	runzeln
verräterisch	Verräter	isch
versagen	ver	sagen
versalzen	ver	salzen
versammeln	ver	sammeln
versandkostenfrei	Versandkosten	frei
versauen	ver	Sau	en
versaufen	ver	saufen
verschachteln	ver	schachteln
verschaffen	ver	schaffen
verschallen	ver	schallen
verschandeln	ver	Schande	eln
verschanzen	ver	Schanze	en
verscharren	ver	scharren
verschatten	ver	schatten
verschauen	ver	schauen
verschaukeln	ver	schaukeln
verscheiden	ver	scheiden
verscherzen	ver	scherzen
verscheuchen	ver	scheuchen
verschicken	ver	schicken
verschiedenartig	verschieden	artig
verschiedenfarbig	verschieden	farbig
verschiedenförmig	verschieden	förmig
verschiedentlich	verschieden	lich
verschießen	ver	schießen
verschiffen	ver	schiffen
verschlafen	ver	schlafen
verschlampen	ver	schlampen
verschlechtern	ver	schlecht	en
verschleiern	ver	Schleier	en
verschleißen	ver	schleißen
verschleißfest	Verschleiß	fest
verschlemmen	ver	schlemmen
verschleudern	ver	schleudern
verschliessen	ver	schliessen
verschließen	ver	schließen
verschlimmern	ver	schlimm	ern
verschlingen	ver	schlingen
verschlucken	ver	schlucken
verschlüsseln	ver	Schlüssel	en
verschmelzen	ver	schmelzen
verschmerzen	ver	schmerzen
verschmitzt	ver	schmitzt
verschmähen	ver	schmähen
verschnaufen	ver	schnaufen
verschneiden	ver	schneiden
verschnöselt	ver	schnöselt
verschnüren	ver	schnüren
verschreiben	ver	schreiben
verschreibungspflichtig	Verschreibung	pflichtig
verschweigen	ver	schweigen
verschwenderisch	Verschwender	isch
verschwendungssüchtig	Verschwendung	süchtig
verschwimmen	ver	schwimmen
verschwinden	ver	schwinden
verschwägern	ver	Schwager	en
verschwören	ver	schwören
verschärfen	ver	schärfen
verschönern	ver	schön	en
verschütten	ver	schütten
versehen	ver	sehen
versehentlich	Versehen	lich
verseifen	ver	Seife	en
versengen	ver	sengen
versenkbar	versenken	bar
versetzen	ver	setzen
versetzungsgefährdet	Versetzung	s	gefährdet
versichern	ver	sichern
versicherungspflichtig	Versicherung	pflichtig
versicherungsrechtlich	Versicherungsrecht	lich
versickern	ver	sickern
versiffen	ver	Siff	en
versifizieren	Vers	fizieren
versklaven	ver	Sklave	en
verslumen	ver	Slum	en
versohlen	ver	sohlen
verspannen	ver	spannen
verspeisen	ver	speisen
versperren	ver	sperren
verspielen	ver	spielen
verspotten	ver	spotten
versprechen	ver	sprechen
verspritzen	ver	spritzen
verspröden	ver	spröde
verspäten	ver	spät
verspüren	ver	spüren
verstatten	ver	statten
verstauben	ver	stauben
verstauchen	ver	stauchen
verstauen	ver	stauen
verstehen	ver	stehen
verstehlen	ver	stehlen
versteifen	ver	steifen
versteigern	ver	steigern
verstellbar	verstellen	bar
verstellen	ver	stellen
verstimmen	ver	stimmen
verstinken	ver	stinken
verstocken	ver	Stock	en
verstoffwechseln	ver	Stoffwechsel	en
verstopfen	ver	stopfen
verstoßen	ver	stoßen
verstrahlen	ver	strahlen
verstreben	ver	Strebe	en
verstreichen	ver	streichen
verstreuen	ver	streuen
verstricken	ver	stricken
verströmen	ver	strömen
verstädtern	ver	Stadt	ern
verständlicherweise	verständlich	erweise
verständnislos	Verständnis	los
verständnisvoll	Verständnis	voll
verstärken	ver	stärken
verstärkte Zusammenarbeit	verstärkt	Zusammenarbeit
verstäuben	ver	stäuben
verstören	ver	stören
versuchen	ver	suchen
versuchsweise	Versuch	weise
versüßen	ver	süßen
verteilen	ver	teilen
vertelefonieren	ver	telefonieren
verticken	ver	ticken
vertiefen	ver	tief	en
vertieren	ver	Tier	en
vertilgen	ver	tilgen
vertippen	ver	tippen
vertonen	ver	tönen
vertragen	ver	tragen
vertragsbrüchig	Vertragsbruch	ig
vertragsrechtlich	Vertragsrecht	lich
vertrauensselig	Vertrauen	selig
vertraulich	vertrauen	lich
vertretbar	vertreten	bar
vertretungsberechtigt	Vertretung	berechtigt
vertrinken	ver	trinken
verträglich	vertragen	lich
vertränt	ver	Träne	t
vertrödeln	ver	trödeln
vertun	ver	tun
vertändeln	ver	tändeln
verunmöglichen	ver	unmöglich	en
verursachen	ver	Ursache	en
verurteilen	ver	urteilen
vervielfältigen	ver	vielfältig	en
vervierfachen	ver	vierfach	en
vervollkommnen	ver	vollkommen	en
vervollständigen	ver	vollständig	en
verwachsen	ver	wachsen
verwahren	ver	wahren
verwalten	ver	walten
verwaltungsrechtlich	Verwaltungsrecht	lich
verwandelbar	verwandeln	bar
verwandtschaftlich	Verwandtschaft	lich
verwanzen	ver	Wanze
verwarnen	ver	warnen
verwaschen	ver	waschen
verweben	ver	weben
verwechseln	ver	wechseln
verwehren	ver	wehren
verweigern	ver	weigern
verweilen	ver	weilen
verwerfen	ver	werfen
verwerflich	verwerfen	lich
verwertbar	verwerten	bar
verwerten	ver	werten
verwestlichen	ver	westlich	en
verwetten	ver	wetten
verwichsen	ver	wichsen
verwickeln	ver	wickeln
verwiegen	ver	wiegen
verwildern	ver	wild	ern
verwinden	ver	winden
verwirken	ver	wirken
verwirklichen	ver	wirklich	en
verwirren	ver	wirr	en
verwirrlich	verwirren	lich
verwischen	ver	wischen
verwittern	ver	wittern
verwitterungsresistent	Verwitterung	resistent
verwringen	ver	wringen
verwunderlich	verwundern	lich
verwünschen	ver	wünschen
verwüsten	ver	wüst	en
verzahnen	ver	zahnen
verzapfen	ver	Zapfen
verzaubern	ver	zaubern
verzechen	ver	zechen
verzehrbar	verzehren	bar
verzeichnen	ver	zeichnen
verzeigen	ver	zeigen
verzeihlich	verzeihen	lich
verzerren	ver	zerren
verzichtbar	Verzicht	bar
verzichten	Verzicht	en
verzieren	ver	zieren
verzinken	ver	Zink
verzocken	ver	zocken
verzopft	ver	Zopf	t
verzweifelt	ver	zweifeln
verzweigen	ver	zweigen
verzweigtkettig	verzweigt	kettig
verzählen	ver	zählen
verzärteln	ver	zärteln
verzögern	ver	zögern
verächtlich	verachten	lich
verändern	ver	ändern
verärgern	ver	ärgern
veräußern	ver	äußern
veröffentlichen	ver	öffentlich	en
verübeln	ver	übel	en
verüben	ver	üben
veterinärmedizinisch	Veterinärmedizin	isch
vibrationsarm	Vibration	arm
vibrationsdämpfend	Vibration	dämpfend
vibrationsfrei	Vibration	frei
videoüberwacht	video	überwacht
viehisch	Vieh	isch
vieleckig	Vieleck	ig
vielerlei	viel	erlei
vielfach	viel	fach
vielfarbig	viel	farbig
vielflächig	viel	flächig
vielfältig	Vielfalt	ig
vielgepriesen	viel	gepriesen
vielgestaltig	viel	gestaltig
vielseitig	viel	Seite
vielzellig	viel	Zelle	ig
vierarmig	vier	Arm	ig
vierbeinig	vier	Bein	ig
vierdimensional	vier	dimensional
viereckig	Viereck	ig
vierfach	vier	fach
vierflächig	vier	flächig
vierfüßig	vier	Fuß	ig
vierhundertjährig	vierhundert	jährig
vierhunderttausend	vier	hundert	tausend
vierjährig	vier	jährig
vierköpfig	vier	Kopf	ig
viermal	vier	mal
vierminütig	vier	Minute	ig
viermonatig	vier	Monat	ig
viermonatlich	vier	monatlich
viermotorig	vier	Motor	ig
vierprozentig	vier	prozentig
viersitzig	vier	Sitz	ig
viersprachig	vier	sprachen	ig
vierstellig	vier	Stelle	ig
vierstrahlig	vier	Strahl	ig
vierstöckig	vier	Stockwerk	ig
vierstündig	vier	Stunde	ig
viertausend	vier	tausend
viertausendfach	vier	tausendfach
viertausendmal	vier	tausendmal
viertausendste	vier	tausendste
vierteilig	vier	Teil	ig
vierteljährlich	Viertel	Jahr
viertelstündig	Viertelstunde	ig
viertelstündlich	Viertelstunde	lich
viertägig	vier	Tag	ig
viertürig	vier	Tür	ig
vierundachtzig	vier	und	achtzig
vierundachtzigste	vierundachtzig	ste
vierunddreißigfach	vierunddreißig	fach
vierunddreißigjährig	vierunddreißig	jährig
vierunddreißigmal	vierunddreißig	mal
vierunddreißigminütig	vierunddreißig	Minute	ig
vierunddreißigste	vierunddreißig	ste
vierunddreißigtägig	vierunddreißig	tägig
vierundfünfzigfach	vierundfünfzig	fach
vierundfünfzigjährig	vierundfünfzig	jährig
vierundfünfzigmal	vierundfünfzig	mal
vierundfünfzigminütig	vierundfünfzig	Minute	ig
vierundfünfzigste	vierundfünfzig	ste
vierundneunzig	vier	und	neunzig
vierundneunzigste	vierundneunzig	ste
vierundsechzigste	vierundsechzig	ste
vierundsiebzigste	vierundsiebzig	ste
vierundvierzigfach	vierundvierzig	fach
vierundvierzigjährig	vierundvierzig	jährig
vierundvierzigmal	vierundvierzig	mal
vierundvierzigminütig	vierundvierzig	Minute	ig
vierundvierzigste	vierundvierzig	ste
vierundzwanzigeckig	Vierundzwanzigeck	ig
vierundzwanzigfach	vierundzwanzig	fach
vierundzwanzigjährig	vierundzwanzig	jährig
vierundzwanzigköpfig	vierundzwanzig	köpfig
vierundzwanzigmal	vierundzwanzig	mal
vierundzwanzigminütig	vierundzwanzig	Minute	ig
vierundzwanzigmonatig	vierundzwanzig	Monat	ig
vierundzwanzigste	vierundzwanzig	ste
vierundzwanzigstündig	vierundzwanzig	Stunde	ig
vierundzwanzigtägig	vierundzwanzig	tägig
vierundzwanzigwöchig	vierundzwanzig	Woche	ig
vierwertig	vier	wertig
vierwöchig	vier	Woche	ig
vierzehn	vier	zehn
vierzehneckig	Vierzehneck	ig
vierzehnfach	vierzehn	fach
vierzehnhundert	vierzehn	hundert
vierzehnjährig	vierzehn	jährig
vierzehnköpfig	vierzehn	köpfig
vierzehnmal	vierzehn	mal
vierzehnminütig	vierzehn	Minute	ig
vierzehnstündig	vierzehn	Stunde	ig
vierzehntägig	vierzehn	Tag
vierzehntäglich	vierzehn	Tag
vierzehnwöchig	vierzehn	Woche	ig
vierzeilig	vier	Zeile
vierzig	vier	zig
vierzigeckig	Vierzigeck	ig
vierzigfach	vierzig	fach
vierzigjährig	vierzig	jährig
vierzigköpfig	vierzig	köpfig
vierzigmal	vierzig	mal
vierzigminütig	vierzig	Minute	ig
vierzigmonatig	vierzig	Monat	ig
vierzigprozentig	vierzig	prozentig
vierzigste	vierzig	ste
vierzigstündig	vierzig	Stunde	ig
vierzigtausend	vierzig	tausend
vierzigtausendfach	vierzig	tausendfach
vierzigtausendmal	vierzig	tausendmal
vierzigtausendste	vierzig	tausendste
vierzigtägig	vierzig	tägig
vierzigwöchig	vierzig	Woche	ig
vietnamisieren	Vietnam	isieren
virtuelle Realität	virtuell	Realität
visafrei	Visa	frei
visumfrei	Visum	frei
vitalistisch	Vitalismus	istisch
vogelfrei	Vogel	frei
vogelkundlich	Vogelkunde	lich
vogtländisch	Vogtland	isch
volksdeutsch	Volk	s	deutsch
volksetymologisch	Volksetymologie	isch
volksmäßig	Volk	mäßig
vollbusig	voll	Busen	ig
vollführen	voll	führen
vollfüllen	voll	füllen
vollgasfest	Vollgas	fest
volljährig	voll	Jahr	ig
volllaufen	voll	laufen
vollmachen	voll	machen
vollmundig	voll	Mund	ig
vollpumpen	voll	pumpen
vollschlank	voll	schlank
vollschöpfen	voll	schöpfen
vollstopfen	voll	stopfen
vollstrecken	voll	strecken
vollständig	voll	ständig
volltanken	voll	tanken
volltrunken	voll	trunken
voluntaristisch	Voluntarismus	istisch
vonnöten	von	nöten
vonstattengehen	vonstatten	gehen
vorangehen	voran	gehen
vorankommen	voran	kommen
vorankündigen	vor	ankündigen
voranmachen	voran	machen
voranpreschen	voran	preschen
voranschieben	voran	schieben
voranstellen	voran	stellen
vorantreiben	voran	treiben
vorarlbergerisch	Vorarlberger	isch
vorarlbergisch	Vorarlberg	isch
vorausahnen	voraus	ahnen
vorausberechnen	voraus	berechnen
vorauseilen	voraus	eilen
vorausgehen	voraus	gehen
voraushaben	voraus	haben
vorauslaufen	voraus	laufen
voraussagen	voraus	sagen
vorausschicken	voraus	schicken
voraussehen	voraus	sehen
voraussenden	voraus	senden
voraussetzen	voraus	setzen
vorbehaltlich	Vorbehalt	lich
vorbehaltlos	Vorbehalt	los
vorbehandeln	vor	behandeln
vorbei	vor	bei
vorbeieilen	vorbei	eilen
vorbeifahren	vorbei	fahren
vorbeigehen	vorbei	gehen
vorbeikommen	vorbei	kommen
vorbeireden	vorbei	reden
vorbeischauen	vorbei	schauen
vorbereiten	vor	bereiten
vorbestimmen	vor	bestimmen
vorbestraft	vor	bestraft
vorbeten	vor	beten
vorbeugen	vor	beugen
vorbildhaft	Vorbild	haft
vorbringen	vor	bringen
vorchristlich	vor	christlich
vorderasiatisch	vorder	asiatisch
vordergründig	Vordergrund	ig
vordringen	vor	dringen
vordrängeln	vor	drängeln
vordynastisch	vor	dynastisch
voreilig	vor	eilig
voreinstellen	vor	einstellen
voreinzelsprachlich	vor	einzelsprachlich
vorerst	vor	erst
vorfahren	vor	fahren
vorfallen	vor	fallen
vorfeldfähig	Vorfeld	fähig
vorfinanzieren	vor	finanzieren
vorfinden	vor	finden
vorfordern	vor	fordern
vorformulieren	vor	formulieren
vorfristig	vor	Frist	ig
vorführen	vor	führen
vorgabenwirksam	Vorgabe	n	wirksam
vorgaukeln	vor	gaukeln
vorgeben	vor	geben
vorgeblich	vorgeben	lich
vorgefasst	vor	gefasst
vorgehen	vor	gehen
vorgelagert	vor	gelagert
vorgeschichtlich	Vorgeschichte	lich
vorgetrocknet	vor	getrocknet
vorhaben	vor	haben
vorhalten	vor	halten
vorheizen	vor	heizen
vorherberechnen	vorher	berechnen
vorherbestimmen	vorher	bestimmen
vorhergehen	vorher	gehen
vorherig	vorher	ig
vorherrschen	vor	herrschen
vorhersagen	vorher	sagen
vorhersehbar	vorhersehen	bar
vorhersehen	vorher	sehen
vorindustriell	vor	industriell
vorjährig	Vorjahr	ig
vorkantscher	vor	Kant	sch
vorkauen	vor	kauen
vorkehren	vor	kehren
vorklassisch	vor	klassisch
vorkonziliar	vor	konziliar
vorlaufen	vor	laufen
vorlaut	vor	laut
vorlegen	vor	legen
vorleisten	vor	leisten
vorlesen	vor	lesen
vorliegen	vor	liegen
vorläufig	vorlaufen	ig
vorlügen	vor	lügen
vorm	vor	dem
vormachen	vor	machen
vormalig	vormals	ig
vormerken	vor	merken
vornüberbeugen	vorn	über	beugen
vorpommerisch	Vorpommern	isch
vorpreschen	vor	preschen
vorprogrammieren	vor	programmieren
vorrangig	vor	Rang	ig
vorrätig	Vorrat	ig
vorrücken	vor	rücken
vorsagen	vor	sagen
vorschieben	vor	schieben
vorschlagen	vor	schlagen
vorschnell	vor	schnell
vorschreiben	vor	schreiben
vorschriftsgemäß	Vorschrift	s	gemäß
vorschriftsmäßig	Vorschrift	s	mäßig
vorsehen	vor	sehen
vorsetzen	vor	setzen
vorsichtig	vor	Sicht	ig
vorsichtshalber	Vorsicht	s	halber
vorsingen	vor	singen
vorsintflutlich	vor	Sintflut	lich
vorspannen	vor	spannen
vorspielen	vor	spielen
vorsprechen	vor	sprechen
vorspuren	vor	spuren
vorstehen	vor	stehen
vorstellbar	vorstellen	bar
vorstellen	vor	stellen
vorstellig	vorstellen	ig
vorstoßen	vor	stoßen
vorteilhaft	Vorteil	haft
vortragen	vor	tragen
vortrinken	vor	trinken
vortäuschen	vor	täuschen
vorverlegen	vor	verlegen
vorvertraglich	vor	vertraglich
vorverzinnen	vor	verzinnen
vorvorletzte	vor	vorletzte
vorwagen	vor	wagen
vorwalten	vor	walten
vorwarnen	vor	warnen
vorweg	vor	weg
vorwegnehmen	vorweg	nehmen
vorweihnachtlich	vor	weihnachtlich
vorweisen	vor	weisen
vorwiegen	vor	wiegen
vorwurfsvoll	Vorwurf	voll
vorwärts	vor	wärts
vorwärtsgekrümmt	vorwärts	gekrümmt
vorwölben	vor	wölben
vorzeigbar	vorzeigen	bar
vorzeigen	vor	zeigen
vorzeitig	vor	zeitig
vorziehen	vor	ziehen
vorzugsweise	Vorzug	s	weise
vorzüglich	Vorzug	lich
vorüber	vor	über
vorüberfahren	vorüber	fahren
vorübergehen	vorüber	gehen
vozieren	vocō	ieren
vulgärlateinisch	Vulgärlatein	isch
vulgärsprachlich	vulgär	sprachlich
vulkanisierbar	vulkanisieren	bar
vulkanistisch	Vulkanismus	istisch
vulkanologisch	Vulkanologie	isch
väterlicherseits	väterlich	seits
völkerrechtlich	Völkerrecht	lich
völkerrechtswidrig	Völkerrecht	widrig
völkisch	Volk	isch
völlig	voll	ig
waagerecht	Waage	recht
wabenförmig	Wabe	förmig
wachhabend	Wache	habend
wachküssen	wach	küssen
wachrütteln	wach	rütteln
wachsam	wach	sam
wachsbleich	Wachs	bleich
wachstumsfördernd	Wachstum	fördernd
wachsweich	Wachs	weich
wackelig	wackeln	ig
waffentechnisch	Waffentechnik	isch
wagemutig	Wagemut	ig
waghalsig	wagen	Hals	ig
wahhabitisch	Wahhabit	isch
wahllos	Wahl	los
wahnhaft	Wahn	haft
wahnwitzig	Wahnwitz	ig
wahrhaftig	wahrhaft	ig
wahrheitsgemäß	Wahrheit	s	gemäß
wahrnehmbar	wahrnehmen	bar
wahrsagen	wahr	sagen
wahrscheinlich	wahr	scheinen	lich
waidmännisch	Waidmann	isch
waldaus	Wald	aus
waldein	Wald	ein
waldensisch	Waldenser	isch
waldig	Wald	ig
waldreich	Wald	reich
walgern	walgen	ern
wallonisch	Wallonie	isch
wandelbar	Wandel	bar
warmfest	warm	fest
warmgemäßigt	warm	gemäßigt
warmhalten	warm	halten
warmherzig	warm	herzig
warschauisch	Warschau	isch
wartbar	warten	bar
warzig	Warze	ig
waschbar	waschen	bar
waschecht	waschen	echt
wasserabweisend	Wasser	abweisend
wasserdurchlässig	Wasser	durchlässig
wasserentziehend	Wasser	entziehend
wasserfest	Wasser	fest
wasserfrei	Wasser	frei
wassergekühlt	Wasser	gekühlt
wasserlöslich	Wasser	löslich
wasserreich	Wasser	reich
wasserstoffähnlich	Wasserstoff	ähnlich
wasserundurchlässig	Wasser	undurchlässig
wasserunlöslich	Wasser	unlöslich
wattig	Watte	ig
wauen	wau	en
webweit	Web	weit
wechselhaft	Wechsel	haft
wechselseitig	Wechsel	Seite	ig
wechselständig	Wechsel	ständig
wechselvoll	Wechsel	voll
weg	in	Weg
wegbefördern	weg	befördern
wegbegeben	weg	begeben
wegbleiben	weg	bleiben
wegblicken	weg	blicken
wegbrechen	weg	brechen
wegbringen	weg	bringen
wegdenken	weg	denken
wegdrängen	weg	drängen
wegdrücken	weg	drücken
wegdämmern	weg	dämmern
wegekeln	weg	ekeln
wegfahren	weg	fahren
wegfallen	weg	fallen
wegfaulen	weg	faulen
wegfegen	weg	fegen
wegführen	weg	führen
weggeben	weg	geben
weggehen	weg	gehen
weghauen	weg	hauen
weghören	weg	hören
wegjagen	weg	jagen
weglassen	weg	lassen
weglaufen	weg	laufen
weglegen	weg	legen
wegmachen	weg	machen
wegnehmen	weg	nehmen
wegpusten	weg	pusten
wegreißen	weg	reißen
wegsam	Weg	sam
wegschaffen	weg	schaffen
wegschauen	weg	schauen
wegschicken	weg	schicken
wegschießen	weg	schießen
wegschmeißen	weg	schmeißen
wegschwemmen	weg	schwemmen
wegschwimmen	weg	schwimmen
wegschütten	weg	schütten
wegsehen	weg	sehen
wegsetzen	weg	setzen
wegsperren	weg	sperren
wegspülen	weg	spülen
wegstehlen	weg	stehlen
wegsterben	weg	sterben
wegtolerieren	weg	tolerieren
wegtragen	weg	tragen
wegtreiben	weg	treiben
wegtreten	weg	treten
wegwaschen	weg	waschen
wegweisen	weg	weisen
wegweisend	Weg	weisend
wegwenden	weg	wenden
wegwischen	weg	wischen
wegwollen	weg	wollen
wehklagen	weh	klagen
wehleidig	Weh	leidig
wehmütig	Wehmut	ig
wehrdiensttauglich	Wehrdienst	tauglich
wehrdienstuntauglich	Wehrdienst	untauglich
wehrfähig	Wehr	fähig
wehrig	Wehr	ig
wehrlos	Wehr	los
wehrpflichtig	Wehrpflicht	ig
wehtun	weh	tun
weibisch	Weib	isch
weiblich	Weib	lich
weiches Trennzeichen	weiches	Trennzeichen
weichherzig	weich	herzig
weichklopfen	weich	klopfen
weichkochen	weich	kochen
weichmagnetisch	weich	magnetisch
weichspülen	weich	spülen
weidlich	weiden	lich
weihnachtlich	Weihnachten	lich
weinfarben	Wein	farben
weinfarbig	Wein	farbig
weinfroh	Wein	froh
weinfröhlich	weinfroh	lich
weingelb	Wein	gelb
weinhaltig	Wein	haltig
weinrot	Wein	rot
weinsauer	Wein	sauer
weinselig	Wein	selig
weisungsbefugt	Weisung	befugt
weisungsberechtigt	Weisung	berechtigt
weitab	weit	ab
weitentlegen	weit	entlegen
weiter bestehen	weiter	bestehen
weiterbestehen	weiter	bestehen
weiterentwickeln	weiter	entwickeln
weiteressen	weiter	essen
weiterfahren	weiter	fahren
weiterführen	weiter	führen
weitergehen	weiter	gehen
weiterhelfen	weiter	helfen
weiterhin	weiter	hin
weiterkämpfen	weiter	kämpfen
weiterleben	weiter	leben
weiterleiten	weiter	leiten
weitermachen	weiter	machen
weiterreden	weiter	reden
weiterreisen	weiter	reisen
weiterstudieren	weiter	studieren
weiterverkaufen	weiter	verkaufen
weitestens	weitester	ens
weitgehend	weit	gehend
weither	weit	her
weitläufig	weit	läufig
weitverbreitet	weit	verbreitet
weißglänzend	weiß	glänzend
weißgolden	weiß	golden
weißgrau	weiß	grau
weißhaarig	weiß	Haar	ig
weißlich	weiß	lich
weißrussisch	weiß	russisch
wellenförmig	Welle	förmig
wellenreiten	Welle	reiten
weltanschaulich	Weltanschauung	lich
weltbekannt	Welt	bekannt
weltberühmt	Welt	berühmt
weltbürgerlich	Weltbürger	lich
weltfremd	Welt	fremd
weltgeschichtlich	Weltgeschichte	lich
weltgrößte	Welt	größte
weltklug	Welt	klug
weltlich	Welt	lich
weltmeisterlich	Weltmeister	lich
weltoffen	Welt	offen
weltstädtisch	Weltstadt	isch
weltverloren	Welt	verloren
weltweit	Welt	weit
wendisch	Wende	isch
werbefrei	Werbung	frei
werbeträchtig	Werbung	trächtig
wergen	Werg	en
werkeln	werken	eln
werktags	Werktag	s
wertbeständig	Wert	beständig
werthaltiger Kredit	werthaltig	er	Kredit
wertig	Wert	ig
wertkonservativ	Wert	konservativ
wertlos	Wert	los
wertvoll	Wert	voll
wesensgleich	Wesen	s	gleich
weserisch	Weser	isch
westafrikanisch	Westafrika	isch
westasiatisch	West	asiatisch
westdeutsch	West	deutsch
westelbisch	West	elbisch
westeuropäisch	west	europäisch
westgermanisch	West	germanisch
westjiddisch	west	jiddisch
westlich	West	lich
westpreußisch	Westpreußen	isch
westrheinisch	West	rheinisch
westslawisch	west	slawisch
westweserisch	West	weserisch
westwärts	West	wärts
wettbewerbswidrig	Wettbewerb	widrig
wetterfühlig	Wetter	fühlen	ig
wettmachen	wett	machen
wichtigmachen	wichtig	machen
wichtigtun	wichtig	tun
widerfahren	wider	fahren
widergesetzlich	wider	gesetzlich
widerhallen	wider	hallen
widerklageweise	Widerklage	weise
widerlegbar	widerlegen	bar
widerlegen	wider	legen
widerlich	widern	lich
widernatürlich	wider	natürlich
widerrechtlich	wider	rechtlich
widerreden	wider	reden
widerrufen	wider	rufen
widerruflich	widerrufen	lich
widersinnig	wider	sinnig
widerspruchsfrei	Widerspruch	frei
widerspruchslos	Widerspruch	los
widersprüchlich	Widerspruch	lich
widerstandslos	Widerstand	los
widerstehen	wider	stehen
widerstreben	wider	streben
widerwillig	wider	willig
wiederauferstehen	wieder	auferstehen
wiederentdecken	wieder	entdecken
wiederfinden	wieder	finden
wiedergeboren	wieder	geboren
wiedergewinnen	wieder	gewinnen
wiedergutmachen	wieder	gutmachen
wiederherstellen	wieder	herstellen
wiederholbar	wiederholen	bar
wiederholen	wieder	holen
wiederkehren	wieder	kehren
wiederkommen	wieder	kommen
wiederkäuen	wieder	käuen
wiedersehen	wieder	sehen
wiedertaufen	wieder	taufen
wiederverkäuflich	wieder	verkäuflich
wiederverschließbar	wieder	verschließbar
wiederverwendbar	wieder	verwendbar
wiederverwenden	wieder	verwenden
wiederverwertbar	wieder	verwertbar
wiederverwerten	wieder	verwerten
wiederwählen	wieder	wählen
wiegeln	Wiege	eln
wienerisch	Wiener	isch
wieselflink	Wiesel	flink
wieselig	Wiesel	ig
wieso	wie	so
wievielter	wie viel	ter
wikingisch	Wikinger	isch
wildfremd	wild	fremd
wildreich	Wild	reich
wildromantisch	wild	romantisch
willenlos	Willen	los
willensstark	Wille/Willen	s	stark
willfährig	willfahren	ig
willkürlich	Willkür	lich
winddicht	Wind	dicht
windelweich	Windel	weich
windig	Wind	ig
windstill	Wind	still
windwärts	Wind	wärts
winkelförmig	Winkel	förmig
winkelgleich	Winkel	gleich
winterhart	Winter	hart
winterlich	Winter	lich
wipfelschäftig	Wipfel	Schaft	ig
wirbeln	Wirbel	n
wirklich	wirken	lich
wirksam	wirken	sam
wirsch	wirren	isch
wirtschaftlich	Wirtschaft	lich
wirtschaftspolitisch	Wirtschaftspolitik	isch
wirtschaftsrechtlich	Wirtschaftsrecht	lich
wirtschaftswissenschaftlich	Wirtschaftswissenschaft	lich
wissbegierig	wissen	begierig
wissenschaftlich	Wissenschaft	lich
wissenschaftsgeschichtlich	Wissenschaft	geschichtlich
wissenswert	Wissen	wert
wittenbergisch	Wittenberg	isch
witterungsbedingt	Witterung	bedingt
witterungsbeständig	Witterung	s	beständig
witterungsfest	Witterung	fest
witzigerweise	witzig	erweise
woanders	wo	anders
wofern	wo	fern
woher	wo	her
wohin	wo	hin
wohlabgewogen	wohl	abgewogen
wohlanständig	wohl	anständig
wohlauf	wohl	auf
wohlbehalten	wohl	behalten
wohlbehütet	wohl	behütet
wohlbeleibt	wohl	beleibt
wohlbestallt	wohl	bestallt
wohlfeil	wohl	feil
wohlfundiert	wohl	fundiert
wohlfühlen	wohl	fühlen
wohlgeformt	wohl	geformt
wohlgemerkt	wohl	gemerkt
wohlgenährt	wohl	genährt
wohlgesinnt	wohl	gesinnt
wohlgesonnen	wohl	gesonnen
wohlgestalt	wohl	Gestalt
wohlgestaltet	wohl	gestaltet
wohlig	Wohl	ig
wohlklingend	wohl	klingend
wohlmeinend	wohl	meinend
wohlriechend	wohl	riechend
wohltun	wohl	tun
wohltätig	wohl	tätig
wohlweislich	wohl	weislich
wohlwollen	wohl	wollen
wohlwollend	wohl	wollend
wohnhaft	wohnen	haft
wohnlich	wohnen	lich
wolgadeutsch	Wolga	deutsch
wolhyniendeutsch	Wolhynien	deutsch
wolkenfrei	Wolke	frei
wolkenhoch	Wolken	hoch
wolkenlos	Wolke	los
wolkig	Wolke	ig
wollüstig	Wollust	ig
womöglich	wo	möglich
wonnetrunken	Wonne	trunken
woraufhin	wo	rauf	hin
woronesisch	Worones	isch
wortgeschichtlich	Wortgeschichte	lich
wortgetreu	Wort	getreu
wortgewaltig	Wort	gewaltig
wortgewandt	Wort	gewandt
wortkarg	Wort	karg
wortlastig	Wort	lastig
wortlos	Wort	los
wortmächtig	Wort	mächtig
wortwörtlich	Wort	wörtlich
wuchten	Wucht	en
wuchtig	Wucht	ig
wundernehmen	Wunder	nehmen
wundersam	Wunder	sam
wunderschön	Wunder	schön
wundertoll	Wunder	toll
wundervoll	Wunder	voll
wundreiben	wund	reiben
wunschlos	Wunsch	los
wurmen	Wurm	en
wurmstichig	Wurm	Stich
wurzellos	Wurzel	los
wurzelverwandt	Wurzel	verwandt
wuselig	wuseln	ig
wutentbrannt	Wut	entbrannt
wächsern	Wachs	ern
wählbar	wählen	bar
währenddessen	während	dessen
wärmeableitend	Wärme	ableitend
wärmeisolierend	Wärme	isolierend
wärmeleitend	Wärme	leitend
wärmeliebend	Wärme	liebend
wässerig	Wasser	ig
wässrig	Wasser	ig
wässrige Lösung	wässrig	e	Lösung
wölken	Wolke	en
wörtlich	Wort	lich
wüchsig	Wuchs	ig
würdelos	Würde	los
würdevoll	Würde	voll
würfelig	Würfel	ig
würflig	Würfel	ig
würzburgisch	Würzburg	isch
würzig	Würze	ig
x-beinig	X	Bein	ig
x-förmig	X	förmig
xanthochrom	xantho	chrom
xenoblastisch	Xenoblast	isch
xenophil	xeno	phil
xenophob	xeno	phob
xenophontisch	Xenophon	isch
xerographisch	Xerographie	isch
xerophil	xero	phil
xerotherm	xero	therm
xylographisch	Xylographie	isch
youzen	you	zen
yttriumhaltig	Yttrium	haltig
yuppiehaft	Yuppie	haft
zackenförmig	Zacke	förmig
zahllos	Zahl	los
zahlreich	Zahl	reich
zahlungsunfähig	Zahlung	s	unfähig
zahnlos	Zahn	los
zahnmedizinisch	Zahn	medizinisch
zahnärztlich	Zahnarzt	lich
zappelig	zappeln	ig
zappenduster	Zappen	duster
zartfühlig	zart	fühlen	ig
zauberhaft	Zauber	haft
zauberisch	Zauber	isch
zehneckig	Zehneck	ig
zehnfach	Zehn	fach
zehnjährig	zehn	jährig
zehnköpfig	zehn	köpfig
zehnmal	zehn	mal
zehnmalig	zehnmal	ig
zehnminütig	zehn	Minute	ig
zehnmonatig	zehn	Monat	ig
zehnprozentig	zehn	prozentig
zehnseitig	zehn	Seite
zehnsprachig	neun	sprachen	ig
zehnstellig	zehn	Stelle	ig
zehnstündig	zehn	Stunde	ig
zehntausend	zehn	tausend
zehntausendfach	zehn	tausendfach
zehntausendmal	zehn	tausendmal
zehnteilig	zehn	Teil	ig
zehntägig	zehn	tägig
zehnwöchig	zehn	Woche	ig
zehnzeilig	zehn	zeile
zeigegeil	zeigen	geil
zeitbezogen	Zeit	bezogen
zeitdiagnostisch	Zeit	diagnostisch
zeitgemäß	Zeit	gemäß
zeitgenössisch	Zeitgenosse	isch
zeitgerecht	Zeit	gerecht
zeitgleich	Zeit	gleich
zeitig	Zeit	ig
zeitnah	Zeit	nah
zeitraubend	Zeit	raubend
zeitsouverän	Zeit	souverän
zeitsparend	Zeit	sparend
zementieren	Zement	ieren
zentralasiatisch	zentral	asiatisch
zentralisieren	zentral	isieren
zentrifugieren	Zentrifuge	ieren
zerbeißen	zer	beißen
zerbersten	zer	bersten
zerbrechlich	zerbrechen	lich
zerbröckeln	zer	bröckeln
zerbröseln	zer	bröseln
zerdehnen	zer	dehnen
zerfallen	zer	fallen
zerfasern	zer	Faser	en
zerfetzen	zer	fetzen
zerfleddern	zer	fledern
zerfleischen	zer	fleischen
zerfließen	zer	fließen
zerfransen	zer	fransen
zerfressen	zer	fressen
zerfurchen	zer	furchen
zergehen	zer	gehen
zergliedern	zer	gliedern
zerhauen	zer	hauen
zerkauen	zer	kauen
zerknirschen	zer	knirschen
zerknittern	zer	knittern
zerknüllen	zer	knüllen
zerkrachen	zer	krachen
zerkratzen	zer	kratzen
zerkreuzen	zer	kreuzen
zerkrümeln	zer	krümeln
zerkugeln	zer	kugeln
zerleben	zer	leben
zerlumpt	zer	Lumpen	t
zerlöchern	zer	löchern
zermahlen	zer	mahlen
zermartern	zer	martern
zermatschen	zer	matschen
zermürben	zer	mürbe	en
zernagen	zer	nagen
zerquetschen	zer	quetschen
zerreden	zer	reden
zerreiben	zer	reiben
zerrinnen	zer	rinnen
zerritzen	zer	ritzen
zerrupfen	zer	rupfen
zerschellen	zer	schellen
zerschlagen	zer	schlagen
zerschmeißen	zer	schmeißen
zerschmelzen	zer	schmelzen
zerschmettern	zer	schmettern
zerschrammen	zer	schrammen
zersetzen	zer	setzen
zersiedeln	zer	siedeln
zersingen	zer	singen
zerspalten	zer	spalten
zersplittern	zer	splittern
zerstampfen	zer	stampfen
zerstieben	zer	stieben
zerstoßen	zer	stoßen
zerstreiten	zer	streiten
zerstreuen	zer	streuen
zerstäuben	zer	stäuben
zerstörbar	zerstören	bar
zerstören	zer	stören
zersägen	zer	sägen
zerteilen	zer	teilen
zertifizieren	Zertifikat	ieren
zertrampeln	zer	trampeln
zertreiben	zer	treiben
zertrennen	zer	trennen
zertreten	zer	treten
zertrümmern	zer	Trümmer	en
zerwerfen	zer	werfen
zerzausen	zer	zausen
zickig	Zicke	ig
zielbewusst	Ziel	bewusst
ziellos	Ziel	los
zielstrebig	Ziel	streben	ig
ziemlich	ziemen	lich
zierlich	Zier	lich
zigmal	zig	mal
zigtausend	zig	tausend
zinken	Zink	en
zinkhaltig	Zink	haltig
zinnen	Zinn	en
zinnfarben	Zinn	farben
zinnfarbig	Zinn	farbig
zinnoberrot	Zinnober	rot
zinnorganisch	Zinn	organisch
zinsbar	Zins	bar
zirconiumhaltig	Zirconium	haltig
zirkoniumhaltig	Zirkonium	haltig
zittrig	zittern	ig
zivilrechtlich	Zivilrecht	lich
zoffen	Zoff	en
zollen	Zoll	en
zornig	Zorn	ig
zotig	Zote	ig
zottelig	Zottel	ig
zuallerallererst	zu	aller	aller	erst
zuallererst	zu	aller	erst
zuarbeiten	zu	arbeiten
zubauen	zu	bauen
zubeißen	zu	beißen
zubereiten	zu	bereiten
zubewegen	zu	bewegen
zubilligen	zu	billigen
zubleiben	zu	bleiben
zubringen	zu	bringen
zuchtlos	Zucht	los
zuckeln	zucken	eln
zuckerfrei	Zucker	frei
zuckerhaltig	Zucker	haltig
zuckerkrank	Zucker	krank
zuckern	Zucker	ern
zuckersüß	Zucker	süß
zudem	zu	dem
zudrehen	zu	drehen
zudringen	zu	dringen
zudringlich	zudringen	lich
zudrücken	zu	drücken
zuerkennen	zu	erkennen
zuerteilen	zu	erteilen
zufallen	zu	fallen
zufeilen	zu	feilen
zufliegen	zu	fliegen
zufließen	zu	fließen
zuflüstern	zu	flüstern
zufriedengeben	zufrieden	geben
zufriedenstellen	zufrieden	stellen
zufrieren	zu	frieren
zufällig	Zufall	ig
zufälligerweise	zufällig	erweise
zufügen	zu	fügen
zuführen	zu	führen
zugeben	zu	geben
zugehen	zu	gehen
zugehören	zu	gehören
zugestehen	zu	gestehen
zugleich	zu	gleich
zugraben	zu	graben
zugreifen	zu	greifen
zugrunde	zu	Grunde
zugrundeliegend	zugrunde	liegend
zugute	zu	Gute
zugutekommen	zugute	kommen
zugänglich	Zugang	lich
zuhaben	zu	haben
zuhalten	zu	halten
zuhauen	zu	hauen
zuhauf	zu	Hauf
zuhören	zu	hören
zuhüllen	zu	müllen
zujubeln	zu	jubeln
zukaufen	zu	kaufen
zukehren	zu	kehren
zuklappen	zu	klappen
zukleben	zu	kleben
zuknallen	zu	knallen
zuknöpfen	zu	knöpfen
zukommen	zu	kommen
zulassen	zu	lassen
zulasten	zu	Lasten
zulaufen	zu	laufen
zuleide	zu	Leid
zum Ausdruck kommen	zum Ausdruck	kommen
zumessen	zu	messen
zumindest	zu	mindest
zumutbar	zumuten	bar
zumuten	zu	muten
zumüllen	zu	müllen
zunehmen	zu	nehmen
zungenbrecherisch	Zungenbrecher	isch
zunicken	zu	nicken
zunächst	zu	nächst
zunähen	zu	nähen
zuordenbar	zuordnen	bar
zupacken	zu	packen
zupflastern	zu	pflastern
zupicken	zu	picken
zuprosten	zu	prosten
zur Zeit	zur	Zeit
zurasen	zu	rasen
zurechnen	zu	rechnen
zurechtfeilen	zurecht	feilen
zurechtkommen	zurecht	kommen
zurechtlegen	zurecht	legen
zurechtmachen	zurecht	machen
zurechtweisen	zurecht	weisen
zureden	zu	reden
zureiten	zu	reiten
zurichten	zu	richten
zurück	zu	Rücken
zurückbekommen	zurück	bekommen
zurückbilden	zurück	bilden
zurückbleiben	zurück	bleiben
zurückblicken	zurück	blicken
zurückbringen	zurück	bringen
zurückdenken	zurück	denken
zurückdrängen	zurück	drängen
zurückerstatten	zurück	erstatten
zurückfallen	zurück	fallen
zurückfordern	zurück	fordern
zurückführen	zurück	führen
zurückgeben	zurück	geben
zurückgehen	zurück	gehen
zurückgreifen	zurück	greifen
zurückhalten	zurück	halten
zurückholen	zurück	holen
zurückkaufen	zurück	kaufen
zurückkehren	zurück	kehren
zurückkommen	zurück	kommen
zurücklaufen	zurück	laufen
zurücklegen	zurück	legen
zurückliegen	zurück	liegen
zurücklächeln	zurück	lächeln
zurückmelden	zurück	melden
zurücknehmen	zurück	nehmen
zurückreichen	zurück	reichen
zurückrufen	zurück	rufen
zurückschicken	zurück	schicken
zurückschlagen	zurück	schlagen
zurückschrecken	zurück	schrecken
zurücksetzen	zurück	setzen
zurückspulen	zurück	spulen
zurückstecken	zurück	stecken
zurückstehen	zurück	stehen
zurücktreten	zurück	treten
zurückversetzen	zurück	versetzen
zurückweisen	zurück	weisen
zurückweisungsreif	Zurückweisung	s	reif
zurückwenden	zurück	wenden
zurückwirken	zurück	wirken
zurückwollen	zurück	wollen
zurückziehen	zurück	ziehen
zurückzucken	zurück	zucken
zusagen	zu	sagen
zusammen	zu	sammen
zusammenarbeiten	zusammen	arbeiten
zusammenbleiben	zusammen	bleiben
zusammenbrauen	zusammen	brauen
zusammenbrechen	zusammen	brechen
zusammendrängen	zusammen	drängen
zusammendrücken	zusammen	drücken
zusammenfallen	zusammen	fallen
zusammenfalten	zusammen	falten
zusammenfassen	zusammen	fassen
zusammenflicken	zusammen	flicken
zusammenfließen	zusammen	fließen
zusammenführen	zusammen	führen
zusammengehen	zusammen	gehen
zusammengehören	zusammen	gehören
zusammengehörig	zusammengehören	ig
zusammenhalten	zusammen	halten
zusammenhängen	zusammen	hängen
zusammenkehren	zusammen	kehren
zusammenkleben	zusammen	kleben
zusammenkneifen	zusammen	kneifen
zusammenkommen	zusammen	kommen
zusammenleben	zusammen	leben
zusammenleimen	zusammen	leimen
zusammenlügen	zusammen	lügen
zusammennehmen	zusammen	nehmen
zusammenpassen	zusammen	passen
zusammenraffen	zusammen	raffen
zusammenrechnen	zusammen	rechnen
zusammenreimen	zusammen	reimen
zusammenreißen	zusammen	reißen
zusammenrotten	zusammen	rotten
zusammenrücken	zusammen	rücken
zusammenscharren	zusammen	scharren
zusammenschließen	zusammen	schließen
zusammenschnüren	zusammen	schnüren
zusammenschweißen	zusammen	schweißen
zusammensetzen	zusammen	setzen
zusammensparen	zusammen	sparen
zusammenspinnen	zusammen	spinnen
zusammenstellen	zusammen	stellen
zusammenstoßen	zusammen	stoßen
zusammenstreben	zusammen	streben
zusammenstürzen	zusammen	stürzen
zusammentreffen	zusammen	treffen
zusammentun	zusammen	tun
zusammenwachsen	zusammen	wachsen
zusammenzählen	zusammen	zählen
zuschanzen	zu	schanzen
zuscharren	zu	scharren
zuschauen	zu	schauen
zuscheißen	zu	scheißen
zuschieben	zu	schieben
zuschießen	zu	schießen
zuschlagen	zu	schlagen
zuschneiden	zu	schneiden
zuschrauben	zu	schrauben
zuschreiben	zu	schreiben
zusehen	zu	sehen
zusenden	zu	senden
zusetzen	zu	setzen
zusichern	zu	sichern
zuspielen	zu	spielen
zuspitzen	zu	spitzen
zusprechen	zu	sprechen
zustandlos	Zustand	los
zustecken	zu	stecken
zustehen	zu	stehen
zustellen	zu	stellen
zustopfen	zu	stopfen
zustoppeln	zu	stoppeln
zustoßen	zu	stoßen
zustreben	zu	streben
zustöpseln	zu	stöpseln
zusätzlich	Zusatz	lich
zuteilen	zu	teilen
zuteilwerden	zuteil	werden
zutiefst	zu	tief	st
zutragen	zu	tragen
zutrauen	zu	trauen
zutraulich	zutrauen	lich
zutreffen	zu	treffen
zutreiben	zu	treiben
zutreten	zu	treten
zutrinken	zu	trinken
zuträglich	zutragen	lich
zutun	zu	tun
zuversichtlich	Zuversicht	lich
zuvorkommen	zuvor	kommen
zuvorsagen	zuvor	sagen
zuvortun	zuvor	tun
zuwandern	zu	wandern
zuwarten	zu	warten
zuweisen	zu	weisen
zuwenden	zu	wenden
zuwerfen	zu	werfen
zuwiderhandeln	zuwider	handeln
zuwinken	zu	winken
zuwuchern	zu	wuchern
zuzahlen	zu	zahlen
zuziehen	zu	ziehen
zuzwinkern	zu	zwinkern
zwanghaft	Zwang	haft
zwanglos	Zwang	los
zwangseinweisen	Zwang	einweisen
zwangsernähren	Zwang	ernähren
zwanzigeckig	Zwanzigeck	ig
zwanzigfach	zwanzig	fach
zwanzigjährig	zwanzig	jährig
zwanzigköpfig	zwanzig	köpfig
zwanzigmal	zwanzig	mal
zwanzigminütig	zwanzig	Minute	ig
zwanzigmonatig	zwanzig	Monat	ig
zwanzigprozentig	zwanzig	prozentig
zwanzigseitig	zwanzig	Seite
zwanzigste	zwanzig	ste
zwanzigstündig	zwanzig	Stunde	ig
zwanzigtausend	zwanzig	tausend
zwanzigtausendfach	zwanzig	tausendfach
zwanzigtausendmal	zwanzig	tausendmal
zwanzigtausendste	zwanzig	tausendste
zwanzigteilig	zwanzig	Teil	ig
zwanzigtägig	zwanzig	tägig
zwanzigwöchig	zwanzig	Woche	ig
zweckdienlich	Zweck	dienlich
zweckentfremden	Zweck	entfremden
zwecklos	Zweck	los
zweckmäßig	Zweck	mäßig
zweibeinig	zwei	Bein	ig
zweideutig	zwei	deuten	ig
zweidimensional	zwei	dimensional
zweieiig	zwei	Ei	ig
zweierlei	zwei	erlei
zweifach	zwei	fach
zweifelhaft	Zweifel	haft
zweifellos	Zweifel	los
zweifelsfrei	Zweifel	s	frei
zweifüßig	zwei	Fuß	ig
zweihundert	zwei	hundert
zweihundertjährig	zweihundert	jährig
zweihundertste	zweihundert	ste
zweihunderttausend	zwei	hundert	tausend
zweimal	zwei	mal
zweimalig	zweimal	ig
zweiminütig	zwei	Minute	ig
zweimonatig	zwei	Monat	ig
zweimonatlich	zwei	monatlich
zweiprozentig	zwei	prozentig
zweirädrig	zwei	rädrig
zweiseitig	zwei	Seite
zweistündig	zwei	Stunde	ig
zweitausendfach	zwei	tausendfach
zweitausendmal	zwei	tausendmal
zweitausendste	zwei	tausendste
zweiteilen	zwei	teilen
zweiteilig	zwei	teilig
zweithäufigste	zweite	häufigste
zweithöchst	zwei	höchst
zweitklassig	zweite	Klasse	ig
zweitrangig	zweite	Rang	ig
zweitägig	zwei	Tag	ig
zweiundachtzig	zwei	und	achtzig
zweiundachtzigste	zweiundachtzig	ste
zweiunddreißigeckig	Zweiunddreißigeck	ig
zweiunddreißigfach	zweiunddreißig	fach
zweiunddreißigjährig	zweiunddreißig	jährig
zweiunddreißigmal	zweiunddreißig	mal
zweiunddreißigminütig	zweiunddreißig	Minute	ig
zweiunddreißigste	zweiunddreißig	ste
zweiunddreißigstündig	zweiunddreißig	Stunde	ig
zweiunddreißigtägig	zweiunddreißig	tägig
zweiundfünfzigfach	zweiundfünfzig	fach
zweiundfünfzigjährig	zweiundfünfzig	jährig
zweiundfünfzigmal	zweiundfünfzig	mal
zweiundfünfzigminütig	zweiundfünfzig	Minute	ig
zweiundfünfzigste	zweiundfünfzig	ste
zweiundneunzig	zwei	und	neunzig
zweiundneunzigste	zweiundneunzig	ste
zweiundsechzigfach	zweiundsechzig	fach
zweiundsechzigjährig	zweiundsechzig	jährig
zweiundsechzigste	zweiundsechzig	ste
zweiundsiebzigste	zweiundsiebzig	ste
zweiundvierzigfach	zweiundvierzig	fach
zweiundvierzigjährig	zweiundvierzig	jährig
zweiundvierzigmal	zweiundvierzig	mal
zweiundvierzigminütig	zweiundvierzig	Minute	ig
zweiundvierzigste	zweiundvierzig	ste
zweiundzwanzigeckig	Zweiundzwanzigeck	ig
zweiundzwanzigfach	zweiundzwanzig	fach
zweiundzwanzigjährig	zweiundzwanzig	jährig
zweiundzwanzigköpfig	zweiundzwanzig	köpfig
zweiundzwanzigmal	zweiundzwanzig	mal
zweiundzwanzigminütig	zweiundzwanzig	Minute	ig
zweiundzwanzigste	zweiundzwanzig	ste
zweiundzwanzigstündig	zweiundzwanzig	Stunde	ig
zweiundzwanzigwöchig	zweiundzwanzig	Woche	ig
zweiwertig	zwei	wertig
zweiwöchig	zwei	wöchig
zwiebeln	Zwiebel	n
zwielichtig	Zwielicht	ig
zwiespältig	Zwiespalt	ig
zwischenblenden	zwischen	blenden
zwischendurch	zwischen	durch
zwischenlagern	zwischen	lagern
zwischenspeichern	zwischen	speichern
zwischenzeitlich	Zwischenzeit	lich
zwistig	Zwist	ig
zwölfeckig	Zwölfeck	ig
zwölffach	zwölf	fach
zwölfhundert	zwölf	hundert
zwölfköpfig	zwölf	köpfig
zwölfmal	zwölf	mal
zwölfminütig	zwölf	Minute	ig
zwölfmonatig	zwölf	Monat	ig
zwölfmonatlich	zwölf	monatlich
zwölfseitig	zwölf	Seite
zwölfstündig	zwölf	Stunde	ig
zwölftägig	zwölf	tägig
zwölfwöchig	zwölf	Woche	ig
zylindrisch	Zylinder	isch
zähfließend	zäh	fließend
zähflüssig	zäh	flüssig
zählbar	zählen	bar
zärtlich	zart	lich
zögerlich	zögern	lich
zögern	zogen	ern
züchtig	Zucht	ig
zügellos	Zügel	los
zündeln	zünden	eln
zünftig	Zunft	ig
Ächselchen	Achsel	chen
Äderchen	Ader	chen
Äffin	Affe	in
Ägyptischlehrerin	Ägyptisch	Lehrerin
Ägyptologin	Ägyptologe	in
Ährenfisch	Ähre	n	Fisch
Älchen	Aal	chen
Ältermutter	älter	Mutter
Ältervater	älter	Vater
Ämterhäufung	Amt	er	Häufung
Ämterpatronage	Amt	Patronage
Änderung	ändern	ung
Ängstigung	ängstigen	ung
Äpfelchen	Apfel	chen
Äpfelsäure	Äpfel	Säure
Äquatorialguinea	äquatorial	Guinea
Äquatorialgürtel	äquatorial	Gürtel
Äquatorialsonnenuhr	äquatorial	n	Sonnenuhr
Äquivalenzklasse	Äquivalenz	Klasse
Äquivalenzprinzip	Äquivalenz	Prinzip
Äquivalenzrelation	Äquivalenz	Relation
Ärgernis	Ärger	nis
Ärmel	Arm	el
Ärmelbrett	Ärmel	Brett
Ärmelkanal	Ärmel	Kanal
Ärzteblatt	Arzt	Blatt
Ärzteschaft	Arzt	schaft
Ärztezentrum	Ärzte	Zentrum
Ärztin	Arzt	in
Ästling	Ast	ling
Äthan	äth	an
Ätznatron	ätzen	Natron
Äußerlichkeit	äußerlich	keit
Ödland	öde	Land
Öfchen	Ofen	chen
Öffentlichkeit	öffentlich	keit
Öffnungslaut	Öffnung	s	Laut
Öffnungszeit	Öffnung	s	Zeit
Öhrchen	Ohr	chen
Ökologe	öko	loge
Ökologie	öko	logie
Ökologieverträglichkeit	ökologieverträglich	keit
Ökologin	Ökologe	in
Ökonomin	Ökonom	in
Ökosystem	öko	System
Ökotourismus	öko	Tourismus
Ölauge	Öl	Auge
Ölberg	Öl	Berg
Ölfarbe	Öl	Farbe
Ölfeld	Öl	Feld
Ölförderung	Öl	Förderung
Ölmalerei	Öl	Malerei
Ölmüller	Öl	Müller
Ölpest	Öl	Pest
Ölpflanze	Öl	Pflanze
Ölpfütze	Öl	Pfütze
Ölquelle	Öl	Quelle
Ölsaat	Öl	Saat
Ölsardine	Öl	Sardine
Ölschiefer	Öl	Schiefer
Ölschläger	Öl	Schläger
Ölspur	Öl	Spur
Öltropfen	Öl	Tropfen
Ölverarbeitung	Öl	Verarbeitung
Önanthalkohol	Oenanthe	Alkohol
Önologe	öno	loge
Önologin	Önologe	in
Örtlichkeit	örtlich	keit
Österreicher	Österreich	er
Österreicherin	Österreicher	in
Ötztal	Oetz	Tal
Ötztalerin	Ötztaler	in
Übelkeit	übel	keit
Übelstand	Übel	Stand
Übeltat	übel	Tat
Übeltäter	Übeltat	er
Übeltäterin	Übeltäter	in
Überabzählbarkeit	überabzählbar	keit
Überangebot	über	Angebot
Überarbeitung	überarbeiten	ung
Überbau	über	Bau
Überbelichtung	überbelichten	ung
Überbevölkerung	über	Bevölkerung
Überbewertung	über	Bewertung
Überbleibsel	überbleiben	sel
Überblendeffekt	überblenden	Effekt
Überblendregler	überblenden	Regler
Überblick	über	Blick
Überbringer	überbringen	er
Überbrückung	überbrücken	ung
Überbrückungshilfe	Überbrückung	s	Hilfe
Überdosierung	über	Dosierung
Überdruck	über	Druck
Übereilung	übereilen	ung
Übereinstimmung	übereinstimmen	ung
Überfamilie	über	Familie
Überfinanzierung	überfinanzieren	ung
Überfischung	überfischen	ung
Überflussgesellschaft	Überfluss	Gesellschaft
Überfremdung	über	fremd	ung
Überführung	überführen	ung
Übergabe	über	Gabe
Übergabeparameter	Übergabe	parameter
Übergangsbestimmung	Übergang	Bestimmung
Übergangsjacke	Übergang	s	Jacke
Übergangsmetall	Übergang	Metall
Übergangsmetallkomplex	Übergangsmetall	Komplex
Übergangsmetalloxid	Übergangsmetall	Oxid
Übergangsregierung	Übergang	s	Regierung
Übergangsritus	Übergang	s	Ritus
Übergangswahrscheinlichkeit	Übergang	s	Wahrscheinlichkeit
Übergangszeit	Übergang	s	Zeit
Übergriff	über	Griff
Übergriffigkeit	übergriffig	keit
Überhangmandat	Überhang	Mandat
Überheblichkeit	überheblich	keit
Überholer	überholen	er
Überholung	überholen	ung
Überich	über	Ich
Überlastung	überlasten	ung
Überlebensdauer	Überlebens	Dauer
Überlebenswahrscheinlichkeit	Überleben	s	Wahrscheinlichkeit
Überlegenheit	überlegen	heit
Überlegung	überlegen	ung
Überlieferung	überliefern	ung
Überlänge	über	Länge
Übermaß	über	Maß
Übermittler	übermitteln	er
Übermittlung	übermitteln	ung
Übernachfrage	über	Nachfrage
Übernachtung	übernachten	ung
Übernahmerisiko	Übernahme	Risiko
Übername	über	Name
Überproduktion	über	Produktion
Überproduktionskosten	Überproduktion	s	Kosten
Überraschung	überraschen	ung
Überreaktion	über	Reaktion
Überrest	über	Rest
Überrollbügel	überrollen	Bügel
Überrollkäfig	überrollen	Käfig
Überrollschutz	überrollen	Schutz
Überrumpelung	überrumpeln	ung
Überschallbomber	Überschall	Bomber
Überschallflugzeug	Überschall	Flugzeug
Überschallgeschwindigkeit	Überschall	Geschwindigkeit
Überschallknall	Überschall	Knall
Überschallrakete	Überschall	Rakete
Überschlag	über	Schlag
Überschlagspannung	Überschlag	Spannung
Überschlagsspannung	Überschlag	s	Spannung
Überschreitung	überschreiten	ung
Überschuldung	überschulden	ung
Überschwemmung	überschwemmen	ung
Überschwänglichkeit	überschwänglich	keit
Überschätzung	überschätzen	ung
Übersetzer	übersetzen	er
Übersicht	über	Sicht
Übersichtlichkeit	übersichtlich	keit
Übersiedler	übersiedeln	er
Überspitztheit	überspitzt	heit
Überspitzung	überspitzen	ung
Überspringer	überspringen	er
Übersterblichkeit	über	Sterblichkeit
Übersteuern	über	steuern
Überstunde	über	Stunde
Übersäuerung	über	Säuerung
Überteuerung	überteuern	ung
Übertragbarkeit	übertragbar	keit
Übertragung	übertragen	ung
Übertragungsfunktion	Übertragung	s	Funktion
Übertretung	übertreten	ung
Übertötung	übertöten	ung
Überwachung	überwachen	ung
Überwachungsstaat	Überwachung	s	Staat
Überwechsler	überwechseln	er
Überweiser	überweisen	er
Überweiserin	Überweiser	in
Überweisung	überweisen	ung
Überwinder	überwinden	er
Überwinterer	überwintern	er
Überwurf	über	Wurf
Überwältiger	überwältigen	er
Überzahl	über	Zahl
Überzeuger	überzeugen	er
Überzeugerin	Überzeuger	in
Überzeugung	überzeugen	ung
Überzeugungskraft	Überzeugung	s	Kraft
Überzieher	überziehen	er
Überziehung	überziehen	ung
Überzug	über	Zug
Übriglasser	übriglassen	er
Übung	üben	ung
Üppigkeit	üppig	keit
äbtlich	Abt	lich
ähneln	ähnlich	en
ähnlich	ein	lich
ähnlichschauen	ähnlich	schauen
ähnlichsehen	ähnlich	sehen
ältlich	alt	lich
ängstigen	Angst	igen
ängstlich	Angst	lich
äolisch	Äolus	isch
äquatorial	Äquator	ial
äquatorialguineisch	Äquatorialguinea	isch
ärarisch	Ärar	isch
ärgerlich	ärgern	lich
ärmellos	Ärmel	los
ärmlich	arm	lich
ätherisch	Äther	isch
äußerlich	außer	lich
äußerln	außen	erln
äußerst	äußere	st
öffentlich-rechtlich	öffentlich	rechtlich
öffentlicher Personennahverkehr	Personen	Nahverkehr
ökologisch	Ökologie	isch
ökumenisch	Ökumene	isch
ölig	Öl	ig
örtlich	Ort	lich
österlich	Ostern	lich
österreichisch	Österreich	isch
österreichweit	Österreich	weit
östlich	Ost	lich
übel nehmen	übel	nehmen
übelnehmen	übel	nehmen
übelst	übel	st
übelwollen	übel	wollen
überall	über	all
überanstrengen	über	anstrengen
überantworten	über	antworten
überarbeiten	über	arbeiten
überbacken	über	backen
überbeanspruchen	über	beanspruchen
überbelichten	über	belichten
überbeugen	über	beugen
überbewerten	über	bewerten
überbieten	über	bieten
überbleiben	über	bleiben
überblenden	über	blenden
überbuchen	über	buchen
überdauern	über	dauern
überdecken	über	decken
überdenken	über	denken
überdosieren	über	dosieren
überdrüber	über	drüber
überdurchschnittlich	über	durchschnittlich
übereifrig	über	eifrig
übereignen	über	eignen
übereilen	über	eilen
übereinander	über	einander
übereinkommen	überein	kommen
überfahren	über	fahren
überfallen	über	fallen
überfinanzieren	über	finanzieren
überfischen	über	fischen
überfliegen	über	fliegen
überfluten	über	fluten
überflügeln	über	Flügel	en
überfrankieren	über	frankieren
überführen	über	führen
überfüllen	über	füllen
übergeben	über	geben
übergehen	über	gehen
überglücklich	über	glücklich
übergolden	über	Gold	en
übergriffig	Übergriff	ig
übergroß	über	groß
überhandnehmen	über	Hand	nehmen
überholen	über	holen
überhäufen	über	häufen
überhöhen	über	höhen
überknöcheln	über	Knöchel	en
überkochen	über	kochen
überkommen	über	kommen
überkomplett	über	komplett
überkreuzen	über	kreuzen
überladen	über	laden
überlang	über	lang
überlassen	über	lassen
überlasten	über	lasten
überlaufen	über	laufen
überleben	über	leben
überlegenswert	überlegen	wert
überleiten	über	leiten
überlesen	über	lesen
überliefern	über	liefern
überlisten	über	List	en
übermenschlich	Übermensch	lich
übermäßig	über	mäßig
übermögen	über	mögen
übermüde	über	müde
übermüden	über	müde	n
übernational	über	national
übernatürlich	über	natürlich
übernehmen	über	nehmen
übernächtigt	über	nächtigen	t
überprüfen	über	prüfen
überqueren	über	queren
überragen	über	ragen
überraschen	über	raschen
überraschenderweise	überraschend	erweise
überreagieren	über	reagieren
überreden	über	reden
überreichen	über	reichen
überreif	über	reif
überrollen	über	rollen
überrumpeln	über	rumpeln
überrunden	über	runden
überschallen	über	schallen
überschatten	über	Schatten
überschaubar	überschauen	bar
überschießen	über	schießen
überschlagen	über	schlagen
überschneiden	über	schneiden
überschreiben	über	schreiben
überschreiten	über	schreiten
überschwemmen	über	schwemmen
überschwänglich	Überschwang	lich
überschätzen	über	schätzen
überschäumen	über	schäumen
übersehen	über	sehen
übersetzen	über	setzen
übersetzungstechnisch	Übersetzung	technisch
übersichtlich	Übersicht	lich
übersiedeln	über	siedeln
überspannen	über	spannen
überspielen	über	spielen
überspitzen	über	spitzen
überspringen	über	springen
überspülen	über	spülen
überstaatlich	über	staatlich
überstehen	über	stehen
übersteigen	über	steigen
überstellen	über	stellen
übersteuern	über	steuern
überstimmen	über	stimmen
überströmen	über	strömen
überstürzen	über	stürzen
übersäen	über	säen
übersättigen	über	sättigen
übertragbar	übertragen	bar
übertragen	über	tragen
übertreffen	über	treffen
übertreiben	über	treiben
übertreten	über	treten
übertrumpfen	über	trumpfen
übertönen	über	tönen
übertöten	über	töten
übertünchen	über	tünchen
übervorteilen	über	Vorteil	en
überwachen	über	wachen
überwachsen	über	wachsen
überwechseln	über	wechseln
überweisen	über	weisen
überwerfen	über	werfen
überwiegen	über	wiegen
überwindbar	überwinden	bar
überwärts	über	wärts
überwürzen	über	würzen
überziehen	über	ziehen
üblich	üben	lich
üblicherweise	üblich	er	weise
übrigbleiben	übrig	bleiben
übrighaben	übrig	haben
übriglassen	übrig	lassen
⸚	‐	¨
